<?xml version="1.0" encoding="UTF-8"?>
<gpx creator="Garmin Connect" version="1.1"
  xsi:schemaLocation="http://www.topografix.com/GPX/1/1 http://www.topografix.com/GPX/11.xsd"
  xmlns:ns3="http://www.garmin.com/xmlschemas/TrackPointExtension/v1"
  xmlns="http://www.topografix.com/GPX/1/1"
  xmlns:xsi="http://www.w3.org/2001/XMLSchema-instance" xmlns:ns2="http://www.garmin.com/xmlschemas/GpxExtensions/v3">
  <metadata>
    <link href="connect.garmin.com">
      <text>Garmin Connect</text>
    </link>
    <time>2026-08-21T06:59:09.000Z</time>
  </metadata>
  <trk>
    <name>Storfjord Hiking</name>
    <type>hiking</type>
    <trkseg>
      <trkpt lat="69.05295534990727901458740234375" lon="20.24973149411380290985107421875">
        <ele>708.20001220703125</ele>
        <time>2026-08-21T06:59:09.000Z</time>
        <extensions>
          <ns3:TrackPointExtension>
            <ns3:cad>0</ns3:cad>
          </ns3:TrackPointExtension>
        </extensions>
      </trkpt>
      <trkpt lat="69.05294277705252170562744140625" lon="20.249824114143848419189453125">
        <ele>708</ele>
        <time>2026-08-21T06:59:16.000Z</time>
        <extensions>
          <ns3:TrackPointExtension>
            <ns3:cad>0</ns3:cad>
          </ns3:TrackPointExtension>
        </extensions>
      </trkpt>
      <trkpt lat="69.052916876971721649169921875" lon="20.25000507943332195281982421875">
        <ele>707.5999755859375</ele>
        <time>2026-08-21T06:59:23.000Z</time>
        <extensions>
          <ns3:TrackPointExtension>
            <ns3:cad>48</ns3:cad>
          </ns3:TrackPointExtension>
        </extensions>
      </trkpt>
      <trkpt lat="69.05290153808891773223876953125" lon="20.2501562051475048065185546875">
        <ele>707.20001220703125</ele>
        <time>2026-08-21T06:59:28.000Z</time>
        <extensions>
          <ns3:TrackPointExtension>
            <ns3:cad>48</ns3:cad>
          </ns3:TrackPointExtension>
        </extensions>
      </trkpt>
      <trkpt lat="69.05287555418908596038818359375" lon="20.2502958476543426513671875">
        <ele>707.5999755859375</ele>
        <time>2026-08-21T06:59:34.000Z</time>
        <extensions>
          <ns3:TrackPointExtension>
            <ns3:cad>49</ns3:cad>
          </ns3:TrackPointExtension>
        </extensions>
      </trkpt>
      <trkpt lat="69.0528483130037784576416015625" lon="20.25043490342795848846435546875">
        <ele>707.79998779296875</ele>
        <time>2026-08-21T06:59:39.000Z</time>
        <extensions>
          <ns3:TrackPointExtension>
            <ns3:cad>48</ns3:cad>
          </ns3:TrackPointExtension>
        </extensions>
      </trkpt>
      <trkpt lat="69.05283951200544834136962890625" lon="20.25059281848371028900146484375">
        <ele>708</ele>
        <time>2026-08-21T06:59:45.000Z</time>
        <extensions>
          <ns3:TrackPointExtension>
            <ns3:cad>0</ns3:cad>
          </ns3:TrackPointExtension>
        </extensions>
      </trkpt>
      <trkpt lat="69.05280053615570068359375" lon="20.25074738077819347381591796875">
        <ele>707.79998779296875</ele>
        <time>2026-08-21T06:59:52.000Z</time>
        <extensions>
          <ns3:TrackPointExtension>
            <ns3:cad>50</ns3:cad>
          </ns3:TrackPointExtension>
        </extensions>
      </trkpt>
      <trkpt lat="69.0527380071580410003662109375" lon="20.250876210629940032958984375">
        <ele>706.79998779296875</ele>
        <time>2026-08-21T07:00:00.000Z</time>
        <extensions>
          <ns3:TrackPointExtension>
            <ns3:cad>50</ns3:cad>
          </ns3:TrackPointExtension>
        </extensions>
      </trkpt>
      <trkpt lat="69.05268830247223377227783203125" lon="20.25094091892242431640625">
        <ele>706.5999755859375</ele>
        <time>2026-08-21T07:00:05.000Z</time>
        <extensions>
          <ns3:TrackPointExtension>
            <ns3:cad>0</ns3:cad>
          </ns3:TrackPointExtension>
        </extensions>
      </trkpt>
      <trkpt lat="69.052629210054874420166015625" lon="20.25102934800088405609130859375">
        <ele>706.5999755859375</ele>
        <time>2026-08-21T07:00:11.000Z</time>
        <extensions>
          <ns3:TrackPointExtension>
            <ns3:cad>0</ns3:cad>
          </ns3:TrackPointExtension>
        </extensions>
      </trkpt>
      <trkpt lat="69.05259090475738048553466796875" lon="20.25109204463660717010498046875">
        <ele>706.5999755859375</ele>
        <time>2026-08-21T07:00:15.000Z</time>
        <extensions>
          <ns3:TrackPointExtension>
            <ns3:cad>0</ns3:cad>
          </ns3:TrackPointExtension>
        </extensions>
      </trkpt>
      <trkpt lat="69.0525738894939422607421875" lon="20.25116211734712123870849609375">
        <ele>706.20001220703125</ele>
        <time>2026-08-21T07:00:19.000Z</time>
        <extensions>
          <ns3:TrackPointExtension>
            <ns3:cad>0</ns3:cad>
          </ns3:TrackPointExtension>
        </extensions>
      </trkpt>
      <trkpt lat="69.05253625474870204925537109375" lon="20.251201093196868896484375">
        <ele>705.79998779296875</ele>
        <time>2026-08-21T07:00:21.000Z</time>
        <extensions>
          <ns3:TrackPointExtension>
            <ns3:cad>0</ns3:cad>
          </ns3:TrackPointExtension>
        </extensions>
      </trkpt>
      <trkpt lat="69.05248814262449741363525390625" lon="20.25129036046564579010009765625">
        <ele>706</ele>
        <time>2026-08-21T07:00:26.000Z</time>
        <extensions>
          <ns3:TrackPointExtension>
            <ns3:cad>50</ns3:cad>
          </ns3:TrackPointExtension>
        </extensions>
      </trkpt>
      <trkpt lat="69.05243986286222934722900390625" lon="20.25138356722891330718994140625">
        <ele>705.5999755859375</ele>
        <time>2026-08-21T07:00:31.000Z</time>
        <extensions>
          <ns3:TrackPointExtension>
            <ns3:cad>50</ns3:cad>
          </ns3:TrackPointExtension>
        </extensions>
      </trkpt>
      <trkpt lat="69.05241823755204677581787109375" lon="20.25145280174911022186279296875">
        <ele>705.5999755859375</ele>
        <time>2026-08-21T07:00:36.000Z</time>
        <extensions>
          <ns3:TrackPointExtension>
            <ns3:cad>50</ns3:cad>
          </ns3:TrackPointExtension>
        </extensions>
      </trkpt>
      <trkpt lat="69.05237741768360137939453125" lon="20.251560844480991363525390625">
        <ele>705.5999755859375</ele>
        <time>2026-08-21T07:00:42.000Z</time>
        <extensions>
          <ns3:TrackPointExtension>
            <ns3:cad>0</ns3:cad>
          </ns3:TrackPointExtension>
        </extensions>
      </trkpt>
      <trkpt lat="69.052344225347042083740234375" lon="20.2516317553818225860595703125">
        <ele>705.79998779296875</ele>
        <time>2026-08-21T07:00:47.000Z</time>
        <extensions>
          <ns3:TrackPointExtension>
            <ns3:cad>0</ns3:cad>
          </ns3:TrackPointExtension>
        </extensions>
      </trkpt>
      <trkpt lat="69.0523175708949565887451171875" lon="20.25171406567096710205078125">
        <ele>706.4000244140625</ele>
        <time>2026-08-21T07:00:52.000Z</time>
        <extensions>
          <ns3:TrackPointExtension>
            <ns3:cad>0</ns3:cad>
          </ns3:TrackPointExtension>
        </extensions>
      </trkpt>
      <trkpt lat="69.05228479765355587005615234375" lon="20.25174893438816070556640625">
        <ele>706.79998779296875</ele>
        <time>2026-08-21T07:00:56.000Z</time>
        <extensions>
          <ns3:TrackPointExtension>
            <ns3:cad>0</ns3:cad>
          </ns3:TrackPointExtension>
        </extensions>
      </trkpt>
      <trkpt lat="69.05226803384721279144287109375" lon="20.251788832247257232666015625">
        <ele>707.20001220703125</ele>
        <time>2026-08-21T07:00:58.000Z</time>
        <extensions>
          <ns3:TrackPointExtension>
            <ns3:cad>0</ns3:cad>
          </ns3:TrackPointExtension>
        </extensions>
      </trkpt>
      <trkpt lat="69.0522246994078159332275390625" lon="20.25185060687363147735595703125">
        <ele>707.4000244140625</ele>
        <time>2026-08-21T07:01:01.000Z</time>
        <extensions>
          <ns3:TrackPointExtension>
            <ns3:cad>0</ns3:cad>
          </ns3:TrackPointExtension>
        </extensions>
      </trkpt>
      <trkpt lat="69.05218874104321002960205078125" lon="20.2519239485263824462890625">
        <ele>707.5999755859375</ele>
        <time>2026-08-21T07:01:05.000Z</time>
        <extensions>
          <ns3:TrackPointExtension>
            <ns3:cad>0</ns3:cad>
          </ns3:TrackPointExtension>
        </extensions>
      </trkpt>
      <trkpt lat="69.05215756036341190338134765625" lon="20.25201003067195415496826171875">
        <ele>707.79998779296875</ele>
        <time>2026-08-21T07:01:10.000Z</time>
        <extensions>
          <ns3:TrackPointExtension>
            <ns3:cad>0</ns3:cad>
          </ns3:TrackPointExtension>
        </extensions>
      </trkpt>
      <trkpt lat="69.0521197579801082611083984375" lon="20.25212352164089679718017578125">
        <ele>708</ele>
        <time>2026-08-21T07:01:15.000Z</time>
        <extensions>
          <ns3:TrackPointExtension>
            <ns3:cad>0</ns3:cad>
          </ns3:TrackPointExtension>
        </extensions>
      </trkpt>
      <trkpt lat="69.05207793228328227996826171875" lon="20.2521707117557525634765625">
        <ele>708</ele>
        <time>2026-08-21T07:01:18.000Z</time>
        <extensions>
          <ns3:TrackPointExtension>
            <ns3:cad>0</ns3:cad>
          </ns3:TrackPointExtension>
        </extensions>
      </trkpt>
      <trkpt lat="69.0520374476909637451171875" lon="20.25225863792002201080322265625">
        <ele>707.79998779296875</ele>
        <time>2026-08-21T07:01:23.000Z</time>
        <extensions>
          <ns3:TrackPointExtension>
            <ns3:cad>0</ns3:cad>
          </ns3:TrackPointExtension>
        </extensions>
      </trkpt>
      <trkpt lat="69.05200727283954620361328125" lon="20.25231085717678070068359375">
        <ele>707.79998779296875</ele>
        <time>2026-08-21T07:01:27.000Z</time>
        <extensions>
          <ns3:TrackPointExtension>
            <ns3:cad>0</ns3:cad>
          </ns3:TrackPointExtension>
        </extensions>
      </trkpt>
      <trkpt lat="69.0519708953797817230224609375" lon="20.25237581692636013031005859375">
        <ele>707.79998779296875</ele>
        <time>2026-08-21T07:01:31.000Z</time>
        <extensions>
          <ns3:TrackPointExtension>
            <ns3:cad>47</ns3:cad>
          </ns3:TrackPointExtension>
        </extensions>
      </trkpt>
      <trkpt lat="69.051924459636211395263671875" lon="20.25243700481951236724853515625">
        <ele>707.5999755859375</ele>
        <time>2026-08-21T07:01:34.000Z</time>
        <extensions>
          <ns3:TrackPointExtension>
            <ns3:cad>0</ns3:cad>
          </ns3:TrackPointExtension>
        </extensions>
      </trkpt>
      <trkpt lat="69.05187676660716533660888671875" lon="20.2525125257670879364013671875">
        <ele>707.4000244140625</ele>
        <time>2026-08-21T07:01:40.000Z</time>
        <extensions>
          <ns3:TrackPointExtension>
            <ns3:cad>0</ns3:cad>
          </ns3:TrackPointExtension>
        </extensions>
      </trkpt>
      <trkpt lat="69.0518377907574176788330078125" lon="20.25265795178711414337158203125">
        <ele>706.79998779296875</ele>
        <time>2026-08-21T07:01:46.000Z</time>
        <extensions>
          <ns3:TrackPointExtension>
            <ns3:cad>0</ns3:cad>
          </ns3:TrackPointExtension>
        </extensions>
      </trkpt>
      <trkpt lat="69.0518116392195224761962890625" lon="20.25278015993535518646240234375">
        <ele>706.79998779296875</ele>
        <time>2026-08-21T07:01:52.000Z</time>
        <extensions>
          <ns3:TrackPointExtension>
            <ns3:cad>0</ns3:cad>
          </ns3:TrackPointExtension>
        </extensions>
      </trkpt>
      <trkpt lat="69.05177148990333080291748046875" lon="20.252885855734348297119140625">
        <ele>706.5999755859375</ele>
        <time>2026-08-21T07:01:57.000Z</time>
        <extensions>
          <ns3:TrackPointExtension>
            <ns3:cad>47</ns3:cad>
          </ns3:TrackPointExtension>
        </extensions>
      </trkpt>
      <trkpt lat="69.05171432532370090484619140625" lon="20.25305877439677715301513671875">
        <ele>706.79998779296875</ele>
        <time>2026-08-21T07:02:04.000Z</time>
        <extensions>
          <ns3:TrackPointExtension>
            <ns3:cad>51</ns3:cad>
          </ns3:TrackPointExtension>
        </extensions>
      </trkpt>
      <trkpt lat="69.051665626466274261474609375" lon="20.253175199031829833984375">
        <ele>706.5999755859375</ele>
        <time>2026-08-21T07:02:10.000Z</time>
        <extensions>
          <ns3:TrackPointExtension>
            <ns3:cad>0</ns3:cad>
          </ns3:TrackPointExtension>
        </extensions>
      </trkpt>
      <trkpt lat="69.05164224095642566680908203125" lon="20.2532984130084514617919921875">
        <ele>706.4000244140625</ele>
        <time>2026-08-21T07:02:15.000Z</time>
        <extensions>
          <ns3:TrackPointExtension>
            <ns3:cad>0</ns3:cad>
          </ns3:TrackPointExtension>
        </extensions>
      </trkpt>
      <trkpt lat="69.051603935658931732177734375" lon="20.25342020206153392791748046875">
        <ele>706.5999755859375</ele>
        <time>2026-08-21T07:02:21.000Z</time>
        <extensions>
          <ns3:TrackPointExtension>
            <ns3:cad>0</ns3:cad>
          </ns3:TrackPointExtension>
        </extensions>
      </trkpt>
      <trkpt lat="69.051577113568782806396484375" lon="20.25352078489959239959716796875">
        <ele>707</ele>
        <time>2026-08-21T07:02:27.000Z</time>
        <extensions>
          <ns3:TrackPointExtension>
            <ns3:cad>46</ns3:cad>
          </ns3:TrackPointExtension>
        </extensions>
      </trkpt>
      <trkpt lat="69.0515290014445781707763671875" lon="20.25367115624248981475830078125">
        <ele>707.4000244140625</ele>
        <time>2026-08-21T07:02:33.000Z</time>
        <extensions>
          <ns3:TrackPointExtension>
            <ns3:cad>47</ns3:cad>
          </ns3:TrackPointExtension>
        </extensions>
      </trkpt>
      <trkpt lat="69.051473848521709442138671875" lon="20.25380551815032958984375">
        <ele>707.4000244140625</ele>
        <time>2026-08-21T07:02:39.000Z</time>
        <extensions>
          <ns3:TrackPointExtension>
            <ns3:cad>47</ns3:cad>
          </ns3:TrackPointExtension>
        </extensions>
      </trkpt>
      <trkpt lat="69.0514334477484226226806640625" lon="20.25393837131559848785400390625">
        <ele>707.20001220703125</ele>
        <time>2026-08-21T07:02:45.000Z</time>
        <extensions>
          <ns3:TrackPointExtension>
            <ns3:cad>46</ns3:cad>
          </ns3:TrackPointExtension>
        </extensions>
      </trkpt>
      <trkpt lat="69.05141450464725494384765625" lon="20.25398790836334228515625">
        <ele>707</ele>
        <time>2026-08-21T07:02:48.000Z</time>
        <extensions>
          <ns3:TrackPointExtension>
            <ns3:cad>0</ns3:cad>
          </ns3:TrackPointExtension>
        </extensions>
      </trkpt>
      <trkpt lat="69.0513952262699604034423828125" lon="20.25406259112060070037841796875">
        <ele>707</ele>
        <time>2026-08-21T07:02:51.000Z</time>
        <extensions>
          <ns3:TrackPointExtension>
            <ns3:cad>47</ns3:cad>
          </ns3:TrackPointExtension>
        </extensions>
      </trkpt>
      <trkpt lat="69.0513722598552703857421875" lon="20.2540906704962253570556640625">
        <ele>707</ele>
        <time>2026-08-21T07:02:53.000Z</time>
        <extensions>
          <ns3:TrackPointExtension>
            <ns3:cad>49</ns3:cad>
          </ns3:TrackPointExtension>
        </extensions>
      </trkpt>
      <trkpt lat="69.051314927637577056884765625" lon="20.254101566970348358154296875">
        <ele>706.5999755859375</ele>
        <time>2026-08-21T07:02:58.000Z</time>
        <extensions>
          <ns3:TrackPointExtension>
            <ns3:cad>50</ns3:cad>
          </ns3:TrackPointExtension>
        </extensions>
      </trkpt>
      <trkpt lat="69.051268994808197021484375" lon="20.254038870334625244140625">
        <ele>706.20001220703125</ele>
        <time>2026-08-21T07:03:04.000Z</time>
        <extensions>
          <ns3:TrackPointExtension>
            <ns3:cad>0</ns3:cad>
          </ns3:TrackPointExtension>
        </extensions>
      </trkpt>
      <trkpt lat="69.05126103200018405914306640625" lon="20.254019759595394134521484375">
        <ele>706.20001220703125</ele>
        <time>2026-08-21T07:03:05.000Z</time>
        <extensions>
          <ns3:TrackPointExtension>
            <ns3:cad>0</ns3:cad>
          </ns3:TrackPointExtension>
        </extensions>
      </trkpt>
      <trkpt lat="69.0512275882065296173095703125" lon="20.25403174571692943572998046875">
        <ele>706.20001220703125</ele>
        <time>2026-08-21T07:03:10.000Z</time>
        <extensions>
          <ns3:TrackPointExtension>
            <ns3:cad>0</ns3:cad>
          </ns3:TrackPointExtension>
        </extensions>
      </trkpt>
      <trkpt lat="69.05121727846562862396240234375" lon="20.25408069603145122528076171875">
        <ele>706</ele>
        <time>2026-08-21T07:03:12.000Z</time>
        <extensions>
          <ns3:TrackPointExtension>
            <ns3:cad>0</ns3:cad>
          </ns3:TrackPointExtension>
        </extensions>
      </trkpt>
      <trkpt lat="69.0512014366686344146728515625" lon="20.254095532000064849853515625">
        <ele>705.79998779296875</ele>
        <time>2026-08-21T07:03:14.000Z</time>
        <extensions>
          <ns3:TrackPointExtension>
            <ns3:cad>0</ns3:cad>
          </ns3:TrackPointExtension>
        </extensions>
      </trkpt>
      <trkpt lat="69.05116346664726734161376953125" lon="20.254144482314586639404296875">
        <ele>705.20001220703125</ele>
        <time>2026-08-21T07:03:17.000Z</time>
        <extensions>
          <ns3:TrackPointExtension>
            <ns3:cad>57</ns3:cad>
          </ns3:TrackPointExtension>
        </extensions>
      </trkpt>
      <trkpt lat="69.0511494688689708709716796875" lon="20.2541899122297763824462890625">
        <ele>705</ele>
        <time>2026-08-21T07:03:19.000Z</time>
        <extensions>
          <ns3:TrackPointExtension>
            <ns3:cad>57</ns3:cad>
          </ns3:TrackPointExtension>
        </extensions>
      </trkpt>
      <trkpt lat="69.0511067211627960205078125" lon="20.2542163990437984466552734375">
        <ele>704.5999755859375</ele>
        <time>2026-08-21T07:03:23.000Z</time>
        <extensions>
          <ns3:TrackPointExtension>
            <ns3:cad>0</ns3:cad>
          </ns3:TrackPointExtension>
        </extensions>
      </trkpt>
      <trkpt lat="69.0510757081210613250732421875" lon="20.25429359637200832366943359375">
        <ele>704.20001220703125</ele>
        <time>2026-08-21T07:03:29.000Z</time>
        <extensions>
          <ns3:TrackPointExtension>
            <ns3:cad>0</ns3:cad>
          </ns3:TrackPointExtension>
        </extensions>
      </trkpt>
      <trkpt lat="69.05100773088634014129638671875" lon="20.2543910779058933258056640625">
        <ele>704</ele>
        <time>2026-08-21T07:03:36.000Z</time>
        <extensions>
          <ns3:TrackPointExtension>
            <ns3:cad>0</ns3:cad>
          </ns3:TrackPointExtension>
        </extensions>
      </trkpt>
      <trkpt lat="69.050994403660297393798828125" lon="20.254397951066493988037109375">
        <ele>703.79998779296875</ele>
        <time>2026-08-21T07:03:37.000Z</time>
        <extensions>
          <ns3:TrackPointExtension>
            <ns3:cad>0</ns3:cad>
          </ns3:TrackPointExtension>
        </extensions>
      </trkpt>
      <trkpt lat="69.0509238280355930328369140625" lon="20.25446626357734203338623046875">
        <ele>703.79998779296875</ele>
        <time>2026-08-21T07:03:43.000Z</time>
        <extensions>
          <ns3:TrackPointExtension>
            <ns3:cad>0</ns3:cad>
          </ns3:TrackPointExtension>
        </extensions>
      </trkpt>
      <trkpt lat="69.05086423270404338836669921875" lon="20.25452460162341594696044921875">
        <ele>703.5999755859375</ele>
        <time>2026-08-21T07:03:50.000Z</time>
        <extensions>
          <ns3:TrackPointExtension>
            <ns3:cad>0</ns3:cad>
          </ns3:TrackPointExtension>
        </extensions>
      </trkpt>
      <trkpt lat="69.05080924741923809051513671875" lon="20.2545868791639804840087890625">
        <ele>702.79998779296875</ele>
        <time>2026-08-21T07:03:56.000Z</time>
        <extensions>
          <ns3:TrackPointExtension>
            <ns3:cad>0</ns3:cad>
          </ns3:TrackPointExtension>
        </extensions>
      </trkpt>
      <trkpt lat="69.050805307924747467041015625" lon="20.25460439734160900115966796875">
        <ele>702.79998779296875</ele>
        <time>2026-08-21T07:03:57.000Z</time>
        <extensions>
          <ns3:TrackPointExtension>
            <ns3:cad>0</ns3:cad>
          </ns3:TrackPointExtension>
        </extensions>
      </trkpt>
      <trkpt lat="69.05074395239353179931640625" lon="20.254718475043773651123046875">
        <ele>702.5999755859375</ele>
        <time>2026-08-21T07:04:03.000Z</time>
        <extensions>
          <ns3:TrackPointExtension>
            <ns3:cad>0</ns3:cad>
          </ns3:TrackPointExtension>
        </extensions>
      </trkpt>
      <trkpt lat="69.05069793574512004852294921875" lon="20.25476566515862941741943359375">
        <ele>702.79998779296875</ele>
        <time>2026-08-21T07:04:09.000Z</time>
        <extensions>
          <ns3:TrackPointExtension>
            <ns3:cad>44</ns3:cad>
          </ns3:TrackPointExtension>
        </extensions>
      </trkpt>
      <trkpt lat="69.0506552718579769134521484375" lon="20.2548222430050373077392578125">
        <ele>702.79998779296875</ele>
        <time>2026-08-21T07:04:14.000Z</time>
        <extensions>
          <ns3:TrackPointExtension>
            <ns3:cad>49</ns3:cad>
          </ns3:TrackPointExtension>
        </extensions>
      </trkpt>
      <trkpt lat="69.05060187913477420806884765625" lon="20.25484018027782440185546875">
        <ele>702.5999755859375</ele>
        <time>2026-08-21T07:04:19.000Z</time>
        <extensions>
          <ns3:TrackPointExtension>
            <ns3:cad>49</ns3:cad>
          </ns3:TrackPointExtension>
        </extensions>
      </trkpt>
      <trkpt lat="69.05057539232075214385986328125" lon="20.254859291017055511474609375">
        <ele>701.79998779296875</ele>
        <time>2026-08-21T07:04:24.000Z</time>
        <extensions>
          <ns3:TrackPointExtension>
            <ns3:cad>49</ns3:cad>
          </ns3:TrackPointExtension>
        </extensions>
      </trkpt>
      <trkpt lat="69.0505255199968814849853515625" lon="20.25490832515060901641845703125">
        <ele>701</ele>
        <time>2026-08-21T07:04:28.000Z</time>
        <extensions>
          <ns3:TrackPointExtension>
            <ns3:cad>0</ns3:cad>
          </ns3:TrackPointExtension>
        </extensions>
      </trkpt>
      <trkpt lat="69.05050791800022125244140625" lon="20.2549414336681365966796875">
        <ele>700.79998779296875</ele>
        <time>2026-08-21T07:04:30.000Z</time>
        <extensions>
          <ns3:TrackPointExtension>
            <ns3:cad>0</ns3:cad>
          </ns3:TrackPointExtension>
        </extensions>
      </trkpt>
      <trkpt lat="69.050472714006900787353515625" lon="20.25500974617898464202880859375">
        <ele>700.5999755859375</ele>
        <time>2026-08-21T07:04:34.000Z</time>
        <extensions>
          <ns3:TrackPointExtension>
            <ns3:cad>0</ns3:cad>
          </ns3:TrackPointExtension>
        </extensions>
      </trkpt>
      <trkpt lat="69.05041412450373172760009765625" lon="20.25508426129817962646484375">
        <ele>700.20001220703125</ele>
        <time>2026-08-21T07:04:40.000Z</time>
        <extensions>
          <ns3:TrackPointExtension>
            <ns3:cad>47</ns3:cad>
          </ns3:TrackPointExtension>
        </extensions>
      </trkpt>
      <trkpt lat="69.0503692813217639923095703125" lon="20.2551125921308994293212890625">
        <ele>699.79998779296875</ele>
        <time>2026-08-21T07:04:44.000Z</time>
        <extensions>
          <ns3:TrackPointExtension>
            <ns3:cad>49</ns3:cad>
          </ns3:TrackPointExtension>
        </extensions>
      </trkpt>
      <trkpt lat="69.05035964213311672210693359375" lon="20.25512156076729297637939453125">
        <ele>699.5999755859375</ele>
        <time>2026-08-21T07:04:46.000Z</time>
        <extensions>
          <ns3:TrackPointExtension>
            <ns3:cad>47</ns3:cad>
          </ns3:TrackPointExtension>
        </extensions>
      </trkpt>
      <trkpt lat="69.05030918307602405548095703125" lon="20.2551431022584438323974609375">
        <ele>698.5999755859375</ele>
        <time>2026-08-21T07:04:51.000Z</time>
        <extensions>
          <ns3:TrackPointExtension>
            <ns3:cad>50</ns3:cad>
          </ns3:TrackPointExtension>
        </extensions>
      </trkpt>
      <trkpt lat="69.05030314810574054718017578125" lon="20.2551454491913318634033203125">
        <ele>698.5999755859375</ele>
        <time>2026-08-21T07:04:52.000Z</time>
        <extensions>
          <ns3:TrackPointExtension>
            <ns3:cad>50</ns3:cad>
          </ns3:TrackPointExtension>
        </extensions>
      </trkpt>
      <trkpt lat="69.050246067345142364501953125" lon="20.25515399873256683349609375">
        <ele>698</ele>
        <time>2026-08-21T07:04:57.000Z</time>
        <extensions>
          <ns3:TrackPointExtension>
            <ns3:cad>51</ns3:cad>
          </ns3:TrackPointExtension>
        </extensions>
      </trkpt>
      <trkpt lat="69.0501771681010723114013671875" lon="20.2551072277128696441650390625">
        <ele>698.20001220703125</ele>
        <time>2026-08-21T07:05:04.000Z</time>
        <extensions>
          <ns3:TrackPointExtension>
            <ns3:cad>48</ns3:cad>
          </ns3:TrackPointExtension>
        </extensions>
      </trkpt>
      <trkpt lat="69.05011790804564952850341796875" lon="20.255104042589664459228515625">
        <ele>698.20001220703125</ele>
        <time>2026-08-21T07:05:09.000Z</time>
        <extensions>
          <ns3:TrackPointExtension>
            <ns3:cad>47</ns3:cad>
          </ns3:TrackPointExtension>
        </extensions>
      </trkpt>
      <trkpt lat="69.05005621723830699920654296875" lon="20.255177803337574005126953125">
        <ele>698.5999755859375</ele>
        <time>2026-08-21T07:05:15.000Z</time>
        <extensions>
          <ns3:TrackPointExtension>
            <ns3:cad>44</ns3:cad>
          </ns3:TrackPointExtension>
        </extensions>
      </trkpt>
      <trkpt lat="69.05001581646502017974853515625" lon="20.2552775479853153228759765625">
        <ele>698.5999755859375</ele>
        <time>2026-08-21T07:05:20.000Z</time>
        <extensions>
          <ns3:TrackPointExtension>
            <ns3:cad>47</ns3:cad>
          </ns3:TrackPointExtension>
        </extensions>
      </trkpt>
      <trkpt lat="69.0499679557979106903076171875" lon="20.255384333431720733642578125">
        <ele>698.5999755859375</ele>
        <time>2026-08-21T07:05:26.000Z</time>
        <extensions>
          <ns3:TrackPointExtension>
            <ns3:cad>48</ns3:cad>
          </ns3:TrackPointExtension>
        </extensions>
      </trkpt>
      <trkpt lat="69.04989981092512607574462890625" lon="20.25551618076860904693603515625">
        <ele>697.79998779296875</ele>
        <time>2026-08-21T07:05:33.000Z</time>
        <extensions>
          <ns3:TrackPointExtension>
            <ns3:cad>0</ns3:cad>
          </ns3:TrackPointExtension>
        </extensions>
      </trkpt>
      <trkpt lat="69.04984901659190654754638671875" lon="20.25558273307979106903076171875">
        <ele>697.5999755859375</ele>
        <time>2026-08-21T07:05:39.000Z</time>
        <extensions>
          <ns3:TrackPointExtension>
            <ns3:cad>0</ns3:cad>
          </ns3:TrackPointExtension>
        </extensions>
      </trkpt>
      <trkpt lat="69.0497929416596889495849609375" lon="20.2556574158370494842529296875">
        <ele>697.4000244140625</ele>
        <time>2026-08-21T07:05:47.000Z</time>
        <extensions>
          <ns3:TrackPointExtension>
            <ns3:cad>0</ns3:cad>
          </ns3:TrackPointExtension>
        </extensions>
      </trkpt>
      <trkpt lat="69.04976922087371349334716796875" lon="20.25573737919330596923828125">
        <ele>697.4000244140625</ele>
        <time>2026-08-21T07:05:51.000Z</time>
        <extensions>
          <ns3:TrackPointExtension>
            <ns3:cad>0</ns3:cad>
          </ns3:TrackPointExtension>
        </extensions>
      </trkpt>
      <trkpt lat="69.0497634373605251312255859375" lon="20.2557693980634212493896484375">
        <ele>697.5999755859375</ele>
        <time>2026-08-21T07:05:52.000Z</time>
        <extensions>
          <ns3:TrackPointExtension>
            <ns3:cad>0</ns3:cad>
          </ns3:TrackPointExtension>
        </extensions>
      </trkpt>
      <trkpt lat="69.04972412623465061187744140625" lon="20.2559125609695911407470703125">
        <ele>697.79998779296875</ele>
        <time>2026-08-21T07:05:58.000Z</time>
        <extensions>
          <ns3:TrackPointExtension>
            <ns3:cad>50</ns3:cad>
          </ns3:TrackPointExtension>
        </extensions>
      </trkpt>
      <trkpt lat="69.04968271963298320770263671875" lon="20.25598841719329357147216796875">
        <ele>697.5999755859375</ele>
        <time>2026-08-21T07:06:02.000Z</time>
        <extensions>
          <ns3:TrackPointExtension>
            <ns3:cad>46</ns3:cad>
          </ns3:TrackPointExtension>
        </extensions>
      </trkpt>
      <trkpt lat="69.049672745168209075927734375" lon="20.2559893392026424407958984375">
        <ele>697.5999755859375</ele>
        <time>2026-08-21T07:06:03.000Z</time>
        <extensions>
          <ns3:TrackPointExtension>
            <ns3:cad>46</ns3:cad>
          </ns3:TrackPointExtension>
        </extensions>
      </trkpt>
      <trkpt lat="69.0496457554399967193603515625" lon="20.25602747686207294464111328125">
        <ele>697.20001220703125</ele>
        <time>2026-08-21T07:06:07.000Z</time>
        <extensions>
          <ns3:TrackPointExtension>
            <ns3:cad>48</ns3:cad>
          </ns3:TrackPointExtension>
        </extensions>
      </trkpt>
      <trkpt lat="69.04962739907205104827880859375" lon="20.256078355014324188232421875">
        <ele>697.20001220703125</ele>
        <time>2026-08-21T07:06:10.000Z</time>
        <extensions>
          <ns3:TrackPointExtension>
            <ns3:cad>48</ns3:cad>
          </ns3:TrackPointExtension>
        </extensions>
      </trkpt>
      <trkpt lat="69.049571491777896881103515625" lon="20.256160832941532135009765625">
        <ele>697.20001220703125</ele>
        <time>2026-08-21T07:06:16.000Z</time>
        <extensions>
          <ns3:TrackPointExtension>
            <ns3:cad>48</ns3:cad>
          </ns3:TrackPointExtension>
        </extensions>
      </trkpt>
      <trkpt lat="69.04952891170978546142578125" lon="20.2562072686851024627685546875">
        <ele>697</ele>
        <time>2026-08-21T07:06:20.000Z</time>
        <extensions>
          <ns3:TrackPointExtension>
            <ns3:cad>47</ns3:cad>
          </ns3:TrackPointExtension>
        </extensions>
      </trkpt>
      <trkpt lat="69.0494657121598720550537109375" lon="20.25627172552049160003662109375">
        <ele>696.79998779296875</ele>
        <time>2026-08-21T07:06:26.000Z</time>
        <extensions>
          <ns3:TrackPointExtension>
            <ns3:cad>0</ns3:cad>
          </ns3:TrackPointExtension>
        </extensions>
      </trkpt>
      <trkpt lat="69.0493954718112945556640625" lon="20.25637381710112094879150390625">
        <ele>696.4000244140625</ele>
        <time>2026-08-21T07:06:33.000Z</time>
        <extensions>
          <ns3:TrackPointExtension>
            <ns3:cad>51</ns3:cad>
          </ns3:TrackPointExtension>
        </extensions>
      </trkpt>
      <trkpt lat="69.04933176934719085693359375" lon="20.25642662309110164642333984375">
        <ele>696.4000244140625</ele>
        <time>2026-08-21T07:06:39.000Z</time>
        <extensions>
          <ns3:TrackPointExtension>
            <ns3:cad>48</ns3:cad>
          </ns3:TrackPointExtension>
        </extensions>
      </trkpt>
      <trkpt lat="69.04929480515420436859130859375" lon="20.25644137524068355560302734375">
        <ele>696.20001220703125</ele>
        <time>2026-08-21T07:06:43.000Z</time>
        <extensions>
          <ns3:TrackPointExtension>
            <ns3:cad>51</ns3:cad>
          </ns3:TrackPointExtension>
        </extensions>
      </trkpt>
      <trkpt lat="69.04926144517958164215087890625" lon="20.2564768306910991668701171875">
        <ele>696.20001220703125</ele>
        <time>2026-08-21T07:06:46.000Z</time>
        <extensions>
          <ns3:TrackPointExtension>
            <ns3:cad>0</ns3:cad>
          </ns3:TrackPointExtension>
        </extensions>
      </trkpt>
      <trkpt lat="69.04919489286839962005615234375" lon="20.25653575547039508819580078125">
        <ele>696</ele>
        <time>2026-08-21T07:06:51.000Z</time>
        <extensions>
          <ns3:TrackPointExtension>
            <ns3:cad>0</ns3:cad>
          </ns3:TrackPointExtension>
        </extensions>
      </trkpt>
      <trkpt lat="69.049144685268402099609375" lon="20.25662426836788654327392578125">
        <ele>695.79998779296875</ele>
        <time>2026-08-21T07:06:58.000Z</time>
        <extensions>
          <ns3:TrackPointExtension>
            <ns3:cad>48</ns3:cad>
          </ns3:TrackPointExtension>
        </extensions>
      </trkpt>
      <trkpt lat="69.0490898676216602325439453125" lon="20.256678164005279541015625">
        <ele>695.5999755859375</ele>
        <time>2026-08-21T07:07:03.000Z</time>
        <extensions>
          <ns3:TrackPointExtension>
            <ns3:cad>47</ns3:cad>
          </ns3:TrackPointExtension>
        </extensions>
      </trkpt>
      <trkpt lat="69.04906279407441616058349609375" lon="20.25671026669442653656005859375">
        <ele>695.20001220703125</ele>
        <time>2026-08-21T07:07:09.000Z</time>
        <extensions>
          <ns3:TrackPointExtension>
            <ns3:cad>46</ns3:cad>
          </ns3:TrackPointExtension>
        </extensions>
      </trkpt>
      <trkpt lat="69.0490194596350193023681640625" lon="20.25675971992313861846923828125">
        <ele>695.20001220703125</ele>
        <time>2026-08-21T07:07:13.000Z</time>
        <extensions>
          <ns3:TrackPointExtension>
            <ns3:cad>0</ns3:cad>
          </ns3:TrackPointExtension>
        </extensions>
      </trkpt>
      <trkpt lat="69.048982076346874237060546875" lon="20.2568188123404979705810546875">
        <ele>695.20001220703125</ele>
        <time>2026-08-21T07:07:17.000Z</time>
        <extensions>
          <ns3:TrackPointExtension>
            <ns3:cad>0</ns3:cad>
          </ns3:TrackPointExtension>
        </extensions>
      </trkpt>
      <trkpt lat="69.04895517043769359588623046875" lon="20.2568483166396617889404296875">
        <ele>695.20001220703125</ele>
        <time>2026-08-21T07:07:19.000Z</time>
        <extensions>
          <ns3:TrackPointExtension>
            <ns3:cad>0</ns3:cad>
          </ns3:TrackPointExtension>
        </extensions>
      </trkpt>
      <trkpt lat="69.048924408853054046630859375" lon="20.25690489448606967926025390625">
        <ele>695</ele>
        <time>2026-08-21T07:07:23.000Z</time>
        <extensions>
          <ns3:TrackPointExtension>
            <ns3:cad>0</ns3:cad>
          </ns3:TrackPointExtension>
        </extensions>
      </trkpt>
      <trkpt lat="69.04889415018260478973388671875" lon="20.257025845348834991455078125">
        <ele>694.79998779296875</ele>
        <time>2026-08-21T07:07:28.000Z</time>
        <extensions>
          <ns3:TrackPointExtension>
            <ns3:cad>0</ns3:cad>
          </ns3:TrackPointExtension>
        </extensions>
      </trkpt>
      <trkpt lat="69.04883564449846744537353515625" lon="20.25713439099490642547607421875">
        <ele>694.4000244140625</ele>
        <time>2026-08-21T07:07:34.000Z</time>
        <extensions>
          <ns3:TrackPointExtension>
            <ns3:cad>0</ns3:cad>
          </ns3:TrackPointExtension>
        </extensions>
      </trkpt>
      <trkpt lat="69.04879909940063953399658203125" lon="20.2572114206850528717041015625">
        <ele>694.20001220703125</ele>
        <time>2026-08-21T07:07:38.000Z</time>
        <extensions>
          <ns3:TrackPointExtension>
            <ns3:cad>0</ns3:cad>
          </ns3:TrackPointExtension>
        </extensions>
      </trkpt>
      <trkpt lat="69.04878702946007251739501953125" lon="20.257227011024951934814453125">
        <ele>694.20001220703125</ele>
        <time>2026-08-21T07:07:39.000Z</time>
        <extensions>
          <ns3:TrackPointExtension>
            <ns3:cad>0</ns3:cad>
          </ns3:TrackPointExtension>
        </extensions>
      </trkpt>
      <trkpt lat="69.0487763844430446624755859375" lon="20.2572291903197765350341796875">
        <ele>694</ele>
        <time>2026-08-21T07:07:40.000Z</time>
        <extensions>
          <ns3:TrackPointExtension>
            <ns3:cad>0</ns3:cad>
          </ns3:TrackPointExtension>
        </extensions>
      </trkpt>
      <trkpt lat="69.0487222373485565185546875" lon="20.25726716034114360809326171875">
        <ele>693.5999755859375</ele>
        <time>2026-08-21T07:07:46.000Z</time>
        <extensions>
          <ns3:TrackPointExtension>
            <ns3:cad>0</ns3:cad>
          </ns3:TrackPointExtension>
        </extensions>
      </trkpt>
      <trkpt lat="69.048666246235370635986328125" lon="20.2573017776012420654296875">
        <ele>693.20001220703125</ele>
        <time>2026-08-21T07:07:52.000Z</time>
        <extensions>
          <ns3:TrackPointExtension>
            <ns3:cad>0</ns3:cad>
          </ns3:TrackPointExtension>
        </extensions>
      </trkpt>
      <trkpt lat="69.04863179661333560943603515625" lon="20.257365815341472625732421875">
        <ele>693</ele>
        <time>2026-08-21T07:07:56.000Z</time>
        <extensions>
          <ns3:TrackPointExtension>
            <ns3:cad>0</ns3:cad>
          </ns3:TrackPointExtension>
        </extensions>
      </trkpt>
      <trkpt lat="69.04861704446375370025634765625" lon="20.25738559663295745849609375">
        <ele>692.79998779296875</ele>
        <time>2026-08-21T07:07:58.000Z</time>
        <extensions>
          <ns3:TrackPointExtension>
            <ns3:cad>0</ns3:cad>
          </ns3:TrackPointExtension>
        </extensions>
      </trkpt>
      <trkpt lat="69.04856742359697818756103515625" lon="20.2575145103037357330322265625">
        <ele>692.20001220703125</ele>
        <time>2026-08-21T07:08:06.000Z</time>
        <extensions>
          <ns3:TrackPointExtension>
            <ns3:cad>0</ns3:cad>
          </ns3:TrackPointExtension>
        </extensions>
      </trkpt>
      <trkpt lat="69.0485701896250247955322265625" lon="20.25751308538019657135009765625">
        <ele>692.20001220703125</ele>
        <time>2026-08-21T07:08:12.000Z</time>
        <extensions>
          <ns3:TrackPointExtension>
            <ns3:cad>0</ns3:cad>
          </ns3:TrackPointExtension>
        </extensions>
      </trkpt>
      <trkpt lat="69.04857262037694454193115234375" lon="20.25749179534614086151123046875">
        <ele>692.20001220703125</ele>
        <time>2026-08-21T07:08:13.000Z</time>
        <extensions>
          <ns3:TrackPointExtension>
            <ns3:cad>0</ns3:cad>
          </ns3:TrackPointExtension>
        </extensions>
      </trkpt>
      <trkpt lat="69.048581086099147796630859375" lon="20.2574833296239376068115234375">
        <ele>692.4000244140625</ele>
        <time>2026-08-21T07:08:17.000Z</time>
        <extensions>
          <ns3:TrackPointExtension>
            <ns3:cad>0</ns3:cad>
          </ns3:TrackPointExtension>
        </extensions>
      </trkpt>
      <trkpt lat="69.04858301393687725067138671875" lon="20.25750227272510528564453125">
        <ele>692.20001220703125</ele>
        <time>2026-08-21T07:08:25.000Z</time>
        <extensions>
          <ns3:TrackPointExtension>
            <ns3:cad>0</ns3:cad>
          </ns3:TrackPointExtension>
        </extensions>
      </trkpt>
      <trkpt lat="69.04857630841434001922607421875" lon="20.257538147270679473876953125">
        <ele>692.4000244140625</ele>
        <time>2026-08-21T07:08:31.000Z</time>
        <extensions>
          <ns3:TrackPointExtension>
            <ns3:cad>0</ns3:cad>
          </ns3:TrackPointExtension>
        </extensions>
      </trkpt>
      <trkpt lat="69.04858720488846302032470703125" lon="20.25753756053745746612548828125">
        <ele>692.5999755859375</ele>
        <time>2026-08-21T07:08:38.000Z</time>
        <extensions>
          <ns3:TrackPointExtension>
            <ns3:cad>0</ns3:cad>
          </ns3:TrackPointExtension>
        </extensions>
      </trkpt>
      <trkpt lat="69.04859743081033229827880859375" lon="20.25754242204129695892333984375">
        <ele>692.4000244140625</ele>
        <time>2026-08-21T07:08:47.000Z</time>
        <extensions>
          <ns3:TrackPointExtension>
            <ns3:cad>0</ns3:cad>
          </ns3:TrackPointExtension>
        </extensions>
      </trkpt>
      <trkpt lat="69.04859072528779506683349609375" lon="20.2575503848493099212646484375">
        <ele>692.4000244140625</ele>
        <time>2026-08-21T07:08:54.000Z</time>
        <extensions>
          <ns3:TrackPointExtension>
            <ns3:cad>0</ns3:cad>
          </ns3:TrackPointExtension>
        </extensions>
      </trkpt>
      <trkpt lat="69.04858737252652645111083984375" lon="20.2575463615357875823974609375">
        <ele>692.20001220703125</ele>
        <time>2026-08-21T07:08:59.000Z</time>
        <extensions>
          <ns3:TrackPointExtension>
            <ns3:cad>0</ns3:cad>
          </ns3:TrackPointExtension>
        </extensions>
      </trkpt>
      <trkpt lat="69.04858737252652645111083984375" lon="20.257544852793216705322265625">
        <ele>692.20001220703125</ele>
        <time>2026-08-21T07:09:07.000Z</time>
        <extensions>
          <ns3:TrackPointExtension>
            <ns3:cad>0</ns3:cad>
          </ns3:TrackPointExtension>
        </extensions>
      </trkpt>
      <trkpt lat="69.04860279522836208343505859375" lon="20.25752699933946132659912109375">
        <ele>692.20001220703125</ele>
        <time>2026-08-21T07:09:15.000Z</time>
        <extensions>
          <ns3:TrackPointExtension>
            <ns3:cad>0</ns3:cad>
          </ns3:TrackPointExtension>
        </extensions>
      </trkpt>
      <trkpt lat="69.0486069023609161376953125" lon="20.2574980817735195159912109375">
        <ele>692.20001220703125</ele>
        <time>2026-08-21T07:09:22.000Z</time>
        <extensions>
          <ns3:TrackPointExtension>
            <ns3:cad>0</ns3:cad>
          </ns3:TrackPointExtension>
        </extensions>
      </trkpt>
      <trkpt lat="69.0486017055809497833251953125" lon="20.2574739418923854827880859375">
        <ele>692.20001220703125</ele>
        <time>2026-08-21T07:09:29.000Z</time>
        <extensions>
          <ns3:TrackPointExtension>
            <ns3:cad>0</ns3:cad>
          </ns3:TrackPointExtension>
        </extensions>
      </trkpt>
      <trkpt lat="69.04857077635824680328369140625" lon="20.2575101517140865325927734375">
        <ele>692.4000244140625</ele>
        <time>2026-08-21T07:09:37.000Z</time>
        <extensions>
          <ns3:TrackPointExtension>
            <ns3:cad>0</ns3:cad>
          </ns3:TrackPointExtension>
        </extensions>
      </trkpt>
      <trkpt lat="69.048567004501819610595703125" lon="20.25747419334948062896728515625">
        <ele>692.4000244140625</ele>
        <time>2026-08-21T07:09:46.000Z</time>
        <extensions>
          <ns3:TrackPointExtension>
            <ns3:cad>0</ns3:cad>
          </ns3:TrackPointExtension>
        </extensions>
      </trkpt>
      <trkpt lat="69.04858083464205265045166015625" lon="20.25743127800524234771728515625">
        <ele>692.20001220703125</ele>
        <time>2026-08-21T07:09:53.000Z</time>
        <extensions>
          <ns3:TrackPointExtension>
            <ns3:cad>0</ns3:cad>
          </ns3:TrackPointExtension>
        </extensions>
      </trkpt>
      <trkpt lat="69.04857672750949859619140625" lon="20.257481150329113006591796875">
        <ele>692.4000244140625</ele>
        <time>2026-08-21T07:10:01.000Z</time>
        <extensions>
          <ns3:TrackPointExtension>
            <ns3:cad>0</ns3:cad>
          </ns3:TrackPointExtension>
        </extensions>
      </trkpt>
      <trkpt lat="69.04859173111617565155029296875" lon="20.25749959051609039306640625">
        <ele>692.20001220703125</ele>
        <time>2026-08-21T07:10:10.000Z</time>
        <extensions>
          <ns3:TrackPointExtension>
            <ns3:cad>0</ns3:cad>
          </ns3:TrackPointExtension>
        </extensions>
      </trkpt>
      <trkpt lat="69.04858653433620929718017578125" lon="20.25747637264430522918701171875">
        <ele>692</ele>
        <time>2026-08-21T07:10:17.000Z</time>
        <extensions>
          <ns3:TrackPointExtension>
            <ns3:cad>0</ns3:cad>
          </ns3:TrackPointExtension>
        </extensions>
      </trkpt>
      <trkpt lat="69.0485854446887969970703125" lon="20.257452316582202911376953125">
        <ele>692</ele>
        <time>2026-08-21T07:10:26.000Z</time>
        <extensions>
          <ns3:TrackPointExtension>
            <ns3:cad>0</ns3:cad>
          </ns3:TrackPointExtension>
        </extensions>
      </trkpt>
      <trkpt lat="69.04859491623938083648681640625" lon="20.257446952164173126220703125">
        <ele>692</ele>
        <time>2026-08-21T07:10:32.000Z</time>
        <extensions>
          <ns3:TrackPointExtension>
            <ns3:cad>0</ns3:cad>
          </ns3:TrackPointExtension>
        </extensions>
      </trkpt>
      <trkpt lat="69.04858904890716075897216796875" lon="20.25747721083462238311767578125">
        <ele>692</ele>
        <time>2026-08-21T07:10:34.000Z</time>
        <extensions>
          <ns3:TrackPointExtension>
            <ns3:cad>0</ns3:cad>
          </ns3:TrackPointExtension>
        </extensions>
      </trkpt>
      <trkpt lat="69.04856893233954906463623046875" lon="20.2574997581541538238525390625">
        <ele>691.79998779296875</ele>
        <time>2026-08-21T07:10:40.000Z</time>
        <extensions>
          <ns3:TrackPointExtension>
            <ns3:cad>0</ns3:cad>
          </ns3:TrackPointExtension>
        </extensions>
      </trkpt>
      <trkpt lat="69.04851369559764862060546875" lon="20.2576097287237644195556640625">
        <ele>691.5999755859375</ele>
        <time>2026-08-21T07:10:47.000Z</time>
        <extensions>
          <ns3:TrackPointExtension>
            <ns3:cad>0</ns3:cad>
          </ns3:TrackPointExtension>
        </extensions>
      </trkpt>
      <trkpt lat="69.04845728538930416107177734375" lon="20.25770234875380992889404296875">
        <ele>691</ele>
        <time>2026-08-21T07:10:53.000Z</time>
        <extensions>
          <ns3:TrackPointExtension>
            <ns3:cad>0</ns3:cad>
          </ns3:TrackPointExtension>
        </extensions>
      </trkpt>
      <trkpt lat="69.0484488196671009063720703125" lon="20.25769866071641445159912109375">
        <ele>691</ele>
        <time>2026-08-21T07:10:54.000Z</time>
        <extensions>
          <ns3:TrackPointExtension>
            <ns3:cad>0</ns3:cad>
          </ns3:TrackPointExtension>
        </extensions>
      </trkpt>
      <trkpt lat="69.048409759998321533203125" lon="20.25772246532142162322998046875">
        <ele>690.5999755859375</ele>
        <time>2026-08-21T07:10:59.000Z</time>
        <extensions>
          <ns3:TrackPointExtension>
            <ns3:cad>0</ns3:cad>
          </ns3:TrackPointExtension>
        </extensions>
      </trkpt>
      <trkpt lat="69.0483589656651020050048828125" lon="20.2578033506870269775390625">
        <ele>690</ele>
        <time>2026-08-21T07:11:04.000Z</time>
        <extensions>
          <ns3:TrackPointExtension>
            <ns3:cad>50</ns3:cad>
          </ns3:TrackPointExtension>
        </extensions>
      </trkpt>
      <trkpt lat="69.048355109989643096923828125" lon="20.257823467254638671875">
        <ele>690</ele>
        <time>2026-08-21T07:11:05.000Z</time>
        <extensions>
          <ns3:TrackPointExtension>
            <ns3:cad>50</ns3:cad>
          </ns3:TrackPointExtension>
        </extensions>
      </trkpt>
      <trkpt lat="69.0483462251722812652587890625" lon="20.25794642977416515350341796875">
        <ele>689</ele>
        <time>2026-08-21T07:11:11.000Z</time>
        <extensions>
          <ns3:TrackPointExtension>
            <ns3:cad>0</ns3:cad>
          </ns3:TrackPointExtension>
        </extensions>
      </trkpt>
      <trkpt lat="69.048325605690479278564453125" lon="20.25803309865295886993408203125">
        <ele>687.79998779296875</ele>
        <time>2026-08-21T07:11:17.000Z</time>
        <extensions>
          <ns3:TrackPointExtension>
            <ns3:cad>0</ns3:cad>
          </ns3:TrackPointExtension>
        </extensions>
      </trkpt>
      <trkpt lat="69.04831697233021259307861328125" lon="20.25803041644394397735595703125">
        <ele>687.5999755859375</ele>
        <time>2026-08-21T07:11:18.000Z</time>
        <extensions>
          <ns3:TrackPointExtension>
            <ns3:cad>0</ns3:cad>
          </ns3:TrackPointExtension>
        </extensions>
      </trkpt>
      <trkpt lat="69.04831278137862682342529296875" lon="20.258035361766815185546875">
        <ele>687.4000244140625</ele>
        <time>2026-08-21T07:11:19.000Z</time>
        <extensions>
          <ns3:TrackPointExtension>
            <ns3:cad>0</ns3:cad>
          </ns3:TrackPointExtension>
        </extensions>
      </trkpt>
      <trkpt lat="69.04830708168447017669677734375" lon="20.25806092657148838043212890625">
        <ele>686.79998779296875</ele>
        <time>2026-08-21T07:11:23.000Z</time>
        <extensions>
          <ns3:TrackPointExtension>
            <ns3:cad>45</ns3:cad>
          </ns3:TrackPointExtension>
        </extensions>
      </trkpt>
      <trkpt lat="69.04827858321368694305419921875" lon="20.25806075893342494964599609375">
        <ele>686.20001220703125</ele>
        <time>2026-08-21T07:11:27.000Z</time>
        <extensions>
          <ns3:TrackPointExtension>
            <ns3:cad>0</ns3:cad>
          </ns3:TrackPointExtension>
        </extensions>
      </trkpt>
      <trkpt lat="69.0482543595135211944580078125" lon="20.2580174244940280914306640625">
        <ele>685.5999755859375</ele>
        <time>2026-08-21T07:11:32.000Z</time>
        <extensions>
          <ns3:TrackPointExtension>
            <ns3:cad>0</ns3:cad>
          </ns3:TrackPointExtension>
        </extensions>
      </trkpt>
      <trkpt lat="69.0482443012297153472900390625" lon="20.258013904094696044921875">
        <ele>685.5999755859375</ele>
        <time>2026-08-21T07:11:34.000Z</time>
        <extensions>
          <ns3:TrackPointExtension>
            <ns3:cad>0</ns3:cad>
          </ns3:TrackPointExtension>
        </extensions>
      </trkpt>
      <trkpt lat="69.04820264317095279693603515625" lon="20.258043743669986724853515625">
        <ele>685</ele>
        <time>2026-08-21T07:11:40.000Z</time>
        <extensions>
          <ns3:TrackPointExtension>
            <ns3:cad>48</ns3:cad>
          </ns3:TrackPointExtension>
        </extensions>
      </trkpt>
      <trkpt lat="69.04819845221936702728271484375" lon="20.2581062726676464080810546875">
        <ele>684.5999755859375</ele>
        <time>2026-08-21T07:11:44.000Z</time>
        <extensions>
          <ns3:TrackPointExtension>
            <ns3:cad>0</ns3:cad>
          </ns3:TrackPointExtension>
        </extensions>
      </trkpt>
      <trkpt lat="69.048210941255092620849609375" lon="20.2581654489040374755859375">
        <ele>684.20001220703125</ele>
        <time>2026-08-21T07:11:47.000Z</time>
        <extensions>
          <ns3:TrackPointExtension>
            <ns3:cad>0</ns3:cad>
          </ns3:TrackPointExtension>
        </extensions>
      </trkpt>
      <trkpt lat="69.04822460375726222991943359375" lon="20.2582477591931819915771484375">
        <ele>684</ele>
        <time>2026-08-21T07:11:53.000Z</time>
        <extensions>
          <ns3:TrackPointExtension>
            <ns3:cad>0</ns3:cad>
          </ns3:TrackPointExtension>
        </extensions>
      </trkpt>
      <trkpt lat="69.048231728374958038330078125" lon="20.25830483995378017425537109375">
        <ele>683.5999755859375</ele>
        <time>2026-08-21T07:11:56.000Z</time>
        <extensions>
          <ns3:TrackPointExtension>
            <ns3:cad>0</ns3:cad>
          </ns3:TrackPointExtension>
        </extensions>
      </trkpt>
      <trkpt lat="69.0482255257666110992431640625" lon="20.2583865635097026824951171875">
        <ele>683.20001220703125</ele>
        <time>2026-08-21T07:12:00.000Z</time>
        <extensions>
          <ns3:TrackPointExtension>
            <ns3:cad>0</ns3:cad>
          </ns3:TrackPointExtension>
        </extensions>
      </trkpt>
      <trkpt lat="69.04823348857462406158447265625" lon="20.2585334144532680511474609375">
        <ele>682.5999755859375</ele>
        <time>2026-08-21T07:12:07.000Z</time>
        <extensions>
          <ns3:TrackPointExtension>
            <ns3:cad>0</ns3:cad>
          </ns3:TrackPointExtension>
        </extensions>
      </trkpt>
      <trkpt lat="69.04823650605976581573486328125" lon="20.25855747051537036895751953125">
        <ele>682.4000244140625</ele>
        <time>2026-08-21T07:12:08.000Z</time>
        <extensions>
          <ns3:TrackPointExtension>
            <ns3:cad>0</ns3:cad>
          </ns3:TrackPointExtension>
        </extensions>
      </trkpt>
      <trkpt lat="69.04824555851519107818603515625" lon="20.258697532117366790771484375">
        <ele>682.4000244140625</ele>
        <time>2026-08-21T07:12:15.000Z</time>
        <extensions>
          <ns3:TrackPointExtension>
            <ns3:cad>0</ns3:cad>
          </ns3:TrackPointExtension>
        </extensions>
      </trkpt>
      <trkpt lat="69.04826601035892963409423828125" lon="20.25885083712637424468994140625">
        <ele>682.4000244140625</ele>
        <time>2026-08-21T07:12:22.000Z</time>
        <extensions>
          <ns3:TrackPointExtension>
            <ns3:cad>0</ns3:cad>
          </ns3:TrackPointExtension>
        </extensions>
      </trkpt>
      <trkpt lat="69.0482429601252079010009765625" lon="20.258984528481960296630859375">
        <ele>683</ele>
        <time>2026-08-21T07:12:28.000Z</time>
        <extensions>
          <ns3:TrackPointExtension>
            <ns3:cad>0</ns3:cad>
          </ns3:TrackPointExtension>
        </extensions>
      </trkpt>
      <trkpt lat="69.04821706004440784454345703125" lon="20.25910296477377414703369140625">
        <ele>683</ele>
        <time>2026-08-21T07:12:33.000Z</time>
        <extensions>
          <ns3:TrackPointExtension>
            <ns3:cad>0</ns3:cad>
          </ns3:TrackPointExtension>
        </extensions>
      </trkpt>
      <trkpt lat="69.04822728596627712249755859375" lon="20.259168259799480438232421875">
        <ele>683</ele>
        <time>2026-08-21T07:12:38.000Z</time>
        <extensions>
          <ns3:TrackPointExtension>
            <ns3:cad>66</ns3:cad>
          </ns3:TrackPointExtension>
        </extensions>
      </trkpt>
      <trkpt lat="69.04822762124240398406982421875" lon="20.25928082875907421112060546875">
        <ele>682.4000244140625</ele>
        <time>2026-08-21T07:12:44.000Z</time>
        <extensions>
          <ns3:TrackPointExtension>
            <ns3:cad>0</ns3:cad>
          </ns3:TrackPointExtension>
        </extensions>
      </trkpt>
      <trkpt lat="69.0482131205499172210693359375" lon="20.25937437079846858978271484375">
        <ele>682.20001220703125</ele>
        <time>2026-08-21T07:12:49.000Z</time>
        <extensions>
          <ns3:TrackPointExtension>
            <ns3:cad>0</ns3:cad>
          </ns3:TrackPointExtension>
        </extensions>
      </trkpt>
      <trkpt lat="69.04820146970450878143310546875" lon="20.25936372578144073486328125">
        <ele>682.20001220703125</ele>
        <time>2026-08-21T07:12:50.000Z</time>
        <extensions>
          <ns3:TrackPointExtension>
            <ns3:cad>0</ns3:cad>
          </ns3:TrackPointExtension>
        </extensions>
      </trkpt>
      <trkpt lat="69.048180095851421356201171875" lon="20.25936045683920383453369140625">
        <ele>682.79998779296875</ele>
        <time>2026-08-21T07:12:56.000Z</time>
        <extensions>
          <ns3:TrackPointExtension>
            <ns3:cad>0</ns3:cad>
          </ns3:TrackPointExtension>
        </extensions>
      </trkpt>
      <trkpt lat="69.04817171394824981689453125" lon="20.25933095254004001617431640625">
        <ele>682.79998779296875</ele>
        <time>2026-08-21T07:13:03.000Z</time>
        <extensions>
          <ns3:TrackPointExtension>
            <ns3:cad>0</ns3:cad>
          </ns3:TrackPointExtension>
        </extensions>
      </trkpt>
      <trkpt lat="69.0481671877205371856689453125" lon="20.2593142725527286529541015625">
        <ele>682.5999755859375</ele>
        <time>2026-08-21T07:13:11.000Z</time>
        <extensions>
          <ns3:TrackPointExtension>
            <ns3:cad>0</ns3:cad>
          </ns3:TrackPointExtension>
        </extensions>
      </trkpt>
      <trkpt lat="69.0481681935489177703857421875" lon="20.25931267999112606048583984375">
        <ele>682.79998779296875</ele>
        <time>2026-08-21T07:13:18.000Z</time>
        <extensions>
          <ns3:TrackPointExtension>
            <ns3:cad>0</ns3:cad>
          </ns3:TrackPointExtension>
        </extensions>
      </trkpt>
      <trkpt lat="69.04812477529048919677734375" lon="20.2593035437166690826416015625">
        <ele>682.5999755859375</ele>
        <time>2026-08-21T07:13:25.000Z</time>
        <extensions>
          <ns3:TrackPointExtension>
            <ns3:cad>0</ns3:cad>
          </ns3:TrackPointExtension>
        </extensions>
      </trkpt>
      <trkpt lat="69.048088230192661285400390625" lon="20.25934067554771900177001953125">
        <ele>682.5999755859375</ele>
        <time>2026-08-21T07:13:31.000Z</time>
        <extensions>
          <ns3:TrackPointExtension>
            <ns3:cad>47</ns3:cad>
          </ns3:TrackPointExtension>
        </extensions>
      </trkpt>
      <trkpt lat="69.0480696223676204681396484375" lon="20.2594555914402008056640625">
        <ele>682.4000244140625</ele>
        <time>2026-08-21T07:13:36.000Z</time>
        <extensions>
          <ns3:TrackPointExtension>
            <ns3:cad>0</ns3:cad>
          </ns3:TrackPointExtension>
        </extensions>
      </trkpt>
      <trkpt lat="69.048070795834064483642578125" lon="20.2596083097159862518310546875">
        <ele>682.4000244140625</ele>
        <time>2026-08-21T07:13:43.000Z</time>
        <extensions>
          <ns3:TrackPointExtension>
            <ns3:cad>0</ns3:cad>
          </ns3:TrackPointExtension>
        </extensions>
      </trkpt>
      <trkpt lat="69.04809401370584964752197265625" lon="20.25970344431698322296142578125">
        <ele>683</ele>
        <time>2026-08-21T07:13:48.000Z</time>
        <extensions>
          <ns3:TrackPointExtension>
            <ns3:cad>0</ns3:cad>
          </ns3:TrackPointExtension>
        </extensions>
      </trkpt>
      <trkpt lat="69.04811203479766845703125" lon="20.259852223098278045654296875">
        <ele>683.4000244140625</ele>
        <time>2026-08-21T07:13:54.000Z</time>
        <extensions>
          <ns3:TrackPointExtension>
            <ns3:cad>0</ns3:cad>
          </ns3:TrackPointExtension>
        </extensions>
      </trkpt>
      <trkpt lat="69.04811178334057331085205078125" lon="20.25988868437707424163818359375">
        <ele>683.5999755859375</ele>
        <time>2026-08-21T07:13:55.000Z</time>
        <extensions>
          <ns3:TrackPointExtension>
            <ns3:cad>0</ns3:cad>
          </ns3:TrackPointExtension>
        </extensions>
      </trkpt>
      <trkpt lat="69.04811128042638301849365234375" lon="20.26003553532063961029052734375">
        <ele>684</ele>
        <time>2026-08-21T07:14:00.000Z</time>
        <extensions>
          <ns3:TrackPointExtension>
            <ns3:cad>0</ns3:cad>
          </ns3:TrackPointExtension>
        </extensions>
      </trkpt>
      <trkpt lat="69.04810491017997264862060546875" lon="20.26021775789558887481689453125">
        <ele>684.5999755859375</ele>
        <time>2026-08-21T07:14:07.000Z</time>
        <extensions>
          <ns3:TrackPointExtension>
            <ns3:cad>0</ns3:cad>
          </ns3:TrackPointExtension>
        </extensions>
      </trkpt>
      <trkpt lat="69.04810373671352863311767578125" lon="20.26027031242847442626953125">
        <ele>684.5999755859375</ele>
        <time>2026-08-21T07:14:09.000Z</time>
        <extensions>
          <ns3:TrackPointExtension>
            <ns3:cad>0</ns3:cad>
          </ns3:TrackPointExtension>
        </extensions>
      </trkpt>
      <trkpt lat="69.04810088686645030975341796875" lon="20.26033929549157619476318359375">
        <ele>684.79998779296875</ele>
        <time>2026-08-21T07:14:12.000Z</time>
        <extensions>
          <ns3:TrackPointExtension>
            <ns3:cad>0</ns3:cad>
          </ns3:TrackPointExtension>
        </extensions>
      </trkpt>
      <trkpt lat="69.0480723045766353607177734375" lon="20.26046049781143665313720703125">
        <ele>685</ele>
        <time>2026-08-21T07:14:17.000Z</time>
        <extensions>
          <ns3:TrackPointExtension>
            <ns3:cad>62</ns3:cad>
          </ns3:TrackPointExtension>
        </extensions>
      </trkpt>
      <trkpt lat="69.04802444390952587127685546875" lon="20.2605832926928997039794921875">
        <ele>684.4000244140625</ele>
        <time>2026-08-21T07:14:25.000Z</time>
        <extensions>
          <ns3:TrackPointExtension>
            <ns3:cad>0</ns3:cad>
          </ns3:TrackPointExtension>
        </extensions>
      </trkpt>
      <trkpt lat="69.0479834564030170440673828125" lon="20.26067406870424747467041015625">
        <ele>683.5999755859375</ele>
        <time>2026-08-21T07:14:33.000Z</time>
        <extensions>
          <ns3:TrackPointExtension>
            <ns3:cad>0</ns3:cad>
          </ns3:TrackPointExtension>
        </extensions>
      </trkpt>
      <trkpt lat="69.04793660156428813934326171875" lon="20.26084589771926403045654296875">
        <ele>683</ele>
        <time>2026-08-21T07:14:40.000Z</time>
        <extensions>
          <ns3:TrackPointExtension>
            <ns3:cad>47</ns3:cad>
          </ns3:TrackPointExtension>
        </extensions>
      </trkpt>
      <trkpt lat="69.04791765846312046051025390625" lon="20.26094832457602024078369140625">
        <ele>683</ele>
        <time>2026-08-21T07:14:45.000Z</time>
        <extensions>
          <ns3:TrackPointExtension>
            <ns3:cad>0</ns3:cad>
          </ns3:TrackPointExtension>
        </extensions>
      </trkpt>
      <trkpt lat="69.0479190833866596221923828125" lon="20.2611056528985500335693359375">
        <ele>683.4000244140625</ele>
        <time>2026-08-21T07:14:52.000Z</time>
        <extensions>
          <ns3:TrackPointExtension>
            <ns3:cad>40</ns3:cad>
          </ns3:TrackPointExtension>
        </extensions>
      </trkpt>
      <trkpt lat="69.04793375171720981597900390625" lon="20.26122559793293476104736328125">
        <ele>683.20001220703125</ele>
        <time>2026-08-21T07:14:58.000Z</time>
        <extensions>
          <ns3:TrackPointExtension>
            <ns3:cad>0</ns3:cad>
          </ns3:TrackPointExtension>
        </extensions>
      </trkpt>
      <trkpt lat="69.04793894849717617034912109375" lon="20.2612783201038837432861328125">
        <ele>683.79998779296875</ele>
        <time>2026-08-21T07:15:04.000Z</time>
        <extensions>
          <ns3:TrackPointExtension>
            <ns3:cad>0</ns3:cad>
          </ns3:TrackPointExtension>
        </extensions>
      </trkpt>
      <trkpt lat="69.04794833622872829437255859375" lon="20.26137479580938816070556640625">
        <ele>684.20001220703125</ele>
        <time>2026-08-21T07:15:08.000Z</time>
        <extensions>
          <ns3:TrackPointExtension>
            <ns3:cad>79</ns3:cad>
          </ns3:TrackPointExtension>
        </extensions>
      </trkpt>
      <trkpt lat="69.04799326322972774505615234375" lon="20.26146481744945049285888671875">
        <ele>684.20001220703125</ele>
        <time>2026-08-21T07:15:14.000Z</time>
        <extensions>
          <ns3:TrackPointExtension>
            <ns3:cad>0</ns3:cad>
          </ns3:TrackPointExtension>
        </extensions>
      </trkpt>
      <trkpt lat="69.04803802259266376495361328125" lon="20.26155651547014713287353515625">
        <ele>683.79998779296875</ele>
        <time>2026-08-21T07:15:20.000Z</time>
        <extensions>
          <ns3:TrackPointExtension>
            <ns3:cad>0</ns3:cad>
          </ns3:TrackPointExtension>
        </extensions>
      </trkpt>
      <trkpt lat="69.04808730818331241607666015625" lon="20.2616228163242340087890625">
        <ele>684.20001220703125</ele>
        <time>2026-08-21T07:15:27.000Z</time>
        <extensions>
          <ns3:TrackPointExtension>
            <ns3:cad>43</ns3:cad>
          </ns3:TrackPointExtension>
        </extensions>
      </trkpt>
      <trkpt lat="69.04812787659466266632080078125" lon="20.26173639111220836639404296875">
        <ele>684.4000244140625</ele>
        <time>2026-08-21T07:15:33.000Z</time>
        <extensions>
          <ns3:TrackPointExtension>
            <ns3:cad>0</ns3:cad>
          </ns3:TrackPointExtension>
        </extensions>
      </trkpt>
      <trkpt lat="69.04814128763973712921142578125" lon="20.26175248436629772186279296875">
        <ele>684.4000244140625</ele>
        <time>2026-08-21T07:15:34.000Z</time>
        <extensions>
          <ns3:TrackPointExtension>
            <ns3:cad>0</ns3:cad>
          </ns3:TrackPointExtension>
        </extensions>
      </trkpt>
      <trkpt lat="69.04816878028213977813720703125" lon="20.2618107385933399200439453125">
        <ele>684.5999755859375</ele>
        <time>2026-08-21T07:15:38.000Z</time>
        <extensions>
          <ns3:TrackPointExtension>
            <ns3:cad>41</ns3:cad>
          </ns3:TrackPointExtension>
        </extensions>
      </trkpt>
      <trkpt lat="69.04819585382938385009765625" lon="20.26184183545410633087158203125">
        <ele>684.5999755859375</ele>
        <time>2026-08-21T07:15:41.000Z</time>
        <extensions>
          <ns3:TrackPointExtension>
            <ns3:cad>40</ns3:cad>
          </ns3:TrackPointExtension>
        </extensions>
      </trkpt>
      <trkpt lat="69.0482743084430694580078125" lon="20.261876285076141357421875">
        <ele>684.4000244140625</ele>
        <time>2026-08-21T07:15:49.000Z</time>
        <extensions>
          <ns3:TrackPointExtension>
            <ns3:cad>0</ns3:cad>
          </ns3:TrackPointExtension>
        </extensions>
      </trkpt>
      <trkpt lat="69.04831898398697376251220703125" lon="20.26197091676294803619384765625">
        <ele>684.5999755859375</ele>
        <time>2026-08-21T07:15:56.000Z</time>
        <extensions>
          <ns3:TrackPointExtension>
            <ns3:cad>42</ns3:cad>
          </ns3:TrackPointExtension>
        </extensions>
      </trkpt>
      <trkpt lat="69.04839106835424900054931640625" lon="20.262022800743579864501953125">
        <ele>684.4000244140625</ele>
        <time>2026-08-21T07:16:05.000Z</time>
        <extensions>
          <ns3:TrackPointExtension>
            <ns3:cad>0</ns3:cad>
          </ns3:TrackPointExtension>
        </extensions>
      </trkpt>
      <trkpt lat="69.04844454489648342132568359375" lon="20.26206613518297672271728515625">
        <ele>684.4000244140625</ele>
        <time>2026-08-21T07:16:11.000Z</time>
        <extensions>
          <ns3:TrackPointExtension>
            <ns3:cad>0</ns3:cad>
          </ns3:TrackPointExtension>
        </extensions>
      </trkpt>
      <trkpt lat="69.04848829843103885650634765625" lon="20.262123383581638336181640625">
        <ele>684.4000244140625</ele>
        <time>2026-08-21T07:16:16.000Z</time>
        <extensions>
          <ns3:TrackPointExtension>
            <ns3:cad>0</ns3:cad>
          </ns3:TrackPointExtension>
        </extensions>
      </trkpt>
      <trkpt lat="69.048507325351238250732421875" lon="20.2622150816023349761962890625">
        <ele>684.5999755859375</ele>
        <time>2026-08-21T07:16:21.000Z</time>
        <extensions>
          <ns3:TrackPointExtension>
            <ns3:cad>0</ns3:cad>
          </ns3:TrackPointExtension>
        </extensions>
      </trkpt>
      <trkpt lat="69.0484991110861301422119140625" lon="20.26220745407044887542724609375">
        <ele>684.5999755859375</ele>
        <time>2026-08-21T07:16:22.000Z</time>
        <extensions>
          <ns3:TrackPointExtension>
            <ns3:cad>0</ns3:cad>
          </ns3:TrackPointExtension>
        </extensions>
      </trkpt>
      <trkpt lat="69.04849626123905181884765625" lon="20.26218851096928119659423828125">
        <ele>684.5999755859375</ele>
        <time>2026-08-21T07:16:23.000Z</time>
        <extensions>
          <ns3:TrackPointExtension>
            <ns3:cad>0</ns3:cad>
          </ns3:TrackPointExtension>
        </extensions>
      </trkpt>
      <trkpt lat="69.048493914306163787841796875" lon="20.26217602193355560302734375">
        <ele>684.5999755859375</ele>
        <time>2026-08-21T07:16:27.000Z</time>
        <extensions>
          <ns3:TrackPointExtension>
            <ns3:cad>0</ns3:cad>
          </ns3:TrackPointExtension>
        </extensions>
      </trkpt>
      <trkpt lat="69.048495925962924957275390625" lon="20.26221114210784435272216796875">
        <ele>684.5999755859375</ele>
        <time>2026-08-21T07:16:28.000Z</time>
        <extensions>
          <ns3:TrackPointExtension>
            <ns3:cad>0</ns3:cad>
          </ns3:TrackPointExtension>
        </extensions>
      </trkpt>
      <trkpt lat="69.04849768616259098052978515625" lon="20.26220686733722686767578125">
        <ele>684.4000244140625</ele>
        <time>2026-08-21T07:16:32.000Z</time>
        <extensions>
          <ns3:TrackPointExtension>
            <ns3:cad>0</ns3:cad>
          </ns3:TrackPointExtension>
        </extensions>
      </trkpt>
      <trkpt lat="69.04849349521100521087646484375" lon="20.26221491396427154541015625">
        <ele>684.20001220703125</ele>
        <time>2026-08-21T07:16:39.000Z</time>
        <extensions>
          <ns3:TrackPointExtension>
            <ns3:cad>0</ns3:cad>
          </ns3:TrackPointExtension>
        </extensions>
      </trkpt>
      <trkpt lat="69.048488549888134002685546875" lon="20.262286327779293060302734375">
        <ele>684.20001220703125</ele>
        <time>2026-08-21T07:16:45.000Z</time>
        <extensions>
          <ns3:TrackPointExtension>
            <ns3:cad>0</ns3:cad>
          </ns3:TrackPointExtension>
        </extensions>
      </trkpt>
      <trkpt lat="69.0484873764216899871826171875" lon="20.26227534748613834381103515625">
        <ele>684.4000244140625</ele>
        <time>2026-08-21T07:16:52.000Z</time>
        <extensions>
          <ns3:TrackPointExtension>
            <ns3:cad>0</ns3:cad>
          </ns3:TrackPointExtension>
        </extensions>
      </trkpt>
      <trkpt lat="69.04848662205040454864501953125" lon="20.26228473521769046783447265625">
        <ele>684.20001220703125</ele>
        <time>2026-08-21T07:16:57.000Z</time>
        <extensions>
          <ns3:TrackPointExtension>
            <ns3:cad>0</ns3:cad>
          </ns3:TrackPointExtension>
        </extensions>
      </trkpt>
      <trkpt lat="69.0484719537198543548583984375" lon="20.26225791312754154205322265625">
        <ele>684.20001220703125</ele>
        <time>2026-08-21T07:17:04.000Z</time>
        <extensions>
          <ns3:TrackPointExtension>
            <ns3:cad>0</ns3:cad>
          </ns3:TrackPointExtension>
        </extensions>
      </trkpt>
      <trkpt lat="69.04844462871551513671875" lon="20.26224031113088130950927734375">
        <ele>684.20001220703125</ele>
        <time>2026-08-21T07:17:10.000Z</time>
        <extensions>
          <ns3:TrackPointExtension>
            <ns3:cad>0</ns3:cad>
          </ns3:TrackPointExtension>
        </extensions>
      </trkpt>
      <trkpt lat="69.04838922433555126190185546875" lon="20.2623237110674381256103515625">
        <ele>684</ele>
        <time>2026-08-21T07:17:17.000Z</time>
        <extensions>
          <ns3:TrackPointExtension>
            <ns3:cad>45</ns3:cad>
          </ns3:TrackPointExtension>
        </extensions>
      </trkpt>
      <trkpt lat="69.04834815301001071929931640625" lon="20.262433178722858428955078125">
        <ele>683.79998779296875</ele>
        <time>2026-08-21T07:17:22.000Z</time>
        <extensions>
          <ns3:TrackPointExtension>
            <ns3:cad>0</ns3:cad>
          </ns3:TrackPointExtension>
        </extensions>
      </trkpt>
      <trkpt lat="69.04832183383405208587646484375" lon="20.2624843083322048187255859375">
        <ele>683.4000244140625</ele>
        <time>2026-08-21T07:17:26.000Z</time>
        <extensions>
          <ns3:TrackPointExtension>
            <ns3:cad>0</ns3:cad>
          </ns3:TrackPointExtension>
        </extensions>
      </trkpt>
      <trkpt lat="69.0482957661151885986328125" lon="20.2626033313572406768798828125">
        <ele>683.20001220703125</ele>
        <time>2026-08-21T07:17:29.000Z</time>
        <extensions>
          <ns3:TrackPointExtension>
            <ns3:cad>0</ns3:cad>
          </ns3:TrackPointExtension>
        </extensions>
      </trkpt>
      <trkpt lat="69.04825142584741115570068359375" lon="20.2626747451722621917724609375">
        <ele>683.5999755859375</ele>
        <time>2026-08-21T07:17:34.000Z</time>
        <extensions>
          <ns3:TrackPointExtension>
            <ns3:cad>0</ns3:cad>
          </ns3:TrackPointExtension>
        </extensions>
      </trkpt>
      <trkpt lat="69.04820985160768032073974609375" lon="20.26265680789947509765625">
        <ele>683.79998779296875</ele>
        <time>2026-08-21T07:17:39.000Z</time>
        <extensions>
          <ns3:TrackPointExtension>
            <ns3:cad>0</ns3:cad>
          </ns3:TrackPointExtension>
        </extensions>
      </trkpt>
      <trkpt lat="69.04813324101269245147705078125" lon="20.26261464692652225494384765625">
        <ele>683.79998779296875</ele>
        <time>2026-08-21T07:17:47.000Z</time>
        <extensions>
          <ns3:TrackPointExtension>
            <ns3:cad>44</ns3:cad>
          </ns3:TrackPointExtension>
        </extensions>
      </trkpt>
      <trkpt lat="69.0480776689946651458740234375" lon="20.262620262801647186279296875">
        <ele>684</ele>
        <time>2026-08-21T07:17:53.000Z</time>
        <extensions>
          <ns3:TrackPointExtension>
            <ns3:cad>45</ns3:cad>
          </ns3:TrackPointExtension>
        </extensions>
      </trkpt>
      <trkpt lat="69.04801203869283199310302734375" lon="20.26265270076692104339599609375">
        <ele>684</ele>
        <time>2026-08-21T07:17:59.000Z</time>
        <extensions>
          <ns3:TrackPointExtension>
            <ns3:cad>46</ns3:cad>
          </ns3:TrackPointExtension>
        </extensions>
      </trkpt>
      <trkpt lat="69.04795034788548946380615234375" lon="20.26272260583937168121337890625">
        <ele>684.20001220703125</ele>
        <time>2026-08-21T07:18:07.000Z</time>
        <extensions>
          <ns3:TrackPointExtension>
            <ns3:cad>0</ns3:cad>
          </ns3:TrackPointExtension>
        </extensions>
      </trkpt>
      <trkpt lat="69.0479318238794803619384765625" lon="20.26279016397893428802490234375">
        <ele>684.5999755859375</ele>
        <time>2026-08-21T07:18:14.000Z</time>
        <extensions>
          <ns3:TrackPointExtension>
            <ns3:cad>0</ns3:cad>
          </ns3:TrackPointExtension>
        </extensions>
      </trkpt>
      <trkpt lat="69.0479267947375774383544921875" lon="20.2627998031675815582275390625">
        <ele>684.5999755859375</ele>
        <time>2026-08-21T07:18:15.000Z</time>
        <extensions>
          <ns3:TrackPointExtension>
            <ns3:cad>0</ns3:cad>
          </ns3:TrackPointExtension>
        </extensions>
      </trkpt>
      <trkpt lat="69.047884047031402587890625" lon="20.26292343623936176300048828125">
        <ele>685</ele>
        <time>2026-08-21T07:18:22.000Z</time>
        <extensions>
          <ns3:TrackPointExtension>
            <ns3:cad>0</ns3:cad>
          </ns3:TrackPointExtension>
        </extensions>
      </trkpt>
      <trkpt lat="69.04783065430819988250732421875" lon="20.2630237676203250885009765625">
        <ele>685.20001220703125</ele>
        <time>2026-08-21T07:18:28.000Z</time>
        <extensions>
          <ns3:TrackPointExtension>
            <ns3:cad>0</ns3:cad>
          </ns3:TrackPointExtension>
        </extensions>
      </trkpt>
      <trkpt lat="69.04776276089251041412353515625" lon="20.263133235275745391845703125">
        <ele>685.4000244140625</ele>
        <time>2026-08-21T07:18:36.000Z</time>
        <extensions>
          <ns3:TrackPointExtension>
            <ns3:cad>0</ns3:cad>
          </ns3:TrackPointExtension>
        </extensions>
      </trkpt>
      <trkpt lat="69.0477440692484378814697265625" lon="20.26318646036088466644287109375">
        <ele>685.5999755859375</ele>
        <time>2026-08-21T07:18:38.000Z</time>
        <extensions>
          <ns3:TrackPointExtension>
            <ns3:cad>0</ns3:cad>
          </ns3:TrackPointExtension>
        </extensions>
      </trkpt>
      <trkpt lat="69.047697298228740692138671875" lon="20.2632638253271579742431640625">
        <ele>685.79998779296875</ele>
        <time>2026-08-21T07:18:43.000Z</time>
        <extensions>
          <ns3:TrackPointExtension>
            <ns3:cad>0</ns3:cad>
          </ns3:TrackPointExtension>
        </extensions>
      </trkpt>
      <trkpt lat="69.04770459048449993133544921875" lon="20.2632750570774078369140625">
        <ele>686</ele>
        <time>2026-08-21T07:18:48.000Z</time>
        <extensions>
          <ns3:TrackPointExtension>
            <ns3:cad>0</ns3:cad>
          </ns3:TrackPointExtension>
        </extensions>
      </trkpt>
      <trkpt lat="69.047688581049442291259765625" lon="20.2633047290146350860595703125">
        <ele>686</ele>
        <time>2026-08-21T07:18:55.000Z</time>
        <extensions>
          <ns3:TrackPointExtension>
            <ns3:cad>0</ns3:cad>
          </ns3:TrackPointExtension>
        </extensions>
      </trkpt>
      <trkpt lat="69.04769252054393291473388671875" lon="20.2632909826934337615966796875">
        <ele>686</ele>
        <time>2026-08-21T07:19:02.000Z</time>
        <extensions>
          <ns3:TrackPointExtension>
            <ns3:cad>0</ns3:cad>
          </ns3:TrackPointExtension>
        </extensions>
      </trkpt>
      <trkpt lat="69.04763921163976192474365234375" lon="20.26338812895119190216064453125">
        <ele>686</ele>
        <time>2026-08-21T07:19:09.000Z</time>
        <extensions>
          <ns3:TrackPointExtension>
            <ns3:cad>0</ns3:cad>
          </ns3:TrackPointExtension>
        </extensions>
      </trkpt>
      <trkpt lat="69.04759277589619159698486328125" lon="20.26349030435085296630859375">
        <ele>685.79998779296875</ele>
        <time>2026-08-21T07:19:15.000Z</time>
        <extensions>
          <ns3:TrackPointExtension>
            <ns3:cad>0</ns3:cad>
          </ns3:TrackPointExtension>
        </extensions>
      </trkpt>
      <trkpt lat="69.0475589968264102935791015625" lon="20.263595916330814361572265625">
        <ele>685.5999755859375</ele>
        <time>2026-08-21T07:19:21.000Z</time>
        <extensions>
          <ns3:TrackPointExtension>
            <ns3:cad>0</ns3:cad>
          </ns3:TrackPointExtension>
        </extensions>
      </trkpt>
      <trkpt lat="69.04752823524177074432373046875" lon="20.26377369649708271026611328125">
        <ele>685</ele>
        <time>2026-08-21T07:19:29.000Z</time>
        <extensions>
          <ns3:TrackPointExtension>
            <ns3:cad>17</ns3:cad>
          </ns3:TrackPointExtension>
        </extensions>
      </trkpt>
      <trkpt lat="69.04747165739536285400390625" lon="20.26389506645500659942626953125">
        <ele>685</ele>
        <time>2026-08-21T07:19:36.000Z</time>
        <extensions>
          <ns3:TrackPointExtension>
            <ns3:cad>44</ns3:cad>
          </ns3:TrackPointExtension>
        </extensions>
      </trkpt>
      <trkpt lat="69.0474178455770015716552734375" lon="20.2639591880142688751220703125">
        <ele>685.20001220703125</ele>
        <time>2026-08-21T07:19:41.000Z</time>
        <extensions>
          <ns3:TrackPointExtension>
            <ns3:cad>0</ns3:cad>
          </ns3:TrackPointExtension>
        </extensions>
      </trkpt>
      <trkpt lat="69.04736042954027652740478515625" lon="20.2640788815915584564208984375">
        <ele>685.79998779296875</ele>
        <time>2026-08-21T07:19:49.000Z</time>
        <extensions>
          <ns3:TrackPointExtension>
            <ns3:cad>0</ns3:cad>
          </ns3:TrackPointExtension>
        </extensions>
      </trkpt>
      <trkpt lat="69.0473172627389430999755859375" lon="20.26416395790874958038330078125">
        <ele>686.4000244140625</ele>
        <time>2026-08-21T07:19:56.000Z</time>
        <extensions>
          <ns3:TrackPointExtension>
            <ns3:cad>0</ns3:cad>
          </ns3:TrackPointExtension>
        </extensions>
      </trkpt>
      <trkpt lat="69.04726822860538959503173828125" lon="20.26423520408570766448974609375">
        <ele>686.5999755859375</ele>
        <time>2026-08-21T07:20:02.000Z</time>
        <extensions>
          <ns3:TrackPointExtension>
            <ns3:cad>44</ns3:cad>
          </ns3:TrackPointExtension>
        </extensions>
      </trkpt>
      <trkpt lat="69.0472592599689960479736328125" lon="20.26424911804497241973876953125">
        <ele>686.5999755859375</ele>
        <time>2026-08-21T07:20:03.000Z</time>
        <extensions>
          <ns3:TrackPointExtension>
            <ns3:cad>44</ns3:cad>
          </ns3:TrackPointExtension>
        </extensions>
      </trkpt>
      <trkpt lat="69.04717837460339069366455078125" lon="20.264333523809909820556640625">
        <ele>687</ele>
        <time>2026-08-21T07:20:11.000Z</time>
        <extensions>
          <ns3:TrackPointExtension>
            <ns3:cad>44</ns3:cad>
          </ns3:TrackPointExtension>
        </extensions>
      </trkpt>
      <trkpt lat="69.047095812857151031494140625" lon="20.2644664607942104339599609375">
        <ele>687</ele>
        <time>2026-08-21T07:20:20.000Z</time>
        <extensions>
          <ns3:TrackPointExtension>
            <ns3:cad>0</ns3:cad>
          </ns3:TrackPointExtension>
        </extensions>
      </trkpt>
      <trkpt lat="69.04705616645514965057373046875" lon="20.264553464949131011962890625">
        <ele>687</ele>
        <time>2026-08-21T07:20:25.000Z</time>
        <extensions>
          <ns3:TrackPointExtension>
            <ns3:cad>0</ns3:cad>
          </ns3:TrackPointExtension>
        </extensions>
      </trkpt>
      <trkpt lat="69.04700838960707187652587890625" lon="20.26466536335647106170654296875">
        <ele>687</ele>
        <time>2026-08-21T07:20:30.000Z</time>
        <extensions>
          <ns3:TrackPointExtension>
            <ns3:cad>0</ns3:cad>
          </ns3:TrackPointExtension>
        </extensions>
      </trkpt>
      <trkpt lat="69.04696027748286724090576171875" lon="20.2647221088409423828125">
        <ele>686.79998779296875</ele>
        <time>2026-08-21T07:20:35.000Z</time>
        <extensions>
          <ns3:TrackPointExtension>
            <ns3:cad>47</ns3:cad>
          </ns3:TrackPointExtension>
        </extensions>
      </trkpt>
      <trkpt lat="69.0469122491776943206787109375" lon="20.2648200094699859619140625">
        <ele>686.5999755859375</ele>
        <time>2026-08-21T07:20:41.000Z</time>
        <extensions>
          <ns3:TrackPointExtension>
            <ns3:cad>52</ns3:cad>
          </ns3:TrackPointExtension>
        </extensions>
      </trkpt>
      <trkpt lat="69.046848379075527191162109375" lon="20.26492989622056484222412109375">
        <ele>686.20001220703125</ele>
        <time>2026-08-21T07:20:47.000Z</time>
        <extensions>
          <ns3:TrackPointExtension>
            <ns3:cad>0</ns3:cad>
          </ns3:TrackPointExtension>
        </extensions>
      </trkpt>
      <trkpt lat="69.04677604325115680694580078125" lon="20.26503852568566799163818359375">
        <ele>685.5999755859375</ele>
        <time>2026-08-21T07:20:54.000Z</time>
        <extensions>
          <ns3:TrackPointExtension>
            <ns3:cad>0</ns3:cad>
          </ns3:TrackPointExtension>
        </extensions>
      </trkpt>
      <trkpt lat="69.0467642247676849365234375" lon="20.26506367139518260955810546875">
        <ele>685.5999755859375</ele>
        <time>2026-08-21T07:20:55.000Z</time>
        <extensions>
          <ns3:TrackPointExtension>
            <ns3:cad>0</ns3:cad>
          </ns3:TrackPointExtension>
        </extensions>
      </trkpt>
      <trkpt lat="69.04672139324247837066650390625" lon="20.265148244798183441162109375">
        <ele>685</ele>
        <time>2026-08-21T07:21:01.000Z</time>
        <extensions>
          <ns3:TrackPointExtension>
            <ns3:cad>0</ns3:cad>
          </ns3:TrackPointExtension>
        </extensions>
      </trkpt>
      <trkpt lat="69.04668577015399932861328125" lon="20.2652359195053577423095703125">
        <ele>685</ele>
        <time>2026-08-21T07:21:07.000Z</time>
        <extensions>
          <ns3:TrackPointExtension>
            <ns3:cad>50</ns3:cad>
          </ns3:TrackPointExtension>
        </extensions>
      </trkpt>
      <trkpt lat="69.04665291309356689453125" lon="20.2653425373136997222900390625">
        <ele>685</ele>
        <time>2026-08-21T07:21:12.000Z</time>
        <extensions>
          <ns3:TrackPointExtension>
            <ns3:cad>50</ns3:cad>
          </ns3:TrackPointExtension>
        </extensions>
      </trkpt>
      <trkpt lat="69.04660371132194995880126953125" lon="20.2654642425477504730224609375">
        <ele>685</ele>
        <time>2026-08-21T07:21:18.000Z</time>
        <extensions>
          <ns3:TrackPointExtension>
            <ns3:cad>50</ns3:cad>
          </ns3:TrackPointExtension>
        </extensions>
      </trkpt>
      <trkpt lat="69.046549983322620391845703125" lon="20.26557178236544132232666015625">
        <ele>684.5999755859375</ele>
        <time>2026-08-21T07:21:24.000Z</time>
        <extensions>
          <ns3:TrackPointExtension>
            <ns3:cad>50</ns3:cad>
          </ns3:TrackPointExtension>
        </extensions>
      </trkpt>
      <trkpt lat="69.04654503799974918365478515625" lon="20.26558334939181804656982421875">
        <ele>684.5999755859375</ele>
        <time>2026-08-21T07:21:25.000Z</time>
        <extensions>
          <ns3:TrackPointExtension>
            <ns3:cad>51</ns3:cad>
          </ns3:TrackPointExtension>
        </extensions>
      </trkpt>
      <trkpt lat="69.04648418538272380828857421875" lon="20.2656436152756214141845703125">
        <ele>684.20001220703125</ele>
        <time>2026-08-21T07:21:30.000Z</time>
        <extensions>
          <ns3:TrackPointExtension>
            <ns3:cad>50</ns3:cad>
          </ns3:TrackPointExtension>
        </extensions>
      </trkpt>
      <trkpt lat="69.04643825255334377288818359375" lon="20.2657180465757846832275390625">
        <ele>684.4000244140625</ele>
        <time>2026-08-21T07:21:35.000Z</time>
        <extensions>
          <ns3:TrackPointExtension>
            <ns3:cad>51</ns3:cad>
          </ns3:TrackPointExtension>
        </extensions>
      </trkpt>
      <trkpt lat="69.0463882125914096832275390625" lon="20.26577093638479709625244140625">
        <ele>684.20001220703125</ele>
        <time>2026-08-21T07:21:40.000Z</time>
        <extensions>
          <ns3:TrackPointExtension>
            <ns3:cad>50</ns3:cad>
          </ns3:TrackPointExtension>
        </extensions>
      </trkpt>
      <trkpt lat="69.04634403996169567108154296875" lon="20.26585542596876621246337890625">
        <ele>683.79998779296875</ele>
        <time>2026-08-21T07:21:45.000Z</time>
        <extensions>
          <ns3:TrackPointExtension>
            <ns3:cad>50</ns3:cad>
          </ns3:TrackPointExtension>
        </extensions>
      </trkpt>
      <trkpt lat="69.0462722070515155792236328125" lon="20.2659141831099987030029296875">
        <ele>683.79998779296875</ele>
        <time>2026-08-21T07:21:51.000Z</time>
        <extensions>
          <ns3:TrackPointExtension>
            <ns3:cad>48</ns3:cad>
          </ns3:TrackPointExtension>
        </extensions>
      </trkpt>
      <trkpt lat="69.04622116126120090484619140625" lon="20.265797674655914306640625">
        <ele>683.5999755859375</ele>
        <time>2026-08-21T07:21:56.000Z</time>
        <extensions>
          <ns3:TrackPointExtension>
            <ns3:cad>47</ns3:cad>
          </ns3:TrackPointExtension>
        </extensions>
      </trkpt>
      <trkpt lat="69.0461518429219722747802734375" lon="20.26565912179648876190185546875">
        <ele>683.4000244140625</ele>
        <time>2026-08-21T07:22:03.000Z</time>
        <extensions>
          <ns3:TrackPointExtension>
            <ns3:cad>0</ns3:cad>
          </ns3:TrackPointExtension>
        </extensions>
      </trkpt>
      <trkpt lat="69.0461303852498531341552734375" lon="20.26559189893305301666259765625">
        <ele>683.20001220703125</ele>
        <time>2026-08-21T07:22:07.000Z</time>
        <extensions>
          <ns3:TrackPointExtension>
            <ns3:cad>0</ns3:cad>
          </ns3:TrackPointExtension>
        </extensions>
      </trkpt>
      <trkpt lat="69.04612896032631397247314453125" lon="20.26560061611235141754150390625">
        <ele>683</ele>
        <time>2026-08-21T07:22:11.000Z</time>
        <extensions>
          <ns3:TrackPointExtension>
            <ns3:cad>0</ns3:cad>
          </ns3:TrackPointExtension>
        </extensions>
      </trkpt>
      <trkpt lat="69.0461256913840770721435546875" lon="20.26559290476143360137939453125">
        <ele>683</ele>
        <time>2026-08-21T07:22:12.000Z</time>
        <extensions>
          <ns3:TrackPointExtension>
            <ns3:cad>0</ns3:cad>
          </ns3:TrackPointExtension>
        </extensions>
      </trkpt>
      <trkpt lat="69.0461213327944278717041015625" lon="20.26557513512670993804931640625">
        <ele>683</ele>
        <time>2026-08-21T07:22:13.000Z</time>
        <extensions>
          <ns3:TrackPointExtension>
            <ns3:cad>0</ns3:cad>
          </ns3:TrackPointExtension>
        </extensions>
      </trkpt>
      <trkpt lat="69.04612778685986995697021484375" lon="20.26550439186394214630126953125">
        <ele>683</ele>
        <time>2026-08-21T07:22:17.000Z</time>
        <extensions>
          <ns3:TrackPointExtension>
            <ns3:cad>0</ns3:cad>
          </ns3:TrackPointExtension>
        </extensions>
      </trkpt>
      <trkpt lat="69.0461481548845767974853515625" lon="20.2654548548161983489990234375">
        <ele>682.4000244140625</ele>
        <time>2026-08-21T07:22:22.000Z</time>
        <extensions>
          <ns3:TrackPointExtension>
            <ns3:cad>0</ns3:cad>
          </ns3:TrackPointExtension>
        </extensions>
      </trkpt>
      <trkpt lat="69.04613189399242401123046875" lon="20.26549391448497772216796875">
        <ele>682.20001220703125</ele>
        <time>2026-08-21T07:22:28.000Z</time>
        <extensions>
          <ns3:TrackPointExtension>
            <ns3:cad>0</ns3:cad>
          </ns3:TrackPointExtension>
        </extensions>
      </trkpt>
      <trkpt lat="69.04611571691930294036865234375" lon="20.2655343152582645416259765625">
        <ele>682.79998779296875</ele>
        <time>2026-08-21T07:22:34.000Z</time>
        <extensions>
          <ns3:TrackPointExtension>
            <ns3:cad>0</ns3:cad>
          </ns3:TrackPointExtension>
        </extensions>
      </trkpt>
      <trkpt lat="69.04610498808324337005615234375" lon="20.265679657459259033203125">
        <ele>683.4000244140625</ele>
        <time>2026-08-21T07:22:40.000Z</time>
        <extensions>
          <ns3:TrackPointExtension>
            <ns3:cad>0</ns3:cad>
          </ns3:TrackPointExtension>
        </extensions>
      </trkpt>
      <trkpt lat="69.04610213823616504669189453125" lon="20.265688039362430572509765625">
        <ele>683.5999755859375</ele>
        <time>2026-08-21T07:22:41.000Z</time>
        <extensions>
          <ns3:TrackPointExtension>
            <ns3:cad>0</ns3:cad>
          </ns3:TrackPointExtension>
        </extensions>
      </trkpt>
      <trkpt lat="69.04610238969326019287109375" lon="20.2657934837043285369873046875">
        <ele>683.79998779296875</ele>
        <time>2026-08-21T07:22:45.000Z</time>
        <extensions>
          <ns3:TrackPointExtension>
            <ns3:cad>45</ns3:cad>
          </ns3:TrackPointExtension>
        </extensions>
      </trkpt>
      <trkpt lat="69.04607984237372875213623046875" lon="20.26592449285089969635009765625">
        <ele>684.20001220703125</ele>
        <time>2026-08-21T07:22:50.000Z</time>
        <extensions>
          <ns3:TrackPointExtension>
            <ns3:cad>47</ns3:cad>
          </ns3:TrackPointExtension>
        </extensions>
      </trkpt>
      <trkpt lat="69.0460748970508575439453125" lon="20.2660174481570720672607421875">
        <ele>684.5999755859375</ele>
        <time>2026-08-21T07:22:54.000Z</time>
        <extensions>
          <ns3:TrackPointExtension>
            <ns3:cad>45</ns3:cad>
          </ns3:TrackPointExtension>
        </extensions>
      </trkpt>
      <trkpt lat="69.04607397504150867462158203125" lon="20.266036726534366607666015625">
        <ele>684.79998779296875</ele>
        <time>2026-08-21T07:22:55.000Z</time>
        <extensions>
          <ns3:TrackPointExtension>
            <ns3:cad>46</ns3:cad>
          </ns3:TrackPointExtension>
        </extensions>
      </trkpt>
      <trkpt lat="69.04606374911963939666748046875" lon="20.26615700684487819671630859375">
        <ele>685.4000244140625</ele>
        <time>2026-08-21T07:23:00.000Z</time>
        <extensions>
          <ns3:TrackPointExtension>
            <ns3:cad>46</ns3:cad>
          </ns3:TrackPointExtension>
        </extensions>
      </trkpt>
      <trkpt lat="69.0460549481213092803955078125" lon="20.266175530850887298583984375">
        <ele>685.79998779296875</ele>
        <time>2026-08-21T07:23:02.000Z</time>
        <extensions>
          <ns3:TrackPointExtension>
            <ns3:cad>46</ns3:cad>
          </ns3:TrackPointExtension>
        </extensions>
      </trkpt>
      <trkpt lat="69.04602938331663608551025390625" lon="20.26618332602083683013916015625">
        <ele>686.5999755859375</ele>
        <time>2026-08-21T07:23:07.000Z</time>
        <extensions>
          <ns3:TrackPointExtension>
            <ns3:cad>0</ns3:cad>
          </ns3:TrackPointExtension>
        </extensions>
      </trkpt>
      <trkpt lat="69.0460177324712276458740234375" lon="20.2662072144448757171630859375">
        <ele>686.79998779296875</ele>
        <time>2026-08-21T07:23:09.000Z</time>
        <extensions>
          <ns3:TrackPointExtension>
            <ns3:cad>0</ns3:cad>
          </ns3:TrackPointExtension>
        </extensions>
      </trkpt>
      <trkpt lat="69.045972637832164764404296875" lon="20.2662362158298492431640625">
        <ele>687.20001220703125</ele>
        <time>2026-08-21T07:23:14.000Z</time>
        <extensions>
          <ns3:TrackPointExtension>
            <ns3:cad>0</ns3:cad>
          </ns3:TrackPointExtension>
        </extensions>
      </trkpt>
      <trkpt lat="69.04590717516839504241943359375" lon="20.266275107860565185546875">
        <ele>687.4000244140625</ele>
        <time>2026-08-21T07:23:21.000Z</time>
        <extensions>
          <ns3:TrackPointExtension>
            <ns3:cad>0</ns3:cad>
          </ns3:TrackPointExtension>
        </extensions>
      </trkpt>
      <trkpt lat="69.0458430536091327667236328125" lon="20.2663497067987918853759765625">
        <ele>687.79998779296875</ele>
        <time>2026-08-21T07:23:28.000Z</time>
        <extensions>
          <ns3:TrackPointExtension>
            <ns3:cad>44</ns3:cad>
          </ns3:TrackPointExtension>
        </extensions>
      </trkpt>
      <trkpt lat="69.04583056457340717315673828125" lon="20.26636169292032718658447265625">
        <ele>687.79998779296875</ele>
        <time>2026-08-21T07:23:30.000Z</time>
        <extensions>
          <ns3:TrackPointExtension>
            <ns3:cad>0</ns3:cad>
          </ns3:TrackPointExtension>
        </extensions>
      </trkpt>
      <trkpt lat="69.0457954443991184234619140625" lon="20.26644065044820308685302734375">
        <ele>688.20001220703125</ele>
        <time>2026-08-21T07:23:35.000Z</time>
        <extensions>
          <ns3:TrackPointExtension>
            <ns3:cad>0</ns3:cad>
          </ns3:TrackPointExtension>
        </extensions>
      </trkpt>
      <trkpt lat="69.04576300643384456634521484375" lon="20.26655615307390689849853515625">
        <ele>688.5999755859375</ele>
        <time>2026-08-21T07:23:40.000Z</time>
        <extensions>
          <ns3:TrackPointExtension>
            <ns3:cad>0</ns3:cad>
          </ns3:TrackPointExtension>
        </extensions>
      </trkpt>
      <trkpt lat="69.0457127988338470458984375" lon="20.26675145141780376434326171875">
        <ele>688.4000244140625</ele>
        <time>2026-08-21T07:23:48.000Z</time>
        <extensions>
          <ns3:TrackPointExtension>
            <ns3:cad>0</ns3:cad>
          </ns3:TrackPointExtension>
        </extensions>
      </trkpt>
      <trkpt lat="69.0456677041947841644287109375" lon="20.2668428979814052581787109375">
        <ele>687.79998779296875</ele>
        <time>2026-08-21T07:23:54.000Z</time>
        <extensions>
          <ns3:TrackPointExtension>
            <ns3:cad>49</ns3:cad>
          </ns3:TrackPointExtension>
        </extensions>
      </trkpt>
      <trkpt lat="69.04559888876974582672119140625" lon="20.26700911112129688262939453125">
        <ele>687.5999755859375</ele>
        <time>2026-08-21T07:24:02.000Z</time>
        <extensions>
          <ns3:TrackPointExtension>
            <ns3:cad>0</ns3:cad>
          </ns3:TrackPointExtension>
        </extensions>
      </trkpt>
      <trkpt lat="69.04557072557508945465087890625" lon="20.2670542895793914794921875">
        <ele>688.20001220703125</ele>
        <time>2026-08-21T07:24:07.000Z</time>
        <extensions>
          <ns3:TrackPointExtension>
            <ns3:cad>0</ns3:cad>
          </ns3:TrackPointExtension>
        </extensions>
      </trkpt>
      <trkpt lat="69.04553133063018321990966796875" lon="20.267119668424129486083984375">
        <ele>688.5999755859375</ele>
        <time>2026-08-21T07:24:13.000Z</time>
        <extensions>
          <ns3:TrackPointExtension>
            <ns3:cad>0</ns3:cad>
          </ns3:TrackPointExtension>
        </extensions>
      </trkpt>
      <trkpt lat="69.04551691375672817230224609375" lon="20.2671535313129425048828125">
        <ele>688.79998779296875</ele>
        <time>2026-08-21T07:24:15.000Z</time>
        <extensions>
          <ns3:TrackPointExtension>
            <ns3:cad>0</ns3:cad>
          </ns3:TrackPointExtension>
        </extensions>
      </trkpt>
      <trkpt lat="69.045467041432857513427734375" lon="20.26725201867520809173583984375">
        <ele>689.20001220703125</ele>
        <time>2026-08-21T07:24:21.000Z</time>
        <extensions>
          <ns3:TrackPointExtension>
            <ns3:cad>0</ns3:cad>
          </ns3:TrackPointExtension>
        </extensions>
      </trkpt>
      <trkpt lat="69.0454041771590709686279296875" lon="20.26733164675533771514892578125">
        <ele>689.20001220703125</ele>
        <time>2026-08-21T07:24:27.000Z</time>
        <extensions>
          <ns3:TrackPointExtension>
            <ns3:cad>0</ns3:cad>
          </ns3:TrackPointExtension>
        </extensions>
      </trkpt>
      <trkpt lat="69.04536302201449871063232421875" lon="20.26741798035800457000732421875">
        <ele>689.20001220703125</ele>
        <time>2026-08-21T07:24:33.000Z</time>
        <extensions>
          <ns3:TrackPointExtension>
            <ns3:cad>0</ns3:cad>
          </ns3:TrackPointExtension>
        </extensions>
      </trkpt>
      <trkpt lat="69.04531641863286495208740234375" lon="20.267514623701572418212890625">
        <ele>689.5999755859375</ele>
        <time>2026-08-21T07:24:40.000Z</time>
        <extensions>
          <ns3:TrackPointExtension>
            <ns3:cad>46</ns3:cad>
          </ns3:TrackPointExtension>
        </extensions>
      </trkpt>
      <trkpt lat="69.04526830650866031646728515625" lon="20.26764747686684131622314453125">
        <ele>689.5999755859375</ele>
        <time>2026-08-21T07:24:46.000Z</time>
        <extensions>
          <ns3:TrackPointExtension>
            <ns3:cad>65</ns3:cad>
          </ns3:TrackPointExtension>
        </extensions>
      </trkpt>
      <trkpt lat="69.04521332122385501861572265625" lon="20.26782500557601451873779296875">
        <ele>689.79998779296875</ele>
        <time>2026-08-21T07:24:53.000Z</time>
        <extensions>
          <ns3:TrackPointExtension>
            <ns3:cad>0</ns3:cad>
          </ns3:TrackPointExtension>
        </extensions>
      </trkpt>
      <trkpt lat="69.045184068381786346435546875" lon="20.2679744549095630645751953125">
        <ele>689.5999755859375</ele>
        <time>2026-08-21T07:25:00.000Z</time>
        <extensions>
          <ns3:TrackPointExtension>
            <ns3:cad>48</ns3:cad>
          </ns3:TrackPointExtension>
        </extensions>
      </trkpt>
      <trkpt lat="69.04513545334339141845703125" lon="20.2681481279432773590087890625">
        <ele>689.20001220703125</ele>
        <time>2026-08-21T07:25:08.000Z</time>
        <extensions>
          <ns3:TrackPointExtension>
            <ns3:cad>47</ns3:cad>
          </ns3:TrackPointExtension>
        </extensions>
      </trkpt>
      <trkpt lat="69.04509027488529682159423828125" lon="20.2682966552674770355224609375">
        <ele>689</ele>
        <time>2026-08-21T07:25:15.000Z</time>
        <extensions>
          <ns3:TrackPointExtension>
            <ns3:cad>46</ns3:cad>
          </ns3:TrackPointExtension>
        </extensions>
      </trkpt>
      <trkpt lat="69.0450450964272022247314453125" lon="20.26846974156796932220458984375">
        <ele>688.20001220703125</ele>
        <time>2026-08-21T07:25:23.000Z</time>
        <extensions>
          <ns3:TrackPointExtension>
            <ns3:cad>46</ns3:cad>
          </ns3:TrackPointExtension>
        </extensions>
      </trkpt>
      <trkpt lat="69.0449948050081729888916015625" lon="20.2685715816915035247802734375">
        <ele>687.79998779296875</ele>
        <time>2026-08-21T07:25:30.000Z</time>
        <extensions>
          <ns3:TrackPointExtension>
            <ns3:cad>0</ns3:cad>
          </ns3:TrackPointExtension>
        </extensions>
      </trkpt>
      <trkpt lat="69.0449341200292110443115234375" lon="20.2686493657529354095458984375">
        <ele>686.79998779296875</ele>
        <time>2026-08-21T07:25:37.000Z</time>
        <extensions>
          <ns3:TrackPointExtension>
            <ns3:cad>0</ns3:cad>
          </ns3:TrackPointExtension>
        </extensions>
      </trkpt>
      <trkpt lat="69.04492950998246669769287109375" lon="20.2686480246484279632568359375">
        <ele>686.5999755859375</ele>
        <time>2026-08-21T07:25:38.000Z</time>
        <extensions>
          <ns3:TrackPointExtension>
            <ns3:cad>0</ns3:cad>
          </ns3:TrackPointExtension>
        </extensions>
      </trkpt>
      <trkpt lat="69.04489665292203426361083984375" lon="20.2687207795679569244384765625">
        <ele>685.79998779296875</ele>
        <time>2026-08-21T07:25:45.000Z</time>
        <extensions>
          <ns3:TrackPointExtension>
            <ns3:cad>0</ns3:cad>
          </ns3:TrackPointExtension>
        </extensions>
      </trkpt>
      <trkpt lat="69.04486455023288726806640625" lon="20.26882815174758434295654296875">
        <ele>685.20001220703125</ele>
        <time>2026-08-21T07:25:52.000Z</time>
        <extensions>
          <ns3:TrackPointExtension>
            <ns3:cad>0</ns3:cad>
          </ns3:TrackPointExtension>
        </extensions>
      </trkpt>
      <trkpt lat="69.04485977254807949066162109375" lon="20.26888363994657993316650390625">
        <ele>684.79998779296875</ele>
        <time>2026-08-21T07:25:55.000Z</time>
        <extensions>
          <ns3:TrackPointExtension>
            <ns3:cad>0</ns3:cad>
          </ns3:TrackPointExtension>
        </extensions>
      </trkpt>
      <trkpt lat="69.04484468512237071990966796875" lon="20.2689962089061737060546875">
        <ele>684.79998779296875</ele>
        <time>2026-08-21T07:25:59.000Z</time>
        <extensions>
          <ns3:TrackPointExtension>
            <ns3:cad>0</ns3:cad>
          </ns3:TrackPointExtension>
        </extensions>
      </trkpt>
      <trkpt lat="69.04484217055141925811767578125" lon="20.269000232219696044921875">
        <ele>684.79998779296875</ele>
        <time>2026-08-21T07:26:03.000Z</time>
        <extensions>
          <ns3:TrackPointExtension>
            <ns3:cad>0</ns3:cad>
          </ns3:TrackPointExtension>
        </extensions>
      </trkpt>
      <trkpt lat="69.04484753496944904327392578125" lon="20.2689625136554241180419921875">
        <ele>684.79998779296875</ele>
        <time>2026-08-21T07:26:12.000Z</time>
        <extensions>
          <ns3:TrackPointExtension>
            <ns3:cad>0</ns3:cad>
          </ns3:TrackPointExtension>
        </extensions>
      </trkpt>
      <trkpt lat="69.0448355488479137420654296875" lon="20.26906468905508518218994140625">
        <ele>685</ele>
        <time>2026-08-21T07:26:19.000Z</time>
        <extensions>
          <ns3:TrackPointExtension>
            <ns3:cad>0</ns3:cad>
          </ns3:TrackPointExtension>
        </extensions>
      </trkpt>
      <trkpt lat="69.04479841701686382293701171875" lon="20.26926484890282154083251953125">
        <ele>684.79998779296875</ele>
        <time>2026-08-21T07:26:28.000Z</time>
        <extensions>
          <ns3:TrackPointExtension>
            <ns3:cad>44</ns3:cad>
          </ns3:TrackPointExtension>
        </extensions>
      </trkpt>
      <trkpt lat="69.04476723633706569671630859375" lon="20.2693373523652553558349609375">
        <ele>685.20001220703125</ele>
        <time>2026-08-21T07:26:35.000Z</time>
        <extensions>
          <ns3:TrackPointExtension>
            <ns3:cad>43</ns3:cad>
          </ns3:TrackPointExtension>
        </extensions>
      </trkpt>
      <trkpt lat="69.04471476562321186065673828125" lon="20.26946903206408023834228515625">
        <ele>685</ele>
        <time>2026-08-21T07:26:42.000Z</time>
        <extensions>
          <ns3:TrackPointExtension>
            <ns3:cad>46</ns3:cad>
          </ns3:TrackPointExtension>
        </extensions>
      </trkpt>
      <trkpt lat="69.04468324966728687286376953125" lon="20.2695847861468791961669921875">
        <ele>684.79998779296875</ele>
        <time>2026-08-21T07:26:48.000Z</time>
        <extensions>
          <ns3:TrackPointExtension>
            <ns3:cad>0</ns3:cad>
          </ns3:TrackPointExtension>
        </extensions>
      </trkpt>
      <trkpt lat="69.0446506440639495849609375" lon="20.26965913362801074981689453125">
        <ele>685.4000244140625</ele>
        <time>2026-08-21T07:26:53.000Z</time>
        <extensions>
          <ns3:TrackPointExtension>
            <ns3:cad>0</ns3:cad>
          </ns3:TrackPointExtension>
        </extensions>
      </trkpt>
      <trkpt lat="69.04462122358381748199462890625" lon="20.26973792351782321929931640625">
        <ele>685.79998779296875</ele>
        <time>2026-08-21T07:26:57.000Z</time>
        <extensions>
          <ns3:TrackPointExtension>
            <ns3:cad>45</ns3:cad>
          </ns3:TrackPointExtension>
        </extensions>
      </trkpt>
      <trkpt lat="69.0445907972753047943115234375" lon="20.26981235481798648834228515625">
        <ele>685.79998779296875</ele>
        <time>2026-08-21T07:27:00.000Z</time>
        <extensions>
          <ns3:TrackPointExtension>
            <ns3:cad>40</ns3:cad>
          </ns3:TrackPointExtension>
        </extensions>
      </trkpt>
      <trkpt lat="69.04452114365994930267333984375" lon="20.270002372562885284423828125">
        <ele>685.4000244140625</ele>
        <time>2026-08-21T07:27:07.000Z</time>
        <extensions>
          <ns3:TrackPointExtension>
            <ns3:cad>0</ns3:cad>
          </ns3:TrackPointExtension>
        </extensions>
      </trkpt>
      <trkpt lat="69.0444882027804851531982421875" lon="20.27004403062164783477783203125">
        <ele>685.79998779296875</ele>
        <time>2026-08-21T07:27:12.000Z</time>
        <extensions>
          <ns3:TrackPointExtension>
            <ns3:cad>47</ns3:cad>
          </ns3:TrackPointExtension>
        </extensions>
      </trkpt>
      <trkpt lat="69.04443413950502872467041015625" lon="20.270148552954196929931640625">
        <ele>686.20001220703125</ele>
        <time>2026-08-21T07:27:18.000Z</time>
        <extensions>
          <ns3:TrackPointExtension>
            <ns3:cad>0</ns3:cad>
          </ns3:TrackPointExtension>
        </extensions>
      </trkpt>
      <trkpt lat="69.04438870958983898162841796875" lon="20.2702804841101169586181640625">
        <ele>686.5999755859375</ele>
        <time>2026-08-21T07:27:24.000Z</time>
        <extensions>
          <ns3:TrackPointExtension>
            <ns3:cad>0</ns3:cad>
          </ns3:TrackPointExtension>
        </extensions>
      </trkpt>
      <trkpt lat="69.04435384087264537811279296875" lon="20.27045927010476589202880859375">
        <ele>686.20001220703125</ele>
        <time>2026-08-21T07:27:30.000Z</time>
        <extensions>
          <ns3:TrackPointExtension>
            <ns3:cad>0</ns3:cad>
          </ns3:TrackPointExtension>
        </extensions>
      </trkpt>
      <trkpt lat="69.0443180501461029052734375" lon="20.270625315606594085693359375">
        <ele>686.20001220703125</ele>
        <time>2026-08-21T07:27:37.000Z</time>
        <extensions>
          <ns3:TrackPointExtension>
            <ns3:cad>46</ns3:cad>
          </ns3:TrackPointExtension>
        </extensions>
      </trkpt>
      <trkpt lat="69.04426365159451961517333984375" lon="20.27076520957052707672119140625">
        <ele>686</ele>
        <time>2026-08-21T07:27:43.000Z</time>
        <extensions>
          <ns3:TrackPointExtension>
            <ns3:cad>46</ns3:cad>
          </ns3:TrackPointExtension>
        </extensions>
      </trkpt>
      <trkpt lat="69.04422978870570659637451171875" lon="20.2708400599658489227294921875">
        <ele>686.20001220703125</ele>
        <time>2026-08-21T07:27:49.000Z</time>
        <extensions>
          <ns3:TrackPointExtension>
            <ns3:cad>0</ns3:cad>
          </ns3:TrackPointExtension>
        </extensions>
      </trkpt>
      <trkpt lat="69.04422618448734283447265625" lon="20.270815081894397735595703125">
        <ele>686.20001220703125</ele>
        <time>2026-08-21T07:27:54.000Z</time>
        <extensions>
          <ns3:TrackPointExtension>
            <ns3:cad>0</ns3:cad>
          </ns3:TrackPointExtension>
        </extensions>
      </trkpt>
      <trkpt lat="69.0442121028900146484375" lon="20.2708591707050800323486328125">
        <ele>686.20001220703125</ele>
        <time>2026-08-21T07:28:01.000Z</time>
        <extensions>
          <ns3:TrackPointExtension>
            <ns3:cad>0</ns3:cad>
          </ns3:TrackPointExtension>
        </extensions>
      </trkpt>
      <trkpt lat="69.04415921308100223541259765625" lon="20.2710087038576602935791015625">
        <ele>686</ele>
        <time>2026-08-21T07:28:09.000Z</time>
        <extensions>
          <ns3:TrackPointExtension>
            <ns3:cad>0</ns3:cad>
          </ns3:TrackPointExtension>
        </extensions>
      </trkpt>
      <trkpt lat="69.04411730356514453887939453125" lon="20.2711401320993900299072265625">
        <ele>686.5999755859375</ele>
        <time>2026-08-21T07:28:16.000Z</time>
        <extensions>
          <ns3:TrackPointExtension>
            <ns3:cad>0</ns3:cad>
          </ns3:TrackPointExtension>
        </extensions>
      </trkpt>
      <trkpt lat="69.044115208089351654052734375" lon="20.27113904245197772979736328125">
        <ele>686.79998779296875</ele>
        <time>2026-08-21T07:28:17.000Z</time>
        <extensions>
          <ns3:TrackPointExtension>
            <ns3:cad>0</ns3:cad>
          </ns3:TrackPointExtension>
        </extensions>
      </trkpt>
      <trkpt lat="69.04407539404928684234619140625" lon="20.2711904235184192657470703125">
        <ele>687.4000244140625</ele>
        <time>2026-08-21T07:28:22.000Z</time>
        <extensions>
          <ns3:TrackPointExtension>
            <ns3:cad>0</ns3:cad>
          </ns3:TrackPointExtension>
        </extensions>
      </trkpt>
      <trkpt lat="69.04402996413409709930419921875" lon="20.27123342268168926239013671875">
        <ele>688</ele>
        <time>2026-08-21T07:28:27.000Z</time>
        <extensions>
          <ns3:TrackPointExtension>
            <ns3:cad>43</ns3:cad>
          </ns3:TrackPointExtension>
        </extensions>
      </trkpt>
      <trkpt lat="69.0439728833734989166259765625" lon="20.27130265720188617706298828125">
        <ele>688.5999755859375</ele>
        <time>2026-08-21T07:28:33.000Z</time>
        <extensions>
          <ns3:TrackPointExtension>
            <ns3:cad>44</ns3:cad>
          </ns3:TrackPointExtension>
        </extensions>
      </trkpt>
      <trkpt lat="69.04394924640655517578125" lon="20.27132503688335418701171875">
        <ele>689</ele>
        <time>2026-08-21T07:28:36.000Z</time>
        <extensions>
          <ns3:TrackPointExtension>
            <ns3:cad>42</ns3:cad>
          </ns3:TrackPointExtension>
        </extensions>
      </trkpt>
      <trkpt lat="69.04390943236649036407470703125" lon="20.27137088589370250701904296875">
        <ele>689.20001220703125</ele>
        <time>2026-08-21T07:28:40.000Z</time>
        <extensions>
          <ns3:TrackPointExtension>
            <ns3:cad>0</ns3:cad>
          </ns3:TrackPointExtension>
        </extensions>
      </trkpt>
      <trkpt lat="69.0438555367290973663330078125" lon="20.271462835371494293212890625">
        <ele>689.4000244140625</ele>
        <time>2026-08-21T07:28:46.000Z</time>
        <extensions>
          <ns3:TrackPointExtension>
            <ns3:cad>0</ns3:cad>
          </ns3:TrackPointExtension>
        </extensions>
      </trkpt>
      <trkpt lat="69.043800719082355499267578125" lon="20.2715568803250789642333984375">
        <ele>689.4000244140625</ele>
        <time>2026-08-21T07:28:53.000Z</time>
        <extensions>
          <ns3:TrackPointExtension>
            <ns3:cad>0</ns3:cad>
          </ns3:TrackPointExtension>
        </extensions>
      </trkpt>
      <trkpt lat="69.0437251143157482147216796875" lon="20.27160189114511013031005859375">
        <ele>688.79998779296875</ele>
        <time>2026-08-21T07:29:00.000Z</time>
        <extensions>
          <ns3:TrackPointExtension>
            <ns3:cad>0</ns3:cad>
          </ns3:TrackPointExtension>
        </extensions>
      </trkpt>
      <trkpt lat="69.04367096722126007080078125" lon="20.271662659943103790283203125">
        <ele>689</ele>
        <time>2026-08-21T07:29:05.000Z</time>
        <extensions>
          <ns3:TrackPointExtension>
            <ns3:cad>0</ns3:cad>
          </ns3:TrackPointExtension>
        </extensions>
      </trkpt>
      <trkpt lat="69.04363282956182956695556640625" lon="20.2716474048793315887451171875">
        <ele>689.4000244140625</ele>
        <time>2026-08-21T07:29:09.000Z</time>
        <extensions>
          <ns3:TrackPointExtension>
            <ns3:cad>0</ns3:cad>
          </ns3:TrackPointExtension>
        </extensions>
      </trkpt>
      <trkpt lat="69.04356761835515499114990234375" lon="20.27166970074176788330078125">
        <ele>689.20001220703125</ele>
        <time>2026-08-21T07:29:15.000Z</time>
        <extensions>
          <ns3:TrackPointExtension>
            <ns3:cad>0</ns3:cad>
          </ns3:TrackPointExtension>
        </extensions>
      </trkpt>
      <trkpt lat="69.04351003468036651611328125" lon="20.2717000432312488555908203125">
        <ele>689.5999755859375</ele>
        <time>2026-08-21T07:29:23.000Z</time>
        <extensions>
          <ns3:TrackPointExtension>
            <ns3:cad>0</ns3:cad>
          </ns3:TrackPointExtension>
        </extensions>
      </trkpt>
      <trkpt lat="69.04348363168537616729736328125" lon="20.271731726825237274169921875">
        <ele>690</ele>
        <time>2026-08-21T07:29:26.000Z</time>
        <extensions>
          <ns3:TrackPointExtension>
            <ns3:cad>0</ns3:cad>
          </ns3:TrackPointExtension>
        </extensions>
      </trkpt>
      <trkpt lat="69.04346670024096965789794921875" lon="20.27176232077181339263916015625">
        <ele>690.20001220703125</ele>
        <time>2026-08-21T07:29:29.000Z</time>
        <extensions>
          <ns3:TrackPointExtension>
            <ns3:cad>0</ns3:cad>
          </ns3:TrackPointExtension>
        </extensions>
      </trkpt>
      <trkpt lat="69.04343602247536182403564453125" lon="20.27183893136680126190185546875">
        <ele>690.20001220703125</ele>
        <time>2026-08-21T07:29:34.000Z</time>
        <extensions>
          <ns3:TrackPointExtension>
            <ns3:cad>0</ns3:cad>
          </ns3:TrackPointExtension>
        </extensions>
      </trkpt>
      <trkpt lat="69.04343233443796634674072265625" lon="20.27180171571671962738037109375">
        <ele>690.20001220703125</ele>
        <time>2026-08-21T07:29:36.000Z</time>
        <extensions>
          <ns3:TrackPointExtension>
            <ns3:cad>0</ns3:cad>
          </ns3:TrackPointExtension>
        </extensions>
      </trkpt>
      <trkpt lat="69.04344071634113788604736328125" lon="20.27179266326129436492919921875">
        <ele>690.4000244140625</ele>
        <time>2026-08-21T07:29:39.000Z</time>
        <extensions>
          <ns3:TrackPointExtension>
            <ns3:cad>0</ns3:cad>
          </ns3:TrackPointExtension>
        </extensions>
      </trkpt>
      <trkpt lat="69.04344038106501102447509765625" lon="20.27179366908967494964599609375">
        <ele>690.20001220703125</ele>
        <time>2026-08-21T07:29:43.000Z</time>
        <extensions>
          <ns3:TrackPointExtension>
            <ns3:cad>0</ns3:cad>
          </ns3:TrackPointExtension>
        </extensions>
      </trkpt>
      <trkpt lat="69.04344088397920131683349609375" lon="20.27181110344827175140380859375">
        <ele>690.20001220703125</ele>
        <time>2026-08-21T07:29:51.000Z</time>
        <extensions>
          <ns3:TrackPointExtension>
            <ns3:cad>0</ns3:cad>
          </ns3:TrackPointExtension>
        </extensions>
      </trkpt>
      <trkpt lat="69.04341305606067180633544921875" lon="20.2719394303858280181884765625">
        <ele>690.20001220703125</ele>
        <time>2026-08-21T07:29:57.000Z</time>
        <extensions>
          <ns3:TrackPointExtension>
            <ns3:cad>0</ns3:cad>
          </ns3:TrackPointExtension>
        </extensions>
      </trkpt>
      <trkpt lat="69.04340065084397792816162109375" lon="20.27202534489333629608154296875">
        <ele>690.20001220703125</ele>
        <time>2026-08-21T07:30:02.000Z</time>
        <extensions>
          <ns3:TrackPointExtension>
            <ns3:cad>0</ns3:cad>
          </ns3:TrackPointExtension>
        </extensions>
      </trkpt>
      <trkpt lat="69.043376259505748748779296875" lon="20.2721928991377353668212890625">
        <ele>689.5999755859375</ele>
        <time>2026-08-21T07:30:09.000Z</time>
        <extensions>
          <ns3:TrackPointExtension>
            <ns3:cad>46</ns3:cad>
          </ns3:TrackPointExtension>
        </extensions>
      </trkpt>
      <trkpt lat="69.04336385428905487060546875" lon="20.272267162799835205078125">
        <ele>689</ele>
        <time>2026-08-21T07:30:13.000Z</time>
        <extensions>
          <ns3:TrackPointExtension>
            <ns3:cad>0</ns3:cad>
          </ns3:TrackPointExtension>
        </extensions>
      </trkpt>
      <trkpt lat="69.04335069470107555389404296875" lon="20.2723420970141887664794921875">
        <ele>688.4000244140625</ele>
        <time>2026-08-21T07:30:17.000Z</time>
        <extensions>
          <ns3:TrackPointExtension>
            <ns3:cad>0</ns3:cad>
          </ns3:TrackPointExtension>
        </extensions>
      </trkpt>
      <trkpt lat="69.04335522092878818511962890625" lon="20.2724272571504116058349609375">
        <ele>688</ele>
        <time>2026-08-21T07:30:21.000Z</time>
        <extensions>
          <ns3:TrackPointExtension>
            <ns3:cad>0</ns3:cad>
          </ns3:TrackPointExtension>
        </extensions>
      </trkpt>
      <trkpt lat="69.043344743549823760986328125" lon="20.27247008867561817169189453125">
        <ele>687.4000244140625</ele>
        <time>2026-08-21T07:30:24.000Z</time>
        <extensions>
          <ns3:TrackPointExtension>
            <ns3:cad>0</ns3:cad>
          </ns3:TrackPointExtension>
        </extensions>
      </trkpt>
      <trkpt lat="69.043334014713764190673828125" lon="20.2725278399884700775146484375">
        <ele>686.79998779296875</ele>
        <time>2026-08-21T07:30:27.000Z</time>
        <extensions>
          <ns3:TrackPointExtension>
            <ns3:cad>0</ns3:cad>
          </ns3:TrackPointExtension>
        </extensions>
      </trkpt>
      <trkpt lat="69.04332454316318035125732421875" lon="20.272645689547061920166015625">
        <ele>686.20001220703125</ele>
        <time>2026-08-21T07:30:31.000Z</time>
        <extensions>
          <ns3:TrackPointExtension>
            <ns3:cad>0</ns3:cad>
          </ns3:TrackPointExtension>
        </extensions>
      </trkpt>
      <trkpt lat="69.0433120541274547576904296875" lon="20.272712409496307373046875">
        <ele>685.79998779296875</ele>
        <time>2026-08-21T07:30:34.000Z</time>
        <extensions>
          <ns3:TrackPointExtension>
            <ns3:cad>0</ns3:cad>
          </ns3:TrackPointExtension>
        </extensions>
      </trkpt>
      <trkpt lat="69.04328850097954273223876953125" lon="20.272784493863582611083984375">
        <ele>685.5999755859375</ele>
        <time>2026-08-21T07:30:37.000Z</time>
        <extensions>
          <ns3:TrackPointExtension>
            <ns3:cad>0</ns3:cad>
          </ns3:TrackPointExtension>
        </extensions>
      </trkpt>
      <trkpt lat="69.043270982801914215087890625" lon="20.2728792093694210052490234375">
        <ele>685.5999755859375</ele>
        <time>2026-08-21T07:30:42.000Z</time>
        <extensions>
          <ns3:TrackPointExtension>
            <ns3:cad>0</ns3:cad>
          </ns3:TrackPointExtension>
        </extensions>
      </trkpt>
      <trkpt lat="69.04323779046535491943359375" lon="20.27294115163385868072509765625">
        <ele>686.20001220703125</ele>
        <time>2026-08-21T07:30:47.000Z</time>
        <extensions>
          <ns3:TrackPointExtension>
            <ns3:cad>0</ns3:cad>
          </ns3:TrackPointExtension>
        </extensions>
      </trkpt>
      <trkpt lat="69.04322010464966297149658203125" lon="20.2729586698114871978759765625">
        <ele>687</ele>
        <time>2026-08-21T07:30:51.000Z</time>
        <extensions>
          <ns3:TrackPointExtension>
            <ns3:cad>0</ns3:cad>
          </ns3:TrackPointExtension>
        </extensions>
      </trkpt>
      <trkpt lat="69.04321230947971343994140625" lon="20.27296361513435840606689453125">
        <ele>687</ele>
        <time>2026-08-21T07:30:52.000Z</time>
        <extensions>
          <ns3:TrackPointExtension>
            <ns3:cad>0</ns3:cad>
          </ns3:TrackPointExtension>
        </extensions>
      </trkpt>
      <trkpt lat="69.0431923605501651763916015625" lon="20.27302312664687633514404296875">
        <ele>688</ele>
        <time>2026-08-21T07:30:57.000Z</time>
        <extensions>
          <ns3:TrackPointExtension>
            <ns3:cad>0</ns3:cad>
          </ns3:TrackPointExtension>
        </extensions>
      </trkpt>
      <trkpt lat="69.04315539635717868804931640625" lon="20.27306973002851009368896484375">
        <ele>689</ele>
        <time>2026-08-21T07:31:03.000Z</time>
        <extensions>
          <ns3:TrackPointExtension>
            <ns3:cad>0</ns3:cad>
          </ns3:TrackPointExtension>
        </extensions>
      </trkpt>
      <trkpt lat="69.043149612843990325927734375" lon="20.273075513541698455810546875">
        <ele>689.20001220703125</ele>
        <time>2026-08-21T07:31:04.000Z</time>
        <extensions>
          <ns3:TrackPointExtension>
            <ns3:cad>0</ns3:cad>
          </ns3:TrackPointExtension>
        </extensions>
      </trkpt>
      <trkpt lat="69.04314123094081878662109375" lon="20.27310996316373348236083984375">
        <ele>690</ele>
        <time>2026-08-21T07:31:08.000Z</time>
        <extensions>
          <ns3:TrackPointExtension>
            <ns3:cad>0</ns3:cad>
          </ns3:TrackPointExtension>
        </extensions>
      </trkpt>
      <trkpt lat="69.0431353636085987091064453125" lon="20.27311918325722217559814453125">
        <ele>690.20001220703125</ele>
        <time>2026-08-21T07:31:09.000Z</time>
        <extensions>
          <ns3:TrackPointExtension>
            <ns3:cad>0</ns3:cad>
          </ns3:TrackPointExtension>
        </extensions>
      </trkpt>
      <trkpt lat="69.04309965670108795166015625" lon="20.2731804549694061279296875">
        <ele>691</ele>
        <time>2026-08-21T07:31:15.000Z</time>
        <extensions>
          <ns3:TrackPointExtension>
            <ns3:cad>0</ns3:cad>
          </ns3:TrackPointExtension>
        </extensions>
      </trkpt>
      <trkpt lat="69.043072499334812164306640625" lon="20.27322135865688323974609375">
        <ele>691.20001220703125</ele>
        <time>2026-08-21T07:31:19.000Z</time>
        <extensions>
          <ns3:TrackPointExtension>
            <ns3:cad>74</ns3:cad>
          </ns3:TrackPointExtension>
        </extensions>
      </trkpt>
      <trkpt lat="69.0430508740246295928955078125" lon="20.2732808701694011688232421875">
        <ele>691.20001220703125</ele>
        <time>2026-08-21T07:31:22.000Z</time>
        <extensions>
          <ns3:TrackPointExtension>
            <ns3:cad>0</ns3:cad>
          </ns3:TrackPointExtension>
        </extensions>
      </trkpt>
      <trkpt lat="69.0429828129708766937255859375" lon="20.27340953238308429718017578125">
        <ele>691.4000244140625</ele>
        <time>2026-08-21T07:31:30.000Z</time>
        <extensions>
          <ns3:TrackPointExtension>
            <ns3:cad>0</ns3:cad>
          </ns3:TrackPointExtension>
        </extensions>
      </trkpt>
      <trkpt lat="69.04293009079992771148681640625" lon="20.2734513580799102783203125">
        <ele>691.4000244140625</ele>
        <time>2026-08-21T07:31:35.000Z</time>
        <extensions>
          <ns3:TrackPointExtension>
            <ns3:cad>47</ns3:cad>
          </ns3:TrackPointExtension>
        </extensions>
      </trkpt>
      <trkpt lat="69.04287493787705898284912109375" lon="20.27349553070962429046630859375">
        <ele>691.4000244140625</ele>
        <time>2026-08-21T07:31:40.000Z</time>
        <extensions>
          <ns3:TrackPointExtension>
            <ns3:cad>47</ns3:cad>
          </ns3:TrackPointExtension>
        </extensions>
      </trkpt>
      <trkpt lat="69.04282070696353912353515625" lon="20.2735816128551959991455078125">
        <ele>691.4000244140625</ele>
        <time>2026-08-21T07:31:46.000Z</time>
        <extensions>
          <ns3:TrackPointExtension>
            <ns3:cad>47</ns3:cad>
          </ns3:TrackPointExtension>
        </extensions>
      </trkpt>
      <trkpt lat="69.04277636669576168060302734375" lon="20.2736298926174640655517578125">
        <ele>691.20001220703125</ele>
        <time>2026-08-21T07:31:51.000Z</time>
        <extensions>
          <ns3:TrackPointExtension>
            <ns3:cad>44</ns3:cad>
          </ns3:TrackPointExtension>
        </extensions>
      </trkpt>
      <trkpt lat="69.04276169836521148681640625" lon="20.27363416738808155059814453125">
        <ele>691.20001220703125</ele>
        <time>2026-08-21T07:31:56.000Z</time>
        <extensions>
          <ns3:TrackPointExtension>
            <ns3:cad>0</ns3:cad>
          </ns3:TrackPointExtension>
        </extensions>
      </trkpt>
      <trkpt lat="69.04271132312715053558349609375" lon="20.27370809577405452728271484375">
        <ele>691.4000244140625</ele>
        <time>2026-08-21T07:32:01.000Z</time>
        <extensions>
          <ns3:TrackPointExtension>
            <ns3:cad>0</ns3:cad>
          </ns3:TrackPointExtension>
        </extensions>
      </trkpt>
      <trkpt lat="69.042661450803279876708984375" lon="20.27381806634366512298583984375">
        <ele>691.4000244140625</ele>
        <time>2026-08-21T07:32:07.000Z</time>
        <extensions>
          <ns3:TrackPointExtension>
            <ns3:cad>47</ns3:cad>
          </ns3:TrackPointExtension>
        </extensions>
      </trkpt>
      <trkpt lat="69.04262046329677104949951171875" lon="20.27388344518840312957763671875">
        <ele>691.4000244140625</ele>
        <time>2026-08-21T07:32:12.000Z</time>
        <extensions>
          <ns3:TrackPointExtension>
            <ns3:cad>46</ns3:cad>
          </ns3:TrackPointExtension>
        </extensions>
      </trkpt>
      <trkpt lat="69.04255324043333530426025390625" lon="20.2739269472658634185791015625">
        <ele>691.5999755859375</ele>
        <time>2026-08-21T07:32:19.000Z</time>
        <extensions>
          <ns3:TrackPointExtension>
            <ns3:cad>0</ns3:cad>
          </ns3:TrackPointExtension>
        </extensions>
      </trkpt>
      <trkpt lat="69.04250144027173519134521484375" lon="20.27398017235100269317626953125">
        <ele>691.5999755859375</ele>
        <time>2026-08-21T07:32:24.000Z</time>
        <extensions>
          <ns3:TrackPointExtension>
            <ns3:cad>47</ns3:cad>
          </ns3:TrackPointExtension>
        </extensions>
      </trkpt>
      <trkpt lat="69.04241343028843402862548828125" lon="20.274097435176372528076171875">
        <ele>691.5999755859375</ele>
        <time>2026-08-21T07:32:33.000Z</time>
        <extensions>
          <ns3:TrackPointExtension>
            <ns3:cad>0</ns3:cad>
          </ns3:TrackPointExtension>
        </extensions>
      </trkpt>
      <trkpt lat="69.04236498288810253143310546875" lon="20.27417815290391445159912109375">
        <ele>691.5999755859375</ele>
        <time>2026-08-21T07:32:39.000Z</time>
        <extensions>
          <ns3:TrackPointExtension>
            <ns3:cad>48</ns3:cad>
          </ns3:TrackPointExtension>
        </extensions>
      </trkpt>
      <trkpt lat="69.042314104735851287841796875" lon="20.27422391809523105621337890625">
        <ele>691.4000244140625</ele>
        <time>2026-08-21T07:32:44.000Z</time>
        <extensions>
          <ns3:TrackPointExtension>
            <ns3:cad>45</ns3:cad>
          </ns3:TrackPointExtension>
        </extensions>
      </trkpt>
      <trkpt lat="69.042260460555553436279296875" lon="20.27427957393229007720947265625">
        <ele>691.4000244140625</ele>
        <time>2026-08-21T07:32:49.000Z</time>
        <extensions>
          <ns3:TrackPointExtension>
            <ns3:cad>48</ns3:cad>
          </ns3:TrackPointExtension>
        </extensions>
      </trkpt>
      <trkpt lat="69.04221846722066402435302734375" lon="20.27433606795966625213623046875">
        <ele>691.4000244140625</ele>
        <time>2026-08-21T07:32:54.000Z</time>
        <extensions>
          <ns3:TrackPointExtension>
            <ns3:cad>48</ns3:cad>
          </ns3:TrackPointExtension>
        </extensions>
      </trkpt>
      <trkpt lat="69.04213598929345607757568359375" lon="20.2744670771062374114990234375">
        <ele>691.4000244140625</ele>
        <time>2026-08-21T07:33:02.000Z</time>
        <extensions>
          <ns3:TrackPointExtension>
            <ns3:cad>49</ns3:cad>
          </ns3:TrackPointExtension>
        </extensions>
      </trkpt>
      <trkpt lat="69.04209810309112071990966796875" lon="20.274493396282196044921875">
        <ele>691.20001220703125</ele>
        <time>2026-08-21T07:33:07.000Z</time>
        <extensions>
          <ns3:TrackPointExtension>
            <ns3:cad>48</ns3:cad>
          </ns3:TrackPointExtension>
        </extensions>
      </trkpt>
      <trkpt lat="69.04206826351583003997802734375" lon="20.27452197857201099395751953125">
        <ele>691.20001220703125</ele>
        <time>2026-08-21T07:33:14.000Z</time>
        <extensions>
          <ns3:TrackPointExtension>
            <ns3:cad>44</ns3:cad>
          </ns3:TrackPointExtension>
        </extensions>
      </trkpt>
      <trkpt lat="69.042063653469085693359375" lon="20.274502448737621307373046875">
        <ele>691.20001220703125</ele>
        <time>2026-08-21T07:33:23.000Z</time>
        <extensions>
          <ns3:TrackPointExtension>
            <ns3:cad>0</ns3:cad>
          </ns3:TrackPointExtension>
        </extensions>
      </trkpt>
      <trkpt lat="69.04207170009613037109375" lon="20.2745056338608264923095703125">
        <ele>691</ele>
        <time>2026-08-21T07:33:29.000Z</time>
        <extensions>
          <ns3:TrackPointExtension>
            <ns3:cad>0</ns3:cad>
          </ns3:TrackPointExtension>
        </extensions>
      </trkpt>
      <trkpt lat="69.04206323437392711639404296875" lon="20.27451728470623493194580078125">
        <ele>691</ele>
        <time>2026-08-21T07:33:37.000Z</time>
        <extensions>
          <ns3:TrackPointExtension>
            <ns3:cad>0</ns3:cad>
          </ns3:TrackPointExtension>
        </extensions>
      </trkpt>
      <trkpt lat="69.0420725382864475250244140625" lon="20.2744724415242671966552734375">
        <ele>690.79998779296875</ele>
        <time>2026-08-21T07:33:46.000Z</time>
        <extensions>
          <ns3:TrackPointExtension>
            <ns3:cad>0</ns3:cad>
          </ns3:TrackPointExtension>
        </extensions>
      </trkpt>
      <trkpt lat="69.04208200983703136444091796875" lon="20.27446992695331573486328125">
        <ele>690.5999755859375</ele>
        <time>2026-08-21T07:33:54.000Z</time>
        <extensions>
          <ns3:TrackPointExtension>
            <ns3:cad>0</ns3:cad>
          </ns3:TrackPointExtension>
        </extensions>
      </trkpt>
      <trkpt lat="69.0420668385922908782958984375" lon="20.27444486506283283233642578125">
        <ele>690.79998779296875</ele>
        <time>2026-08-21T07:34:03.000Z</time>
        <extensions>
          <ns3:TrackPointExtension>
            <ns3:cad>0</ns3:cad>
          </ns3:TrackPointExtension>
        </extensions>
      </trkpt>
      <trkpt lat="69.0420685149729251861572265625" lon="20.274434052407741546630859375">
        <ele>690.79998779296875</ele>
        <time>2026-08-21T07:34:11.000Z</time>
        <extensions>
          <ns3:TrackPointExtension>
            <ns3:cad>0</ns3:cad>
          </ns3:TrackPointExtension>
        </extensions>
      </trkpt>
      <trkpt lat="69.04205636121332645416259765625" lon="20.27442743070423603057861328125">
        <ele>690.79998779296875</ele>
        <time>2026-08-21T07:34:22.000Z</time>
        <extensions>
          <ns3:TrackPointExtension>
            <ns3:cad>0</ns3:cad>
          </ns3:TrackPointExtension>
        </extensions>
      </trkpt>
      <trkpt lat="69.04206826351583003997802734375" lon="20.2744298614561557769775390625">
        <ele>690.79998779296875</ele>
        <time>2026-08-21T07:34:29.000Z</time>
        <extensions>
          <ns3:TrackPointExtension>
            <ns3:cad>0</ns3:cad>
          </ns3:TrackPointExtension>
        </extensions>
      </trkpt>
      <trkpt lat="69.042033813893795013427734375" lon="20.2745301090180873870849609375">
        <ele>690.79998779296875</ele>
        <time>2026-08-21T07:34:37.000Z</time>
        <extensions>
          <ns3:TrackPointExtension>
            <ns3:cad>0</ns3:cad>
          </ns3:TrackPointExtension>
        </extensions>
      </trkpt>
      <trkpt lat="69.04201193712651729583740234375" lon="20.27457855641841888427734375">
        <ele>690.79998779296875</ele>
        <time>2026-08-21T07:34:42.000Z</time>
        <extensions>
          <ns3:TrackPointExtension>
            <ns3:cad>0</ns3:cad>
          </ns3:TrackPointExtension>
        </extensions>
      </trkpt>
      <trkpt lat="69.04203347861766815185546875" lon="20.27452901937067508697509765625">
        <ele>690.5999755859375</ele>
        <time>2026-08-21T07:34:54.000Z</time>
        <extensions>
          <ns3:TrackPointExtension>
            <ns3:cad>0</ns3:cad>
          </ns3:TrackPointExtension>
        </extensions>
      </trkpt>
      <trkpt lat="69.04202953912317752838134765625" lon="20.274521894752979278564453125">
        <ele>690.79998779296875</ele>
        <time>2026-08-21T07:35:01.000Z</time>
        <extensions>
          <ns3:TrackPointExtension>
            <ns3:cad>0</ns3:cad>
          </ns3:TrackPointExtension>
        </extensions>
      </trkpt>
      <trkpt lat="69.04199802316725254058837890625" lon="20.2745995111763477325439453125">
        <ele>690.79998779296875</ele>
        <time>2026-08-21T07:35:09.000Z</time>
        <extensions>
          <ns3:TrackPointExtension>
            <ns3:cad>0</ns3:cad>
          </ns3:TrackPointExtension>
        </extensions>
      </trkpt>
      <trkpt lat="69.041986204683780670166015625" lon="20.27460278011858463287353515625">
        <ele>691</ele>
        <time>2026-08-21T07:35:14.000Z</time>
        <extensions>
          <ns3:TrackPointExtension>
            <ns3:cad>0</ns3:cad>
          </ns3:TrackPointExtension>
        </extensions>
      </trkpt>
      <trkpt lat="69.04197673313319683074951171875" lon="20.2746266685426235198974609375">
        <ele>690.79998779296875</ele>
        <time>2026-08-21T07:35:20.000Z</time>
        <extensions>
          <ns3:TrackPointExtension>
            <ns3:cad>0</ns3:cad>
          </ns3:TrackPointExtension>
        </extensions>
      </trkpt>
      <trkpt lat="69.0419186465442180633544921875" lon="20.27475449256598949432373046875">
        <ele>691.20001220703125</ele>
        <time>2026-08-21T07:35:26.000Z</time>
        <extensions>
          <ns3:TrackPointExtension>
            <ns3:cad>0</ns3:cad>
          </ns3:TrackPointExtension>
        </extensions>
      </trkpt>
      <trkpt lat="69.0418750606477260589599609375" lon="20.274906791746616363525390625">
        <ele>691.20001220703125</ele>
        <time>2026-08-21T07:35:32.000Z</time>
        <extensions>
          <ns3:TrackPointExtension>
            <ns3:cad>0</ns3:cad>
          </ns3:TrackPointExtension>
        </extensions>
      </trkpt>
      <trkpt lat="69.04184639453887939453125" lon="20.27499991469085216522216796875">
        <ele>691.4000244140625</ele>
        <time>2026-08-21T07:35:36.000Z</time>
        <extensions>
          <ns3:TrackPointExtension>
            <ns3:cad>0</ns3:cad>
          </ns3:TrackPointExtension>
        </extensions>
      </trkpt>
      <trkpt lat="69.0417962707579135894775390625" lon="20.27511977590620517730712890625">
        <ele>691.5999755859375</ele>
        <time>2026-08-21T07:35:42.000Z</time>
        <extensions>
          <ns3:TrackPointExtension>
            <ns3:cad>0</ns3:cad>
          </ns3:TrackPointExtension>
        </extensions>
      </trkpt>
      <trkpt lat="69.04173441231250762939453125" lon="20.2752489410340785980224609375">
        <ele>691.79998779296875</ele>
        <time>2026-08-21T07:35:50.000Z</time>
        <extensions>
          <ns3:TrackPointExtension>
            <ns3:cad>0</ns3:cad>
          </ns3:TrackPointExtension>
        </extensions>
      </trkpt>
      <trkpt lat="69.041693843901157379150390625" lon="20.27537860907614231109619140625">
        <ele>692</ele>
        <time>2026-08-21T07:35:57.000Z</time>
        <extensions>
          <ns3:TrackPointExtension>
            <ns3:cad>0</ns3:cad>
          </ns3:TrackPointExtension>
        </extensions>
      </trkpt>
      <trkpt lat="69.041645228862762451171875" lon="20.27547600679099559783935546875">
        <ele>692</ele>
        <time>2026-08-21T07:36:03.000Z</time>
        <extensions>
          <ns3:TrackPointExtension>
            <ns3:cad>44</ns3:cad>
          </ns3:TrackPointExtension>
        </extensions>
      </trkpt>
      <trkpt lat="69.04159954749047756195068359375" lon="20.2755912579596042633056640625">
        <ele>691.79998779296875</ele>
        <time>2026-08-21T07:36:08.000Z</time>
        <extensions>
          <ns3:TrackPointExtension>
            <ns3:cad>49</ns3:cad>
          </ns3:TrackPointExtension>
        </extensions>
      </trkpt>
      <trkpt lat="69.0415580570697784423828125" lon="20.2757213450968265533447265625">
        <ele>692</ele>
        <time>2026-08-21T07:36:13.000Z</time>
        <extensions>
          <ns3:TrackPointExtension>
            <ns3:cad>49</ns3:cad>
          </ns3:TrackPointExtension>
        </extensions>
      </trkpt>
      <trkpt lat="69.04151975177228450775146484375" lon="20.27586140669882297515869140625">
        <ele>691.5999755859375</ele>
        <time>2026-08-21T07:36:18.000Z</time>
        <extensions>
          <ns3:TrackPointExtension>
            <ns3:cad>49</ns3:cad>
          </ns3:TrackPointExtension>
        </extensions>
      </trkpt>
      <trkpt lat="69.04146811924874782562255859375" lon="20.275968611240386962890625">
        <ele>691.5999755859375</ele>
        <time>2026-08-21T07:36:24.000Z</time>
        <extensions>
          <ns3:TrackPointExtension>
            <ns3:cad>49</ns3:cad>
          </ns3:TrackPointExtension>
        </extensions>
      </trkpt>
      <trkpt lat="69.04142721556127071380615234375" lon="20.27610179968178272247314453125">
        <ele>692</ele>
        <time>2026-08-21T07:36:30.000Z</time>
        <extensions>
          <ns3:TrackPointExtension>
            <ns3:cad>0</ns3:cad>
          </ns3:TrackPointExtension>
        </extensions>
      </trkpt>
      <trkpt lat="69.0413875691592693328857421875" lon="20.27621076442301273345947265625">
        <ele>692</ele>
        <time>2026-08-21T07:36:36.000Z</time>
        <extensions>
          <ns3:TrackPointExtension>
            <ns3:cad>0</ns3:cad>
          </ns3:TrackPointExtension>
        </extensions>
      </trkpt>
      <trkpt lat="69.04135697521269321441650390625" lon="20.27633942663669586181640625">
        <ele>692.20001220703125</ele>
        <time>2026-08-21T07:36:42.000Z</time>
        <extensions>
          <ns3:TrackPointExtension>
            <ns3:cad>0</ns3:cad>
          </ns3:TrackPointExtension>
        </extensions>
      </trkpt>
      <trkpt lat="69.04134415090084075927734375" lon="20.276341103017330169677734375">
        <ele>692.20001220703125</ele>
        <time>2026-08-21T07:36:43.000Z</time>
        <extensions>
          <ns3:TrackPointExtension>
            <ns3:cad>0</ns3:cad>
          </ns3:TrackPointExtension>
        </extensions>
      </trkpt>
      <trkpt lat="69.04133208096027374267578125" lon="20.2763449586927890777587890625">
        <ele>692.20001220703125</ele>
        <time>2026-08-21T07:36:44.000Z</time>
        <extensions>
          <ns3:TrackPointExtension>
            <ns3:cad>0</ns3:cad>
          </ns3:TrackPointExtension>
        </extensions>
      </trkpt>
      <trkpt lat="69.0413003973662853240966796875" lon="20.27643053792417049407958984375">
        <ele>692</ele>
        <time>2026-08-21T07:36:47.000Z</time>
        <extensions>
          <ns3:TrackPointExtension>
            <ns3:cad>0</ns3:cad>
          </ns3:TrackPointExtension>
        </extensions>
      </trkpt>
      <trkpt lat="69.0412457473576068878173828125" lon="20.276590883731842041015625">
        <ele>692</ele>
        <time>2026-08-21T07:36:56.000Z</time>
        <extensions>
          <ns3:TrackPointExtension>
            <ns3:cad>48</ns3:cad>
          </ns3:TrackPointExtension>
        </extensions>
      </trkpt>
      <trkpt lat="69.04120325110852718353271484375" lon="20.276682414114475250244140625">
        <ele>692</ele>
        <time>2026-08-21T07:37:00.000Z</time>
        <extensions>
          <ns3:TrackPointExtension>
            <ns3:cad>0</ns3:cad>
          </ns3:TrackPointExtension>
        </extensions>
      </trkpt>
      <trkpt lat="69.04120643623173236846923828125" lon="20.27665567584335803985595703125">
        <ele>692.20001220703125</ele>
        <time>2026-08-21T07:37:03.000Z</time>
        <extensions>
          <ns3:TrackPointExtension>
            <ns3:cad>47</ns3:cad>
          </ns3:TrackPointExtension>
        </extensions>
      </trkpt>
      <trkpt lat="69.0412108786404132843017578125" lon="20.27664930559694766998291015625">
        <ele>692.20001220703125</ele>
        <time>2026-08-21T07:37:04.000Z</time>
        <extensions>
          <ns3:TrackPointExtension>
            <ns3:cad>0</ns3:cad>
          </ns3:TrackPointExtension>
        </extensions>
      </trkpt>
      <trkpt lat="69.04120677150785923004150390625" lon="20.27663153596222400665283203125">
        <ele>692.20001220703125</ele>
        <time>2026-08-21T07:37:11.000Z</time>
        <extensions>
          <ns3:TrackPointExtension>
            <ns3:cad>0</ns3:cad>
          </ns3:TrackPointExtension>
        </extensions>
      </trkpt>
      <trkpt lat="69.0412162430584430694580078125" lon="20.27662483043968677520751953125">
        <ele>692</ele>
        <time>2026-08-21T07:37:18.000Z</time>
        <extensions>
          <ns3:TrackPointExtension>
            <ns3:cad>0</ns3:cad>
          </ns3:TrackPointExtension>
        </extensions>
      </trkpt>
      <trkpt lat="69.04121129773557186126708984375" lon="20.276648886501789093017578125">
        <ele>691.79998779296875</ele>
        <time>2026-08-21T07:37:26.000Z</time>
        <extensions>
          <ns3:TrackPointExtension>
            <ns3:cad>0</ns3:cad>
          </ns3:TrackPointExtension>
        </extensions>
      </trkpt>
      <trkpt lat="69.041167795658111572265625" lon="20.27673983015120029449462890625">
        <ele>692</ele>
        <time>2026-08-21T07:37:33.000Z</time>
        <extensions>
          <ns3:TrackPointExtension>
            <ns3:cad>0</ns3:cad>
          </ns3:TrackPointExtension>
        </extensions>
      </trkpt>
      <trkpt lat="69.0411208570003509521484375" lon="20.2768733538687229156494140625">
        <ele>691.79998779296875</ele>
        <time>2026-08-21T07:37:39.000Z</time>
        <extensions>
          <ns3:TrackPointExtension>
            <ns3:cad>0</ns3:cad>
          </ns3:TrackPointExtension>
        </extensions>
      </trkpt>
      <trkpt lat="69.0410781092941761016845703125" lon="20.27698240242898464202880859375">
        <ele>692</ele>
        <time>2026-08-21T07:37:44.000Z</time>
        <extensions>
          <ns3:TrackPointExtension>
            <ns3:cad>0</ns3:cad>
          </ns3:TrackPointExtension>
        </extensions>
      </trkpt>
      <trkpt lat="69.04103477485477924346923828125" lon="20.27713310904800891876220703125">
        <ele>692.20001220703125</ele>
        <time>2026-08-21T07:37:50.000Z</time>
        <extensions>
          <ns3:TrackPointExtension>
            <ns3:cad>47</ns3:cad>
          </ns3:TrackPointExtension>
        </extensions>
      </trkpt>
      <trkpt lat="69.04099051840603351593017578125" lon="20.27729563415050506591796875">
        <ele>692.4000244140625</ele>
        <time>2026-08-21T07:37:57.000Z</time>
        <extensions>
          <ns3:TrackPointExtension>
            <ns3:cad>51</ns3:cad>
          </ns3:TrackPointExtension>
        </extensions>
      </trkpt>
      <trkpt lat="69.04095279984176158905029296875" lon="20.27739831246435642242431640625">
        <ele>692.4000244140625</ele>
        <time>2026-08-21T07:38:02.000Z</time>
        <extensions>
          <ns3:TrackPointExtension>
            <ns3:cad>47</ns3:cad>
          </ns3:TrackPointExtension>
        </extensions>
      </trkpt>
      <trkpt lat="69.04093117453157901763916015625" lon="20.2774907648563385009765625">
        <ele>692.20001220703125</ele>
        <time>2026-08-21T07:38:10.000Z</time>
        <extensions>
          <ns3:TrackPointExtension>
            <ns3:cad>0</ns3:cad>
          </ns3:TrackPointExtension>
        </extensions>
      </trkpt>
      <trkpt lat="69.0409411489963531494140625" lon="20.27742312289774417877197265625">
        <ele>692.20001220703125</ele>
        <time>2026-08-21T07:38:19.000Z</time>
        <extensions>
          <ns3:TrackPointExtension>
            <ns3:cad>0</ns3:cad>
          </ns3:TrackPointExtension>
        </extensions>
      </trkpt>
      <trkpt lat="69.0409456752240657806396484375" lon="20.27740786783397197723388671875">
        <ele>692.20001220703125</ele>
        <time>2026-08-21T07:38:29.000Z</time>
        <extensions>
          <ns3:TrackPointExtension>
            <ns3:cad>0</ns3:cad>
          </ns3:TrackPointExtension>
        </extensions>
      </trkpt>
      <trkpt lat="69.04091994278132915496826171875" lon="20.27745229192078113555908203125">
        <ele>692</ele>
        <time>2026-08-21T07:38:37.000Z</time>
        <extensions>
          <ns3:TrackPointExtension>
            <ns3:cad>0</ns3:cad>
          </ns3:TrackPointExtension>
        </extensions>
      </trkpt>
      <trkpt lat="69.0408608503639698028564453125" lon="20.27755706571042537689208984375">
        <ele>692</ele>
        <time>2026-08-21T07:38:43.000Z</time>
        <extensions>
          <ns3:TrackPointExtension>
            <ns3:cad>0</ns3:cad>
          </ns3:TrackPointExtension>
        </extensions>
      </trkpt>
      <trkpt lat="69.04081718064844608306884765625" lon="20.2776785194873809814453125">
        <ele>691.79998779296875</ele>
        <time>2026-08-21T07:38:49.000Z</time>
        <extensions>
          <ns3:TrackPointExtension>
            <ns3:cad>0</ns3:cad>
          </ns3:TrackPointExtension>
        </extensions>
      </trkpt>
      <trkpt lat="69.04076051898300647735595703125" lon="20.2777822874486446380615234375">
        <ele>692</ele>
        <time>2026-08-21T07:38:56.000Z</time>
        <extensions>
          <ns3:TrackPointExtension>
            <ns3:cad>0</ns3:cad>
          </ns3:TrackPointExtension>
        </extensions>
      </trkpt>
      <trkpt lat="69.0406989119946956634521484375" lon="20.27786786668002605438232421875">
        <ele>692</ele>
        <time>2026-08-21T07:39:03.000Z</time>
        <extensions>
          <ns3:TrackPointExtension>
            <ns3:cad>47</ns3:cad>
          </ns3:TrackPointExtension>
        </extensions>
      </trkpt>
      <trkpt lat="69.0406295098364353179931640625" lon="20.2779921703040599822998046875">
        <ele>692.20001220703125</ele>
        <time>2026-08-21T07:39:09.000Z</time>
        <extensions>
          <ns3:TrackPointExtension>
            <ns3:cad>48</ns3:cad>
          </ns3:TrackPointExtension>
        </extensions>
      </trkpt>
      <trkpt lat="69.0405763685703277587890625" lon="20.2780944295227527618408203125">
        <ele>692</ele>
        <time>2026-08-21T07:39:15.000Z</time>
        <extensions>
          <ns3:TrackPointExtension>
            <ns3:cad>0</ns3:cad>
          </ns3:TrackPointExtension>
        </extensions>
      </trkpt>
      <trkpt lat="69.04051761142909526824951171875" lon="20.27822367846965789794921875">
        <ele>692</ele>
        <time>2026-08-21T07:39:22.000Z</time>
        <extensions>
          <ns3:TrackPointExtension>
            <ns3:cad>49</ns3:cad>
          </ns3:TrackPointExtension>
        </extensions>
      </trkpt>
      <trkpt lat="69.04044720344245433807373046875" lon="20.27830221690237522125244140625">
        <ele>692</ele>
        <time>2026-08-21T07:39:29.000Z</time>
        <extensions>
          <ns3:TrackPointExtension>
            <ns3:cad>0</ns3:cad>
          </ns3:TrackPointExtension>
        </extensions>
      </trkpt>
      <trkpt lat="69.0404085628688335418701171875" lon="20.2783492393791675567626953125">
        <ele>691.5999755859375</ele>
        <time>2026-08-21T07:39:34.000Z</time>
        <extensions>
          <ns3:TrackPointExtension>
            <ns3:cad>0</ns3:cad>
          </ns3:TrackPointExtension>
        </extensions>
      </trkpt>
      <trkpt lat="69.04033966362476348876953125" lon="20.2784471400082111358642578125">
        <ele>691.4000244140625</ele>
        <time>2026-08-21T07:39:42.000Z</time>
        <extensions>
          <ns3:TrackPointExtension>
            <ns3:cad>49</ns3:cad>
          </ns3:TrackPointExtension>
        </extensions>
      </trkpt>
      <trkpt lat="69.04029431752860546112060546875" lon="20.27850396931171417236328125">
        <ele>691.79998779296875</ele>
        <time>2026-08-21T07:39:47.000Z</time>
        <extensions>
          <ns3:TrackPointExtension>
            <ns3:cad>46</ns3:cad>
          </ns3:TrackPointExtension>
        </extensions>
      </trkpt>
      <trkpt lat="69.0402315370738506317138671875" lon="20.2785851061344146728515625">
        <ele>691.5999755859375</ele>
        <time>2026-08-21T07:39:53.000Z</time>
        <extensions>
          <ns3:TrackPointExtension>
            <ns3:cad>47</ns3:cad>
          </ns3:TrackPointExtension>
        </extensions>
      </trkpt>
      <trkpt lat="69.0401591174304485321044921875" lon="20.2786628901958465576171875">
        <ele>692</ele>
        <time>2026-08-21T07:40:01.000Z</time>
        <extensions>
          <ns3:TrackPointExtension>
            <ns3:cad>44</ns3:cad>
          </ns3:TrackPointExtension>
        </extensions>
      </trkpt>
      <trkpt lat="69.0401061438024044036865234375" lon="20.27876422740519046783447265625">
        <ele>692</ele>
        <time>2026-08-21T07:40:09.000Z</time>
        <extensions>
          <ns3:TrackPointExtension>
            <ns3:cad>0</ns3:cad>
          </ns3:TrackPointExtension>
        </extensions>
      </trkpt>
      <trkpt lat="69.040057361125946044921875" lon="20.2788350544869899749755859375">
        <ele>692.20001220703125</ele>
        <time>2026-08-21T07:40:14.000Z</time>
        <extensions>
          <ns3:TrackPointExtension>
            <ns3:cad>0</ns3:cad>
          </ns3:TrackPointExtension>
        </extensions>
      </trkpt>
      <trkpt lat="69.04000438749790191650390625" lon="20.2788694202899932861328125">
        <ele>692.20001220703125</ele>
        <time>2026-08-21T07:40:19.000Z</time>
        <extensions>
          <ns3:TrackPointExtension>
            <ns3:cad>0</ns3:cad>
          </ns3:TrackPointExtension>
        </extensions>
      </trkpt>
      <trkpt lat="69.03999290429055690765380859375" lon="20.27886950410902500152587890625">
        <ele>692.20001220703125</ele>
        <time>2026-08-21T07:40:25.000Z</time>
        <extensions>
          <ns3:TrackPointExtension>
            <ns3:cad>0</ns3:cad>
          </ns3:TrackPointExtension>
        </extensions>
      </trkpt>
      <trkpt lat="69.03999407775700092315673828125" lon="20.2788694202899932861328125">
        <ele>692.20001220703125</ele>
        <time>2026-08-21T07:40:26.000Z</time>
        <extensions>
          <ns3:TrackPointExtension>
            <ns3:cad>0</ns3:cad>
          </ns3:TrackPointExtension>
        </extensions>
      </trkpt>
      <trkpt lat="69.03999240137636661529541015625" lon="20.27887738309800624847412109375">
        <ele>692</ele>
        <time>2026-08-21T07:40:34.000Z</time>
        <extensions>
          <ns3:TrackPointExtension>
            <ns3:cad>0</ns3:cad>
          </ns3:TrackPointExtension>
        </extensions>
      </trkpt>
      <trkpt lat="69.0399535931646823883056640625" lon="20.27890227735042572021484375">
        <ele>692.20001220703125</ele>
        <time>2026-08-21T07:40:38.000Z</time>
        <extensions>
          <ns3:TrackPointExtension>
            <ns3:cad>0</ns3:cad>
          </ns3:TrackPointExtension>
        </extensions>
      </trkpt>
      <trkpt lat="69.0399033017456531524658203125" lon="20.27902825735509395599365234375">
        <ele>692.20001220703125</ele>
        <time>2026-08-21T07:40:45.000Z</time>
        <extensions>
          <ns3:TrackPointExtension>
            <ns3:cad>45</ns3:cad>
          </ns3:TrackPointExtension>
        </extensions>
      </trkpt>
      <trkpt lat="69.03987270779907703399658203125" lon="20.2790922112762928009033203125">
        <ele>692.4000244140625</ele>
        <time>2026-08-21T07:40:49.000Z</time>
        <extensions>
          <ns3:TrackPointExtension>
            <ns3:cad>0</ns3:cad>
          </ns3:TrackPointExtension>
        </extensions>
      </trkpt>
      <trkpt lat="69.03982660733163356781005859375" lon="20.2791632898151874542236328125">
        <ele>692.20001220703125</ele>
        <time>2026-08-21T07:40:57.000Z</time>
        <extensions>
          <ns3:TrackPointExtension>
            <ns3:cad>0</ns3:cad>
          </ns3:TrackPointExtension>
        </extensions>
      </trkpt>
      <trkpt lat="69.03980280272662639617919921875" lon="20.27921936474740505218505859375">
        <ele>692.20001220703125</ele>
        <time>2026-08-21T07:41:04.000Z</time>
        <extensions>
          <ns3:TrackPointExtension>
            <ns3:cad>0</ns3:cad>
          </ns3:TrackPointExtension>
        </extensions>
      </trkpt>
      <trkpt lat="69.039740860462188720703125" lon="20.279308967292308807373046875">
        <ele>691.4000244140625</ele>
        <time>2026-08-21T07:41:11.000Z</time>
        <extensions>
          <ns3:TrackPointExtension>
            <ns3:cad>0</ns3:cad>
          </ns3:TrackPointExtension>
        </extensions>
      </trkpt>
      <trkpt lat="69.03969685547053813934326171875" lon="20.27935951016843318939208984375">
        <ele>691.4000244140625</ele>
        <time>2026-08-21T07:41:16.000Z</time>
        <extensions>
          <ns3:TrackPointExtension>
            <ns3:cad>0</ns3:cad>
          </ns3:TrackPointExtension>
        </extensions>
      </trkpt>
      <trkpt lat="69.039674140512943267822265625" lon="20.27938348241150379180908203125">
        <ele>691.20001220703125</ele>
        <time>2026-08-21T07:41:18.000Z</time>
        <extensions>
          <ns3:TrackPointExtension>
            <ns3:cad>46</ns3:cad>
          </ns3:TrackPointExtension>
        </extensions>
      </trkpt>
      <trkpt lat="69.03964103199541568756103515625" lon="20.2793999947607517242431640625">
        <ele>691</ele>
        <time>2026-08-21T07:41:22.000Z</time>
        <extensions>
          <ns3:TrackPointExtension>
            <ns3:cad>47</ns3:cad>
          </ns3:TrackPointExtension>
        </extensions>
      </trkpt>
      <trkpt lat="69.03959308750927448272705078125" lon="20.27946009300649166107177734375">
        <ele>691.20001220703125</ele>
        <time>2026-08-21T07:41:27.000Z</time>
        <extensions>
          <ns3:TrackPointExtension>
            <ns3:cad>47</ns3:cad>
          </ns3:TrackPointExtension>
        </extensions>
      </trkpt>
      <trkpt lat="69.03956509195268154144287109375" lon="20.27948188595473766326904296875">
        <ele>691</ele>
        <time>2026-08-21T07:41:33.000Z</time>
        <extensions>
          <ns3:TrackPointExtension>
            <ns3:cad>48</ns3:cad>
          </ns3:TrackPointExtension>
        </extensions>
      </trkpt>
      <trkpt lat="69.03957313857972621917724609375" lon="20.27949010021984577178955078125">
        <ele>691.20001220703125</ele>
        <time>2026-08-21T07:41:36.000Z</time>
        <extensions>
          <ns3:TrackPointExtension>
            <ns3:cad>0</ns3:cad>
          </ns3:TrackPointExtension>
        </extensions>
      </trkpt>
      <trkpt lat="69.03956718742847442626953125" lon="20.27954558841884136199951171875">
        <ele>691.20001220703125</ele>
        <time>2026-08-21T07:41:41.000Z</time>
        <extensions>
          <ns3:TrackPointExtension>
            <ns3:cad>0</ns3:cad>
          </ns3:TrackPointExtension>
        </extensions>
      </trkpt>
      <trkpt lat="69.0395002998411655426025390625" lon="20.279608704149723052978515625">
        <ele>691</ele>
        <time>2026-08-21T07:41:47.000Z</time>
        <extensions>
          <ns3:TrackPointExtension>
            <ns3:cad>0</ns3:cad>
          </ns3:TrackPointExtension>
        </extensions>
      </trkpt>
      <trkpt lat="69.0394882299005985260009765625" lon="20.2795867435634136199951171875">
        <ele>691.4000244140625</ele>
        <time>2026-08-21T07:41:54.000Z</time>
        <extensions>
          <ns3:TrackPointExtension>
            <ns3:cad>0</ns3:cad>
          </ns3:TrackPointExtension>
        </extensions>
      </trkpt>
      <trkpt lat="69.03946501202881336212158203125" lon="20.27962337248027324676513671875">
        <ele>691.20001220703125</ele>
        <time>2026-08-21T07:42:01.000Z</time>
        <extensions>
          <ns3:TrackPointExtension>
            <ns3:cad>0</ns3:cad>
          </ns3:TrackPointExtension>
        </extensions>
      </trkpt>
      <trkpt lat="69.039418995380401611328125" lon="20.27971758507192134857177734375">
        <ele>691.5999755859375</ele>
        <time>2026-08-21T07:42:07.000Z</time>
        <extensions>
          <ns3:TrackPointExtension>
            <ns3:cad>0</ns3:cad>
          </ns3:TrackPointExtension>
        </extensions>
      </trkpt>
      <trkpt lat="69.03936459682881832122802734375" lon="20.2797738276422023773193359375">
        <ele>691.4000244140625</ele>
        <time>2026-08-21T07:42:13.000Z</time>
        <extensions>
          <ns3:TrackPointExtension>
            <ns3:cad>0</ns3:cad>
          </ns3:TrackPointExtension>
        </extensions>
      </trkpt>
      <trkpt lat="69.03931078501045703887939453125" lon="20.27989561669528484344482421875">
        <ele>691.20001220703125</ele>
        <time>2026-08-21T07:42:21.000Z</time>
        <extensions>
          <ns3:TrackPointExtension>
            <ns3:cad>67</ns3:cad>
          </ns3:TrackPointExtension>
        </extensions>
      </trkpt>
      <trkpt lat="69.03926946222782135009765625" lon="20.2800162322819232940673828125">
        <ele>690.79998779296875</ele>
        <time>2026-08-21T07:42:28.000Z</time>
        <extensions>
          <ns3:TrackPointExtension>
            <ns3:cad>0</ns3:cad>
          </ns3:TrackPointExtension>
        </extensions>
      </trkpt>
      <trkpt lat="69.0392220206558704376220703125" lon="20.2800883166491985321044921875">
        <ele>691.5999755859375</ele>
        <time>2026-08-21T07:42:35.000Z</time>
        <extensions>
          <ns3:TrackPointExtension>
            <ns3:cad>0</ns3:cad>
          </ns3:TrackPointExtension>
        </extensions>
      </trkpt>
      <trkpt lat="69.0391834639012813568115234375" lon="20.2801999635994434356689453125">
        <ele>692.20001220703125</ele>
        <time>2026-08-21T07:42:40.000Z</time>
        <extensions>
          <ns3:TrackPointExtension>
            <ns3:cad>0</ns3:cad>
          </ns3:TrackPointExtension>
        </extensions>
      </trkpt>
      <trkpt lat="69.0391787700355052947998046875" lon="20.28021982870995998382568359375">
        <ele>692.20001220703125</ele>
        <time>2026-08-21T07:42:41.000Z</time>
        <extensions>
          <ns3:TrackPointExtension>
            <ns3:cad>0</ns3:cad>
          </ns3:TrackPointExtension>
        </extensions>
      </trkpt>
      <trkpt lat="69.03916443698108196258544921875" lon="20.280281938612461090087890625">
        <ele>692.5999755859375</ele>
        <time>2026-08-21T07:42:45.000Z</time>
        <extensions>
          <ns3:TrackPointExtension>
            <ns3:cad>0</ns3:cad>
          </ns3:TrackPointExtension>
        </extensions>
      </trkpt>
      <trkpt lat="69.03912671841681003570556640625" lon="20.28036232106387615203857421875">
        <ele>692.79998779296875</ele>
        <time>2026-08-21T07:42:50.000Z</time>
        <extensions>
          <ns3:TrackPointExtension>
            <ns3:cad>0</ns3:cad>
          </ns3:TrackPointExtension>
        </extensions>
      </trkpt>
      <trkpt lat="69.039111547172069549560546875" lon="20.28045988641679286956787109375">
        <ele>693</ele>
        <time>2026-08-21T07:42:56.000Z</time>
        <extensions>
          <ns3:TrackPointExtension>
            <ns3:cad>0</ns3:cad>
          </ns3:TrackPointExtension>
        </extensions>
      </trkpt>
      <trkpt lat="69.03910090215504169464111328125" lon="20.2804879657924175262451171875">
        <ele>693</ele>
        <time>2026-08-21T07:43:03.000Z</time>
        <extensions>
          <ns3:TrackPointExtension>
            <ns3:cad>0</ns3:cad>
          </ns3:TrackPointExtension>
        </extensions>
      </trkpt>
      <trkpt lat="69.03906335122883319854736328125" lon="20.28061444871127605438232421875">
        <ele>693</ele>
        <time>2026-08-21T07:43:08.000Z</time>
        <extensions>
          <ns3:TrackPointExtension>
            <ns3:cad>0</ns3:cad>
          </ns3:TrackPointExtension>
        </extensions>
      </trkpt>
      <trkpt lat="69.03902135789394378662109375" lon="20.2807469666004180908203125">
        <ele>693.20001220703125</ele>
        <time>2026-08-21T07:43:14.000Z</time>
        <extensions>
          <ns3:TrackPointExtension>
            <ns3:cad>0</ns3:cad>
          </ns3:TrackPointExtension>
        </extensions>
      </trkpt>
      <trkpt lat="69.0390097908675670623779296875" lon="20.28076708316802978515625">
        <ele>693.20001220703125</ele>
        <time>2026-08-21T07:43:15.000Z</time>
        <extensions>
          <ns3:TrackPointExtension>
            <ns3:cad>0</ns3:cad>
          </ns3:TrackPointExtension>
        </extensions>
      </trkpt>
      <trkpt lat="69.03897332958877086639404296875" lon="20.28082072734832763671875">
        <ele>693.20001220703125</ele>
        <time>2026-08-21T07:43:20.000Z</time>
        <extensions>
          <ns3:TrackPointExtension>
            <ns3:cad>0</ns3:cad>
          </ns3:TrackPointExtension>
        </extensions>
      </trkpt>
      <trkpt lat="69.0389447472989559173583984375" lon="20.28085450641810894012451171875">
        <ele>693.20001220703125</ele>
        <time>2026-08-21T07:43:26.000Z</time>
        <extensions>
          <ns3:TrackPointExtension>
            <ns3:cad>0</ns3:cad>
          </ns3:TrackPointExtension>
        </extensions>
      </trkpt>
      <trkpt lat="69.03890979476273059844970703125" lon="20.2809586934745311737060546875">
        <ele>693.20001220703125</ele>
        <time>2026-08-21T07:43:32.000Z</time>
        <extensions>
          <ns3:TrackPointExtension>
            <ns3:cad>74</ns3:cad>
          </ns3:TrackPointExtension>
        </extensions>
      </trkpt>
      <trkpt lat="69.03886050917208194732666015625" lon="20.28107981197535991668701171875">
        <ele>693.20001220703125</ele>
        <time>2026-08-21T07:43:39.000Z</time>
        <extensions>
          <ns3:TrackPointExtension>
            <ns3:cad>0</ns3:cad>
          </ns3:TrackPointExtension>
        </extensions>
      </trkpt>
      <trkpt lat="69.0388329327106475830078125" lon="20.28120084665715694427490234375">
        <ele>693</ele>
        <time>2026-08-21T07:43:46.000Z</time>
        <extensions>
          <ns3:TrackPointExtension>
            <ns3:cad>0</ns3:cad>
          </ns3:TrackPointExtension>
        </extensions>
      </trkpt>
      <trkpt lat="69.03878708370029926300048828125" lon="20.281341075897216796875">
        <ele>693</ele>
        <time>2026-08-21T07:43:55.000Z</time>
        <extensions>
          <ns3:TrackPointExtension>
            <ns3:cad>0</ns3:cad>
          </ns3:TrackPointExtension>
        </extensions>
      </trkpt>
      <trkpt lat="69.03875322081148624420166015625" lon="20.28148532845079898834228515625">
        <ele>692.79998779296875</ele>
        <time>2026-08-21T07:44:02.000Z</time>
        <extensions>
          <ns3:TrackPointExtension>
            <ns3:cad>70</ns3:cad>
          </ns3:TrackPointExtension>
        </extensions>
      </trkpt>
      <trkpt lat="69.038727991282939910888671875" lon="20.28151047416031360626220703125">
        <ele>692.5999755859375</ele>
        <time>2026-08-21T07:44:09.000Z</time>
        <extensions>
          <ns3:TrackPointExtension>
            <ns3:cad>0</ns3:cad>
          </ns3:TrackPointExtension>
        </extensions>
      </trkpt>
      <trkpt lat="69.0387358702719211578369140625" lon="20.28152371756732463836669921875">
        <ele>692.5999755859375</ele>
        <time>2026-08-21T07:44:16.000Z</time>
        <extensions>
          <ns3:TrackPointExtension>
            <ns3:cad>0</ns3:cad>
          </ns3:TrackPointExtension>
        </extensions>
      </trkpt>
      <trkpt lat="69.03873561881482601165771484375" lon="20.28151919133961200714111328125">
        <ele>692.4000244140625</ele>
        <time>2026-08-21T07:44:23.000Z</time>
        <extensions>
          <ns3:TrackPointExtension>
            <ns3:cad>0</ns3:cad>
          </ns3:TrackPointExtension>
        </extensions>
      </trkpt>
      <trkpt lat="69.038759171962738037109375" lon="20.28148532845079898834228515625">
        <ele>692.4000244140625</ele>
        <time>2026-08-21T07:44:31.000Z</time>
        <extensions>
          <ns3:TrackPointExtension>
            <ns3:cad>0</ns3:cad>
          </ns3:TrackPointExtension>
        </extensions>
      </trkpt>
      <trkpt lat="69.03873511590063571929931640625" lon="20.28155724518001079559326171875">
        <ele>692.4000244140625</ele>
        <time>2026-08-21T07:44:36.000Z</time>
        <extensions>
          <ns3:TrackPointExtension>
            <ns3:cad>0</ns3:cad>
          </ns3:TrackPointExtension>
        </extensions>
      </trkpt>
      <trkpt lat="69.038707874715328216552734375" lon="20.28164827264845371246337890625">
        <ele>692.4000244140625</ele>
        <time>2026-08-21T07:44:43.000Z</time>
        <extensions>
          <ns3:TrackPointExtension>
            <ns3:cad>0</ns3:cad>
          </ns3:TrackPointExtension>
        </extensions>
      </trkpt>
      <trkpt lat="69.0387174300849437713623046875" lon="20.28164223767817020416259765625">
        <ele>692.20001220703125</ele>
        <time>2026-08-21T07:44:50.000Z</time>
        <extensions>
          <ns3:TrackPointExtension>
            <ns3:cad>0</ns3:cad>
          </ns3:TrackPointExtension>
        </extensions>
      </trkpt>
      <trkpt lat="69.038699828088283538818359375" lon="20.28173326514661312103271484375">
        <ele>692.20001220703125</ele>
        <time>2026-08-21T07:44:56.000Z</time>
        <extensions>
          <ns3:TrackPointExtension>
            <ns3:cad>0</ns3:cad>
          </ns3:TrackPointExtension>
        </extensions>
      </trkpt>
      <trkpt lat="69.03868465684354305267333984375" lon="20.28178288601338863372802734375">
        <ele>692.20001220703125</ele>
        <time>2026-08-21T07:44:58.000Z</time>
        <extensions>
          <ns3:TrackPointExtension>
            <ns3:cad>0</ns3:cad>
          </ns3:TrackPointExtension>
        </extensions>
      </trkpt>
      <trkpt lat="69.038665629923343658447265625" lon="20.28187190182507038116455078125">
        <ele>692.20001220703125</ele>
        <time>2026-08-21T07:45:02.000Z</time>
        <extensions>
          <ns3:TrackPointExtension>
            <ns3:cad>0</ns3:cad>
          </ns3:TrackPointExtension>
        </extensions>
      </trkpt>
      <trkpt lat="69.03863285668194293975830078125" lon="20.281949937343597412109375">
        <ele>691.79998779296875</ele>
        <time>2026-08-21T07:45:07.000Z</time>
        <extensions>
          <ns3:TrackPointExtension>
            <ns3:cad>0</ns3:cad>
          </ns3:TrackPointExtension>
        </extensions>
      </trkpt>
      <trkpt lat="69.03859379701316356658935546875" lon="20.2821063436567783355712890625">
        <ele>691.4000244140625</ele>
        <time>2026-08-21T07:45:14.000Z</time>
        <extensions>
          <ns3:TrackPointExtension>
            <ns3:cad>0</ns3:cad>
          </ns3:TrackPointExtension>
        </extensions>
      </trkpt>
      <trkpt lat="69.03854928910732269287109375" lon="20.28223416768014430999755859375">
        <ele>691.4000244140625</ele>
        <time>2026-08-21T07:45:21.000Z</time>
        <extensions>
          <ns3:TrackPointExtension>
            <ns3:cad>0</ns3:cad>
          </ns3:TrackPointExtension>
        </extensions>
      </trkpt>
      <trkpt lat="69.03850310482084751129150390625" lon="20.28230843134224414825439453125">
        <ele>691.20001220703125</ele>
        <time>2026-08-21T07:45:28.000Z</time>
        <extensions>
          <ns3:TrackPointExtension>
            <ns3:cad>0</ns3:cad>
          </ns3:TrackPointExtension>
        </extensions>
      </trkpt>
      <trkpt lat="69.03848516754806041717529296875" lon="20.2823536098003387451171875">
        <ele>691.20001220703125</ele>
        <time>2026-08-21T07:45:30.000Z</time>
        <extensions>
          <ns3:TrackPointExtension>
            <ns3:cad>0</ns3:cad>
          </ns3:TrackPointExtension>
        </extensions>
      </trkpt>
      <trkpt lat="69.03845231048762798309326171875" lon="20.2824677713215351104736328125">
        <ele>691</ele>
        <time>2026-08-21T07:45:35.000Z</time>
        <extensions>
          <ns3:TrackPointExtension>
            <ns3:cad>0</ns3:cad>
          </ns3:TrackPointExtension>
        </extensions>
      </trkpt>
      <trkpt lat="69.03840872459113597869873046875" lon="20.2825650013983249664306640625">
        <ele>691</ele>
        <time>2026-08-21T07:45:41.000Z</time>
        <extensions>
          <ns3:TrackPointExtension>
            <ns3:cad>0</ns3:cad>
          </ns3:TrackPointExtension>
        </extensions>
      </trkpt>
      <trkpt lat="69.03838341124355792999267578125" lon="20.28265468776226043701171875">
        <ele>690.5999755859375</ele>
        <time>2026-08-21T07:45:47.000Z</time>
        <extensions>
          <ns3:TrackPointExtension>
            <ns3:cad>0</ns3:cad>
          </ns3:TrackPointExtension>
        </extensions>
      </trkpt>
      <trkpt lat="69.0383402444422245025634765625" lon="20.2827738784253597259521484375">
        <ele>690.4000244140625</ele>
        <time>2026-08-21T07:45:54.000Z</time>
        <extensions>
          <ns3:TrackPointExtension>
            <ns3:cad>0</ns3:cad>
          </ns3:TrackPointExtension>
        </extensions>
      </trkpt>
      <trkpt lat="69.03830462135374546051025390625" lon="20.28286532498896121978759765625">
        <ele>690.20001220703125</ele>
        <time>2026-08-21T07:46:01.000Z</time>
        <extensions>
          <ns3:TrackPointExtension>
            <ns3:cad>0</ns3:cad>
          </ns3:TrackPointExtension>
        </extensions>
      </trkpt>
      <trkpt lat="69.038295485079288482666015625" lon="20.2828752994537353515625">
        <ele>690</ele>
        <time>2026-08-21T07:46:02.000Z</time>
        <extensions>
          <ns3:TrackPointExtension>
            <ns3:cad>0</ns3:cad>
          </ns3:TrackPointExtension>
        </extensions>
      </trkpt>
      <trkpt lat="69.03827360831201076507568359375" lon="20.2829063124954700469970703125">
        <ele>690</ele>
        <time>2026-08-21T07:46:07.000Z</time>
        <extensions>
          <ns3:TrackPointExtension>
            <ns3:cad>0</ns3:cad>
          </ns3:TrackPointExtension>
        </extensions>
      </trkpt>
      <trkpt lat="69.03824913315474987030029296875" lon="20.28300412930548191070556640625">
        <ele>689.5999755859375</ele>
        <time>2026-08-21T07:46:13.000Z</time>
        <extensions>
          <ns3:TrackPointExtension>
            <ns3:cad>0</ns3:cad>
          </ns3:TrackPointExtension>
        </extensions>
      </trkpt>
      <trkpt lat="69.03820537962019443511962890625" lon="20.28317796997725963592529296875">
        <ele>689.20001220703125</ele>
        <time>2026-08-21T07:46:22.000Z</time>
        <extensions>
          <ns3:TrackPointExtension>
            <ns3:cad>0</ns3:cad>
          </ns3:TrackPointExtension>
        </extensions>
      </trkpt>
      <trkpt lat="69.03820420615375041961669921875" lon="20.2831971645355224609375">
        <ele>689</ele>
        <time>2026-08-21T07:46:25.000Z</time>
        <extensions>
          <ns3:TrackPointExtension>
            <ns3:cad>0</ns3:cad>
          </ns3:TrackPointExtension>
        </extensions>
      </trkpt>
      <trkpt lat="69.03820001520216464996337890625" lon="20.28321317397058010101318359375">
        <ele>689</ele>
        <time>2026-08-21T07:46:26.000Z</time>
        <extensions>
          <ns3:TrackPointExtension>
            <ns3:cad>0</ns3:cad>
          </ns3:TrackPointExtension>
        </extensions>
      </trkpt>
      <trkpt lat="69.038171432912349700927734375" lon="20.28334225527942180633544921875">
        <ele>688.79998779296875</ele>
        <time>2026-08-21T07:46:32.000Z</time>
        <extensions>
          <ns3:TrackPointExtension>
            <ns3:cad>0</ns3:cad>
          </ns3:TrackPointExtension>
        </extensions>
      </trkpt>
      <trkpt lat="69.038151986896991729736328125" lon="20.28344116173684597015380859375">
        <ele>688.79998779296875</ele>
        <time>2026-08-21T07:46:37.000Z</time>
        <extensions>
          <ns3:TrackPointExtension>
            <ns3:cad>48</ns3:cad>
          </ns3:TrackPointExtension>
        </extensions>
      </trkpt>
      <trkpt lat="69.03814704157412052154541015625" lon="20.2834531478583812713623046875">
        <ele>688.79998779296875</ele>
        <time>2026-08-21T07:46:38.000Z</time>
        <extensions>
          <ns3:TrackPointExtension>
            <ns3:cad>0</ns3:cad>
          </ns3:TrackPointExtension>
        </extensions>
      </trkpt>
      <trkpt lat="69.03810479678213596343994140625" lon="20.28352665714919567108154296875">
        <ele>688.5999755859375</ele>
        <time>2026-08-21T07:46:45.000Z</time>
        <extensions>
          <ns3:TrackPointExtension>
            <ns3:cad>0</ns3:cad>
          </ns3:TrackPointExtension>
        </extensions>
      </trkpt>
      <trkpt lat="69.0380765497684478759765625" lon="20.2836217917501926422119140625">
        <ele>688.79998779296875</ele>
        <time>2026-08-21T07:46:51.000Z</time>
        <extensions>
          <ns3:TrackPointExtension>
            <ns3:cad>0</ns3:cad>
          </ns3:TrackPointExtension>
        </extensions>
      </trkpt>
      <trkpt lat="69.03804662637412548065185546875" lon="20.28373436070978641510009765625">
        <ele>688.5999755859375</ele>
        <time>2026-08-21T07:46:56.000Z</time>
        <extensions>
          <ns3:TrackPointExtension>
            <ns3:cad>0</ns3:cad>
          </ns3:TrackPointExtension>
        </extensions>
      </trkpt>
      <trkpt lat="69.03801226057112216949462890625" lon="20.28385497629642486572265625">
        <ele>688.79998779296875</ele>
        <time>2026-08-21T07:47:01.000Z</time>
        <extensions>
          <ns3:TrackPointExtension>
            <ns3:cad>0</ns3:cad>
          </ns3:TrackPointExtension>
        </extensions>
      </trkpt>
      <trkpt lat="69.03795895166695117950439453125" lon="20.28396134264767169952392578125">
        <ele>688.79998779296875</ele>
        <time>2026-08-21T07:47:08.000Z</time>
        <extensions>
          <ns3:TrackPointExtension>
            <ns3:cad>0</ns3:cad>
          </ns3:TrackPointExtension>
        </extensions>
      </trkpt>
      <trkpt lat="69.03792626224458217620849609375" lon="20.28410308063030242919921875">
        <ele>689</ele>
        <time>2026-08-21T07:47:15.000Z</time>
        <extensions>
          <ns3:TrackPointExtension>
            <ns3:cad>0</ns3:cad>
          </ns3:TrackPointExtension>
        </extensions>
      </trkpt>
      <trkpt lat="69.03789692558348178863525390625" lon="20.28419838286936283111572265625">
        <ele>689</ele>
        <time>2026-08-21T07:47:21.000Z</time>
        <extensions>
          <ns3:TrackPointExtension>
            <ns3:cad>0</ns3:cad>
          </ns3:TrackPointExtension>
        </extensions>
      </trkpt>
      <trkpt lat="69.03788753785192966461181640625" lon="20.284214057028293609619140625">
        <ele>689</ele>
        <time>2026-08-21T07:47:22.000Z</time>
        <extensions>
          <ns3:TrackPointExtension>
            <ns3:cad>0</ns3:cad>
          </ns3:TrackPointExtension>
        </extensions>
      </trkpt>
      <trkpt lat="69.037875719368457794189453125" lon="20.28426996432244777679443359375">
        <ele>689</ele>
        <time>2026-08-21T07:47:27.000Z</time>
        <extensions>
          <ns3:TrackPointExtension>
            <ns3:cad>60</ns3:cad>
          </ns3:TrackPointExtension>
        </extensions>
      </trkpt>
      <trkpt lat="69.0378594584763050079345703125" lon="20.28431388549506664276123046875">
        <ele>689</ele>
        <time>2026-08-21T07:47:30.000Z</time>
        <extensions>
          <ns3:TrackPointExtension>
            <ns3:cad>0</ns3:cad>
          </ns3:TrackPointExtension>
        </extensions>
      </trkpt>
      <trkpt lat="69.03782467357814311981201171875" lon="20.28439954854547977447509765625">
        <ele>688.79998779296875</ele>
        <time>2026-08-21T07:47:34.000Z</time>
        <extensions>
          <ns3:TrackPointExtension>
            <ns3:cad>0</ns3:cad>
          </ns3:TrackPointExtension>
        </extensions>
      </trkpt>
      <trkpt lat="69.03776943683624267578125" lon="20.28448035009205341339111328125">
        <ele>688.5999755859375</ele>
        <time>2026-08-21T07:47:40.000Z</time>
        <extensions>
          <ns3:TrackPointExtension>
            <ns3:cad>0</ns3:cad>
          </ns3:TrackPointExtension>
        </extensions>
      </trkpt>
      <trkpt lat="69.03773448430001735687255859375" lon="20.28455159626901149749755859375">
        <ele>688.79998779296875</ele>
        <time>2026-08-21T07:47:45.000Z</time>
        <extensions>
          <ns3:TrackPointExtension>
            <ns3:cad>0</ns3:cad>
          </ns3:TrackPointExtension>
        </extensions>
      </trkpt>
      <trkpt lat="69.0377082489430904388427734375" lon="20.28468084521591663360595703125">
        <ele>688.5999755859375</ele>
        <time>2026-08-21T07:47:51.000Z</time>
        <extensions>
          <ns3:TrackPointExtension>
            <ns3:cad>44</ns3:cad>
          </ns3:TrackPointExtension>
        </extensions>
      </trkpt>
      <trkpt lat="69.0376660041511058807373046875" lon="20.284849070012569427490234375">
        <ele>688.5999755859375</ele>
        <time>2026-08-21T07:47:59.000Z</time>
        <extensions>
          <ns3:TrackPointExtension>
            <ns3:cad>0</ns3:cad>
          </ns3:TrackPointExtension>
        </extensions>
      </trkpt>
      <trkpt lat="69.03762166388332843780517578125" lon="20.28499734587967395782470703125">
        <ele>688.5999755859375</ele>
        <time>2026-08-21T07:48:06.000Z</time>
        <extensions>
          <ns3:TrackPointExtension>
            <ns3:cad>0</ns3:cad>
          </ns3:TrackPointExtension>
        </extensions>
      </trkpt>
      <trkpt lat="69.03759567998349666595458984375" lon="20.28510781936347484588623046875">
        <ele>688.5999755859375</ele>
        <time>2026-08-21T07:48:12.000Z</time>
        <extensions>
          <ns3:TrackPointExtension>
            <ns3:cad>0</ns3:cad>
          </ns3:TrackPointExtension>
        </extensions>
      </trkpt>
      <trkpt lat="69.0375536866486072540283203125" lon="20.28525232337415218353271484375">
        <ele>688.4000244140625</ele>
        <time>2026-08-21T07:48:19.000Z</time>
        <extensions>
          <ns3:TrackPointExtension>
            <ns3:cad>0</ns3:cad>
          </ns3:TrackPointExtension>
        </extensions>
      </trkpt>
      <trkpt lat="69.03752736747264862060546875" lon="20.28537754900753498077392578125">
        <ele>688.4000244140625</ele>
        <time>2026-08-21T07:48:25.000Z</time>
        <extensions>
          <ns3:TrackPointExtension>
            <ns3:cad>0</ns3:cad>
          </ns3:TrackPointExtension>
        </extensions>
      </trkpt>
      <trkpt lat="69.03748101554811000823974609375" lon="20.2855023555457592010498046875">
        <ele>688.20001220703125</ele>
        <time>2026-08-21T07:48:33.000Z</time>
        <extensions>
          <ns3:TrackPointExtension>
            <ns3:cad>0</ns3:cad>
          </ns3:TrackPointExtension>
        </extensions>
      </trkpt>
      <trkpt lat="69.03746877796947956085205078125" lon="20.28554342687129974365234375">
        <ele>688</ele>
        <time>2026-08-21T07:48:35.000Z</time>
        <extensions>
          <ns3:TrackPointExtension>
            <ns3:cad>0</ns3:cad>
          </ns3:TrackPointExtension>
        </extensions>
      </trkpt>
      <trkpt lat="69.03743374161422252655029296875" lon="20.285653062164783477783203125">
        <ele>687.79998779296875</ele>
        <time>2026-08-21T07:48:42.000Z</time>
        <extensions>
          <ns3:TrackPointExtension>
            <ns3:cad>0</ns3:cad>
          </ns3:TrackPointExtension>
        </extensions>
      </trkpt>
      <trkpt lat="69.03739459812641143798828125" lon="20.28580787591636180877685546875">
        <ele>687.79998779296875</ele>
        <time>2026-08-21T07:48:48.000Z</time>
        <extensions>
          <ns3:TrackPointExtension>
            <ns3:cad>0</ns3:cad>
          </ns3:TrackPointExtension>
        </extensions>
      </trkpt>
      <trkpt lat="69.037339948117733001708984375" lon="20.28595053590834140777587890625">
        <ele>687.79998779296875</ele>
        <time>2026-08-21T07:48:55.000Z</time>
        <extensions>
          <ns3:TrackPointExtension>
            <ns3:cad>45</ns3:cad>
          </ns3:TrackPointExtension>
        </extensions>
      </trkpt>
      <trkpt lat="69.0372931770980358123779296875" lon="20.28607391752302646636962890625">
        <ele>688</ele>
        <time>2026-08-21T07:49:02.000Z</time>
        <extensions>
          <ns3:TrackPointExtension>
            <ns3:cad>43</ns3:cad>
          </ns3:TrackPointExtension>
        </extensions>
      </trkpt>
      <trkpt lat="69.03723441995680332183837890625" lon="20.28624482452869415283203125">
        <ele>688.20001220703125</ele>
        <time>2026-08-21T07:49:11.000Z</time>
        <extensions>
          <ns3:TrackPointExtension>
            <ns3:cad>0</ns3:cad>
          </ns3:TrackPointExtension>
        </extensions>
      </trkpt>
      <trkpt lat="69.03719485737383365631103515625" lon="20.28634062968194484710693359375">
        <ele>688.4000244140625</ele>
        <time>2026-08-21T07:49:16.000Z</time>
        <extensions>
          <ns3:TrackPointExtension>
            <ns3:cad>0</ns3:cad>
          </ns3:TrackPointExtension>
        </extensions>
      </trkpt>
      <trkpt lat="69.037160575389862060546875" lon="20.286479182541370391845703125">
        <ele>688.4000244140625</ele>
        <time>2026-08-21T07:49:23.000Z</time>
        <extensions>
          <ns3:TrackPointExtension>
            <ns3:cad>43</ns3:cad>
          </ns3:TrackPointExtension>
        </extensions>
      </trkpt>
      <trkpt lat="69.03714305721223354339599609375" lon="20.28661974705755710601806640625">
        <ele>688.4000244140625</ele>
        <time>2026-08-21T07:49:28.000Z</time>
        <extensions>
          <ns3:TrackPointExtension>
            <ns3:cad>43</ns3:cad>
          </ns3:TrackPointExtension>
        </extensions>
      </trkpt>
      <trkpt lat="69.03711858205497264862060546875" lon="20.2868035621941089630126953125">
        <ele>688.4000244140625</ele>
        <time>2026-08-21T07:49:35.000Z</time>
        <extensions>
          <ns3:TrackPointExtension>
            <ns3:cad>47</ns3:cad>
          </ns3:TrackPointExtension>
        </extensions>
      </trkpt>
      <trkpt lat="69.0370822884142398834228515625" lon="20.28693289496004581451416015625">
        <ele>688.5999755859375</ele>
        <time>2026-08-21T07:49:41.000Z</time>
        <extensions>
          <ns3:TrackPointExtension>
            <ns3:cad>48</ns3:cad>
          </ns3:TrackPointExtension>
        </extensions>
      </trkpt>
      <trkpt lat="69.03704381547868251800537109375" lon="20.28712324798107147216796875">
        <ele>688.20001220703125</ele>
        <time>2026-08-21T07:49:48.000Z</time>
        <extensions>
          <ns3:TrackPointExtension>
            <ns3:cad>48</ns3:cad>
          </ns3:TrackPointExtension>
        </extensions>
      </trkpt>
      <trkpt lat="69.0370175801217555999755859375" lon="20.28733841143548488616943359375">
        <ele>688.20001220703125</ele>
        <time>2026-08-21T07:49:55.000Z</time>
        <extensions>
          <ns3:TrackPointExtension>
            <ns3:cad>0</ns3:cad>
          </ns3:TrackPointExtension>
        </extensions>
      </trkpt>
      <trkpt lat="69.0370004810392856597900390625" lon="20.287416279315948486328125">
        <ele>688.20001220703125</ele>
        <time>2026-08-21T07:50:03.000Z</time>
        <extensions>
          <ns3:TrackPointExtension>
            <ns3:cad>0</ns3:cad>
          </ns3:TrackPointExtension>
        </extensions>
      </trkpt>
      <trkpt lat="69.0369941107928752899169921875" lon="20.2873265929520130157470703125">
        <ele>687.79998779296875</ele>
        <time>2026-08-21T07:50:12.000Z</time>
        <extensions>
          <ns3:TrackPointExtension>
            <ns3:cad>0</ns3:cad>
          </ns3:TrackPointExtension>
        </extensions>
      </trkpt>
      <trkpt lat="69.0369850583374500274658203125" lon="20.28731041587889194488525390625">
        <ele>687.79998779296875</ele>
        <time>2026-08-21T07:50:18.000Z</time>
        <extensions>
          <ns3:TrackPointExtension>
            <ns3:cad>0</ns3:cad>
          </ns3:TrackPointExtension>
        </extensions>
      </trkpt>
      <trkpt lat="69.0369904227554798126220703125" lon="20.28730756603181362152099609375">
        <ele>687.79998779296875</ele>
        <time>2026-08-21T07:50:26.000Z</time>
        <extensions>
          <ns3:TrackPointExtension>
            <ns3:cad>0</ns3:cad>
          </ns3:TrackPointExtension>
        </extensions>
      </trkpt>
      <trkpt lat="69.036991931498050689697265625" lon="20.28735794126987457275390625">
        <ele>687.79998779296875</ele>
        <time>2026-08-21T07:50:36.000Z</time>
        <extensions>
          <ns3:TrackPointExtension>
            <ns3:cad>0</ns3:cad>
          </ns3:TrackPointExtension>
        </extensions>
      </trkpt>
      <trkpt lat="69.03698715381324291229248046875" lon="20.28742742724716663360595703125">
        <ele>687.4000244140625</ele>
        <time>2026-08-21T07:50:52.000Z</time>
        <extensions>
          <ns3:TrackPointExtension>
            <ns3:cad>0</ns3:cad>
          </ns3:TrackPointExtension>
        </extensions>
      </trkpt>
      <trkpt lat="69.0369411371648311614990234375" lon="20.28759020380675792694091796875">
        <ele>687.5999755859375</ele>
        <time>2026-08-21T07:50:58.000Z</time>
        <extensions>
          <ns3:TrackPointExtension>
            <ns3:cad>47</ns3:cad>
          </ns3:TrackPointExtension>
        </extensions>
      </trkpt>
      <trkpt lat="69.036926887929439544677734375" lon="20.28775683604180812835693359375">
        <ele>687.4000244140625</ele>
        <time>2026-08-21T07:51:03.000Z</time>
        <extensions>
          <ns3:TrackPointExtension>
            <ns3:cad>49</ns3:cad>
          </ns3:TrackPointExtension>
        </extensions>
      </trkpt>
      <trkpt lat="69.03689629398286342620849609375" lon="20.28792866505682468414306640625">
        <ele>687.20001220703125</ele>
        <time>2026-08-21T07:51:10.000Z</time>
        <extensions>
          <ns3:TrackPointExtension>
            <ns3:cad>47</ns3:cad>
          </ns3:TrackPointExtension>
        </extensions>
      </trkpt>
      <trkpt lat="69.036877267062664031982421875" lon="20.2880145795643329620361328125">
        <ele>687.20001220703125</ele>
        <time>2026-08-21T07:51:15.000Z</time>
        <extensions>
          <ns3:TrackPointExtension>
            <ns3:cad>0</ns3:cad>
          </ns3:TrackPointExtension>
        </extensions>
      </trkpt>
      <trkpt lat="69.03684935532510280609130859375" lon="20.288128741085529327392578125">
        <ele>687</ele>
        <time>2026-08-21T07:51:20.000Z</time>
        <extensions>
          <ns3:TrackPointExtension>
            <ns3:cad>0</ns3:cad>
          </ns3:TrackPointExtension>
        </extensions>
      </trkpt>
      <trkpt lat="69.036844410002231597900390625" lon="20.2881550602614879608154296875">
        <ele>687</ele>
        <time>2026-08-21T07:51:21.000Z</time>
        <extensions>
          <ns3:TrackPointExtension>
            <ns3:cad>0</ns3:cad>
          </ns3:TrackPointExtension>
        </extensions>
      </trkpt>
      <trkpt lat="69.036810882389545440673828125" lon="20.288306772708892822265625">
        <ele>687</ele>
        <time>2026-08-21T07:51:27.000Z</time>
        <extensions>
          <ns3:TrackPointExtension>
            <ns3:cad>45</ns3:cad>
          </ns3:TrackPointExtension>
        </extensions>
      </trkpt>
      <trkpt lat="69.03679780662059783935546875" lon="20.28832278214395046234130859375">
        <ele>687</ele>
        <time>2026-08-21T07:51:28.000Z</time>
        <extensions>
          <ns3:TrackPointExtension>
            <ns3:cad>47</ns3:cad>
          </ns3:TrackPointExtension>
        </extensions>
      </trkpt>
      <trkpt lat="69.0367617644369602203369140625" lon="20.28843191452324390411376953125">
        <ele>687</ele>
        <time>2026-08-21T07:51:32.000Z</time>
        <extensions>
          <ns3:TrackPointExtension>
            <ns3:cad>48</ns3:cad>
          </ns3:TrackPointExtension>
        </extensions>
      </trkpt>
      <trkpt lat="69.0367181785404682159423828125" lon="20.28854490257799625396728515625">
        <ele>686.5999755859375</ele>
        <time>2026-08-21T07:51:38.000Z</time>
        <extensions>
          <ns3:TrackPointExtension>
            <ns3:cad>0</ns3:cad>
          </ns3:TrackPointExtension>
        </extensions>
      </trkpt>
      <trkpt lat="69.03667702339589595794677734375" lon="20.288633666932582855224609375">
        <ele>686.20001220703125</ele>
        <time>2026-08-21T07:51:44.000Z</time>
        <extensions>
          <ns3:TrackPointExtension>
            <ns3:cad>0</ns3:cad>
          </ns3:TrackPointExtension>
        </extensions>
      </trkpt>
      <trkpt lat="69.03662270866334438323974609375" lon="20.28879233635962009429931640625">
        <ele>686.20001220703125</ele>
        <time>2026-08-21T07:51:50.000Z</time>
        <extensions>
          <ns3:TrackPointExtension>
            <ns3:cad>0</ns3:cad>
          </ns3:TrackPointExtension>
        </extensions>
      </trkpt>
      <trkpt lat="69.03658322989940643310546875" lon="20.288867689669132232666015625">
        <ele>686.4000244140625</ele>
        <time>2026-08-21T07:51:55.000Z</time>
        <extensions>
          <ns3:TrackPointExtension>
            <ns3:cad>0</ns3:cad>
          </ns3:TrackPointExtension>
        </extensions>
      </trkpt>
      <trkpt lat="69.03656051494181156158447265625" lon="20.2889503352344036102294921875">
        <ele>687.20001220703125</ele>
        <time>2026-08-21T07:52:00.000Z</time>
        <extensions>
          <ns3:TrackPointExtension>
            <ns3:cad>0</ns3:cad>
          </ns3:TrackPointExtension>
        </extensions>
      </trkpt>
      <trkpt lat="69.03654827736318111419677734375" lon="20.289040692150592803955078125">
        <ele>688.20001220703125</ele>
        <time>2026-08-21T07:52:05.000Z</time>
        <extensions>
          <ns3:TrackPointExtension>
            <ns3:cad>45</ns3:cad>
          </ns3:TrackPointExtension>
        </extensions>
      </trkpt>
      <trkpt lat="69.03653939254581928253173828125" lon="20.2890779078006744384765625">
        <ele>688.20001220703125</ele>
        <time>2026-08-21T07:52:06.000Z</time>
        <extensions>
          <ns3:TrackPointExtension>
            <ns3:cad>45</ns3:cad>
          </ns3:TrackPointExtension>
        </extensions>
      </trkpt>
      <trkpt lat="69.03651759959757328033447265625" lon="20.28921964578330516815185546875">
        <ele>688.5999755859375</ele>
        <time>2026-08-21T07:52:11.000Z</time>
        <extensions>
          <ns3:TrackPointExtension>
            <ns3:cad>47</ns3:cad>
          </ns3:TrackPointExtension>
        </extensions>
      </trkpt>
      <trkpt lat="69.03649781830608844757080078125" lon="20.28934369795024394989013671875">
        <ele>689</ele>
        <time>2026-08-21T07:52:16.000Z</time>
        <extensions>
          <ns3:TrackPointExtension>
            <ns3:cad>47</ns3:cad>
          </ns3:TrackPointExtension>
        </extensions>
      </trkpt>
      <trkpt lat="69.03647116385400295257568359375" lon="20.28946087695658206939697265625">
        <ele>689.20001220703125</ele>
        <time>2026-08-21T07:52:22.000Z</time>
        <extensions>
          <ns3:TrackPointExtension>
            <ns3:cad>47</ns3:cad>
          </ns3:TrackPointExtension>
        </extensions>
      </trkpt>
      <trkpt lat="69.03646278195083141326904296875" lon="20.2894975058734416961669921875">
        <ele>689.20001220703125</ele>
        <time>2026-08-21T07:52:24.000Z</time>
        <extensions>
          <ns3:TrackPointExtension>
            <ns3:cad>46</ns3:cad>
          </ns3:TrackPointExtension>
        </extensions>
      </trkpt>
      <trkpt lat="69.0364476107060909271240234375" lon="20.28958140872418880462646484375">
        <ele>690.20001220703125</ele>
        <time>2026-08-21T07:52:30.000Z</time>
        <extensions>
          <ns3:TrackPointExtension>
            <ns3:cad>0</ns3:cad>
          </ns3:TrackPointExtension>
        </extensions>
      </trkpt>
      <trkpt lat="69.03645942918956279754638671875" lon="20.2896879427134990692138671875">
        <ele>691</ele>
        <time>2026-08-21T07:52:37.000Z</time>
        <extensions>
          <ns3:TrackPointExtension>
            <ns3:cad>0</ns3:cad>
          </ns3:TrackPointExtension>
        </extensions>
      </trkpt>
      <trkpt lat="69.03647049330174922943115234375" lon="20.289671011269092559814453125">
        <ele>691</ele>
        <time>2026-08-21T07:52:44.000Z</time>
        <extensions>
          <ns3:TrackPointExtension>
            <ns3:cad>0</ns3:cad>
          </ns3:TrackPointExtension>
        </extensions>
      </trkpt>
      <trkpt lat="69.036468900740146636962890625" lon="20.2896894514560699462890625">
        <ele>690.79998779296875</ele>
        <time>2026-08-21T07:52:50.000Z</time>
        <extensions>
          <ns3:TrackPointExtension>
            <ns3:cad>0</ns3:cad>
          </ns3:TrackPointExtension>
        </extensions>
      </trkpt>
      <trkpt lat="69.0364704094827175140380859375" lon="20.28969506733119487762451171875">
        <ele>690.5999755859375</ele>
        <time>2026-08-21T07:53:00.000Z</time>
        <extensions>
          <ns3:TrackPointExtension>
            <ns3:cad>0</ns3:cad>
          </ns3:TrackPointExtension>
        </extensions>
      </trkpt>
      <trkpt lat="69.0364690683782100677490234375" lon="20.28970646671950817108154296875">
        <ele>690.4000244140625</ele>
        <time>2026-08-21T07:53:08.000Z</time>
        <extensions>
          <ns3:TrackPointExtension>
            <ns3:cad>0</ns3:cad>
          </ns3:TrackPointExtension>
        </extensions>
      </trkpt>
      <trkpt lat="69.03646931983530521392822265625" lon="20.28969808481633663177490234375">
        <ele>690.20001220703125</ele>
        <time>2026-08-21T07:53:16.000Z</time>
        <extensions>
          <ns3:TrackPointExtension>
            <ns3:cad>0</ns3:cad>
          </ns3:TrackPointExtension>
        </extensions>
      </trkpt>
      <trkpt lat="69.0364704094827175140380859375" lon="20.2896936424076557159423828125">
        <ele>690</ele>
        <time>2026-08-21T07:53:22.000Z</time>
        <extensions>
          <ns3:TrackPointExtension>
            <ns3:cad>0</ns3:cad>
          </ns3:TrackPointExtension>
        </extensions>
      </trkpt>
      <trkpt lat="69.03646445833146572113037109375" lon="20.289696492254734039306640625">
        <ele>690</ele>
        <time>2026-08-21T07:53:29.000Z</time>
        <extensions>
          <ns3:TrackPointExtension>
            <ns3:cad>0</ns3:cad>
          </ns3:TrackPointExtension>
        </extensions>
      </trkpt>
      <trkpt lat="69.036462865769863128662109375" lon="20.2896963246166706085205078125">
        <ele>690</ele>
        <time>2026-08-21T07:53:38.000Z</time>
        <extensions>
          <ns3:TrackPointExtension>
            <ns3:cad>0</ns3:cad>
          </ns3:TrackPointExtension>
        </extensions>
      </trkpt>
      <trkpt lat="69.0364516340196132659912109375" lon="20.28975558467209339141845703125">
        <ele>690</ele>
        <time>2026-08-21T07:53:45.000Z</time>
        <extensions>
          <ns3:TrackPointExtension>
            <ns3:cad>0</ns3:cad>
          </ns3:TrackPointExtension>
        </extensions>
      </trkpt>
      <trkpt lat="69.0364261530339717864990234375" lon="20.28989740647375583648681640625">
        <ele>689.79998779296875</ele>
        <time>2026-08-21T07:53:51.000Z</time>
        <extensions>
          <ns3:TrackPointExtension>
            <ns3:cad>0</ns3:cad>
          </ns3:TrackPointExtension>
        </extensions>
      </trkpt>
      <trkpt lat="69.03639757074415683746337890625" lon="20.29003419913351535797119140625">
        <ele>690</ele>
        <time>2026-08-21T07:53:57.000Z</time>
        <extensions>
          <ns3:TrackPointExtension>
            <ns3:cad>47</ns3:cad>
          </ns3:TrackPointExtension>
        </extensions>
      </trkpt>
      <trkpt lat="69.0363788791000843048095703125" lon="20.29013847000896930694580078125">
        <ele>690.4000244140625</ele>
        <time>2026-08-21T07:54:02.000Z</time>
        <extensions>
          <ns3:TrackPointExtension>
            <ns3:cad>49</ns3:cad>
          </ns3:TrackPointExtension>
        </extensions>
      </trkpt>
      <trkpt lat="69.03634987771511077880859375" lon="20.2902790345251560211181640625">
        <ele>690.5999755859375</ele>
        <time>2026-08-21T07:54:08.000Z</time>
        <extensions>
          <ns3:TrackPointExtension>
            <ns3:cad>47</ns3:cad>
          </ns3:TrackPointExtension>
        </extensions>
      </trkpt>
      <trkpt lat="69.0363222174346446990966796875" lon="20.29047190211713314056396484375">
        <ele>691</ele>
        <time>2026-08-21T07:54:15.000Z</time>
        <extensions>
          <ns3:TrackPointExtension>
            <ns3:cad>52</ns3:cad>
          </ns3:TrackPointExtension>
        </extensions>
      </trkpt>
      <trkpt lat="69.036305285990238189697265625" lon="20.290613472461700439453125">
        <ele>691.20001220703125</ele>
        <time>2026-08-21T07:54:21.000Z</time>
        <extensions>
          <ns3:TrackPointExtension>
            <ns3:cad>47</ns3:cad>
          </ns3:TrackPointExtension>
        </extensions>
      </trkpt>
      <trkpt lat="69.03628542087972164154052734375" lon="20.2907717227935791015625">
        <ele>691</ele>
        <time>2026-08-21T07:54:27.000Z</time>
        <extensions>
          <ns3:TrackPointExtension>
            <ns3:cad>49</ns3:cad>
          </ns3:TrackPointExtension>
        </extensions>
      </trkpt>
      <trkpt lat="69.03626111336052417755126953125" lon="20.29099141247570514678955078125">
        <ele>691</ele>
        <time>2026-08-21T07:54:35.000Z</time>
        <extensions>
          <ns3:TrackPointExtension>
            <ns3:cad>0</ns3:cad>
          </ns3:TrackPointExtension>
        </extensions>
      </trkpt>
      <trkpt lat="69.03623797930777072906494140625" lon="20.29116223566234111785888671875">
        <ele>691.20001220703125</ele>
        <time>2026-08-21T07:54:41.000Z</time>
        <extensions>
          <ns3:TrackPointExtension>
            <ns3:cad>45</ns3:cad>
          </ns3:TrackPointExtension>
        </extensions>
      </trkpt>
      <trkpt lat="69.03622473590075969696044921875" lon="20.29135384596884250640869140625">
        <ele>691.20001220703125</ele>
        <time>2026-08-21T07:54:47.000Z</time>
        <extensions>
          <ns3:TrackPointExtension>
            <ns3:cad>45</ns3:cad>
          </ns3:TrackPointExtension>
        </extensions>
      </trkpt>
      <trkpt lat="69.036220125854015350341796875" lon="20.29137329198420047760009765625">
        <ele>691.4000244140625</ele>
        <time>2026-08-21T07:54:48.000Z</time>
        <extensions>
          <ns3:TrackPointExtension>
            <ns3:cad>47</ns3:cad>
          </ns3:TrackPointExtension>
        </extensions>
      </trkpt>
      <trkpt lat="69.03619967401027679443359375" lon="20.2915336377918720245361328125">
        <ele>691.5999755859375</ele>
        <time>2026-08-21T07:54:54.000Z</time>
        <extensions>
          <ns3:TrackPointExtension>
            <ns3:cad>47</ns3:cad>
          </ns3:TrackPointExtension>
        </extensions>
      </trkpt>
      <trkpt lat="69.03617553412914276123046875" lon="20.2917493879795074462890625">
        <ele>691.79998779296875</ele>
        <time>2026-08-21T07:55:01.000Z</time>
        <extensions>
          <ns3:TrackPointExtension>
            <ns3:cad>0</ns3:cad>
          </ns3:TrackPointExtension>
        </extensions>
      </trkpt>
      <trkpt lat="69.03615147806704044342041015625" lon="20.29191224835813045501708984375">
        <ele>691.79998779296875</ele>
        <time>2026-08-21T07:55:08.000Z</time>
        <extensions>
          <ns3:TrackPointExtension>
            <ns3:cad>48</ns3:cad>
          </ns3:TrackPointExtension>
        </extensions>
      </trkpt>
      <trkpt lat="69.03613806702196598052978515625" lon="20.292076952755451202392578125">
        <ele>692</ele>
        <time>2026-08-21T07:55:14.000Z</time>
        <extensions>
          <ns3:TrackPointExtension>
            <ns3:cad>44</ns3:cad>
          </ns3:TrackPointExtension>
        </extensions>
      </trkpt>
      <trkpt lat="69.0361131727695465087890625" lon="20.29229345731437206268310546875">
        <ele>691.79998779296875</ele>
        <time>2026-08-21T07:55:22.000Z</time>
        <extensions>
          <ns3:TrackPointExtension>
            <ns3:cad>0</ns3:cad>
          </ns3:TrackPointExtension>
        </extensions>
      </trkpt>
      <trkpt lat="69.03610370121896266937255859375" lon="20.2923218719661235809326171875">
        <ele>692</ele>
        <time>2026-08-21T07:55:23.000Z</time>
        <extensions>
          <ns3:TrackPointExtension>
            <ns3:cad>0</ns3:cad>
          </ns3:TrackPointExtension>
        </extensions>
      </trkpt>
      <trkpt lat="69.03607604093849658966064453125" lon="20.29248389415442943572998046875">
        <ele>692</ele>
        <time>2026-08-21T07:55:30.000Z</time>
        <extensions>
          <ns3:TrackPointExtension>
            <ns3:cad>45</ns3:cad>
          </ns3:TrackPointExtension>
        </extensions>
      </trkpt>
      <trkpt lat="69.036038406193256378173828125" lon="20.29262253083288669586181640625">
        <ele>692.20001220703125</ele>
        <time>2026-08-21T07:55:37.000Z</time>
        <extensions>
          <ns3:TrackPointExtension>
            <ns3:cad>0</ns3:cad>
          </ns3:TrackPointExtension>
        </extensions>
      </trkpt>
      <trkpt lat="69.03601619414985179901123046875" lon="20.2928221039474010467529296875">
        <ele>692.20001220703125</ele>
        <time>2026-08-21T07:55:44.000Z</time>
        <extensions>
          <ns3:TrackPointExtension>
            <ns3:cad>0</ns3:cad>
          </ns3:TrackPointExtension>
        </extensions>
      </trkpt>
      <trkpt lat="69.03599557466804981231689453125" lon="20.29296015389263629913330078125">
        <ele>692</ele>
        <time>2026-08-21T07:55:51.000Z</time>
        <extensions>
          <ns3:TrackPointExtension>
            <ns3:cad>0</ns3:cad>
          </ns3:TrackPointExtension>
        </extensions>
      </trkpt>
      <trkpt lat="69.03597570955753326416015625" lon="20.2930728904902935028076171875">
        <ele>692</ele>
        <time>2026-08-21T07:55:56.000Z</time>
        <extensions>
          <ns3:TrackPointExtension>
            <ns3:cad>0</ns3:cad>
          </ns3:TrackPointExtension>
        </extensions>
      </trkpt>
      <trkpt lat="69.035967998206615447998046875" lon="20.293142795562744140625">
        <ele>692</ele>
        <time>2026-08-21T07:55:58.000Z</time>
        <extensions>
          <ns3:TrackPointExtension>
            <ns3:cad>0</ns3:cad>
          </ns3:TrackPointExtension>
        </extensions>
      </trkpt>
      <trkpt lat="69.035942517220973968505859375" lon="20.2932814322412014007568359375">
        <ele>691.4000244140625</ele>
        <time>2026-08-21T07:56:05.000Z</time>
        <extensions>
          <ns3:TrackPointExtension>
            <ns3:cad>0</ns3:cad>
          </ns3:TrackPointExtension>
        </extensions>
      </trkpt>
      <trkpt lat="69.03591510839760303497314453125" lon="20.29345686547458171844482421875">
        <ele>691</ele>
        <time>2026-08-21T07:56:11.000Z</time>
        <extensions>
          <ns3:TrackPointExtension>
            <ns3:cad>0</ns3:cad>
          </ns3:TrackPointExtension>
        </extensions>
      </trkpt>
      <trkpt lat="69.035904966294765472412109375" lon="20.29355023987591266632080078125">
        <ele>690.4000244140625</ele>
        <time>2026-08-21T07:56:16.000Z</time>
        <extensions>
          <ns3:TrackPointExtension>
            <ns3:cad>0</ns3:cad>
          </ns3:TrackPointExtension>
        </extensions>
      </trkpt>
      <trkpt lat="69.03588275425136089324951171875" lon="20.29367596842348575592041015625">
        <ele>690.5999755859375</ele>
        <time>2026-08-21T07:56:23.000Z</time>
        <extensions>
          <ns3:TrackPointExtension>
            <ns3:cad>43</ns3:cad>
          </ns3:TrackPointExtension>
        </extensions>
      </trkpt>
      <trkpt lat="69.03587571345269680023193359375" lon="20.2937357313930988311767578125">
        <ele>690.5999755859375</ele>
        <time>2026-08-21T07:56:25.000Z</time>
        <extensions>
          <ns3:TrackPointExtension>
            <ns3:cad>43</ns3:cad>
          </ns3:TrackPointExtension>
        </extensions>
      </trkpt>
      <trkpt lat="69.03587219305336475372314453125" lon="20.2937980927526950836181640625">
        <ele>690.79998779296875</ele>
        <time>2026-08-21T07:56:29.000Z</time>
        <extensions>
          <ns3:TrackPointExtension>
            <ns3:cad>0</ns3:cad>
          </ns3:TrackPointExtension>
        </extensions>
      </trkpt>
      <trkpt lat="69.035875797271728515625" lon="20.29378174804151058197021484375">
        <ele>690.79998779296875</ele>
        <time>2026-08-21T07:56:31.000Z</time>
        <extensions>
          <ns3:TrackPointExtension>
            <ns3:cad>0</ns3:cad>
          </ns3:TrackPointExtension>
        </extensions>
      </trkpt>
      <trkpt lat="69.03587202541530132293701171875" lon="20.2937806583940982818603515625">
        <ele>691</ele>
        <time>2026-08-21T07:56:34.000Z</time>
        <extensions>
          <ns3:TrackPointExtension>
            <ns3:cad>0</ns3:cad>
          </ns3:TrackPointExtension>
        </extensions>
      </trkpt>
      <trkpt lat="69.03587956912815570831298828125" lon="20.29376599006354808807373046875">
        <ele>691</ele>
        <time>2026-08-21T07:56:42.000Z</time>
        <extensions>
          <ns3:TrackPointExtension>
            <ns3:cad>0</ns3:cad>
          </ns3:TrackPointExtension>
        </extensions>
      </trkpt>
      <trkpt lat="69.0358856879174709320068359375" lon="20.2937404252588748931884765625">
        <ele>690.79998779296875</ele>
        <time>2026-08-21T07:56:51.000Z</time>
        <extensions>
          <ns3:TrackPointExtension>
            <ns3:cad>0</ns3:cad>
          </ns3:TrackPointExtension>
        </extensions>
      </trkpt>
      <trkpt lat="69.03587923385202884674072265625" lon="20.29375056736171245574951171875">
        <ele>690.5999755859375</ele>
        <time>2026-08-21T07:56:57.000Z</time>
        <extensions>
          <ns3:TrackPointExtension>
            <ns3:cad>0</ns3:cad>
          </ns3:TrackPointExtension>
        </extensions>
      </trkpt>
      <trkpt lat="69.0358779765665531158447265625" lon="20.293816365301609039306640625">
        <ele>690.5999755859375</ele>
        <time>2026-08-21T07:57:05.000Z</time>
        <extensions>
          <ns3:TrackPointExtension>
            <ns3:cad>0</ns3:cad>
          </ns3:TrackPointExtension>
        </extensions>
      </trkpt>
      <trkpt lat="69.03587034903466701507568359375" lon="20.293853580951690673828125">
        <ele>690.5999755859375</ele>
        <time>2026-08-21T07:57:12.000Z</time>
        <extensions>
          <ns3:TrackPointExtension>
            <ns3:cad>0</ns3:cad>
          </ns3:TrackPointExtension>
        </extensions>
      </trkpt>
      <trkpt lat="69.03586112894117832183837890625" lon="20.29391803778707981109619140625">
        <ele>690.5999755859375</ele>
        <time>2026-08-21T07:57:18.000Z</time>
        <extensions>
          <ns3:TrackPointExtension>
            <ns3:cad>0</ns3:cad>
          </ns3:TrackPointExtension>
        </extensions>
      </trkpt>
      <trkpt lat="69.03585408814251422882080078125" lon="20.29400269500911235809326171875">
        <ele>690.20001220703125</ele>
        <time>2026-08-21T07:57:23.000Z</time>
        <extensions>
          <ns3:TrackPointExtension>
            <ns3:cad>0</ns3:cad>
          </ns3:TrackPointExtension>
        </extensions>
      </trkpt>
      <trkpt lat="69.03585190884768962860107421875" lon="20.29406354762613773345947265625">
        <ele>690</ele>
        <time>2026-08-21T07:57:25.000Z</time>
        <extensions>
          <ns3:TrackPointExtension>
            <ns3:cad>0</ns3:cad>
          </ns3:TrackPointExtension>
        </extensions>
      </trkpt>
      <trkpt lat="69.03582441620528697967529296875" lon="20.29428684152662754058837890625">
        <ele>689.4000244140625</ele>
        <time>2026-08-21T07:57:33.000Z</time>
        <extensions>
          <ns3:TrackPointExtension>
            <ns3:cad>0</ns3:cad>
          </ns3:TrackPointExtension>
        </extensions>
      </trkpt>
      <trkpt lat="69.035818465054035186767578125" lon="20.2943160943686962127685546875">
        <ele>689.20001220703125</ele>
        <time>2026-08-21T07:57:35.000Z</time>
        <extensions>
          <ns3:TrackPointExtension>
            <ns3:cad>0</ns3:cad>
          </ns3:TrackPointExtension>
        </extensions>
      </trkpt>
      <trkpt lat="69.03579533100128173828125" lon="20.2943727560341358184814453125">
        <ele>688.5999755859375</ele>
        <time>2026-08-21T07:57:40.000Z</time>
        <extensions>
          <ns3:TrackPointExtension>
            <ns3:cad>0</ns3:cad>
          </ns3:TrackPointExtension>
        </extensions>
      </trkpt>
      <trkpt lat="69.03579876758158206939697265625" lon="20.294476188719272613525390625">
        <ele>688.20001220703125</ele>
        <time>2026-08-21T07:57:47.000Z</time>
        <extensions>
          <ns3:TrackPointExtension>
            <ns3:cad>0</ns3:cad>
          </ns3:TrackPointExtension>
        </extensions>
      </trkpt>
      <trkpt lat="69.03576540760695934295654296875" lon="20.29454165138304233551025390625">
        <ele>688.20001220703125</ele>
        <time>2026-08-21T07:57:54.000Z</time>
        <extensions>
          <ns3:TrackPointExtension>
            <ns3:cad>0</ns3:cad>
          </ns3:TrackPointExtension>
        </extensions>
      </trkpt>
      <trkpt lat="69.03572500683367252349853515625" lon="20.29460250400006771087646484375">
        <ele>688.20001220703125</ele>
        <time>2026-08-21T07:57:59.000Z</time>
        <extensions>
          <ns3:TrackPointExtension>
            <ns3:cad>0</ns3:cad>
          </ns3:TrackPointExtension>
        </extensions>
      </trkpt>
      <trkpt lat="69.03571327216923236846923828125" lon="20.2946845628321170806884765625">
        <ele>688.20001220703125</ele>
        <time>2026-08-21T07:58:05.000Z</time>
        <extensions>
          <ns3:TrackPointExtension>
            <ns3:cad>0</ns3:cad>
          </ns3:TrackPointExtension>
        </extensions>
      </trkpt>
      <trkpt lat="69.03570120222866535186767578125" lon="20.2947546355426311492919921875">
        <ele>688.20001220703125</ele>
        <time>2026-08-21T07:58:07.000Z</time>
        <extensions>
          <ns3:TrackPointExtension>
            <ns3:cad>0</ns3:cad>
          </ns3:TrackPointExtension>
        </extensions>
      </trkpt>
      <trkpt lat="69.0356925688683986663818359375" lon="20.2948176674544811248779296875">
        <ele>688.5999755859375</ele>
        <time>2026-08-21T07:58:14.000Z</time>
        <extensions>
          <ns3:TrackPointExtension>
            <ns3:cad>0</ns3:cad>
          </ns3:TrackPointExtension>
        </extensions>
      </trkpt>
      <trkpt lat="69.0356650762259960174560546875" lon="20.29490089975297451019287109375">
        <ele>688.5999755859375</ele>
        <time>2026-08-21T07:58:20.000Z</time>
        <extensions>
          <ns3:TrackPointExtension>
            <ns3:cad>0</ns3:cad>
          </ns3:TrackPointExtension>
        </extensions>
      </trkpt>
      <trkpt lat="69.03562928549945354461669921875" lon="20.2950225211679935455322265625">
        <ele>688.4000244140625</ele>
        <time>2026-08-21T07:58:27.000Z</time>
        <extensions>
          <ns3:TrackPointExtension>
            <ns3:cad>0</ns3:cad>
          </ns3:TrackPointExtension>
        </extensions>
      </trkpt>
      <trkpt lat="69.03559274040162563323974609375" lon="20.29515319503843784332275390625">
        <ele>688.20001220703125</ele>
        <time>2026-08-21T07:58:33.000Z</time>
        <extensions>
          <ns3:TrackPointExtension>
            <ns3:cad>0</ns3:cad>
          </ns3:TrackPointExtension>
        </extensions>
      </trkpt>
      <trkpt lat="69.03556088916957378387451171875" lon="20.2952867187559604644775390625">
        <ele>687.79998779296875</ele>
        <time>2026-08-21T07:58:40.000Z</time>
        <extensions>
          <ns3:TrackPointExtension>
            <ns3:cad>0</ns3:cad>
          </ns3:TrackPointExtension>
        </extensions>
      </trkpt>
      <trkpt lat="69.035563655197620391845703125" lon="20.2953987009823322296142578125">
        <ele>687.5999755859375</ele>
        <time>2026-08-21T07:58:46.000Z</time>
        <extensions>
          <ns3:TrackPointExtension>
            <ns3:cad>0</ns3:cad>
          </ns3:TrackPointExtension>
        </extensions>
      </trkpt>
      <trkpt lat="69.03553356416523456573486328125" lon="20.29553540982306003570556640625">
        <ele>687.79998779296875</ele>
        <time>2026-08-21T07:58:53.000Z</time>
        <extensions>
          <ns3:TrackPointExtension>
            <ns3:cad>0</ns3:cad>
          </ns3:TrackPointExtension>
        </extensions>
      </trkpt>
      <trkpt lat="69.03551571071147918701171875" lon="20.2956863678991794586181640625">
        <ele>687.79998779296875</ele>
        <time>2026-08-21T07:59:02.000Z</time>
        <extensions>
          <ns3:TrackPointExtension>
            <ns3:cad>0</ns3:cad>
          </ns3:TrackPointExtension>
        </extensions>
      </trkpt>
      <trkpt lat="69.03552115894854068756103515625" lon="20.2957349829375743865966796875">
        <ele>688</ele>
        <time>2026-08-21T07:59:08.000Z</time>
        <extensions>
          <ns3:TrackPointExtension>
            <ns3:cad>0</ns3:cad>
          </ns3:TrackPointExtension>
        </extensions>
      </trkpt>
      <trkpt lat="69.03554060496389865875244140625" lon="20.2958352304995059967041015625">
        <ele>688</ele>
        <time>2026-08-21T07:59:15.000Z</time>
        <extensions>
          <ns3:TrackPointExtension>
            <ns3:cad>0</ns3:cad>
          </ns3:TrackPointExtension>
        </extensions>
      </trkpt>
      <trkpt lat="69.03556776233017444610595703125" lon="20.295907147228717803955078125">
        <ele>687.79998779296875</ele>
        <time>2026-08-21T07:59:21.000Z</time>
        <extensions>
          <ns3:TrackPointExtension>
            <ns3:cad>0</ns3:cad>
          </ns3:TrackPointExtension>
        </extensions>
      </trkpt>
      <trkpt lat="69.03558385558426380157470703125" lon="20.2960407547652721405029296875">
        <ele>687.79998779296875</ele>
        <time>2026-08-21T07:59:27.000Z</time>
        <extensions>
          <ns3:TrackPointExtension>
            <ns3:cad>0</ns3:cad>
          </ns3:TrackPointExtension>
        </extensions>
      </trkpt>
      <trkpt lat="69.03559743426740169525146484375" lon="20.2961884438991546630859375">
        <ele>688</ele>
        <time>2026-08-21T07:59:34.000Z</time>
        <extensions>
          <ns3:TrackPointExtension>
            <ns3:cad>0</ns3:cad>
          </ns3:TrackPointExtension>
        </extensions>
      </trkpt>
      <trkpt lat="69.035615622997283935546875" lon="20.29630067758262157440185546875">
        <ele>688</ele>
        <time>2026-08-21T07:59:41.000Z</time>
        <extensions>
          <ns3:TrackPointExtension>
            <ns3:cad>0</ns3:cad>
          </ns3:TrackPointExtension>
        </extensions>
      </trkpt>
      <trkpt lat="69.0356369130313396453857421875" lon="20.2963813953101634979248046875">
        <ele>688</ele>
        <time>2026-08-21T07:59:48.000Z</time>
        <extensions>
          <ns3:TrackPointExtension>
            <ns3:cad>0</ns3:cad>
          </ns3:TrackPointExtension>
        </extensions>
      </trkpt>
      <trkpt lat="69.035656191408634185791015625" lon="20.29647921212017536163330078125">
        <ele>687.79998779296875</ele>
        <time>2026-08-21T07:59:55.000Z</time>
        <extensions>
          <ns3:TrackPointExtension>
            <ns3:cad>70</ns3:cad>
          </ns3:TrackPointExtension>
        </extensions>
      </trkpt>
      <trkpt lat="69.035652838647365570068359375" lon="20.29664517380297183990478515625">
        <ele>687.20001220703125</ele>
        <time>2026-08-21T08:00:02.000Z</time>
        <extensions>
          <ns3:TrackPointExtension>
            <ns3:cad>0</ns3:cad>
          </ns3:TrackPointExtension>
        </extensions>
      </trkpt>
      <trkpt lat="69.035656861960887908935546875" lon="20.296678952872753143310546875">
        <ele>687</ele>
        <time>2026-08-21T08:00:04.000Z</time>
        <extensions>
          <ns3:TrackPointExtension>
            <ns3:cad>0</ns3:cad>
          </ns3:TrackPointExtension>
        </extensions>
      </trkpt>
      <trkpt lat="69.03564219363033771514892578125" lon="20.29676972888410091400146484375">
        <ele>686.5999755859375</ele>
        <time>2026-08-21T08:00:08.000Z</time>
        <extensions>
          <ns3:TrackPointExtension>
            <ns3:cad>0</ns3:cad>
          </ns3:TrackPointExtension>
        </extensions>
      </trkpt>
      <trkpt lat="69.03562995605170726776123046875" lon="20.29693786986172199249267578125">
        <ele>686.5999755859375</ele>
        <time>2026-08-21T08:00:14.000Z</time>
        <extensions>
          <ns3:TrackPointExtension>
            <ns3:cad>0</ns3:cad>
          </ns3:TrackPointExtension>
        </extensions>
      </trkpt>
      <trkpt lat="69.03561000712215900421142578125" lon="20.29703627340495586395263671875">
        <ele>686.79998779296875</ele>
        <time>2026-08-21T08:00:20.000Z</time>
        <extensions>
          <ns3:TrackPointExtension>
            <ns3:cad>0</ns3:cad>
          </ns3:TrackPointExtension>
        </extensions>
      </trkpt>
      <trkpt lat="69.03560824692249298095703125" lon="20.2971451543271541595458984375">
        <ele>687.20001220703125</ele>
        <time>2026-08-21T08:00:26.000Z</time>
        <extensions>
          <ns3:TrackPointExtension>
            <ns3:cad>0</ns3:cad>
          </ns3:TrackPointExtension>
        </extensions>
      </trkpt>
      <trkpt lat="69.0355869568884372711181640625" lon="20.2972571365535259246826171875">
        <ele>687.20001220703125</ele>
        <time>2026-08-21T08:00:33.000Z</time>
        <extensions>
          <ns3:TrackPointExtension>
            <ns3:cad>18</ns3:cad>
          </ns3:TrackPointExtension>
        </extensions>
      </trkpt>
      <trkpt lat="69.03555233962833881378173828125" lon="20.2973506785929203033447265625">
        <ele>687</ele>
        <time>2026-08-21T08:00:39.000Z</time>
        <extensions>
          <ns3:TrackPointExtension>
            <ns3:cad>0</ns3:cad>
          </ns3:TrackPointExtension>
        </extensions>
      </trkpt>
      <trkpt lat="69.0355115197598934173583984375" lon="20.297511108219623565673828125">
        <ele>686.79998779296875</ele>
        <time>2026-08-21T08:00:46.000Z</time>
        <extensions>
          <ns3:TrackPointExtension>
            <ns3:cad>0</ns3:cad>
          </ns3:TrackPointExtension>
        </extensions>
      </trkpt>
      <trkpt lat="69.03548729605972766876220703125" lon="20.297655276954174041748046875">
        <ele>687</ele>
        <time>2026-08-21T08:00:52.000Z</time>
        <extensions>
          <ns3:TrackPointExtension>
            <ns3:cad>52</ns3:cad>
          </ns3:TrackPointExtension>
        </extensions>
      </trkpt>
      <trkpt lat="69.0354828536510467529296875" lon="20.29780791141092777252197265625">
        <ele>687.20001220703125</ele>
        <time>2026-08-21T08:00:58.000Z</time>
        <extensions>
          <ns3:TrackPointExtension>
            <ns3:cad>0</ns3:cad>
          </ns3:TrackPointExtension>
        </extensions>
      </trkpt>
      <trkpt lat="69.035470448434352874755859375" lon="20.297938920557498931884765625">
        <ele>687.4000244140625</ele>
        <time>2026-08-21T08:01:03.000Z</time>
        <extensions>
          <ns3:TrackPointExtension>
            <ns3:cad>0</ns3:cad>
          </ns3:TrackPointExtension>
        </extensions>
      </trkpt>
      <trkpt lat="69.0354565344750881195068359375" lon="20.298097841441631317138671875">
        <ele>688</ele>
        <time>2026-08-21T08:01:10.000Z</time>
        <extensions>
          <ns3:TrackPointExtension>
            <ns3:cad>0</ns3:cad>
          </ns3:TrackPointExtension>
        </extensions>
      </trkpt>
      <trkpt lat="69.0354535169899463653564453125" lon="20.2981097437441349029541015625">
        <ele>688.20001220703125</ele>
        <time>2026-08-21T08:01:11.000Z</time>
        <extensions>
          <ns3:TrackPointExtension>
            <ns3:cad>0</ns3:cad>
          </ns3:TrackPointExtension>
        </extensions>
      </trkpt>
      <trkpt lat="69.03544521890580654144287109375" lon="20.2982760407030582427978515625">
        <ele>688.5999755859375</ele>
        <time>2026-08-21T08:01:19.000Z</time>
        <extensions>
          <ns3:TrackPointExtension>
            <ns3:cad>0</ns3:cad>
          </ns3:TrackPointExtension>
        </extensions>
      </trkpt>
      <trkpt lat="69.03541957028210163116455078125" lon="20.298388190567493438720703125">
        <ele>688.4000244140625</ele>
        <time>2026-08-21T08:01:25.000Z</time>
        <extensions>
          <ns3:TrackPointExtension>
            <ns3:cad>0</ns3:cad>
          </ns3:TrackPointExtension>
        </extensions>
      </trkpt>
      <trkpt lat="69.03537749312818050384521484375" lon="20.2985419146716594696044921875">
        <ele>688.4000244140625</ele>
        <time>2026-08-21T08:01:32.000Z</time>
        <extensions>
          <ns3:TrackPointExtension>
            <ns3:cad>44</ns3:cad>
          </ns3:TrackPointExtension>
        </extensions>
      </trkpt>
      <trkpt lat="69.0353368408977985382080078125" lon="20.298716761171817779541015625">
        <ele>688</ele>
        <time>2026-08-21T08:01:38.000Z</time>
        <extensions>
          <ns3:TrackPointExtension>
            <ns3:cad>0</ns3:cad>
          </ns3:TrackPointExtension>
        </extensions>
      </trkpt>
      <trkpt lat="69.03535117395222187042236328125" lon="20.29887844808399677276611328125">
        <ele>688.4000244140625</ele>
        <time>2026-08-21T08:01:44.000Z</time>
        <extensions>
          <ns3:TrackPointExtension>
            <ns3:cad>48</ns3:cad>
          </ns3:TrackPointExtension>
        </extensions>
      </trkpt>
      <trkpt lat="69.03536039404571056365966796875" lon="20.29893712140619754791259765625">
        <ele>689.20001220703125</ele>
        <time>2026-08-21T08:01:50.000Z</time>
        <extensions>
          <ns3:TrackPointExtension>
            <ns3:cad>0</ns3:cad>
          </ns3:TrackPointExtension>
        </extensions>
      </trkpt>
      <trkpt lat="69.035360813140869140625" lon="20.29896109364926815032958984375">
        <ele>689.20001220703125</ele>
        <time>2026-08-21T08:01:51.000Z</time>
        <extensions>
          <ns3:TrackPointExtension>
            <ns3:cad>0</ns3:cad>
          </ns3:TrackPointExtension>
        </extensions>
      </trkpt>
      <trkpt lat="69.03536307625472545623779296875" lon="20.2989784441888332366943359375">
        <ele>689.20001220703125</ele>
        <time>2026-08-21T08:01:57.000Z</time>
        <extensions>
          <ns3:TrackPointExtension>
            <ns3:cad>0</ns3:cad>
          </ns3:TrackPointExtension>
        </extensions>
      </trkpt>
      <trkpt lat="69.035384953022003173828125" lon="20.2991093695163726806640625">
        <ele>689.4000244140625</ele>
        <time>2026-08-21T08:02:01.000Z</time>
        <extensions>
          <ns3:TrackPointExtension>
            <ns3:cad>66</ns3:cad>
          </ns3:TrackPointExtension>
        </extensions>
      </trkpt>
      <trkpt lat="69.03538654558360576629638671875" lon="20.29913174919784069061279296875">
        <ele>689.20001220703125</ele>
        <time>2026-08-21T08:02:03.000Z</time>
        <extensions>
          <ns3:TrackPointExtension>
            <ns3:cad>0</ns3:cad>
          </ns3:TrackPointExtension>
        </extensions>
      </trkpt>
      <trkpt lat="69.0353836119174957275390625" lon="20.29911381192505359649658203125">
        <ele>688.5999755859375</ele>
        <time>2026-08-21T08:18:00.000Z</time>
        <extensions>
          <ns3:TrackPointExtension>
            <ns3:cad>0</ns3:cad>
          </ns3:TrackPointExtension>
        </extensions>
      </trkpt>
      <trkpt lat="69.0353841148316860198974609375" lon="20.29912336729466915130615234375">
        <ele>688.4000244140625</ele>
        <time>2026-08-21T08:18:03.000Z</time>
        <extensions>
          <ns3:TrackPointExtension>
            <ns3:cad>0</ns3:cad>
          </ns3:TrackPointExtension>
        </extensions>
      </trkpt>
      <trkpt lat="69.03538428246974945068359375" lon="20.29925462789833545684814453125">
        <ele>688.5999755859375</ele>
        <time>2026-08-21T08:18:10.000Z</time>
        <extensions>
          <ns3:TrackPointExtension>
            <ns3:cad>0</ns3:cad>
          </ns3:TrackPointExtension>
        </extensions>
      </trkpt>
      <trkpt lat="69.03537849895656108856201171875" lon="20.299384631216526031494140625">
        <ele>689.20001220703125</ele>
        <time>2026-08-21T08:18:16.000Z</time>
        <extensions>
          <ns3:TrackPointExtension>
            <ns3:cad>0</ns3:cad>
          </ns3:TrackPointExtension>
        </extensions>
      </trkpt>
      <trkpt lat="69.0353702008724212646484375" lon="20.29954950325191020965576171875">
        <ele>689.5999755859375</ele>
        <time>2026-08-21T08:18:23.000Z</time>
        <extensions>
          <ns3:TrackPointExtension>
            <ns3:cad>0</ns3:cad>
          </ns3:TrackPointExtension>
        </extensions>
      </trkpt>
      <trkpt lat="69.03536927886307239532470703125" lon="20.29969266615808010101318359375">
        <ele>690</ele>
        <time>2026-08-21T08:18:29.000Z</time>
        <extensions>
          <ns3:TrackPointExtension>
            <ns3:cad>0</ns3:cad>
          </ns3:TrackPointExtension>
        </extensions>
      </trkpt>
      <trkpt lat="69.03535469435155391693115234375" lon="20.29986298643052577972412109375">
        <ele>690.20001220703125</ele>
        <time>2026-08-21T08:18:35.000Z</time>
        <extensions>
          <ns3:TrackPointExtension>
            <ns3:cad>0</ns3:cad>
          </ns3:TrackPointExtension>
        </extensions>
      </trkpt>
      <trkpt lat="69.03535502962768077850341796875" lon="20.29989450238645076751708984375">
        <ele>690.20001220703125</ele>
        <time>2026-08-21T08:18:36.000Z</time>
        <extensions>
          <ns3:TrackPointExtension>
            <ns3:cad>0</ns3:cad>
          </ns3:TrackPointExtension>
        </extensions>
      </trkpt>
      <trkpt lat="69.03534078039228916168212890625" lon="20.299913696944713592529296875">
        <ele>690.20001220703125</ele>
        <time>2026-08-21T08:18:38.000Z</time>
        <extensions>
          <ns3:TrackPointExtension>
            <ns3:cad>0</ns3:cad>
          </ns3:TrackPointExtension>
        </extensions>
      </trkpt>
      <trkpt lat="69.03532267548143863677978515625" lon="20.2999343164265155792236328125">
        <ele>690.4000244140625</ele>
        <time>2026-08-21T08:18:41.000Z</time>
        <extensions>
          <ns3:TrackPointExtension>
            <ns3:cad>0</ns3:cad>
          </ns3:TrackPointExtension>
        </extensions>
      </trkpt>
      <trkpt lat="69.0353110246360301971435546875" lon="20.30003816820681095123291015625">
        <ele>690</ele>
        <time>2026-08-21T08:18:47.000Z</time>
        <extensions>
          <ns3:TrackPointExtension>
            <ns3:cad>0</ns3:cad>
          </ns3:TrackPointExtension>
        </extensions>
      </trkpt>
      <trkpt lat="69.03529635630548000335693359375" lon="20.30019373632967472076416015625">
        <ele>690</ele>
        <time>2026-08-21T08:18:54.000Z</time>
        <extensions>
          <ns3:TrackPointExtension>
            <ns3:cad>0</ns3:cad>
          </ns3:TrackPointExtension>
        </extensions>
      </trkpt>
      <trkpt lat="69.035283029079437255859375" lon="20.3003051318228244781494140625">
        <ele>689.79998779296875</ele>
        <time>2026-08-21T08:18:59.000Z</time>
        <extensions>
          <ns3:TrackPointExtension>
            <ns3:cad>0</ns3:cad>
          </ns3:TrackPointExtension>
        </extensions>
      </trkpt>
      <trkpt lat="69.0352736413478851318359375" lon="20.30034125782549381256103515625">
        <ele>690</ele>
        <time>2026-08-21T08:19:01.000Z</time>
        <extensions>
          <ns3:TrackPointExtension>
            <ns3:cad>0</ns3:cad>
          </ns3:TrackPointExtension>
        </extensions>
      </trkpt>
      <trkpt lat="69.03527054004371166229248046875" lon="20.30038584955036640167236328125">
        <ele>690</ele>
        <time>2026-08-21T08:19:03.000Z</time>
        <extensions>
          <ns3:TrackPointExtension>
            <ns3:cad>0</ns3:cad>
          </ns3:TrackPointExtension>
        </extensions>
      </trkpt>
      <trkpt lat="69.0352677740156650543212890625" lon="20.300493054091930389404296875">
        <ele>690</ele>
        <time>2026-08-21T08:19:07.000Z</time>
        <extensions>
          <ns3:TrackPointExtension>
            <ns3:cad>0</ns3:cad>
          </ns3:TrackPointExtension>
        </extensions>
      </trkpt>
      <trkpt lat="69.03526484034955501556396484375" lon="20.3006179444491863250732421875">
        <ele>690.20001220703125</ele>
        <time>2026-08-21T08:19:12.000Z</time>
        <extensions>
          <ns3:TrackPointExtension>
            <ns3:cad>0</ns3:cad>
          </ns3:TrackPointExtension>
        </extensions>
      </trkpt>
      <trkpt lat="69.0352603979408740997314453125" lon="20.3006528131663799285888671875">
        <ele>690.4000244140625</ele>
        <time>2026-08-21T08:19:14.000Z</time>
        <extensions>
          <ns3:TrackPointExtension>
            <ns3:cad>0</ns3:cad>
          </ns3:TrackPointExtension>
        </extensions>
      </trkpt>
      <trkpt lat="69.03525419533252716064453125" lon="20.30075289309024810791015625">
        <ele>690.5999755859375</ele>
        <time>2026-08-21T08:19:17.000Z</time>
        <extensions>
          <ns3:TrackPointExtension>
            <ns3:cad>50</ns3:cad>
          </ns3:TrackPointExtension>
        </extensions>
      </trkpt>
      <trkpt lat="69.03523650951683521270751953125" lon="20.300818942487239837646484375">
        <ele>690.79998779296875</ele>
        <time>2026-08-21T08:19:21.000Z</time>
        <extensions>
          <ns3:TrackPointExtension>
            <ns3:cad>0</ns3:cad>
          </ns3:TrackPointExtension>
        </extensions>
      </trkpt>
      <trkpt lat="69.03522578068077564239501953125" lon="20.30083109624683856964111328125">
        <ele>690.79998779296875</ele>
        <time>2026-08-21T08:19:22.000Z</time>
        <extensions>
          <ns3:TrackPointExtension>
            <ns3:cad>0</ns3:cad>
          </ns3:TrackPointExtension>
        </extensions>
      </trkpt>
      <trkpt lat="69.03520951978862285614013671875" lon="20.3009545616805553436279296875">
        <ele>690.5999755859375</ele>
        <time>2026-08-21T08:19:28.000Z</time>
        <extensions>
          <ns3:TrackPointExtension>
            <ns3:cad>0</ns3:cad>
          </ns3:TrackPointExtension>
        </extensions>
      </trkpt>
      <trkpt lat="69.03518755920231342315673828125" lon="20.30106646008789539337158203125">
        <ele>690.5999755859375</ele>
        <time>2026-08-21T08:19:33.000Z</time>
        <extensions>
          <ns3:TrackPointExtension>
            <ns3:cad>0</ns3:cad>
          </ns3:TrackPointExtension>
        </extensions>
      </trkpt>
      <trkpt lat="69.03517163358628749847412109375" lon="20.30123007483780384063720703125">
        <ele>690.4000244140625</ele>
        <time>2026-08-21T08:19:40.000Z</time>
        <extensions>
          <ns3:TrackPointExtension>
            <ns3:cad>0</ns3:cad>
          </ns3:TrackPointExtension>
        </extensions>
      </trkpt>
      <trkpt lat="69.0351601503789424896240234375" lon="20.3013605810701847076416015625">
        <ele>690.4000244140625</ele>
        <time>2026-08-21T08:19:45.000Z</time>
        <extensions>
          <ns3:TrackPointExtension>
            <ns3:cad>0</ns3:cad>
          </ns3:TrackPointExtension>
        </extensions>
      </trkpt>
      <trkpt lat="69.03515285812318325042724609375" lon="20.30143358744680881500244140625">
        <ele>690.4000244140625</ele>
        <time>2026-08-21T08:19:49.000Z</time>
        <extensions>
          <ns3:TrackPointExtension>
            <ns3:cad>0</ns3:cad>
          </ns3:TrackPointExtension>
        </extensions>
      </trkpt>
      <trkpt lat="69.03514682315289974212646484375" lon="20.301472730934619903564453125">
        <ele>690.5999755859375</ele>
        <time>2026-08-21T08:19:51.000Z</time>
        <extensions>
          <ns3:TrackPointExtension>
            <ns3:cad>0</ns3:cad>
          </ns3:TrackPointExtension>
        </extensions>
      </trkpt>
      <trkpt lat="69.03511631302535533905029296875" lon="20.301673896610736846923828125">
        <ele>690.79998779296875</ele>
        <time>2026-08-21T08:19:58.000Z</time>
        <extensions>
          <ns3:TrackPointExtension>
            <ns3:cad>0</ns3:cad>
          </ns3:TrackPointExtension>
        </extensions>
      </trkpt>
      <trkpt lat="69.03509468771517276763916015625" lon="20.30181982554495334625244140625">
        <ele>690.4000244140625</ele>
        <time>2026-08-21T08:20:05.000Z</time>
        <extensions>
          <ns3:TrackPointExtension>
            <ns3:cad>0</ns3:cad>
          </ns3:TrackPointExtension>
        </extensions>
      </trkpt>
      <trkpt lat="69.0350699611008167266845703125" lon="20.3019364178180694580078125">
        <ele>690.20001220703125</ele>
        <time>2026-08-21T08:20:11.000Z</time>
        <extensions>
          <ns3:TrackPointExtension>
            <ns3:cad>0</ns3:cad>
          </ns3:TrackPointExtension>
        </extensions>
      </trkpt>
      <trkpt lat="69.03505512513220310211181640625" lon="20.3020155429840087890625">
        <ele>690</ele>
        <time>2026-08-21T08:20:16.000Z</time>
        <extensions>
          <ns3:TrackPointExtension>
            <ns3:cad>0</ns3:cad>
          </ns3:TrackPointExtension>
        </extensions>
      </trkpt>
      <trkpt lat="69.03502696193754673004150390625" lon="20.30209391377866268157958984375">
        <ele>689.79998779296875</ele>
        <time>2026-08-21T08:20:21.000Z</time>
        <extensions>
          <ns3:TrackPointExtension>
            <ns3:cad>0</ns3:cad>
          </ns3:TrackPointExtension>
        </extensions>
      </trkpt>
      <trkpt lat="69.0350149758160114288330078125" lon="20.3021501563489437103271484375">
        <ele>689.79998779296875</ele>
        <time>2026-08-21T08:20:23.000Z</time>
        <extensions>
          <ns3:TrackPointExtension>
            <ns3:cad>0</ns3:cad>
          </ns3:TrackPointExtension>
        </extensions>
      </trkpt>
      <trkpt lat="69.03499896638095378875732421875" lon="20.302336402237415313720703125">
        <ele>689.4000244140625</ele>
        <time>2026-08-21T08:20:30.000Z</time>
        <extensions>
          <ns3:TrackPointExtension>
            <ns3:cad>0</ns3:cad>
          </ns3:TrackPointExtension>
        </extensions>
      </trkpt>
      <trkpt lat="69.03498739935457706451416015625" lon="20.30237068422138690948486328125">
        <ele>689.20001220703125</ele>
        <time>2026-08-21T08:20:32.000Z</time>
        <extensions>
          <ns3:TrackPointExtension>
            <ns3:cad>0</ns3:cad>
          </ns3:TrackPointExtension>
        </extensions>
      </trkpt>
      <trkpt lat="69.03498304076492786407470703125" lon="20.30239650048315525054931640625">
        <ele>689.20001220703125</ele>
        <time>2026-08-21T08:20:33.000Z</time>
        <extensions>
          <ns3:TrackPointExtension>
            <ns3:cad>0</ns3:cad>
          </ns3:TrackPointExtension>
        </extensions>
      </trkpt>
      <trkpt lat="69.03497281484305858612060546875" lon="20.30246137641370296478271484375">
        <ele>689</ele>
        <time>2026-08-21T08:20:36.000Z</time>
        <extensions>
          <ns3:TrackPointExtension>
            <ns3:cad>0</ns3:cad>
          </ns3:TrackPointExtension>
        </extensions>
      </trkpt>
      <trkpt lat="69.03493744321167469024658203125" lon="20.30263588763773441314697265625">
        <ele>688.79998779296875</ele>
        <time>2026-08-21T08:20:43.000Z</time>
        <extensions>
          <ns3:TrackPointExtension>
            <ns3:cad>0</ns3:cad>
          </ns3:TrackPointExtension>
        </extensions>
      </trkpt>
      <trkpt lat="69.034884385764598846435546875" lon="20.30278324149549007415771484375">
        <ele>688.5999755859375</ele>
        <time>2026-08-21T08:20:50.000Z</time>
        <extensions>
          <ns3:TrackPointExtension>
            <ns3:cad>46</ns3:cad>
          </ns3:TrackPointExtension>
        </extensions>
      </trkpt>
      <trkpt lat="69.03483954258263111114501953125" lon="20.30293914489448070526123046875">
        <ele>688.20001220703125</ele>
        <time>2026-08-21T08:20:57.000Z</time>
        <extensions>
          <ns3:TrackPointExtension>
            <ns3:cad>0</ns3:cad>
          </ns3:TrackPointExtension>
        </extensions>
      </trkpt>
      <trkpt lat="69.03483501635491847991943359375" lon="20.30296177603304386138916015625">
        <ele>688</ele>
        <time>2026-08-21T08:20:58.000Z</time>
        <extensions>
          <ns3:TrackPointExtension>
            <ns3:cad>0</ns3:cad>
          </ns3:TrackPointExtension>
        </extensions>
      </trkpt>
      <trkpt lat="69.03480735607445240020751953125" lon="20.30306621454656124114990234375">
        <ele>687.79998779296875</ele>
        <time>2026-08-21T08:21:04.000Z</time>
        <extensions>
          <ns3:TrackPointExtension>
            <ns3:cad>45</ns3:cad>
          </ns3:TrackPointExtension>
        </extensions>
      </trkpt>
      <trkpt lat="69.03477014042437076568603515625" lon="20.30322513543069362640380859375">
        <ele>687.4000244140625</ele>
        <time>2026-08-21T08:21:11.000Z</time>
        <extensions>
          <ns3:TrackPointExtension>
            <ns3:cad>0</ns3:cad>
          </ns3:TrackPointExtension>
        </extensions>
      </trkpt>
      <trkpt lat="69.034716747701168060302734375" lon="20.3034034185111522674560546875">
        <ele>687.5999755859375</ele>
        <time>2026-08-21T08:21:19.000Z</time>
        <extensions>
          <ns3:TrackPointExtension>
            <ns3:cad>0</ns3:cad>
          </ns3:TrackPointExtension>
        </extensions>
      </trkpt>
      <trkpt lat="69.034684561192989349365234375" lon="20.3034304082393646240234375">
        <ele>687.4000244140625</ele>
        <time>2026-08-21T08:21:26.000Z</time>
        <extensions>
          <ns3:TrackPointExtension>
            <ns3:cad>0</ns3:cad>
          </ns3:TrackPointExtension>
        </extensions>
      </trkpt>
      <trkpt lat="69.03468464501202106475830078125" lon="20.3034456633031368255615234375">
        <ele>687.4000244140625</ele>
        <time>2026-08-21T08:21:34.000Z</time>
        <extensions>
          <ns3:TrackPointExtension>
            <ns3:cad>0</ns3:cad>
          </ns3:TrackPointExtension>
        </extensions>
      </trkpt>
      <trkpt lat="69.034684561192989349365234375" lon="20.30344440601766109466552734375">
        <ele>687.4000244140625</ele>
        <time>2026-08-21T08:21:42.000Z</time>
        <extensions>
          <ns3:TrackPointExtension>
            <ns3:cad>0</ns3:cad>
          </ns3:TrackPointExtension>
        </extensions>
      </trkpt>
      <trkpt lat="69.0346817113459110260009765625" lon="20.3034580685198307037353515625">
        <ele>687</ele>
        <time>2026-08-21T08:21:49.000Z</time>
        <extensions>
          <ns3:TrackPointExtension>
            <ns3:cad>0</ns3:cad>
          </ns3:TrackPointExtension>
        </extensions>
      </trkpt>
      <trkpt lat="69.03468816541135311126708984375" lon="20.30346116982400417327880859375">
        <ele>687</ele>
        <time>2026-08-21T08:21:58.000Z</time>
        <extensions>
          <ns3:TrackPointExtension>
            <ns3:cad>0</ns3:cad>
          </ns3:TrackPointExtension>
        </extensions>
      </trkpt>
      <trkpt lat="69.03467609547078609466552734375" lon="20.30347525142133235931396484375">
        <ele>687</ele>
        <time>2026-08-21T08:22:07.000Z</time>
        <extensions>
          <ns3:TrackPointExtension>
            <ns3:cad>0</ns3:cad>
          </ns3:TrackPointExtension>
        </extensions>
      </trkpt>
      <trkpt lat="69.0347014926373958587646484375" lon="20.303405933082103729248046875">
        <ele>687</ele>
        <time>2026-08-21T08:22:16.000Z</time>
        <extensions>
          <ns3:TrackPointExtension>
            <ns3:cad>0</ns3:cad>
          </ns3:TrackPointExtension>
        </extensions>
      </trkpt>
      <trkpt lat="69.034691937267780303955078125" lon="20.3033906780183315277099609375">
        <ele>687</ele>
        <time>2026-08-21T08:22:24.000Z</time>
        <extensions>
          <ns3:TrackPointExtension>
            <ns3:cad>0</ns3:cad>
          </ns3:TrackPointExtension>
        </extensions>
      </trkpt>
      <trkpt lat="69.03470492921769618988037109375" lon="20.30339411459863185882568359375">
        <ele>686.79998779296875</ele>
        <time>2026-08-21T08:22:32.000Z</time>
        <extensions>
          <ns3:TrackPointExtension>
            <ns3:cad>0</ns3:cad>
          </ns3:TrackPointExtension>
        </extensions>
      </trkpt>
      <trkpt lat="69.03468154370784759521484375" lon="20.30346485786139965057373046875">
        <ele>687.20001220703125</ele>
        <time>2026-08-21T08:22:41.000Z</time>
        <extensions>
          <ns3:TrackPointExtension>
            <ns3:cad>0</ns3:cad>
          </ns3:TrackPointExtension>
        </extensions>
      </trkpt>
      <trkpt lat="69.0346864052116870880126953125" lon="20.303444825112819671630859375">
        <ele>687</ele>
        <time>2026-08-21T08:22:48.000Z</time>
        <extensions>
          <ns3:TrackPointExtension>
            <ns3:cad>0</ns3:cad>
          </ns3:TrackPointExtension>
        </extensions>
      </trkpt>
      <trkpt lat="69.03469956479966640472412109375" lon="20.30346871353685855865478515625">
        <ele>687</ele>
        <time>2026-08-21T08:22:56.000Z</time>
        <extensions>
          <ns3:TrackPointExtension>
            <ns3:cad>0</ns3:cad>
          </ns3:TrackPointExtension>
        </extensions>
      </trkpt>
      <trkpt lat="69.0346964634954929351806640625" lon="20.3036065958440303802490234375">
        <ele>686.79998779296875</ele>
        <time>2026-08-21T08:23:01.000Z</time>
        <extensions>
          <ns3:TrackPointExtension>
            <ns3:cad>0</ns3:cad>
          </ns3:TrackPointExtension>
        </extensions>
      </trkpt>
      <trkpt lat="69.03467215597629547119140625" lon="20.30376903712749481201171875">
        <ele>686.79998779296875</ele>
        <time>2026-08-21T08:23:07.000Z</time>
        <extensions>
          <ns3:TrackPointExtension>
            <ns3:cad>0</ns3:cad>
          </ns3:TrackPointExtension>
        </extensions>
      </trkpt>
      <trkpt lat="69.03467123396694660186767578125" lon="20.3038166463375091552734375">
        <ele>686.5999755859375</ele>
        <time>2026-08-21T08:23:09.000Z</time>
        <extensions>
          <ns3:TrackPointExtension>
            <ns3:cad>50</ns3:cad>
          </ns3:TrackPointExtension>
        </extensions>
      </trkpt>
      <trkpt lat="69.03465262614190578460693359375" lon="20.303898788988590240478515625">
        <ele>686.4000244140625</ele>
        <time>2026-08-21T08:23:12.000Z</time>
        <extensions>
          <ns3:TrackPointExtension>
            <ns3:cad>48</ns3:cad>
          </ns3:TrackPointExtension>
        </extensions>
      </trkpt>
      <trkpt lat="69.03463938273489475250244140625" lon="20.3039844520390033721923828125">
        <ele>686.4000244140625</ele>
        <time>2026-08-21T08:23:18.000Z</time>
        <extensions>
          <ns3:TrackPointExtension>
            <ns3:cad>0</ns3:cad>
          </ns3:TrackPointExtension>
        </extensions>
      </trkpt>
      <trkpt lat="69.03464156202971935272216796875" lon="20.30397883616387844085693359375">
        <ele>686.4000244140625</ele>
        <time>2026-08-21T08:23:19.000Z</time>
        <extensions>
          <ns3:TrackPointExtension>
            <ns3:cad>0</ns3:cad>
          </ns3:TrackPointExtension>
        </extensions>
      </trkpt>
      <trkpt lat="69.0346488542854785919189453125" lon="20.30396743677556514739990234375">
        <ele>686.5999755859375</ele>
        <time>2026-08-21T08:23:27.000Z</time>
        <extensions>
          <ns3:TrackPointExtension>
            <ns3:cad>0</ns3:cad>
          </ns3:TrackPointExtension>
        </extensions>
      </trkpt>
      <trkpt lat="69.0346337668597698211669921875" lon="20.3040461428463459014892578125">
        <ele>686.4000244140625</ele>
        <time>2026-08-21T08:23:35.000Z</time>
        <extensions>
          <ns3:TrackPointExtension>
            <ns3:cad>0</ns3:cad>
          </ns3:TrackPointExtension>
        </extensions>
      </trkpt>
      <trkpt lat="69.03460216708481311798095703125" lon="20.30425711534917354583740234375">
        <ele>686.4000244140625</ele>
        <time>2026-08-21T08:23:42.000Z</time>
        <extensions>
          <ns3:TrackPointExtension>
            <ns3:cad>0</ns3:cad>
          </ns3:TrackPointExtension>
        </extensions>
      </trkpt>
      <trkpt lat="69.03456914238631725311279296875" lon="20.30448853969573974609375">
        <ele>686.20001220703125</ele>
        <time>2026-08-21T08:23:51.000Z</time>
        <extensions>
          <ns3:TrackPointExtension>
            <ns3:cad>47</ns3:cad>
          </ns3:TrackPointExtension>
        </extensions>
      </trkpt>
      <trkpt lat="69.03453779406845569610595703125" lon="20.30465961433947086334228515625">
        <ele>686.4000244140625</ele>
        <time>2026-08-21T08:23:57.000Z</time>
        <extensions>
          <ns3:TrackPointExtension>
            <ns3:cad>0</ns3:cad>
          </ns3:TrackPointExtension>
        </extensions>
      </trkpt>
      <trkpt lat="69.03450720012187957763671875" lon="20.3048675693571567535400390625">
        <ele>686.5999755859375</ele>
        <time>2026-08-21T08:24:05.000Z</time>
        <extensions>
          <ns3:TrackPointExtension>
            <ns3:cad>0</ns3:cad>
          </ns3:TrackPointExtension>
        </extensions>
      </trkpt>
      <trkpt lat="69.03446487151086330413818359375" lon="20.3049735166132450103759765625">
        <ele>686.79998779296875</ele>
        <time>2026-08-21T08:24:12.000Z</time>
        <extensions>
          <ns3:TrackPointExtension>
            <ns3:cad>0</ns3:cad>
          </ns3:TrackPointExtension>
        </extensions>
      </trkpt>
      <trkpt lat="69.0344367921352386474609375" lon="20.3050355426967144012451171875">
        <ele>687</ele>
        <time>2026-08-21T08:24:17.000Z</time>
        <extensions>
          <ns3:TrackPointExtension>
            <ns3:cad>0</ns3:cad>
          </ns3:TrackPointExtension>
        </extensions>
      </trkpt>
      <trkpt lat="69.034405611455440521240234375" lon="20.30516236089169979095458984375">
        <ele>686.20001220703125</ele>
        <time>2026-08-21T08:24:24.000Z</time>
        <extensions>
          <ns3:TrackPointExtension>
            <ns3:cad>47</ns3:cad>
          </ns3:TrackPointExtension>
        </extensions>
      </trkpt>
      <trkpt lat="69.03439010493457317352294921875" lon="20.305198319256305694580078125">
        <ele>686</ele>
        <time>2026-08-21T08:24:26.000Z</time>
        <extensions>
          <ns3:TrackPointExtension>
            <ns3:cad>0</ns3:cad>
          </ns3:TrackPointExtension>
        </extensions>
      </trkpt>
      <trkpt lat="69.03436982072889804840087890625" lon="20.30529915355145931243896484375">
        <ele>685.4000244140625</ele>
        <time>2026-08-21T08:24:31.000Z</time>
        <extensions>
          <ns3:TrackPointExtension>
            <ns3:cad>0</ns3:cad>
          </ns3:TrackPointExtension>
        </extensions>
      </trkpt>
      <trkpt lat="69.03435909189283847808837890625" lon="20.305345170199871063232421875">
        <ele>685</ele>
        <time>2026-08-21T08:24:33.000Z</time>
        <extensions>
          <ns3:TrackPointExtension>
            <ns3:cad>0</ns3:cad>
          </ns3:TrackPointExtension>
        </extensions>
      </trkpt>
      <trkpt lat="69.03433126397430896759033203125" lon="20.30543795786798000335693359375">
        <ele>683.79998779296875</ele>
        <time>2026-08-21T08:24:38.000Z</time>
        <extensions>
          <ns3:TrackPointExtension>
            <ns3:cad>43</ns3:cad>
          </ns3:TrackPointExtension>
        </extensions>
      </trkpt>
      <trkpt lat="69.03431667946279048919677734375" lon="20.30546477995812892913818359375">
        <ele>683.5999755859375</ele>
        <time>2026-08-21T08:24:40.000Z</time>
        <extensions>
          <ns3:TrackPointExtension>
            <ns3:cad>0</ns3:cad>
          </ns3:TrackPointExtension>
        </extensions>
      </trkpt>
      <trkpt lat="69.03429807163774967193603515625" lon="20.3055696375668048858642578125">
        <ele>682.79998779296875</ele>
        <time>2026-08-21T08:24:45.000Z</time>
        <extensions>
          <ns3:TrackPointExtension>
            <ns3:cad>0</ns3:cad>
          </ns3:TrackPointExtension>
        </extensions>
      </trkpt>
      <trkpt lat="69.03426068834960460662841796875" lon="20.30566728673875331878662109375">
        <ele>682</ele>
        <time>2026-08-21T08:24:51.000Z</time>
        <extensions>
          <ns3:TrackPointExtension>
            <ns3:cad>0</ns3:cad>
          </ns3:TrackPointExtension>
        </extensions>
      </trkpt>
      <trkpt lat="69.03425239026546478271484375" lon="20.30568354763090610504150390625">
        <ele>681.79998779296875</ele>
        <time>2026-08-21T08:24:52.000Z</time>
        <extensions>
          <ns3:TrackPointExtension>
            <ns3:cad>0</ns3:cad>
          </ns3:TrackPointExtension>
        </extensions>
      </trkpt>
      <trkpt lat="69.0341952256858348846435546875" lon="20.30581229366362094879150390625">
        <ele>680.79998779296875</ele>
        <time>2026-08-21T08:24:59.000Z</time>
        <extensions>
          <ns3:TrackPointExtension>
            <ns3:cad>49</ns3:cad>
          </ns3:TrackPointExtension>
        </extensions>
      </trkpt>
      <trkpt lat="69.0341471135616302490234375" lon="20.30586275272071361541748046875">
        <ele>679.5999755859375</ele>
        <time>2026-08-21T08:25:06.000Z</time>
        <extensions>
          <ns3:TrackPointExtension>
            <ns3:cad>0</ns3:cad>
          </ns3:TrackPointExtension>
        </extensions>
      </trkpt>
      <trkpt lat="69.03414367698132991790771484375" lon="20.30587297864258289337158203125">
        <ele>679.4000244140625</ele>
        <time>2026-08-21T08:25:07.000Z</time>
        <extensions>
          <ns3:TrackPointExtension>
            <ns3:cad>0</ns3:cad>
          </ns3:TrackPointExtension>
        </extensions>
      </trkpt>
      <trkpt lat="69.0340808965265750885009765625" lon="20.30593316070735454559326171875">
        <ele>679.4000244140625</ele>
        <time>2026-08-21T08:25:13.000Z</time>
        <extensions>
          <ns3:TrackPointExtension>
            <ns3:cad>48</ns3:cad>
          </ns3:TrackPointExtension>
        </extensions>
      </trkpt>
      <trkpt lat="69.03401275165379047393798828125" lon="20.30602485872805118560791015625">
        <ele>679.4000244140625</ele>
        <time>2026-08-21T08:25:20.000Z</time>
        <extensions>
          <ns3:TrackPointExtension>
            <ns3:cad>48</ns3:cad>
          </ns3:TrackPointExtension>
        </extensions>
      </trkpt>
      <trkpt lat="69.03396832756698131561279296875" lon="20.3061421215534210205078125">
        <ele>679.5999755859375</ele>
        <time>2026-08-21T08:25:26.000Z</time>
        <extensions>
          <ns3:TrackPointExtension>
            <ns3:cad>42</ns3:cad>
          </ns3:TrackPointExtension>
        </extensions>
      </trkpt>
      <trkpt lat="69.03392507694661617279052734375" lon="20.3062210790812969207763671875">
        <ele>679.5999755859375</ele>
        <time>2026-08-21T08:25:32.000Z</time>
        <extensions>
          <ns3:TrackPointExtension>
            <ns3:cad>43</ns3:cad>
          </ns3:TrackPointExtension>
        </extensions>
      </trkpt>
      <trkpt lat="69.03387227095663547515869140625" lon="20.30636214651167392730712890625">
        <ele>678.79998779296875</ele>
        <time>2026-08-21T08:25:39.000Z</time>
        <extensions>
          <ns3:TrackPointExtension>
            <ns3:cad>47</ns3:cad>
          </ns3:TrackPointExtension>
        </extensions>
      </trkpt>
      <trkpt lat="69.03385668061673641204833984375" lon="20.3064591251313686370849609375">
        <ele>678.5999755859375</ele>
        <time>2026-08-21T08:25:43.000Z</time>
        <extensions>
          <ns3:TrackPointExtension>
            <ns3:cad>47</ns3:cad>
          </ns3:TrackPointExtension>
        </extensions>
      </trkpt>
      <trkpt lat="69.0338386595249176025390625" lon="20.30650447122752666473388671875">
        <ele>678.4000244140625</ele>
        <time>2026-08-21T08:25:45.000Z</time>
        <extensions>
          <ns3:TrackPointExtension>
            <ns3:cad>47</ns3:cad>
          </ns3:TrackPointExtension>
        </extensions>
      </trkpt>
      <trkpt lat="69.03378593735396862030029296875" lon="20.30665249563753604888916015625">
        <ele>677.5999755859375</ele>
        <time>2026-08-21T08:25:52.000Z</time>
        <extensions>
          <ns3:TrackPointExtension>
            <ns3:cad>0</ns3:cad>
          </ns3:TrackPointExtension>
        </extensions>
      </trkpt>
      <trkpt lat="69.033781327307224273681640625" lon="20.30667177401483058929443359375">
        <ele>677.4000244140625</ele>
        <time>2026-08-21T08:25:53.000Z</time>
        <extensions>
          <ns3:TrackPointExtension>
            <ns3:cad>0</ns3:cad>
          </ns3:TrackPointExtension>
        </extensions>
      </trkpt>
      <trkpt lat="69.03375861234962940216064453125" lon="20.3067182935774326324462890625">
        <ele>676.5999755859375</ele>
        <time>2026-08-21T08:25:58.000Z</time>
        <extensions>
          <ns3:TrackPointExtension>
            <ns3:cad>0</ns3:cad>
          </ns3:TrackPointExtension>
        </extensions>
      </trkpt>
      <trkpt lat="69.03374318964779376983642578125" lon="20.306739248335361480712890625">
        <ele>676.4000244140625</ele>
        <time>2026-08-21T08:26:00.000Z</time>
        <extensions>
          <ns3:TrackPointExtension>
            <ns3:cad>0</ns3:cad>
          </ns3:TrackPointExtension>
        </extensions>
      </trkpt>
      <trkpt lat="69.0337053872644901275634765625" lon="20.30679934658110141754150390625">
        <ele>676</ele>
        <time>2026-08-21T08:26:04.000Z</time>
        <extensions>
          <ns3:TrackPointExtension>
            <ns3:cad>0</ns3:cad>
          </ns3:TrackPointExtension>
        </extensions>
      </trkpt>
      <trkpt lat="69.03367596678435802459716796875" lon="20.30688500963151454925537109375">
        <ele>675.4000244140625</ele>
        <time>2026-08-21T08:26:09.000Z</time>
        <extensions>
          <ns3:TrackPointExtension>
            <ns3:cad>0</ns3:cad>
          </ns3:TrackPointExtension>
        </extensions>
      </trkpt>
      <trkpt lat="69.033655934035778045654296875" lon="20.3069405816495418548583984375">
        <ele>675</ele>
        <time>2026-08-21T08:26:12.000Z</time>
        <extensions>
          <ns3:TrackPointExtension>
            <ns3:cad>0</ns3:cad>
          </ns3:TrackPointExtension>
        </extensions>
      </trkpt>
      <trkpt lat="69.03362274169921875" lon="20.30700218863785266876220703125">
        <ele>674.20001220703125</ele>
        <time>2026-08-21T08:26:15.000Z</time>
        <extensions>
          <ns3:TrackPointExtension>
            <ns3:cad>0</ns3:cad>
          </ns3:TrackPointExtension>
        </extensions>
      </trkpt>
      <trkpt lat="69.0335991047322750091552734375" lon="20.30703253112733364105224609375">
        <ele>673.5999755859375</ele>
        <time>2026-08-21T08:26:18.000Z</time>
        <extensions>
          <ns3:TrackPointExtension>
            <ns3:cad>0</ns3:cad>
          </ns3:TrackPointExtension>
        </extensions>
      </trkpt>
      <trkpt lat="69.03358661569654941558837890625" lon="20.3070679865777492523193359375">
        <ele>673.4000244140625</ele>
        <time>2026-08-21T08:26:20.000Z</time>
        <extensions>
          <ns3:TrackPointExtension>
            <ns3:cad>0</ns3:cad>
          </ns3:TrackPointExtension>
        </extensions>
      </trkpt>
      <trkpt lat="69.03357915580272674560546875" lon="20.307078547775745391845703125">
        <ele>673.20001220703125</ele>
        <time>2026-08-21T08:26:21.000Z</time>
        <extensions>
          <ns3:TrackPointExtension>
            <ns3:cad>0</ns3:cad>
          </ns3:TrackPointExtension>
        </extensions>
      </trkpt>
      <trkpt lat="69.03355903923511505126953125" lon="20.3071011789143085479736328125">
        <ele>672.4000244140625</ele>
        <time>2026-08-21T08:26:24.000Z</time>
        <extensions>
          <ns3:TrackPointExtension>
            <ns3:cad>0</ns3:cad>
          </ns3:TrackPointExtension>
        </extensions>
      </trkpt>
      <trkpt lat="69.0335476398468017578125" lon="20.30712707899510860443115234375">
        <ele>672</ele>
        <time>2026-08-21T08:26:26.000Z</time>
        <extensions>
          <ns3:TrackPointExtension>
            <ns3:cad>0</ns3:cad>
          </ns3:TrackPointExtension>
        </extensions>
      </trkpt>
      <trkpt lat="69.0335058979690074920654296875" lon="20.30719153583049774169921875">
        <ele>671</ele>
        <time>2026-08-21T08:26:32.000Z</time>
        <extensions>
          <ns3:TrackPointExtension>
            <ns3:cad>51</ns3:cad>
          </ns3:TrackPointExtension>
        </extensions>
      </trkpt>
      <trkpt lat="69.03349843807518482208251953125" lon="20.3072042763233184814453125">
        <ele>670.79998779296875</ele>
        <time>2026-08-21T08:26:33.000Z</time>
        <extensions>
          <ns3:TrackPointExtension>
            <ns3:cad>51</ns3:cad>
          </ns3:TrackPointExtension>
        </extensions>
      </trkpt>
      <trkpt lat="69.03346558101475238800048828125" lon="20.3072834014892578125">
        <ele>669.79998779296875</ele>
        <time>2026-08-21T08:26:38.000Z</time>
        <extensions>
          <ns3:TrackPointExtension>
            <ns3:cad>0</ns3:cad>
          </ns3:TrackPointExtension>
        </extensions>
      </trkpt>
      <trkpt lat="69.0334465540945529937744140625" lon="20.307323969900608062744140625">
        <ele>669.5999755859375</ele>
        <time>2026-08-21T08:26:40.000Z</time>
        <extensions>
          <ns3:TrackPointExtension>
            <ns3:cad>0</ns3:cad>
          </ns3:TrackPointExtension>
        </extensions>
      </trkpt>
      <trkpt lat="69.03339408338069915771484375" lon="20.30743704177439212799072265625">
        <ele>669</ele>
        <time>2026-08-21T08:26:46.000Z</time>
        <extensions>
          <ns3:TrackPointExtension>
            <ns3:cad>0</ns3:cad>
          </ns3:TrackPointExtension>
        </extensions>
      </trkpt>
      <trkpt lat="69.0333895571529865264892578125" lon="20.3074579127132892608642578125">
        <ele>668.79998779296875</ele>
        <time>2026-08-21T08:26:47.000Z</time>
        <extensions>
          <ns3:TrackPointExtension>
            <ns3:cad>0</ns3:cad>
          </ns3:TrackPointExtension>
        </extensions>
      </trkpt>
      <trkpt lat="69.03333239257335662841796875" lon="20.30756344087421894073486328125">
        <ele>668.20001220703125</ele>
        <time>2026-08-21T08:26:53.000Z</time>
        <extensions>
          <ns3:TrackPointExtension>
            <ns3:cad>51</ns3:cad>
          </ns3:TrackPointExtension>
        </extensions>
      </trkpt>
      <trkpt lat="69.03327262960374355316162109375" lon="20.3076483495533466339111328125">
        <ele>668</ele>
        <time>2026-08-21T08:26:59.000Z</time>
        <extensions>
          <ns3:TrackPointExtension>
            <ns3:cad>51</ns3:cad>
          </ns3:TrackPointExtension>
        </extensions>
      </trkpt>
      <trkpt lat="69.03325553052127361297607421875" lon="20.307690091431140899658203125">
        <ele>667.79998779296875</ele>
        <time>2026-08-21T08:27:02.000Z</time>
        <extensions>
          <ns3:TrackPointExtension>
            <ns3:cad>51</ns3:cad>
          </ns3:TrackPointExtension>
        </extensions>
      </trkpt>
      <trkpt lat="69.03322770260274410247802734375" lon="20.30772504396736621856689453125">
        <ele>667.79998779296875</ele>
        <time>2026-08-21T08:27:04.000Z</time>
        <extensions>
          <ns3:TrackPointExtension>
            <ns3:cad>50</ns3:cad>
          </ns3:TrackPointExtension>
        </extensions>
      </trkpt>
      <trkpt lat="69.033173136413097381591796875" lon="20.30781489796936511993408203125">
        <ele>667.4000244140625</ele>
        <time>2026-08-21T08:27:10.000Z</time>
        <extensions>
          <ns3:TrackPointExtension>
            <ns3:cad>51</ns3:cad>
          </ns3:TrackPointExtension>
        </extensions>
      </trkpt>
      <trkpt lat="69.033110439777374267578125" lon="20.30791698954999446868896484375">
        <ele>667</ele>
        <time>2026-08-21T08:27:16.000Z</time>
        <extensions>
          <ns3:TrackPointExtension>
            <ns3:cad>48</ns3:cad>
          </ns3:TrackPointExtension>
        </extensions>
      </trkpt>
      <trkpt lat="69.0330683626234531402587890625" lon="20.3079799376428127288818359375">
        <ele>666.79998779296875</ele>
        <time>2026-08-21T08:27:21.000Z</time>
        <extensions>
          <ns3:TrackPointExtension>
            <ns3:cad>49</ns3:cad>
          </ns3:TrackPointExtension>
        </extensions>
      </trkpt>
      <trkpt lat="69.033053778111934661865234375" lon="20.30799410305917263031005859375">
        <ele>666.79998779296875</ele>
        <time>2026-08-21T08:27:22.000Z</time>
        <extensions>
          <ns3:TrackPointExtension>
            <ns3:cad>50</ns3:cad>
          </ns3:TrackPointExtension>
        </extensions>
      </trkpt>
      <trkpt lat="69.03300960548222064971923828125" lon="20.30804640613496303558349609375">
        <ele>666.5999755859375</ele>
        <time>2026-08-21T08:27:27.000Z</time>
        <extensions>
          <ns3:TrackPointExtension>
            <ns3:cad>50</ns3:cad>
          </ns3:TrackPointExtension>
        </extensions>
      </trkpt>
      <trkpt lat="69.03295998461544513702392578125" lon="20.3081269562244415283203125">
        <ele>666.5999755859375</ele>
        <time>2026-08-21T08:27:33.000Z</time>
        <extensions>
          <ns3:TrackPointExtension>
            <ns3:cad>50</ns3:cad>
          </ns3:TrackPointExtension>
        </extensions>
      </trkpt>
      <trkpt lat="69.032909609377384185791015625" lon="20.30817800201475620269775390625">
        <ele>666.4000244140625</ele>
        <time>2026-08-21T08:27:38.000Z</time>
        <extensions>
          <ns3:TrackPointExtension>
            <ns3:cad>48</ns3:cad>
          </ns3:TrackPointExtension>
        </extensions>
      </trkpt>
      <trkpt lat="69.03285420499742031097412109375" lon="20.308209098875522613525390625">
        <ele>666.20001220703125</ele>
        <time>2026-08-21T08:27:43.000Z</time>
        <extensions>
          <ns3:TrackPointExtension>
            <ns3:cad>47</ns3:cad>
          </ns3:TrackPointExtension>
        </extensions>
      </trkpt>
      <trkpt lat="69.03279083780944347381591796875" lon="20.3082350827753543853759765625">
        <ele>666.20001220703125</ele>
        <time>2026-08-21T08:27:49.000Z</time>
        <extensions>
          <ns3:TrackPointExtension>
            <ns3:cad>48</ns3:cad>
          </ns3:TrackPointExtension>
        </extensions>
      </trkpt>
      <trkpt lat="69.0327327512204647064208984375" lon="20.30828545801341533660888671875">
        <ele>665.79998779296875</ele>
        <time>2026-08-21T08:27:55.000Z</time>
        <extensions>
          <ns3:TrackPointExtension>
            <ns3:cad>49</ns3:cad>
          </ns3:TrackPointExtension>
        </extensions>
      </trkpt>
      <trkpt lat="69.03268053196370601654052734375" lon="20.308354608714580535888671875">
        <ele>665.79998779296875</ele>
        <time>2026-08-21T08:28:00.000Z</time>
        <extensions>
          <ns3:TrackPointExtension>
            <ns3:cad>49</ns3:cad>
          </ns3:TrackPointExtension>
        </extensions>
      </trkpt>
      <trkpt lat="69.03266661800444126129150390625" lon="20.3083795867860317230224609375">
        <ele>665.79998779296875</ele>
        <time>2026-08-21T08:28:01.000Z</time>
        <extensions>
          <ns3:TrackPointExtension>
            <ns3:cad>49</ns3:cad>
          </ns3:TrackPointExtension>
        </extensions>
      </trkpt>
      <trkpt lat="69.0326107107102870941162109375" lon="20.3084131143987178802490234375">
        <ele>665.20001220703125</ele>
        <time>2026-08-21T08:28:07.000Z</time>
        <extensions>
          <ns3:TrackPointExtension>
            <ns3:cad>50</ns3:cad>
          </ns3:TrackPointExtension>
        </extensions>
      </trkpt>
      <trkpt lat="69.032564274966716766357421875" lon="20.30844521708786487579345703125">
        <ele>665</ele>
        <time>2026-08-21T08:28:12.000Z</time>
        <extensions>
          <ns3:TrackPointExtension>
            <ns3:cad>49</ns3:cad>
          </ns3:TrackPointExtension>
        </extensions>
      </trkpt>
      <trkpt lat="69.0324895083904266357421875" lon="20.30849835835397243499755859375">
        <ele>664.79998779296875</ele>
        <time>2026-08-21T08:28:18.000Z</time>
        <extensions>
          <ns3:TrackPointExtension>
            <ns3:cad>49</ns3:cad>
          </ns3:TrackPointExtension>
        </extensions>
      </trkpt>
      <trkpt lat="69.03243443928658962249755859375" lon="20.30858184210956096649169921875">
        <ele>664.4000244140625</ele>
        <time>2026-08-21T08:28:24.000Z</time>
        <extensions>
          <ns3:TrackPointExtension>
            <ns3:cad>50</ns3:cad>
          </ns3:TrackPointExtension>
        </extensions>
      </trkpt>
      <trkpt lat="69.03238481841981410980224609375" lon="20.30867211520671844482421875">
        <ele>664.4000244140625</ele>
        <time>2026-08-21T08:28:29.000Z</time>
        <extensions>
          <ns3:TrackPointExtension>
            <ns3:cad>51</ns3:cad>
          </ns3:TrackPointExtension>
        </extensions>
      </trkpt>
      <trkpt lat="69.03232832439243793487548828125" lon="20.3087809123098850250244140625">
        <ele>664.5999755859375</ele>
        <time>2026-08-21T08:28:36.000Z</time>
        <extensions>
          <ns3:TrackPointExtension>
            <ns3:cad>0</ns3:cad>
          </ns3:TrackPointExtension>
        </extensions>
      </trkpt>
      <trkpt lat="69.032270573079586029052734375" lon="20.308800525963306427001953125">
        <ele>664.79998779296875</ele>
        <time>2026-08-21T08:28:42.000Z</time>
        <extensions>
          <ns3:TrackPointExtension>
            <ns3:cad>0</ns3:cad>
          </ns3:TrackPointExtension>
        </extensions>
      </trkpt>
      <trkpt lat="69.03219874016940593719482421875" lon="20.30887470580637454986572265625">
        <ele>664.4000244140625</ele>
        <time>2026-08-21T08:28:50.000Z</time>
        <extensions>
          <ns3:TrackPointExtension>
            <ns3:cad>0</ns3:cad>
          </ns3:TrackPointExtension>
        </extensions>
      </trkpt>
      <trkpt lat="69.03214056976139545440673828125" lon="20.308927930891513824462890625">
        <ele>664</ele>
        <time>2026-08-21T08:28:55.000Z</time>
        <extensions>
          <ns3:TrackPointExtension>
            <ns3:cad>47</ns3:cad>
          </ns3:TrackPointExtension>
        </extensions>
      </trkpt>
      <trkpt lat="69.03209597803652286529541015625" lon="20.30897294171154499053955078125">
        <ele>663.5999755859375</ele>
        <time>2026-08-21T08:29:00.000Z</time>
        <extensions>
          <ns3:TrackPointExtension>
            <ns3:cad>45</ns3:cad>
          </ns3:TrackPointExtension>
        </extensions>
      </trkpt>
      <trkpt lat="69.03209480457007884979248046875" lon="20.30896875075995922088623046875">
        <ele>663.5999755859375</ele>
        <time>2026-08-21T08:29:01.000Z</time>
        <extensions>
          <ns3:TrackPointExtension>
            <ns3:cad>49</ns3:cad>
          </ns3:TrackPointExtension>
        </extensions>
      </trkpt>
      <trkpt lat="69.03210687451064586639404296875" lon="20.30897679738700389862060546875">
        <ele>663.79998779296875</ele>
        <time>2026-08-21T08:29:09.000Z</time>
        <extensions>
          <ns3:TrackPointExtension>
            <ns3:cad>0</ns3:cad>
          </ns3:TrackPointExtension>
        </extensions>
      </trkpt>
      <trkpt lat="69.0321091376245021820068359375" lon="20.308959446847438812255859375">
        <ele>663.79998779296875</ele>
        <time>2026-08-21T08:29:19.000Z</time>
        <extensions>
          <ns3:TrackPointExtension>
            <ns3:cad>0</ns3:cad>
          </ns3:TrackPointExtension>
        </extensions>
      </trkpt>
      <trkpt lat="69.032100923359394073486328125" lon="20.30896740965545177459716796875">
        <ele>663.5999755859375</ele>
        <time>2026-08-21T08:29:27.000Z</time>
        <extensions>
          <ns3:TrackPointExtension>
            <ns3:cad>0</ns3:cad>
          </ns3:TrackPointExtension>
        </extensions>
      </trkpt>
      <trkpt lat="69.03209748677909374237060546875" lon="20.3089854307472705841064453125">
        <ele>663.5999755859375</ele>
        <time>2026-08-21T08:29:36.000Z</time>
        <extensions>
          <ns3:TrackPointExtension>
            <ns3:cad>0</ns3:cad>
          </ns3:TrackPointExtension>
        </extensions>
      </trkpt>
      <trkpt lat="69.03210301883518695831298828125" lon="20.3089706785976886749267578125">
        <ele>663.4000244140625</ele>
        <time>2026-08-21T08:29:45.000Z</time>
        <extensions>
          <ns3:TrackPointExtension>
            <ns3:cad>0</ns3:cad>
          </ns3:TrackPointExtension>
        </extensions>
      </trkpt>
      <trkpt lat="69.03209329582750797271728515625" lon="20.3090316988527774810791015625">
        <ele>663.4000244140625</ele>
        <time>2026-08-21T08:29:51.000Z</time>
        <extensions>
          <ns3:TrackPointExtension>
            <ns3:cad>0</ns3:cad>
          </ns3:TrackPointExtension>
        </extensions>
      </trkpt>
      <trkpt lat="69.03204417787492275238037109375" lon="20.3090389072895050048828125">
        <ele>663.20001220703125</ele>
        <time>2026-08-21T08:29:56.000Z</time>
        <extensions>
          <ns3:TrackPointExtension>
            <ns3:cad>0</ns3:cad>
          </ns3:TrackPointExtension>
        </extensions>
      </trkpt>
      <trkpt lat="69.031985588371753692626953125" lon="20.30903463251888751983642578125">
        <ele>663.20001220703125</ele>
        <time>2026-08-21T08:30:01.000Z</time>
        <extensions>
          <ns3:TrackPointExtension>
            <ns3:cad>49</ns3:cad>
          </ns3:TrackPointExtension>
        </extensions>
      </trkpt>
      <trkpt lat="69.0319267474114894866943359375" lon="20.3090474568307399749755859375">
        <ele>663.4000244140625</ele>
        <time>2026-08-21T08:30:07.000Z</time>
        <extensions>
          <ns3:TrackPointExtension>
            <ns3:cad>51</ns3:cad>
          </ns3:TrackPointExtension>
        </extensions>
      </trkpt>
      <trkpt lat="69.03186698444187641143798828125" lon="20.309069417417049407958984375">
        <ele>664</ele>
        <time>2026-08-21T08:30:13.000Z</time>
        <extensions>
          <ns3:TrackPointExtension>
            <ns3:cad>47</ns3:cad>
          </ns3:TrackPointExtension>
        </extensions>
      </trkpt>
      <trkpt lat="69.03180621564388275146484375" lon="20.30908324755728244781494140625">
        <ele>663.79998779296875</ele>
        <time>2026-08-21T08:30:18.000Z</time>
        <extensions>
          <ns3:TrackPointExtension>
            <ns3:cad>49</ns3:cad>
          </ns3:TrackPointExtension>
        </extensions>
      </trkpt>
      <trkpt lat="69.0317393280565738677978515625" lon="20.30909121036529541015625">
        <ele>664</ele>
        <time>2026-08-21T08:30:23.000Z</time>
        <extensions>
          <ns3:TrackPointExtension>
            <ns3:cad>50</ns3:cad>
          </ns3:TrackPointExtension>
        </extensions>
      </trkpt>
      <trkpt lat="69.0316783078014850616455078125" lon="20.3091208823025226593017578125">
        <ele>663.5999755859375</ele>
        <time>2026-08-21T08:30:29.000Z</time>
        <extensions>
          <ns3:TrackPointExtension>
            <ns3:cad>49</ns3:cad>
          </ns3:TrackPointExtension>
        </extensions>
      </trkpt>
      <trkpt lat="69.03161116875708103179931640625" lon="20.30915851704776287078857421875">
        <ele>663</ele>
        <time>2026-08-21T08:30:36.000Z</time>
        <extensions>
          <ns3:TrackPointExtension>
            <ns3:cad>51</ns3:cad>
          </ns3:TrackPointExtension>
        </extensions>
      </trkpt>
      <trkpt lat="69.031569175422191619873046875" lon="20.30919657088816165924072265625">
        <ele>662.5999755859375</ele>
        <time>2026-08-21T08:30:40.000Z</time>
        <extensions>
          <ns3:TrackPointExtension>
            <ns3:cad>50</ns3:cad>
          </ns3:TrackPointExtension>
        </extensions>
      </trkpt>
      <trkpt lat="69.031563811004161834716796875" lon="20.30920830555260181427001953125">
        <ele>662.5999755859375</ele>
        <time>2026-08-21T08:30:41.000Z</time>
        <extensions>
          <ns3:TrackPointExtension>
            <ns3:cad>49</ns3:cad>
          </ns3:TrackPointExtension>
        </extensions>
      </trkpt>
      <trkpt lat="69.031509496271610260009765625" lon="20.309241749346256256103515625">
        <ele>662.4000244140625</ele>
        <time>2026-08-21T08:30:46.000Z</time>
        <extensions>
          <ns3:TrackPointExtension>
            <ns3:cad>49</ns3:cad>
          </ns3:TrackPointExtension>
        </extensions>
      </trkpt>
      <trkpt lat="69.03145576827228069305419921875" lon="20.30928097665309906005859375">
        <ele>662.4000244140625</ele>
        <time>2026-08-21T08:30:51.000Z</time>
        <extensions>
          <ns3:TrackPointExtension>
            <ns3:cad>47</ns3:cad>
          </ns3:TrackPointExtension>
        </extensions>
      </trkpt>
      <trkpt lat="69.03138871304690837860107421875" lon="20.30929782427847385406494140625">
        <ele>662.20001220703125</ele>
        <time>2026-08-21T08:30:58.000Z</time>
        <extensions>
          <ns3:TrackPointExtension>
            <ns3:cad>49</ns3:cad>
          </ns3:TrackPointExtension>
        </extensions>
      </trkpt>
      <trkpt lat="69.03133121319115161895751953125" lon="20.309312827885150909423828125">
        <ele>662</ele>
        <time>2026-08-21T08:31:03.000Z</time>
        <extensions>
          <ns3:TrackPointExtension>
            <ns3:cad>48</ns3:cad>
          </ns3:TrackPointExtension>
        </extensions>
      </trkpt>
      <trkpt lat="69.0313168801367282867431640625" lon="20.30929178930819034576416015625">
        <ele>662</ele>
        <time>2026-08-21T08:31:04.000Z</time>
        <extensions>
          <ns3:TrackPointExtension>
            <ns3:cad>48</ns3:cad>
          </ns3:TrackPointExtension>
        </extensions>
      </trkpt>
      <trkpt lat="69.03127438388764858245849609375" lon="20.30928432941436767578125">
        <ele>661.79998779296875</ele>
        <time>2026-08-21T08:31:08.000Z</time>
        <extensions>
          <ns3:TrackPointExtension>
            <ns3:cad>48</ns3:cad>
          </ns3:TrackPointExtension>
        </extensions>
      </trkpt>
      <trkpt lat="69.03119777329266071319580078125" lon="20.30930000357329845428466796875">
        <ele>661.79998779296875</ele>
        <time>2026-08-21T08:31:14.000Z</time>
        <extensions>
          <ns3:TrackPointExtension>
            <ns3:cad>50</ns3:cad>
          </ns3:TrackPointExtension>
        </extensions>
      </trkpt>
      <trkpt lat="69.0311854518949985504150390625" lon="20.3093005903065204620361328125">
        <ele>661.5999755859375</ele>
        <time>2026-08-21T08:31:16.000Z</time>
        <extensions>
          <ns3:TrackPointExtension>
            <ns3:cad>48</ns3:cad>
          </ns3:TrackPointExtension>
        </extensions>
      </trkpt>
      <trkpt lat="69.031152762472629547119140625" lon="20.3093183599412441253662109375">
        <ele>661.4000244140625</ele>
        <time>2026-08-21T08:31:19.000Z</time>
        <extensions>
          <ns3:TrackPointExtension>
            <ns3:cad>48</ns3:cad>
          </ns3:TrackPointExtension>
        </extensions>
      </trkpt>
      <trkpt lat="69.031099118292331695556640625" lon="20.3093659691512584686279296875">
        <ele>660.79998779296875</ele>
        <time>2026-08-21T08:31:25.000Z</time>
        <extensions>
          <ns3:TrackPointExtension>
            <ns3:cad>47</ns3:cad>
          </ns3:TrackPointExtension>
        </extensions>
      </trkpt>
      <trkpt lat="69.03106315992772579193115234375" lon="20.309403352439403533935546875">
        <ele>660.5999755859375</ele>
        <time>2026-08-21T08:31:29.000Z</time>
        <extensions>
          <ns3:TrackPointExtension>
            <ns3:cad>41</ns3:cad>
          </ns3:TrackPointExtension>
        </extensions>
      </trkpt>
      <trkpt lat="69.03103700838983058929443359375" lon="20.30942372046411037445068359375">
        <ele>660.20001220703125</ele>
        <time>2026-08-21T08:31:31.000Z</time>
        <extensions>
          <ns3:TrackPointExtension>
            <ns3:cad>41</ns3:cad>
          </ns3:TrackPointExtension>
        </extensions>
      </trkpt>
      <trkpt lat="69.03099426068365573883056640625" lon="20.3094504587352275848388671875">
        <ele>659.79998779296875</ele>
        <time>2026-08-21T08:31:36.000Z</time>
        <extensions>
          <ns3:TrackPointExtension>
            <ns3:cad>0</ns3:cad>
          </ns3:TrackPointExtension>
        </extensions>
      </trkpt>
      <trkpt lat="69.030968360602855682373046875" lon="20.30943679623305797576904296875">
        <ele>659.5999755859375</ele>
        <time>2026-08-21T08:31:39.000Z</time>
        <extensions>
          <ns3:TrackPointExtension>
            <ns3:cad>0</ns3:cad>
          </ns3:TrackPointExtension>
        </extensions>
      </trkpt>
      <trkpt lat="69.03095059096813201904296875" lon="20.30943780206143856048583984375">
        <ele>659.20001220703125</ele>
        <time>2026-08-21T08:31:41.000Z</time>
        <extensions>
          <ns3:TrackPointExtension>
            <ns3:cad>0</ns3:cad>
          </ns3:TrackPointExtension>
        </extensions>
      </trkpt>
      <trkpt lat="69.03086920268833637237548828125" lon="20.30944149009883403778076171875">
        <ele>658.5999755859375</ele>
        <time>2026-08-21T08:31:49.000Z</time>
        <extensions>
          <ns3:TrackPointExtension>
            <ns3:cad>0</ns3:cad>
          </ns3:TrackPointExtension>
        </extensions>
      </trkpt>
      <trkpt lat="69.030857048928737640380859375" lon="20.3094437532126903533935546875">
        <ele>658.4000244140625</ele>
        <time>2026-08-21T08:31:50.000Z</time>
        <extensions>
          <ns3:TrackPointExtension>
            <ns3:cad>0</ns3:cad>
          </ns3:TrackPointExtension>
        </extensions>
      </trkpt>
      <trkpt lat="69.03078421019017696380615234375" lon="20.30945071019232273101806640625">
        <ele>658.20001220703125</ele>
        <time>2026-08-21T08:31:56.000Z</time>
        <extensions>
          <ns3:TrackPointExtension>
            <ns3:cad>0</ns3:cad>
          </ns3:TrackPointExtension>
        </extensions>
      </trkpt>
      <trkpt lat="69.03076861985027790069580078125" lon="20.3094739280641078948974609375">
        <ele>658.20001220703125</ele>
        <time>2026-08-21T08:31:58.000Z</time>
        <extensions>
          <ns3:TrackPointExtension>
            <ns3:cad>0</ns3:cad>
          </ns3:TrackPointExtension>
        </extensions>
      </trkpt>
      <trkpt lat="69.030719585716724395751953125" lon="20.30946194194257259368896484375">
        <ele>658.20001220703125</ele>
        <time>2026-08-21T08:32:02.000Z</time>
        <extensions>
          <ns3:TrackPointExtension>
            <ns3:cad>0</ns3:cad>
          </ns3:TrackPointExtension>
        </extensions>
      </trkpt>
      <trkpt lat="69.030649848282337188720703125" lon="20.30948775820434093475341796875">
        <ele>658</ele>
        <time>2026-08-21T08:32:09.000Z</time>
        <extensions>
          <ns3:TrackPointExtension>
            <ns3:cad>48</ns3:cad>
          </ns3:TrackPointExtension>
        </extensions>
      </trkpt>
      <trkpt lat="69.0305931866168975830078125" lon="20.30949018895626068115234375">
        <ele>658</ele>
        <time>2026-08-21T08:32:15.000Z</time>
        <extensions>
          <ns3:TrackPointExtension>
            <ns3:cad>47</ns3:cad>
          </ns3:TrackPointExtension>
        </extensions>
      </trkpt>
      <trkpt lat="69.03053962625563144683837890625" lon="20.30947686173021793365478515625">
        <ele>658</ele>
        <time>2026-08-21T08:32:21.000Z</time>
        <extensions>
          <ns3:TrackPointExtension>
            <ns3:cad>0</ns3:cad>
          </ns3:TrackPointExtension>
        </extensions>
      </trkpt>
      <trkpt lat="69.0304910950362682342529296875" lon="20.3094873391091823577880859375">
        <ele>657.5999755859375</ele>
        <time>2026-08-21T08:32:26.000Z</time>
        <extensions>
          <ns3:TrackPointExtension>
            <ns3:cad>50</ns3:cad>
          </ns3:TrackPointExtension>
        </extensions>
      </trkpt>
      <trkpt lat="69.0304190106689929962158203125" lon="20.309488512575626373291015625">
        <ele>657.4000244140625</ele>
        <time>2026-08-21T08:32:33.000Z</time>
        <extensions>
          <ns3:TrackPointExtension>
            <ns3:cad>50</ns3:cad>
          </ns3:TrackPointExtension>
        </extensions>
      </trkpt>
      <trkpt lat="69.03041146695613861083984375" lon="20.30948742292821407318115234375">
        <ele>657.4000244140625</ele>
        <time>2026-08-21T08:32:34.000Z</time>
        <extensions>
          <ns3:TrackPointExtension>
            <ns3:cad>47</ns3:cad>
          </ns3:TrackPointExtension>
        </extensions>
      </trkpt>
      <trkpt lat="69.03032362461090087890625" lon="20.30950485728681087493896484375">
        <ele>656.4000244140625</ele>
        <time>2026-08-21T08:32:42.000Z</time>
        <extensions>
          <ns3:TrackPointExtension>
            <ns3:cad>0</ns3:cad>
          </ns3:TrackPointExtension>
        </extensions>
      </trkpt>
      <trkpt lat="69.0302637778222560882568359375" lon="20.30950251035392284393310546875">
        <ele>655.4000244140625</ele>
        <time>2026-08-21T08:32:48.000Z</time>
        <extensions>
          <ns3:TrackPointExtension>
            <ns3:cad>48</ns3:cad>
          </ns3:TrackPointExtension>
        </extensions>
      </trkpt>
      <trkpt lat="69.030254222452640533447265625" lon="20.3095000796020030975341796875">
        <ele>655.20001220703125</ele>
        <time>2026-08-21T08:32:49.000Z</time>
        <extensions>
          <ns3:TrackPointExtension>
            <ns3:cad>48</ns3:cad>
          </ns3:TrackPointExtension>
        </extensions>
      </trkpt>
      <trkpt lat="69.0302158333361148834228515625" lon="20.30950753949582576751708984375">
        <ele>654.20001220703125</ele>
        <time>2026-08-21T08:32:54.000Z</time>
        <extensions>
          <ns3:TrackPointExtension>
            <ns3:cad>0</ns3:cad>
          </ns3:TrackPointExtension>
        </extensions>
      </trkpt>
      <trkpt lat="69.0302047692239284515380859375" lon="20.30952665023505687713623046875">
        <ele>654</ele>
        <time>2026-08-21T08:32:55.000Z</time>
        <extensions>
          <ns3:TrackPointExtension>
            <ns3:cad>0</ns3:cad>
          </ns3:TrackPointExtension>
        </extensions>
      </trkpt>
      <trkpt lat="69.0301749296486377716064453125" lon="20.3095406480133533477783203125">
        <ele>653.4000244140625</ele>
        <time>2026-08-21T08:32:58.000Z</time>
        <extensions>
          <ns3:TrackPointExtension>
            <ns3:cad>0</ns3:cad>
          </ns3:TrackPointExtension>
        </extensions>
      </trkpt>
      <trkpt lat="69.0301688946783542633056640625" lon="20.30954810790717601776123046875">
        <ele>653.20001220703125</ele>
        <time>2026-08-21T08:32:59.000Z</time>
        <extensions>
          <ns3:TrackPointExtension>
            <ns3:cad>0</ns3:cad>
          </ns3:TrackPointExtension>
        </extensions>
      </trkpt>
      <trkpt lat="69.03013427741825580596923828125" lon="20.3095835633575916290283203125">
        <ele>652</ele>
        <time>2026-08-21T08:33:04.000Z</time>
        <extensions>
          <ns3:TrackPointExtension>
            <ns3:cad>0</ns3:cad>
          </ns3:TrackPointExtension>
        </extensions>
      </trkpt>
      <trkpt lat="69.0301182679831981658935546875" lon="20.30959689058363437652587890625">
        <ele>651.5999755859375</ele>
        <time>2026-08-21T08:33:06.000Z</time>
        <extensions>
          <ns3:TrackPointExtension>
            <ns3:cad>0</ns3:cad>
          </ns3:TrackPointExtension>
        </extensions>
      </trkpt>
      <trkpt lat="69.03010125271975994110107421875" lon="20.30962237156927585601806640625">
        <ele>651</ele>
        <time>2026-08-21T08:33:09.000Z</time>
        <extensions>
          <ns3:TrackPointExtension>
            <ns3:cad>51</ns3:cad>
          </ns3:TrackPointExtension>
        </extensions>
      </trkpt>
      <trkpt lat="69.03005213476717472076416015625" lon="20.3096590004861354827880859375">
        <ele>650.4000244140625</ele>
        <time>2026-08-21T08:33:13.000Z</time>
        <extensions>
          <ns3:TrackPointExtension>
            <ns3:cad>51</ns3:cad>
          </ns3:TrackPointExtension>
        </extensions>
      </trkpt>
      <trkpt lat="69.03002330102026462554931640625" lon="20.30971809290349483489990234375">
        <ele>650</ele>
        <time>2026-08-21T08:33:16.000Z</time>
        <extensions>
          <ns3:TrackPointExtension>
            <ns3:cad>0</ns3:cad>
          </ns3:TrackPointExtension>
        </extensions>
      </trkpt>
      <trkpt lat="69.0299865044653415679931640625" lon="20.30976369045674800872802734375">
        <ele>649.5999755859375</ele>
        <time>2026-08-21T08:33:20.000Z</time>
        <extensions>
          <ns3:TrackPointExtension>
            <ns3:cad>50</ns3:cad>
          </ns3:TrackPointExtension>
        </extensions>
      </trkpt>
      <trkpt lat="69.02992757968604564666748046875" lon="20.30980912037193775177001953125">
        <ele>649</ele>
        <time>2026-08-21T08:33:26.000Z</time>
        <extensions>
          <ns3:TrackPointExtension>
            <ns3:cad>50</ns3:cad>
          </ns3:TrackPointExtension>
        </extensions>
      </trkpt>
      <trkpt lat="69.02991794049739837646484375" lon="20.3098192624747753143310546875">
        <ele>648.79998779296875</ele>
        <time>2026-08-21T08:33:27.000Z</time>
        <extensions>
          <ns3:TrackPointExtension>
            <ns3:cad>50</ns3:cad>
          </ns3:TrackPointExtension>
        </extensions>
      </trkpt>
      <trkpt lat="69.0298433415591716766357421875" lon="20.30982320196926593780517578125">
        <ele>648.20001220703125</ele>
        <time>2026-08-21T08:33:34.000Z</time>
        <extensions>
          <ns3:TrackPointExtension>
            <ns3:cad>50</ns3:cad>
          </ns3:TrackPointExtension>
        </extensions>
      </trkpt>
      <trkpt lat="69.02976715005934238433837890625" lon="20.3098809532821178436279296875">
        <ele>648.20001220703125</ele>
        <time>2026-08-21T08:33:41.000Z</time>
        <extensions>
          <ns3:TrackPointExtension>
            <ns3:cad>49</ns3:cad>
          </ns3:TrackPointExtension>
        </extensions>
      </trkpt>
      <trkpt lat="69.02970780618488788604736328125" lon="20.30994473956525325775146484375">
        <ele>648.20001220703125</ele>
        <time>2026-08-21T08:33:47.000Z</time>
        <extensions>
          <ns3:TrackPointExtension>
            <ns3:cad>49</ns3:cad>
          </ns3:TrackPointExtension>
        </extensions>
      </trkpt>
      <trkpt lat="69.0296508930623531341552734375" lon="20.31001984141767024993896484375">
        <ele>648.20001220703125</ele>
        <time>2026-08-21T08:33:53.000Z</time>
        <extensions>
          <ns3:TrackPointExtension>
            <ns3:cad>47</ns3:cad>
          </ns3:TrackPointExtension>
        </extensions>
      </trkpt>
      <trkpt lat="69.02960009872913360595703125" lon="20.31008052639663219451904296875">
        <ele>648.79998779296875</ele>
        <time>2026-08-21T08:33:59.000Z</time>
        <extensions>
          <ns3:TrackPointExtension>
            <ns3:cad>48</ns3:cad>
          </ns3:TrackPointExtension>
        </extensions>
      </trkpt>
      <trkpt lat="69.02954519726336002349853515625" lon="20.31009108759462833404541015625">
        <ele>649.79998779296875</ele>
        <time>2026-08-21T08:34:06.000Z</time>
        <extensions>
          <ns3:TrackPointExtension>
            <ns3:cad>43</ns3:cad>
          </ns3:TrackPointExtension>
        </extensions>
      </trkpt>
      <trkpt lat="69.02953706681728363037109375" lon="20.31009712256491184234619140625">
        <ele>650</ele>
        <time>2026-08-21T08:34:07.000Z</time>
        <extensions>
          <ns3:TrackPointExtension>
            <ns3:cad>43</ns3:cad>
          </ns3:TrackPointExtension>
        </extensions>
      </trkpt>
      <trkpt lat="69.0294949896633625030517578125" lon="20.3101240284740924835205078125">
        <ele>650.4000244140625</ele>
        <time>2026-08-21T08:34:13.000Z</time>
        <extensions>
          <ns3:TrackPointExtension>
            <ns3:cad>43</ns3:cad>
          </ns3:TrackPointExtension>
        </extensions>
      </trkpt>
      <trkpt lat="69.0294413454830646514892578125" lon="20.31018228270113468170166015625">
        <ele>650.79998779296875</ele>
        <time>2026-08-21T08:34:19.000Z</time>
        <extensions>
          <ns3:TrackPointExtension>
            <ns3:cad>43</ns3:cad>
          </ns3:TrackPointExtension>
        </extensions>
      </trkpt>
      <trkpt lat="69.0294343046844005584716796875" lon="20.3101947717368602752685546875">
        <ele>651</ele>
        <time>2026-08-21T08:34:20.000Z</time>
        <extensions>
          <ns3:TrackPointExtension>
            <ns3:cad>43</ns3:cad>
          </ns3:TrackPointExtension>
        </extensions>
      </trkpt>
      <trkpt lat="69.02940169908106327056884765625" lon="20.31023559160530567169189453125">
        <ele>651.4000244140625</ele>
        <time>2026-08-21T08:34:24.000Z</time>
        <extensions>
          <ns3:TrackPointExtension>
            <ns3:cad>45</ns3:cad>
          </ns3:TrackPointExtension>
        </extensions>
      </trkpt>
      <trkpt lat="69.029352664947509765625" lon="20.31026065349578857421875">
        <ele>651.79998779296875</ele>
        <time>2026-08-21T08:34:30.000Z</time>
        <extensions>
          <ns3:TrackPointExtension>
            <ns3:cad>43</ns3:cad>
          </ns3:TrackPointExtension>
        </extensions>
      </trkpt>
      <trkpt lat="69.0293293632566928863525390625" lon="20.31028789468109607696533203125">
        <ele>652</ele>
        <time>2026-08-21T08:34:33.000Z</time>
        <extensions>
          <ns3:TrackPointExtension>
            <ns3:cad>45</ns3:cad>
          </ns3:TrackPointExtension>
        </extensions>
      </trkpt>
      <trkpt lat="69.02929642237722873687744140625" lon="20.31029996462166309356689453125">
        <ele>652.20001220703125</ele>
        <time>2026-08-21T08:34:37.000Z</time>
        <extensions>
          <ns3:TrackPointExtension>
            <ns3:cad>44</ns3:cad>
          </ns3:TrackPointExtension>
        </extensions>
      </trkpt>
      <trkpt lat="69.02924898080527782440185546875" lon="20.310309268534183502197265625">
        <ele>652.79998779296875</ele>
        <time>2026-08-21T08:34:44.000Z</time>
        <extensions>
          <ns3:TrackPointExtension>
            <ns3:cad>46</ns3:cad>
          </ns3:TrackPointExtension>
        </extensions>
      </trkpt>
      <trkpt lat="69.0292413532733917236328125" lon="20.310334078967571258544921875">
        <ele>653</ele>
        <time>2026-08-21T08:34:46.000Z</time>
        <extensions>
          <ns3:TrackPointExtension>
            <ns3:cad>46</ns3:cad>
          </ns3:TrackPointExtension>
        </extensions>
      </trkpt>
      <trkpt lat="69.02921545319259166717529296875" lon="20.310352854430675506591796875">
        <ele>653.4000244140625</ele>
        <time>2026-08-21T08:34:49.000Z</time>
        <extensions>
          <ns3:TrackPointExtension>
            <ns3:cad>44</ns3:cad>
          </ns3:TrackPointExtension>
        </extensions>
      </trkpt>
      <trkpt lat="69.029171280562877655029296875" lon="20.31040591187775135040283203125">
        <ele>654</ele>
        <time>2026-08-21T08:34:55.000Z</time>
        <extensions>
          <ns3:TrackPointExtension>
            <ns3:cad>45</ns3:cad>
          </ns3:TrackPointExtension>
        </extensions>
      </trkpt>
      <trkpt lat="69.02916583232581615447998046875" lon="20.310411192476749420166015625">
        <ele>654.20001220703125</ele>
        <time>2026-08-21T08:34:56.000Z</time>
        <extensions>
          <ns3:TrackPointExtension>
            <ns3:cad>45</ns3:cad>
          </ns3:TrackPointExtension>
        </extensions>
      </trkpt>
      <trkpt lat="69.0291275270283222198486328125" lon="20.31043558381497859954833984375">
        <ele>654.79998779296875</ele>
        <time>2026-08-21T08:35:01.000Z</time>
        <extensions>
          <ns3:TrackPointExtension>
            <ns3:cad>42</ns3:cad>
          </ns3:TrackPointExtension>
        </extensions>
      </trkpt>
      <trkpt lat="69.02908000163733959197998046875" lon="20.31043298542499542236328125">
        <ele>655</ele>
        <time>2026-08-21T08:35:07.000Z</time>
        <extensions>
          <ns3:TrackPointExtension>
            <ns3:cad>0</ns3:cad>
          </ns3:TrackPointExtension>
        </extensions>
      </trkpt>
      <trkpt lat="69.02901965193450450897216796875" lon="20.310481600463390350341796875">
        <ele>655</ele>
        <time>2026-08-21T08:35:14.000Z</time>
        <extensions>
          <ns3:TrackPointExtension>
            <ns3:cad>0</ns3:cad>
          </ns3:TrackPointExtension>
        </extensions>
      </trkpt>
      <trkpt lat="69.02895125560462474822998046875" lon="20.3105260245501995086669921875">
        <ele>654.5999755859375</ele>
        <time>2026-08-21T08:35:21.000Z</time>
        <extensions>
          <ns3:TrackPointExtension>
            <ns3:cad>0</ns3:cad>
          </ns3:TrackPointExtension>
        </extensions>
      </trkpt>
      <trkpt lat="69.02891814708709716796875" lon="20.31055628322064876556396484375">
        <ele>654.20001220703125</ele>
        <time>2026-08-21T08:35:28.000Z</time>
        <extensions>
          <ns3:TrackPointExtension>
            <ns3:cad>0</ns3:cad>
          </ns3:TrackPointExtension>
        </extensions>
      </trkpt>
      <trkpt lat="69.02892108075320720672607421875" lon="20.31057774089276790618896484375">
        <ele>654</ele>
        <time>2026-08-21T08:35:35.000Z</time>
        <extensions>
          <ns3:TrackPointExtension>
            <ns3:cad>0</ns3:cad>
          </ns3:TrackPointExtension>
        </extensions>
      </trkpt>
      <trkpt lat="69.028907753527164459228515625" lon="20.310556702315807342529296875">
        <ele>654</ele>
        <time>2026-08-21T08:35:42.000Z</time>
        <extensions>
          <ns3:TrackPointExtension>
            <ns3:cad>0</ns3:cad>
          </ns3:TrackPointExtension>
        </extensions>
      </trkpt>
      <trkpt lat="69.028849415481090545654296875" lon="20.3105977736413478851318359375">
        <ele>653</ele>
        <time>2026-08-21T08:35:48.000Z</time>
        <extensions>
          <ns3:TrackPointExtension>
            <ns3:cad>0</ns3:cad>
          </ns3:TrackPointExtension>
        </extensions>
      </trkpt>
      <trkpt lat="69.02884011156857013702392578125" lon="20.310604311525821685791015625">
        <ele>653</ele>
        <time>2026-08-21T08:35:49.000Z</time>
        <extensions>
          <ns3:TrackPointExtension>
            <ns3:cad>0</ns3:cad>
          </ns3:TrackPointExtension>
        </extensions>
      </trkpt>
      <trkpt lat="69.02877992950379848480224609375" lon="20.31063524074852466583251953125">
        <ele>652</ele>
        <time>2026-08-21T08:35:56.000Z</time>
        <extensions>
          <ns3:TrackPointExtension>
            <ns3:cad>0</ns3:cad>
          </ns3:TrackPointExtension>
        </extensions>
      </trkpt>
      <trkpt lat="69.02875914238393306732177734375" lon="20.31063540838658809661865234375">
        <ele>651.79998779296875</ele>
        <time>2026-08-21T08:35:58.000Z</time>
        <extensions>
          <ns3:TrackPointExtension>
            <ns3:cad>0</ns3:cad>
          </ns3:TrackPointExtension>
        </extensions>
      </trkpt>
      <trkpt lat="69.02869745157659053802490234375" lon="20.31065334565937519073486328125">
        <ele>651.20001220703125</ele>
        <time>2026-08-21T08:36:04.000Z</time>
        <extensions>
          <ns3:TrackPointExtension>
            <ns3:cad>0</ns3:cad>
          </ns3:TrackPointExtension>
        </extensions>
      </trkpt>
      <trkpt lat="69.02868219651281833648681640625" lon="20.3106514178216457366943359375">
        <ele>651</ele>
        <time>2026-08-21T08:36:06.000Z</time>
        <extensions>
          <ns3:TrackPointExtension>
            <ns3:cad>0</ns3:cad>
          </ns3:TrackPointExtension>
        </extensions>
      </trkpt>
      <trkpt lat="69.028631485998630523681640625" lon="20.31068117357790470123291015625">
        <ele>650.5999755859375</ele>
        <time>2026-08-21T08:36:10.000Z</time>
        <extensions>
          <ns3:TrackPointExtension>
            <ns3:cad>50</ns3:cad>
          </ns3:TrackPointExtension>
        </extensions>
      </trkpt>
      <trkpt lat="69.0285910852253437042236328125" lon="20.31071553938090801239013671875">
        <ele>650</ele>
        <time>2026-08-21T08:36:16.000Z</time>
        <extensions>
          <ns3:TrackPointExtension>
            <ns3:cad>0</ns3:cad>
          </ns3:TrackPointExtension>
        </extensions>
      </trkpt>
      <trkpt lat="69.0285267122089862823486328125" lon="20.31077085994184017181396484375">
        <ele>649.20001220703125</ele>
        <time>2026-08-21T08:36:22.000Z</time>
        <extensions>
          <ns3:TrackPointExtension>
            <ns3:cad>0</ns3:cad>
          </ns3:TrackPointExtension>
        </extensions>
      </trkpt>
      <trkpt lat="69.02847315184772014617919921875" lon="20.31078343279659748077392578125">
        <ele>648.79998779296875</ele>
        <time>2026-08-21T08:36:27.000Z</time>
        <extensions>
          <ns3:TrackPointExtension>
            <ns3:cad>0</ns3:cad>
          </ns3:TrackPointExtension>
        </extensions>
      </trkpt>
      <trkpt lat="69.02845487929880619049072265625" lon="20.31080891378223896026611328125">
        <ele>649</ele>
        <time>2026-08-21T08:36:29.000Z</time>
        <extensions>
          <ns3:TrackPointExtension>
            <ns3:cad>0</ns3:cad>
          </ns3:TrackPointExtension>
        </extensions>
      </trkpt>
      <trkpt lat="69.0283989720046520233154296875" lon="20.31086054630577564239501953125">
        <ele>649</ele>
        <time>2026-08-21T08:36:34.000Z</time>
        <extensions>
          <ns3:TrackPointExtension>
            <ns3:cad>48</ns3:cad>
          </ns3:TrackPointExtension>
        </extensions>
      </trkpt>
      <trkpt lat="69.02834507636725902557373046875" lon="20.3108780644834041595458984375">
        <ele>649.20001220703125</ele>
        <time>2026-08-21T08:36:39.000Z</time>
        <extensions>
          <ns3:TrackPointExtension>
            <ns3:cad>49</ns3:cad>
          </ns3:TrackPointExtension>
        </extensions>
      </trkpt>
      <trkpt lat="69.02829076163470745086669921875" lon="20.31094637699425220489501953125">
        <ele>649</ele>
        <time>2026-08-21T08:36:44.000Z</time>
        <extensions>
          <ns3:TrackPointExtension>
            <ns3:cad>0</ns3:cad>
          </ns3:TrackPointExtension>
        </extensions>
      </trkpt>
      <trkpt lat="69.0282400511205196380615234375" lon="20.3109729476273059844970703125">
        <ele>649</ele>
        <time>2026-08-21T08:36:49.000Z</time>
        <extensions>
          <ns3:TrackPointExtension>
            <ns3:cad>49</ns3:cad>
          </ns3:TrackPointExtension>
        </extensions>
      </trkpt>
      <trkpt lat="69.02816922403872013092041015625" lon="20.3110041283071041107177734375">
        <ele>649.20001220703125</ele>
        <time>2026-08-21T08:36:56.000Z</time>
        <extensions>
          <ns3:TrackPointExtension>
            <ns3:cad>49</ns3:cad>
          </ns3:TrackPointExtension>
        </extensions>
      </trkpt>
      <trkpt lat="69.02809982188045978546142578125" lon="20.31100136227905750274658203125">
        <ele>649.5999755859375</ele>
        <time>2026-08-21T08:37:02.000Z</time>
        <extensions>
          <ns3:TrackPointExtension>
            <ns3:cad>48</ns3:cad>
          </ns3:TrackPointExtension>
        </extensions>
      </trkpt>
      <trkpt lat="69.0280529670417308807373046875" lon="20.311069674789905548095703125">
        <ele>649.79998779296875</ele>
        <time>2026-08-21T08:37:07.000Z</time>
        <extensions>
          <ns3:TrackPointExtension>
            <ns3:cad>47</ns3:cad>
          </ns3:TrackPointExtension>
        </extensions>
      </trkpt>
      <trkpt lat="69.02802756987512111663818359375" lon="20.3110996820032596588134765625">
        <ele>650</ele>
        <time>2026-08-21T08:37:10.000Z</time>
        <extensions>
          <ns3:TrackPointExtension>
            <ns3:cad>47</ns3:cad>
          </ns3:TrackPointExtension>
        </extensions>
      </trkpt>
      <trkpt lat="69.02799940668046474456787109375" lon="20.31111652962863445281982421875">
        <ele>650</ele>
        <time>2026-08-21T08:37:13.000Z</time>
        <extensions>
          <ns3:TrackPointExtension>
            <ns3:cad>47</ns3:cad>
          </ns3:TrackPointExtension>
        </extensions>
      </trkpt>
      <trkpt lat="69.02793310582637786865234375" lon="20.311191715300083160400390625">
        <ele>650.4000244140625</ele>
        <time>2026-08-21T08:37:20.000Z</time>
        <extensions>
          <ns3:TrackPointExtension>
            <ns3:cad>49</ns3:cad>
          </ns3:TrackPointExtension>
        </extensions>
      </trkpt>
      <trkpt lat="69.027889184653759002685546875" lon="20.3112398274242877960205078125">
        <ele>650.5999755859375</ele>
        <time>2026-08-21T08:37:25.000Z</time>
        <extensions>
          <ns3:TrackPointExtension>
            <ns3:cad>47</ns3:cad>
          </ns3:TrackPointExtension>
        </extensions>
      </trkpt>
      <trkpt lat="69.0278300084173679351806640625" lon="20.31131015159189701080322265625">
        <ele>650.79998779296875</ele>
        <time>2026-08-21T08:37:30.000Z</time>
        <extensions>
          <ns3:TrackPointExtension>
            <ns3:cad>47</ns3:cad>
          </ns3:TrackPointExtension>
        </extensions>
      </trkpt>
      <trkpt lat="69.027817435562610626220703125" lon="20.3113300167024135589599609375">
        <ele>651</ele>
        <time>2026-08-21T08:37:31.000Z</time>
        <extensions>
          <ns3:TrackPointExtension>
            <ns3:cad>49</ns3:cad>
          </ns3:TrackPointExtension>
        </extensions>
      </trkpt>
      <trkpt lat="69.02777192182838916778564453125" lon="20.3113732673227787017822265625">
        <ele>651.4000244140625</ele>
        <time>2026-08-21T08:37:36.000Z</time>
        <extensions>
          <ns3:TrackPointExtension>
            <ns3:cad>48</ns3:cad>
          </ns3:TrackPointExtension>
        </extensions>
      </trkpt>
      <trkpt lat="69.0277284197509288787841796875" lon="20.3114269115030765533447265625">
        <ele>652</ele>
        <time>2026-08-21T08:37:42.000Z</time>
        <extensions>
          <ns3:TrackPointExtension>
            <ns3:cad>47</ns3:cad>
          </ns3:TrackPointExtension>
        </extensions>
      </trkpt>
      <trkpt lat="69.02768005616962909698486328125" lon="20.31148131005465984344482421875">
        <ele>652.20001220703125</ele>
        <time>2026-08-21T08:37:47.000Z</time>
        <extensions>
          <ns3:TrackPointExtension>
            <ns3:cad>47</ns3:cad>
          </ns3:TrackPointExtension>
        </extensions>
      </trkpt>
      <trkpt lat="69.02763269841670989990234375" lon="20.31153478659689426422119140625">
        <ele>652.4000244140625</ele>
        <time>2026-08-21T08:37:52.000Z</time>
        <extensions>
          <ns3:TrackPointExtension>
            <ns3:cad>0</ns3:cad>
          </ns3:TrackPointExtension>
        </extensions>
      </trkpt>
      <trkpt lat="69.0276285074651241302490234375" lon="20.31156026758253574371337890625">
        <ele>652.5999755859375</ele>
        <time>2026-08-21T08:37:58.000Z</time>
        <extensions>
          <ns3:TrackPointExtension>
            <ns3:cad>0</ns3:cad>
          </ns3:TrackPointExtension>
        </extensions>
      </trkpt>
      <trkpt lat="69.0276298485696315765380859375" lon="20.31155976466834545135498046875">
        <ele>652.5999755859375</ele>
        <time>2026-08-21T08:38:04.000Z</time>
        <extensions>
          <ns3:TrackPointExtension>
            <ns3:cad>0</ns3:cad>
          </ns3:TrackPointExtension>
        </extensions>
      </trkpt>
      <trkpt lat="69.02762825600802898406982421875" lon="20.31153269112110137939453125">
        <ele>652.5999755859375</ele>
        <time>2026-08-21T08:38:11.000Z</time>
        <extensions>
          <ns3:TrackPointExtension>
            <ns3:cad>0</ns3:cad>
          </ns3:TrackPointExtension>
        </extensions>
      </trkpt>
      <trkpt lat="69.02762557379901409149169921875" lon="20.3115335293114185333251953125">
        <ele>652.4000244140625</ele>
        <time>2026-08-21T08:38:17.000Z</time>
        <extensions>
          <ns3:TrackPointExtension>
            <ns3:cad>0</ns3:cad>
          </ns3:TrackPointExtension>
        </extensions>
      </trkpt>
      <trkpt lat="69.0276214666664600372314453125" lon="20.3115440905094146728515625">
        <ele>652.20001220703125</ele>
        <time>2026-08-21T08:38:24.000Z</time>
        <extensions>
          <ns3:TrackPointExtension>
            <ns3:cad>0</ns3:cad>
          </ns3:TrackPointExtension>
        </extensions>
      </trkpt>
      <trkpt lat="69.0276375599205493927001953125" lon="20.3115640394389629364013671875">
        <ele>652</ele>
        <time>2026-08-21T08:38:33.000Z</time>
        <extensions>
          <ns3:TrackPointExtension>
            <ns3:cad>0</ns3:cad>
          </ns3:TrackPointExtension>
        </extensions>
      </trkpt>
      <trkpt lat="69.0276311896741390228271484375" lon="20.3115865029394626617431640625">
        <ele>652</ele>
        <time>2026-08-21T08:38:40.000Z</time>
        <extensions>
          <ns3:TrackPointExtension>
            <ns3:cad>0</ns3:cad>
          </ns3:TrackPointExtension>
        </extensions>
      </trkpt>
      <trkpt lat="69.02756430208683013916015625" lon="20.311637632548809051513671875">
        <ele>652</ele>
        <time>2026-08-21T08:38:46.000Z</time>
        <extensions>
          <ns3:TrackPointExtension>
            <ns3:cad>0</ns3:cad>
          </ns3:TrackPointExtension>
        </extensions>
      </trkpt>
      <trkpt lat="69.02751359157264232635498046875" lon="20.3117172606289386749267578125">
        <ele>652.20001220703125</ele>
        <time>2026-08-21T08:38:52.000Z</time>
        <extensions>
          <ns3:TrackPointExtension>
            <ns3:cad>0</ns3:cad>
          </ns3:TrackPointExtension>
        </extensions>
      </trkpt>
      <trkpt lat="69.027445614337921142578125" lon="20.31179948709905147552490234375">
        <ele>652</ele>
        <time>2026-08-21T08:38:59.000Z</time>
        <extensions>
          <ns3:TrackPointExtension>
            <ns3:cad>48</ns3:cad>
          </ns3:TrackPointExtension>
        </extensions>
      </trkpt>
      <trkpt lat="69.0274018608033657073974609375" lon="20.3118748404085636138916015625">
        <ele>652</ele>
        <time>2026-08-21T08:39:04.000Z</time>
        <extensions>
          <ns3:TrackPointExtension>
            <ns3:cad>0</ns3:cad>
          </ns3:TrackPointExtension>
        </extensions>
      </trkpt>
      <trkpt lat="69.02732583694159984588623046875" lon="20.31197332777082920074462890625">
        <ele>651.79998779296875</ele>
        <time>2026-08-21T08:39:11.000Z</time>
        <extensions>
          <ns3:TrackPointExtension>
            <ns3:cad>50</ns3:cad>
          </ns3:TrackPointExtension>
        </extensions>
      </trkpt>
      <trkpt lat="69.027280993759632110595703125" lon="20.3120525367558002471923828125">
        <ele>651.5999755859375</ele>
        <time>2026-08-21T08:39:16.000Z</time>
        <extensions>
          <ns3:TrackPointExtension>
            <ns3:cad>49</ns3:cad>
          </ns3:TrackPointExtension>
        </extensions>
      </trkpt>
      <trkpt lat="69.02721854858100414276123046875" lon="20.31215622089803218841552734375">
        <ele>651.79998779296875</ele>
        <time>2026-08-21T08:39:22.000Z</time>
        <extensions>
          <ns3:TrackPointExtension>
            <ns3:cad>51</ns3:cad>
          </ns3:TrackPointExtension>
        </extensions>
      </trkpt>
      <trkpt lat="69.027180410921573638916015625" lon="20.3122496791183948516845703125">
        <ele>652.20001220703125</ele>
        <time>2026-08-21T08:39:28.000Z</time>
        <extensions>
          <ns3:TrackPointExtension>
            <ns3:cad>51</ns3:cad>
          </ns3:TrackPointExtension>
        </extensions>
      </trkpt>
      <trkpt lat="69.02715031988918781280517578125" lon="20.31232930719852447509765625">
        <ele>652.79998779296875</ele>
        <time>2026-08-21T08:39:34.000Z</time>
        <extensions>
          <ns3:TrackPointExtension>
            <ns3:cad>48</ns3:cad>
          </ns3:TrackPointExtension>
        </extensions>
      </trkpt>
      <trkpt lat="69.0271403454244136810302734375" lon="20.312356464564800262451171875">
        <ele>653</ele>
        <time>2026-08-21T08:39:36.000Z</time>
        <extensions>
          <ns3:TrackPointExtension>
            <ns3:cad>47</ns3:cad>
          </ns3:TrackPointExtension>
        </extensions>
      </trkpt>
      <trkpt lat="69.02711159549653530120849609375" lon="20.31243198551237583160400390625">
        <ele>653.5999755859375</ele>
        <time>2026-08-21T08:39:40.000Z</time>
        <extensions>
          <ns3:TrackPointExtension>
            <ns3:cad>48</ns3:cad>
          </ns3:TrackPointExtension>
        </extensions>
      </trkpt>
      <trkpt lat="69.02708427049219608306884765625" lon="20.31249828636646270751953125">
        <ele>654.20001220703125</ele>
        <time>2026-08-21T08:39:44.000Z</time>
        <extensions>
          <ns3:TrackPointExtension>
            <ns3:cad>46</ns3:cad>
          </ns3:TrackPointExtension>
        </extensions>
      </trkpt>
      <trkpt lat="69.0270655788481235504150390625" lon="20.31254698522388935089111328125">
        <ele>654.4000244140625</ele>
        <time>2026-08-21T08:39:46.000Z</time>
        <extensions>
          <ns3:TrackPointExtension>
            <ns3:cad>46</ns3:cad>
          </ns3:TrackPointExtension>
        </extensions>
      </trkpt>
      <trkpt lat="69.0270330570638179779052734375" lon="20.3126221708953380584716796875">
        <ele>655.20001220703125</ele>
        <time>2026-08-21T08:39:52.000Z</time>
        <extensions>
          <ns3:TrackPointExtension>
            <ns3:cad>46</ns3:cad>
          </ns3:TrackPointExtension>
        </extensions>
      </trkpt>
      <trkpt lat="69.02702643536031246185302734375" lon="20.3126362524926662445068359375">
        <ele>655.20001220703125</ele>
        <time>2026-08-21T08:39:53.000Z</time>
        <extensions>
          <ns3:TrackPointExtension>
            <ns3:cad>46</ns3:cad>
          </ns3:TrackPointExtension>
        </extensions>
      </trkpt>
      <trkpt lat="69.0270069055259227752685546875" lon="20.31268495135009288787841796875">
        <ele>656</ele>
        <time>2026-08-21T08:39:59.000Z</time>
        <extensions>
          <ns3:TrackPointExtension>
            <ns3:cad>43</ns3:cad>
          </ns3:TrackPointExtension>
        </extensions>
      </trkpt>
      <trkpt lat="69.02699978090822696685791015625" lon="20.3127257712185382843017578125">
        <ele>656.20001220703125</ele>
        <time>2026-08-21T08:40:02.000Z</time>
        <extensions>
          <ns3:TrackPointExtension>
            <ns3:cad>41</ns3:cad>
          </ns3:TrackPointExtension>
        </extensions>
      </trkpt>
      <trkpt lat="69.0269720368087291717529296875" lon="20.31277698464691638946533203125">
        <ele>656.79998779296875</ele>
        <time>2026-08-21T08:40:06.000Z</time>
        <extensions>
          <ns3:TrackPointExtension>
            <ns3:cad>0</ns3:cad>
          </ns3:TrackPointExtension>
        </extensions>
      </trkpt>
      <trkpt lat="69.02695870958268642425537109375" lon="20.31280447728931903839111328125">
        <ele>657.20001220703125</ele>
        <time>2026-08-21T08:40:09.000Z</time>
        <extensions>
          <ns3:TrackPointExtension>
            <ns3:cad>76</ns3:cad>
          </ns3:TrackPointExtension>
        </extensions>
      </trkpt>
      <trkpt lat="69.0269472263753414154052734375" lon="20.3128377534449100494384765625">
        <ele>657.5999755859375</ele>
        <time>2026-08-21T08:40:12.000Z</time>
        <extensions>
          <ns3:TrackPointExtension>
            <ns3:cad>76</ns3:cad>
          </ns3:TrackPointExtension>
        </extensions>
      </trkpt>
      <trkpt lat="69.026928953826427459716796875" lon="20.31288511119782924652099609375">
        <ele>658.20001220703125</ele>
        <time>2026-08-21T08:40:17.000Z</time>
        <extensions>
          <ns3:TrackPointExtension>
            <ns3:cad>74</ns3:cad>
          </ns3:TrackPointExtension>
        </extensions>
      </trkpt>
      <trkpt lat="69.0269230864942073822021484375" lon="20.31292836181819438934326171875">
        <ele>658.5999755859375</ele>
        <time>2026-08-21T08:40:20.000Z</time>
        <extensions>
          <ns3:TrackPointExtension>
            <ns3:cad>0</ns3:cad>
          </ns3:TrackPointExtension>
        </extensions>
      </trkpt>
      <trkpt lat="69.02691294439136981964111328125" lon="20.31296364963054656982421875">
        <ele>659.4000244140625</ele>
        <time>2026-08-21T08:40:25.000Z</time>
        <extensions>
          <ns3:TrackPointExtension>
            <ns3:cad>72</ns3:cad>
          </ns3:TrackPointExtension>
        </extensions>
      </trkpt>
      <trkpt lat="69.02690640650689601898193359375" lon="20.3129913099110126495361328125">
        <ele>659.5999755859375</ele>
        <time>2026-08-21T08:40:27.000Z</time>
        <extensions>
          <ns3:TrackPointExtension>
            <ns3:cad>0</ns3:cad>
          </ns3:TrackPointExtension>
        </extensions>
      </trkpt>
      <trkpt lat="69.02687589637935161590576171875" lon="20.31308108009397983551025390625">
        <ele>660.4000244140625</ele>
        <time>2026-08-21T08:40:33.000Z</time>
        <extensions>
          <ns3:TrackPointExtension>
            <ns3:cad>0</ns3:cad>
          </ns3:TrackPointExtension>
        </extensions>
      </trkpt>
      <trkpt lat="69.0268644131720066070556640625" lon="20.3131113387644290924072265625">
        <ele>660.79998779296875</ele>
        <time>2026-08-21T08:40:35.000Z</time>
        <extensions>
          <ns3:TrackPointExtension>
            <ns3:cad>40</ns3:cad>
          </ns3:TrackPointExtension>
        </extensions>
      </trkpt>
      <trkpt lat="69.0268476493656635284423828125" lon="20.31318199820816516876220703125">
        <ele>661.4000244140625</ele>
        <time>2026-08-21T08:40:41.000Z</time>
        <extensions>
          <ns3:TrackPointExtension>
            <ns3:cad>0</ns3:cad>
          </ns3:TrackPointExtension>
        </extensions>
      </trkpt>
      <trkpt lat="69.0268489904701709747314453125" lon="20.3131827525794506072998046875">
        <ele>661.5999755859375</ele>
        <time>2026-08-21T08:40:42.000Z</time>
        <extensions>
          <ns3:TrackPointExtension>
            <ns3:cad>0</ns3:cad>
          </ns3:TrackPointExtension>
        </extensions>
      </trkpt>
      <trkpt lat="69.0268396027386188507080078125" lon="20.31323966570198535919189453125">
        <ele>662.4000244140625</ele>
        <time>2026-08-21T08:40:48.000Z</time>
        <extensions>
          <ns3:TrackPointExtension>
            <ns3:cad>76</ns3:cad>
          </ns3:TrackPointExtension>
        </extensions>
      </trkpt>
      <trkpt lat="69.02683365158736705780029296875" lon="20.31326271593570709228515625">
        <ele>662.5999755859375</ele>
        <time>2026-08-21T08:40:50.000Z</time>
        <extensions>
          <ns3:TrackPointExtension>
            <ns3:cad>76</ns3:cad>
          </ns3:TrackPointExtension>
        </extensions>
      </trkpt>
      <trkpt lat="69.02681789360940456390380859375" lon="20.31334494240581989288330078125">
        <ele>663.20001220703125</ele>
        <time>2026-08-21T08:40:55.000Z</time>
        <extensions>
          <ns3:TrackPointExtension>
            <ns3:cad>70</ns3:cad>
          </ns3:TrackPointExtension>
        </extensions>
      </trkpt>
      <trkpt lat="69.02681118808686733245849609375" lon="20.3133835829794406890869140625">
        <ele>663.5999755859375</ele>
        <time>2026-08-21T08:40:58.000Z</time>
        <extensions>
          <ns3:TrackPointExtension>
            <ns3:cad>0</ns3:cad>
          </ns3:TrackPointExtension>
        </extensions>
      </trkpt>
      <trkpt lat="69.02680733241140842437744140625" lon="20.3134315274655818939208984375">
        <ele>664.20001220703125</ele>
        <time>2026-08-21T08:41:02.000Z</time>
        <extensions>
          <ns3:TrackPointExtension>
            <ns3:cad>65</ns3:cad>
          </ns3:TrackPointExtension>
        </extensions>
      </trkpt>
      <trkpt lat="69.02680247090756893157958984375" lon="20.3134902007877826690673828125">
        <ele>664.79998779296875</ele>
        <time>2026-08-21T08:41:06.000Z</time>
        <extensions>
          <ns3:TrackPointExtension>
            <ns3:cad>0</ns3:cad>
          </ns3:TrackPointExtension>
        </extensions>
      </trkpt>
      <trkpt lat="69.02679442428052425384521484375" lon="20.313541330397129058837890625">
        <ele>665</ele>
        <time>2026-08-21T08:41:09.000Z</time>
        <extensions>
          <ns3:TrackPointExtension>
            <ns3:cad>0</ns3:cad>
          </ns3:TrackPointExtension>
        </extensions>
      </trkpt>
      <trkpt lat="69.0267896465957164764404296875" lon="20.3135931305587291717529296875">
        <ele>665.79998779296875</ele>
        <time>2026-08-21T08:41:15.000Z</time>
        <extensions>
          <ns3:TrackPointExtension>
            <ns3:cad>0</ns3:cad>
          </ns3:TrackPointExtension>
        </extensions>
      </trkpt>
      <trkpt lat="69.02678914368152618408203125" lon="20.31361676752567291259765625">
        <ele>666</ele>
        <time>2026-08-21T08:41:17.000Z</time>
        <extensions>
          <ns3:TrackPointExtension>
            <ns3:cad>0</ns3:cad>
          </ns3:TrackPointExtension>
        </extensions>
      </trkpt>
      <trkpt lat="69.02679492719471454620361328125" lon="20.31368189491331577301025390625">
        <ele>666.79998779296875</ele>
        <time>2026-08-21T08:41:23.000Z</time>
        <extensions>
          <ns3:TrackPointExtension>
            <ns3:cad>70</ns3:cad>
          </ns3:TrackPointExtension>
        </extensions>
      </trkpt>
      <trkpt lat="69.0267943404614925384521484375" lon="20.313702933490276336669921875">
        <ele>667</ele>
        <time>2026-08-21T08:41:24.000Z</time>
        <extensions>
          <ns3:TrackPointExtension>
            <ns3:cad>0</ns3:cad>
          </ns3:TrackPointExtension>
        </extensions>
      </trkpt>
      <trkpt lat="69.02676642872393131256103515625" lon="20.31379253603518009185791015625">
        <ele>667.79998779296875</ele>
        <time>2026-08-21T08:41:30.000Z</time>
        <extensions>
          <ns3:TrackPointExtension>
            <ns3:cad>0</ns3:cad>
          </ns3:TrackPointExtension>
        </extensions>
      </trkpt>
      <trkpt lat="69.0267655067145824432373046875" lon="20.3138033486902713775634765625">
        <ele>668</ele>
        <time>2026-08-21T08:41:31.000Z</time>
        <extensions>
          <ns3:TrackPointExtension>
            <ns3:cad>0</ns3:cad>
          </ns3:TrackPointExtension>
        </extensions>
      </trkpt>
      <trkpt lat="69.02673357166349887847900390625" lon="20.3138579986989498138427734375">
        <ele>669</ele>
        <time>2026-08-21T08:41:38.000Z</time>
        <extensions>
          <ns3:TrackPointExtension>
            <ns3:cad>79</ns3:cad>
          </ns3:TrackPointExtension>
        </extensions>
      </trkpt>
      <trkpt lat="69.02671094052493572235107421875" lon="20.31394039280712604522705078125">
        <ele>669.79998779296875</ele>
        <time>2026-08-21T08:41:45.000Z</time>
        <extensions>
          <ns3:TrackPointExtension>
            <ns3:cad>0</ns3:cad>
          </ns3:TrackPointExtension>
        </extensions>
      </trkpt>
      <trkpt lat="69.0266950987279415130615234375" lon="20.31397794373333454132080078125">
        <ele>670</ele>
        <time>2026-08-21T08:41:48.000Z</time>
        <extensions>
          <ns3:TrackPointExtension>
            <ns3:cad>0</ns3:cad>
          </ns3:TrackPointExtension>
        </extensions>
      </trkpt>
      <trkpt lat="69.02666651643812656402587890625" lon="20.31401197426021099090576171875">
        <ele>670.20001220703125</ele>
        <time>2026-08-21T08:41:51.000Z</time>
        <extensions>
          <ns3:TrackPointExtension>
            <ns3:cad>0</ns3:cad>
          </ns3:TrackPointExtension>
        </extensions>
      </trkpt>
      <trkpt lat="69.02666081674396991729736328125" lon="20.31401448883116245269775390625">
        <ele>670.4000244140625</ele>
        <time>2026-08-21T08:41:56.000Z</time>
        <extensions>
          <ns3:TrackPointExtension>
            <ns3:cad>0</ns3:cad>
          </ns3:TrackPointExtension>
        </extensions>
      </trkpt>
      <trkpt lat="69.0266709588468074798583984375" lon="20.31402622349560260772705078125">
        <ele>670.4000244140625</ele>
        <time>2026-08-21T08:42:03.000Z</time>
        <extensions>
          <ns3:TrackPointExtension>
            <ns3:cad>0</ns3:cad>
          </ns3:TrackPointExtension>
        </extensions>
      </trkpt>
      <trkpt lat="69.026678167283535003662109375" lon="20.31400392763316631317138671875">
        <ele>670.20001220703125</ele>
        <time>2026-08-21T08:42:11.000Z</time>
        <extensions>
          <ns3:TrackPointExtension>
            <ns3:cad>0</ns3:cad>
          </ns3:TrackPointExtension>
        </extensions>
      </trkpt>
      <trkpt lat="69.02668654918670654296875" lon="20.31399738974869251251220703125">
        <ele>670.20001220703125</ele>
        <time>2026-08-21T08:42:18.000Z</time>
        <extensions>
          <ns3:TrackPointExtension>
            <ns3:cad>0</ns3:cad>
          </ns3:TrackPointExtension>
        </extensions>
      </trkpt>
      <trkpt lat="69.0266793407499790191650390625" lon="20.3140108846127986907958984375">
        <ele>670</ele>
        <time>2026-08-21T08:42:25.000Z</time>
        <extensions>
          <ns3:TrackPointExtension>
            <ns3:cad>0</ns3:cad>
          </ns3:TrackPointExtension>
        </extensions>
      </trkpt>
      <trkpt lat="69.02669568546116352081298828125" lon="20.31400593928992748260498046875">
        <ele>670.20001220703125</ele>
        <time>2026-08-21T08:42:35.000Z</time>
        <extensions>
          <ns3:TrackPointExtension>
            <ns3:cad>0</ns3:cad>
          </ns3:TrackPointExtension>
        </extensions>
      </trkpt>
      <trkpt lat="69.0266927517950534820556640625" lon="20.314034856855869293212890625">
        <ele>670</ele>
        <time>2026-08-21T08:42:42.000Z</time>
        <extensions>
          <ns3:TrackPointExtension>
            <ns3:cad>0</ns3:cad>
          </ns3:TrackPointExtension>
        </extensions>
      </trkpt>
      <trkpt lat="69.02668696828186511993408203125" lon="20.314022116363048553466796875">
        <ele>670</ele>
        <time>2026-08-21T08:42:51.000Z</time>
        <extensions>
          <ns3:TrackPointExtension>
            <ns3:cad>0</ns3:cad>
          </ns3:TrackPointExtension>
        </extensions>
      </trkpt>
      <trkpt lat="69.0266810171306133270263671875" lon="20.313996970653533935546875">
        <ele>670</ele>
        <time>2026-08-21T08:42:58.000Z</time>
        <extensions>
          <ns3:TrackPointExtension>
            <ns3:cad>0</ns3:cad>
          </ns3:TrackPointExtension>
        </extensions>
      </trkpt>
      <trkpt lat="69.02666701935231685638427734375" lon="20.3139917738735675811767578125">
        <ele>670</ele>
        <time>2026-08-21T08:43:06.000Z</time>
        <extensions>
          <ns3:TrackPointExtension>
            <ns3:cad>0</ns3:cad>
          </ns3:TrackPointExtension>
        </extensions>
      </trkpt>
      <trkpt lat="69.02667246758937835693359375" lon="20.31399806030094623565673828125">
        <ele>670</ele>
        <time>2026-08-21T08:43:11.000Z</time>
        <extensions>
          <ns3:TrackPointExtension>
            <ns3:cad>0</ns3:cad>
          </ns3:TrackPointExtension>
        </extensions>
      </trkpt>
      <trkpt lat="69.0266605652868747711181640625" lon="20.3139854036271572113037109375">
        <ele>670</ele>
        <time>2026-08-21T08:43:21.000Z</time>
        <extensions>
          <ns3:TrackPointExtension>
            <ns3:cad>0</ns3:cad>
          </ns3:TrackPointExtension>
        </extensions>
      </trkpt>
      <trkpt lat="69.02668495662510395050048828125" lon="20.3140370361506938934326171875">
        <ele>670.20001220703125</ele>
        <time>2026-08-21T08:43:30.000Z</time>
        <extensions>
          <ns3:TrackPointExtension>
            <ns3:cad>0</ns3:cad>
          </ns3:TrackPointExtension>
        </extensions>
      </trkpt>
      <trkpt lat="69.0266699530184268951416015625" lon="20.3140189312398433685302734375">
        <ele>670.20001220703125</ele>
        <time>2026-08-21T08:43:38.000Z</time>
        <extensions>
          <ns3:TrackPointExtension>
            <ns3:cad>0</ns3:cad>
          </ns3:TrackPointExtension>
        </extensions>
      </trkpt>
      <trkpt lat="69.0266525186598300933837890625" lon="20.31398515217006206512451171875">
        <ele>670.20001220703125</ele>
        <time>2026-08-21T08:43:44.000Z</time>
        <extensions>
          <ns3:TrackPointExtension>
            <ns3:cad>0</ns3:cad>
          </ns3:TrackPointExtension>
        </extensions>
      </trkpt>
      <trkpt lat="69.02665478177368640899658203125" lon="20.31395397149026393890380859375">
        <ele>670.20001220703125</ele>
        <time>2026-08-21T08:43:51.000Z</time>
        <extensions>
          <ns3:TrackPointExtension>
            <ns3:cad>0</ns3:cad>
          </ns3:TrackPointExtension>
        </extensions>
      </trkpt>
      <trkpt lat="69.02665360830724239349365234375" lon="20.31395380385220050811767578125">
        <ele>670.20001220703125</ele>
        <time>2026-08-21T08:43:58.000Z</time>
        <extensions>
          <ns3:TrackPointExtension>
            <ns3:cad>0</ns3:cad>
          </ns3:TrackPointExtension>
        </extensions>
      </trkpt>
      <trkpt lat="69.0266585536301136016845703125" lon="20.3139532171189785003662109375">
        <ele>670</ele>
        <time>2026-08-21T08:44:07.000Z</time>
        <extensions>
          <ns3:TrackPointExtension>
            <ns3:cad>0</ns3:cad>
          </ns3:TrackPointExtension>
        </extensions>
      </trkpt>
      <trkpt lat="69.026665426790714263916015625" lon="20.313987247645854949951171875">
        <ele>670</ele>
        <time>2026-08-21T08:44:15.000Z</time>
        <extensions>
          <ns3:TrackPointExtension>
            <ns3:cad>0</ns3:cad>
          </ns3:TrackPointExtension>
        </extensions>
      </trkpt>
      <trkpt lat="69.026684202253818511962890625" lon="20.314003340899944305419921875">
        <ele>670</ele>
        <time>2026-08-21T08:44:24.000Z</time>
        <extensions>
          <ns3:TrackPointExtension>
            <ns3:cad>0</ns3:cad>
          </ns3:TrackPointExtension>
        </extensions>
      </trkpt>
      <trkpt lat="69.02664438821375370025634765625" lon="20.3140090405941009521484375">
        <ele>670</ele>
        <time>2026-08-21T08:44:35.000Z</time>
        <extensions>
          <ns3:TrackPointExtension>
            <ns3:cad>0</ns3:cad>
          </ns3:TrackPointExtension>
        </extensions>
      </trkpt>
      <trkpt lat="69.02660817839205265045166015625" lon="20.31403041444718837738037109375">
        <ele>669.5999755859375</ele>
        <time>2026-08-21T08:44:42.000Z</time>
        <extensions>
          <ns3:TrackPointExtension>
            <ns3:cad>0</ns3:cad>
          </ns3:TrackPointExtension>
        </extensions>
      </trkpt>
      <trkpt lat="69.0265700407326221466064453125" lon="20.3140653669834136962890625">
        <ele>669</ele>
        <time>2026-08-21T08:44:47.000Z</time>
        <extensions>
          <ns3:TrackPointExtension>
            <ns3:cad>0</ns3:cad>
          </ns3:TrackPointExtension>
        </extensions>
      </trkpt>
      <trkpt lat="69.02652821503579616546630859375" lon="20.31414256431162357330322265625">
        <ele>668</ele>
        <time>2026-08-21T08:44:54.000Z</time>
        <extensions>
          <ns3:TrackPointExtension>
            <ns3:cad>0</ns3:cad>
          </ns3:TrackPointExtension>
        </extensions>
      </trkpt>
      <trkpt lat="69.026466272771358489990234375" lon="20.31423057429492473602294921875">
        <ele>667</ele>
        <time>2026-08-21T08:45:01.000Z</time>
        <extensions>
          <ns3:TrackPointExtension>
            <ns3:cad>48</ns3:cad>
          </ns3:TrackPointExtension>
        </extensions>
      </trkpt>
      <trkpt lat="69.02645361609756946563720703125" lon="20.3142351843416690826416015625">
        <ele>666.79998779296875</ele>
        <time>2026-08-21T08:45:02.000Z</time>
        <extensions>
          <ns3:TrackPointExtension>
            <ns3:cad>48</ns3:cad>
          </ns3:TrackPointExtension>
        </extensions>
      </trkpt>
      <trkpt lat="69.0264030732214450836181640625" lon="20.31427449546754360198974609375">
        <ele>665.79998779296875</ele>
        <time>2026-08-21T08:45:08.000Z</time>
        <extensions>
          <ns3:TrackPointExtension>
            <ns3:cad>0</ns3:cad>
          </ns3:TrackPointExtension>
        </extensions>
      </trkpt>
      <trkpt lat="69.0263946913182735443115234375" lon="20.31428061425685882568359375">
        <ele>665.5999755859375</ele>
        <time>2026-08-21T08:45:09.000Z</time>
        <extensions>
          <ns3:TrackPointExtension>
            <ns3:cad>0</ns3:cad>
          </ns3:TrackPointExtension>
        </extensions>
      </trkpt>
      <trkpt lat="69.02635118924081325531005859375" lon="20.31433300115168094635009765625">
        <ele>664.4000244140625</ele>
        <time>2026-08-21T08:45:16.000Z</time>
        <extensions>
          <ns3:TrackPointExtension>
            <ns3:cad>0</ns3:cad>
          </ns3:TrackPointExtension>
        </extensions>
      </trkpt>
      <trkpt lat="69.02627843432128429412841796875" lon="20.314385555684566497802734375">
        <ele>663.4000244140625</ele>
        <time>2026-08-21T08:45:23.000Z</time>
        <extensions>
          <ns3:TrackPointExtension>
            <ns3:cad>0</ns3:cad>
          </ns3:TrackPointExtension>
        </extensions>
      </trkpt>
      <trkpt lat="69.02618296444416046142578125" lon="20.31444330699741840362548828125">
        <ele>663</ele>
        <time>2026-08-21T08:45:32.000Z</time>
        <extensions>
          <ns3:TrackPointExtension>
            <ns3:cad>48</ns3:cad>
          </ns3:TrackPointExtension>
        </extensions>
      </trkpt>
      <trkpt lat="69.02609872631728649139404296875" lon="20.31447247602045536041259765625">
        <ele>662.79998779296875</ele>
        <time>2026-08-21T08:45:40.000Z</time>
        <extensions>
          <ns3:TrackPointExtension>
            <ns3:cad>0</ns3:cad>
          </ns3:TrackPointExtension>
        </extensions>
      </trkpt>
      <trkpt lat="69.02605379931628704071044921875" lon="20.31448622234165668487548828125">
        <ele>662.4000244140625</ele>
        <time>2026-08-21T08:45:46.000Z</time>
        <extensions>
          <ns3:TrackPointExtension>
            <ns3:cad>0</ns3:cad>
          </ns3:TrackPointExtension>
        </extensions>
      </trkpt>
      <trkpt lat="69.02604617178440093994140625" lon="20.31449795700609683990478515625">
        <ele>662.4000244140625</ele>
        <time>2026-08-21T08:45:47.000Z</time>
        <extensions>
          <ns3:TrackPointExtension>
            <ns3:cad>0</ns3:cad>
          </ns3:TrackPointExtension>
        </extensions>
      </trkpt>
      <trkpt lat="69.0259873308241367340087890625" lon="20.31451840884983539581298828125">
        <ele>661.5999755859375</ele>
        <time>2026-08-21T08:45:54.000Z</time>
        <extensions>
          <ns3:TrackPointExtension>
            <ns3:cad>0</ns3:cad>
          </ns3:TrackPointExtension>
        </extensions>
      </trkpt>
      <trkpt lat="69.0259744226932525634765625" lon="20.3145278804004192352294921875">
        <ele>661.4000244140625</ele>
        <time>2026-08-21T08:45:56.000Z</time>
        <extensions>
          <ns3:TrackPointExtension>
            <ns3:cad>0</ns3:cad>
          </ns3:TrackPointExtension>
        </extensions>
      </trkpt>
      <trkpt lat="69.0259368717670440673828125" lon="20.31457322649657726287841796875">
        <ele>660.79998779296875</ele>
        <time>2026-08-21T08:46:01.000Z</time>
        <extensions>
          <ns3:TrackPointExtension>
            <ns3:cad>0</ns3:cad>
          </ns3:TrackPointExtension>
        </extensions>
      </trkpt>
      <trkpt lat="69.02590979821979999542236328125" lon="20.314595438539981842041015625">
        <ele>660.20001220703125</ele>
        <time>2026-08-21T08:46:05.000Z</time>
        <extensions>
          <ns3:TrackPointExtension>
            <ns3:cad>47</ns3:cad>
          </ns3:TrackPointExtension>
        </extensions>
      </trkpt>
      <trkpt lat="69.02589370496571063995361328125" lon="20.314611531794071197509765625">
        <ele>659.79998779296875</ele>
        <time>2026-08-21T08:46:07.000Z</time>
        <extensions>
          <ns3:TrackPointExtension>
            <ns3:cad>46</ns3:cad>
          </ns3:TrackPointExtension>
        </extensions>
      </trkpt>
      <trkpt lat="69.02585783042013645172119140625" lon="20.314622931182384490966796875">
        <ele>659.20001220703125</ele>
        <time>2026-08-21T08:46:12.000Z</time>
        <extensions>
          <ns3:TrackPointExtension>
            <ns3:cad>46</ns3:cad>
          </ns3:TrackPointExtension>
        </extensions>
      </trkpt>
      <trkpt lat="69.0258512087166309356689453125" lon="20.31462821178138256072998046875">
        <ele>659</ele>
        <time>2026-08-21T08:46:13.000Z</time>
        <extensions>
          <ns3:TrackPointExtension>
            <ns3:cad>45</ns3:cad>
          </ns3:TrackPointExtension>
        </extensions>
      </trkpt>
      <trkpt lat="69.025809466838836669921875" lon="20.314677245914936065673828125">
        <ele>658</ele>
        <time>2026-08-21T08:46:19.000Z</time>
        <extensions>
          <ns3:TrackPointExtension>
            <ns3:cad>0</ns3:cad>
          </ns3:TrackPointExtension>
        </extensions>
      </trkpt>
      <trkpt lat="69.0257633663713932037353515625" lon="20.31472125090658664703369140625">
        <ele>657</ele>
        <time>2026-08-21T08:46:25.000Z</time>
        <extensions>
          <ns3:TrackPointExtension>
            <ns3:cad>0</ns3:cad>
          </ns3:TrackPointExtension>
        </extensions>
      </trkpt>
      <trkpt lat="69.02575389482080936431884765625" lon="20.31473784707486629486083984375">
        <ele>656.79998779296875</ele>
        <time>2026-08-21T08:46:26.000Z</time>
        <extensions>
          <ns3:TrackPointExtension>
            <ns3:cad>0</ns3:cad>
          </ns3:TrackPointExtension>
        </extensions>
      </trkpt>
      <trkpt lat="69.0257097221910953521728515625" lon="20.31478243879973888397216796875">
        <ele>655.79998779296875</ele>
        <time>2026-08-21T08:46:32.000Z</time>
        <extensions>
          <ns3:TrackPointExtension>
            <ns3:cad>0</ns3:cad>
          </ns3:TrackPointExtension>
        </extensions>
      </trkpt>
      <trkpt lat="69.0256326086819171905517578125" lon="20.3148383460938930511474609375">
        <ele>654.79998779296875</ele>
        <time>2026-08-21T08:46:40.000Z</time>
        <extensions>
          <ns3:TrackPointExtension>
            <ns3:cad>0</ns3:cad>
          </ns3:TrackPointExtension>
        </extensions>
      </trkpt>
      <trkpt lat="69.02562397532165050506591796875" lon="20.31484211795032024383544921875">
        <ele>654.5999755859375</ele>
        <time>2026-08-21T08:46:41.000Z</time>
        <extensions>
          <ns3:TrackPointExtension>
            <ns3:cad>0</ns3:cad>
          </ns3:TrackPointExtension>
        </extensions>
      </trkpt>
      <trkpt lat="69.02558022178709506988525390625" lon="20.31486508436501026153564453125">
        <ele>653.5999755859375</ele>
        <time>2026-08-21T08:46:47.000Z</time>
        <extensions>
          <ns3:TrackPointExtension>
            <ns3:cad>0</ns3:cad>
          </ns3:TrackPointExtension>
        </extensions>
      </trkpt>
      <trkpt lat="69.02556614018976688385009765625" lon="20.3148712031543254852294921875">
        <ele>653.20001220703125</ele>
        <time>2026-08-21T08:46:49.000Z</time>
        <extensions>
          <ns3:TrackPointExtension>
            <ns3:cad>66</ns3:cad>
          </ns3:TrackPointExtension>
        </extensions>
      </trkpt>
      <trkpt lat="69.0255318582057952880859375" lon="20.31489844433963298797607421875">
        <ele>652.5999755859375</ele>
        <time>2026-08-21T08:46:53.000Z</time>
        <extensions>
          <ns3:TrackPointExtension>
            <ns3:cad>0</ns3:cad>
          </ns3:TrackPointExtension>
        </extensions>
      </trkpt>
      <trkpt lat="69.02551048435270786285400390625" lon="20.3149040602147579193115234375">
        <ele>652.20001220703125</ele>
        <time>2026-08-21T08:46:55.000Z</time>
        <extensions>
          <ns3:TrackPointExtension>
            <ns3:cad>0</ns3:cad>
          </ns3:TrackPointExtension>
        </extensions>
      </trkpt>
      <trkpt lat="69.02546656318008899688720703125" lon="20.31491504050791263580322265625">
        <ele>651.4000244140625</ele>
        <time>2026-08-21T08:47:00.000Z</time>
        <extensions>
          <ns3:TrackPointExtension>
            <ns3:cad>0</ns3:cad>
          </ns3:TrackPointExtension>
        </extensions>
      </trkpt>
      <trkpt lat="69.02545080520212650299072265625" lon="20.31491990201175212860107421875">
        <ele>651.20001220703125</ele>
        <time>2026-08-21T08:47:02.000Z</time>
        <extensions>
          <ns3:TrackPointExtension>
            <ns3:cad>0</ns3:cad>
          </ns3:TrackPointExtension>
        </extensions>
      </trkpt>
      <trkpt lat="69.0254250727593898773193359375" lon="20.31491856090724468231201171875">
        <ele>650.4000244140625</ele>
        <time>2026-08-21T08:47:06.000Z</time>
        <extensions>
          <ns3:TrackPointExtension>
            <ns3:cad>0</ns3:cad>
          </ns3:TrackPointExtension>
        </extensions>
      </trkpt>
      <trkpt lat="69.02539581991732120513916015625" lon="20.314930379390716552734375">
        <ele>650</ele>
        <time>2026-08-21T08:47:09.000Z</time>
        <extensions>
          <ns3:TrackPointExtension>
            <ns3:cad>0</ns3:cad>
          </ns3:TrackPointExtension>
        </extensions>
      </trkpt>
      <trkpt lat="69.02535743080079555511474609375" lon="20.3149657510221004486083984375">
        <ele>649.4000244140625</ele>
        <time>2026-08-21T08:47:14.000Z</time>
        <extensions>
          <ns3:TrackPointExtension>
            <ns3:cad>0</ns3:cad>
          </ns3:TrackPointExtension>
        </extensions>
      </trkpt>
      <trkpt lat="69.02533815242350101470947265625" lon="20.314972288906574249267578125">
        <ele>649.20001220703125</ele>
        <time>2026-08-21T08:47:16.000Z</time>
        <extensions>
          <ns3:TrackPointExtension>
            <ns3:cad>0</ns3:cad>
          </ns3:TrackPointExtension>
        </extensions>
      </trkpt>
      <trkpt lat="69.025275371968746185302734375" lon="20.3149880468845367431640625">
        <ele>648.5999755859375</ele>
        <time>2026-08-21T08:47:22.000Z</time>
        <extensions>
          <ns3:TrackPointExtension>
            <ns3:cad>46</ns3:cad>
          </ns3:TrackPointExtension>
        </extensions>
      </trkpt>
      <trkpt lat="69.02525818906724452972412109375" lon="20.31498427502810955047607421875">
        <ele>648.20001220703125</ele>
        <time>2026-08-21T08:47:24.000Z</time>
        <extensions>
          <ns3:TrackPointExtension>
            <ns3:cad>0</ns3:cad>
          </ns3:TrackPointExtension>
        </extensions>
      </trkpt>
      <trkpt lat="69.02519063092768192291259765625" lon="20.31498201191425323486328125">
        <ele>647.5999755859375</ele>
        <time>2026-08-21T08:47:30.000Z</time>
        <extensions>
          <ns3:TrackPointExtension>
            <ns3:cad>50</ns3:cad>
          </ns3:TrackPointExtension>
        </extensions>
      </trkpt>
      <trkpt lat="69.025147296488285064697265625" lon="20.31497606076300144195556640625">
        <ele>647.20001220703125</ele>
        <time>2026-08-21T08:47:35.000Z</time>
        <extensions>
          <ns3:TrackPointExtension>
            <ns3:cad>48</ns3:cad>
          </ns3:TrackPointExtension>
        </extensions>
      </trkpt>
      <trkpt lat="69.025127850472927093505859375" lon="20.31497254036366939544677734375">
        <ele>647</ele>
        <time>2026-08-21T08:47:36.000Z</time>
        <extensions>
          <ns3:TrackPointExtension>
            <ns3:cad>48</ns3:cad>
          </ns3:TrackPointExtension>
        </extensions>
      </trkpt>
      <trkpt lat="69.02504880912601947784423828125" lon="20.31493700109422206878662109375">
        <ele>646.4000244140625</ele>
        <time>2026-08-21T08:47:43.000Z</time>
        <extensions>
          <ns3:TrackPointExtension>
            <ns3:cad>48</ns3:cad>
          </ns3:TrackPointExtension>
        </extensions>
      </trkpt>
      <trkpt lat="69.02497035451233386993408203125" lon="20.31491939909756183624267578125">
        <ele>646.5999755859375</ele>
        <time>2026-08-21T08:47:51.000Z</time>
        <extensions>
          <ns3:TrackPointExtension>
            <ns3:cad>0</ns3:cad>
          </ns3:TrackPointExtension>
        </extensions>
      </trkpt>
      <trkpt lat="69.0249211527407169342041015625" lon="20.314894504845142364501953125">
        <ele>646.4000244140625</ele>
        <time>2026-08-21T08:47:57.000Z</time>
        <extensions>
          <ns3:TrackPointExtension>
            <ns3:cad>0</ns3:cad>
          </ns3:TrackPointExtension>
        </extensions>
      </trkpt>
      <trkpt lat="69.024875722825527191162109375" lon="20.314899198710918426513671875">
        <ele>646</ele>
        <time>2026-08-21T08:48:02.000Z</time>
        <extensions>
          <ns3:TrackPointExtension>
            <ns3:cad>44</ns3:cad>
          </ns3:TrackPointExtension>
        </extensions>
      </trkpt>
      <trkpt lat="69.02486197650432586669921875" lon="20.314901880919933319091796875">
        <ele>645.79998779296875</ele>
        <time>2026-08-21T08:48:03.000Z</time>
        <extensions>
          <ns3:TrackPointExtension>
            <ns3:cad>44</ns3:cad>
          </ns3:TrackPointExtension>
        </extensions>
      </trkpt>
      <trkpt lat="69.02479835785925388336181640625" lon="20.314899198710918426513671875">
        <ele>645.79998779296875</ele>
        <time>2026-08-21T08:48:09.000Z</time>
        <extensions>
          <ns3:TrackPointExtension>
            <ns3:cad>0</ns3:cad>
          </ns3:TrackPointExtension>
        </extensions>
      </trkpt>
      <trkpt lat="69.02471655048429965972900390625" lon="20.314907245337963104248046875">
        <ele>645.5999755859375</ele>
        <time>2026-08-21T08:48:17.000Z</time>
        <extensions>
          <ns3:TrackPointExtension>
            <ns3:cad>0</ns3:cad>
          </ns3:TrackPointExtension>
        </extensions>
      </trkpt>
      <trkpt lat="69.02465905062854290008544921875" lon="20.314923338592052459716796875">
        <ele>646.20001220703125</ele>
        <time>2026-08-21T08:48:25.000Z</time>
        <extensions>
          <ns3:TrackPointExtension>
            <ns3:cad>0</ns3:cad>
          </ns3:TrackPointExtension>
        </extensions>
      </trkpt>
      <trkpt lat="69.024587385356426239013671875" lon="20.314926020801067352294921875">
        <ele>646</ele>
        <time>2026-08-21T08:48:33.000Z</time>
        <extensions>
          <ns3:TrackPointExtension>
            <ns3:cad>44</ns3:cad>
          </ns3:TrackPointExtension>
        </extensions>
      </trkpt>
      <trkpt lat="69.024534411728382110595703125" lon="20.3149741329252719879150390625">
        <ele>646</ele>
        <time>2026-08-21T08:48:38.000Z</time>
        <extensions>
          <ns3:TrackPointExtension>
            <ns3:cad>44</ns3:cad>
          </ns3:TrackPointExtension>
        </extensions>
      </trkpt>
      <trkpt lat="69.0244779177010059356689453125" lon="20.31494504772126674652099609375">
        <ele>645.79998779296875</ele>
        <time>2026-08-21T08:48:45.000Z</time>
        <extensions>
          <ns3:TrackPointExtension>
            <ns3:cad>44</ns3:cad>
          </ns3:TrackPointExtension>
        </extensions>
      </trkpt>
      <trkpt lat="69.02441849000751972198486328125" lon="20.3149617277085781097412109375">
        <ele>645.4000244140625</ele>
        <time>2026-08-21T08:48:52.000Z</time>
        <extensions>
          <ns3:TrackPointExtension>
            <ns3:cad>0</ns3:cad>
          </ns3:TrackPointExtension>
        </extensions>
      </trkpt>
      <trkpt lat="69.0244061686098575592041015625" lon="20.314978323876857757568359375">
        <ele>645.4000244140625</ele>
        <time>2026-08-21T08:48:53.000Z</time>
        <extensions>
          <ns3:TrackPointExtension>
            <ns3:cad>0</ns3:cad>
          </ns3:TrackPointExtension>
        </extensions>
      </trkpt>
      <trkpt lat="69.024383537471294403076171875" lon="20.31496499665081501007080078125">
        <ele>645.20001220703125</ele>
        <time>2026-08-21T08:48:55.000Z</time>
        <extensions>
          <ns3:TrackPointExtension>
            <ns3:cad>0</ns3:cad>
          </ns3:TrackPointExtension>
        </extensions>
      </trkpt>
      <trkpt lat="69.0243572182953357696533203125" lon="20.3149496577680110931396484375">
        <ele>645</ele>
        <time>2026-08-21T08:48:58.000Z</time>
        <extensions>
          <ns3:TrackPointExtension>
            <ns3:cad>0</ns3:cad>
          </ns3:TrackPointExtension>
        </extensions>
      </trkpt>
      <trkpt lat="69.02429980225861072540283203125" lon="20.314944796264171600341796875">
        <ele>644.5999755859375</ele>
        <time>2026-08-21T08:49:03.000Z</time>
        <extensions>
          <ns3:TrackPointExtension>
            <ns3:cad>45</ns3:cad>
          </ns3:TrackPointExtension>
        </extensions>
      </trkpt>
      <trkpt lat="69.02426660992205142974853515625" lon="20.3149151243269443511962890625">
        <ele>644</ele>
        <time>2026-08-21T08:49:08.000Z</time>
        <extensions>
          <ns3:TrackPointExtension>
            <ns3:cad>45</ns3:cad>
          </ns3:TrackPointExtension>
        </extensions>
      </trkpt>
      <trkpt lat="69.02423836290836334228515625" lon="20.314912609755992889404296875">
        <ele>643.5999755859375</ele>
        <time>2026-08-21T08:49:10.000Z</time>
        <extensions>
          <ns3:TrackPointExtension>
            <ns3:cad>45</ns3:cad>
          </ns3:TrackPointExtension>
        </extensions>
      </trkpt>
      <trkpt lat="69.02418195270001888275146484375" lon="20.31489861197769641876220703125">
        <ele>643</ele>
        <time>2026-08-21T08:49:15.000Z</time>
        <extensions>
          <ns3:TrackPointExtension>
            <ns3:cad>51</ns3:cad>
          </ns3:TrackPointExtension>
        </extensions>
      </trkpt>
      <trkpt lat="69.02417206205427646636962890625" lon="20.31489710323512554168701171875">
        <ele>642.79998779296875</ele>
        <time>2026-08-21T08:49:16.000Z</time>
        <extensions>
          <ns3:TrackPointExtension>
            <ns3:cad>51</ns3:cad>
          </ns3:TrackPointExtension>
        </extensions>
      </trkpt>
      <trkpt lat="69.02409427799284458160400390625" lon="20.31489911489188671112060546875">
        <ele>642.4000244140625</ele>
        <time>2026-08-21T08:49:24.000Z</time>
        <extensions>
          <ns3:TrackPointExtension>
            <ns3:cad>51</ns3:cad>
          </ns3:TrackPointExtension>
        </extensions>
      </trkpt>
      <trkpt lat="69.02404566295444965362548828125" lon="20.314881764352321624755859375">
        <ele>641.79998779296875</ele>
        <time>2026-08-21T08:49:29.000Z</time>
        <extensions>
          <ns3:TrackPointExtension>
            <ns3:cad>48</ns3:cad>
          </ns3:TrackPointExtension>
        </extensions>
      </trkpt>
      <trkpt lat="69.02402487583458423614501953125" lon="20.3148780763149261474609375">
        <ele>641.79998779296875</ele>
        <time>2026-08-21T08:49:31.000Z</time>
        <extensions>
          <ns3:TrackPointExtension>
            <ns3:cad>49</ns3:cad>
          </ns3:TrackPointExtension>
        </extensions>
      </trkpt>
      <trkpt lat="69.02396268211305141448974609375" lon="20.314848907291889190673828125">
        <ele>641.4000244140625</ele>
        <time>2026-08-21T08:49:37.000Z</time>
        <extensions>
          <ns3:TrackPointExtension>
            <ns3:cad>0</ns3:cad>
          </ns3:TrackPointExtension>
        </extensions>
      </trkpt>
      <trkpt lat="69.023915827274322509765625" lon="20.31484697945415973663330078125">
        <ele>641.20001220703125</ele>
        <time>2026-08-21T08:49:42.000Z</time>
        <extensions>
          <ns3:TrackPointExtension>
            <ns3:cad>47</ns3:cad>
          </ns3:TrackPointExtension>
        </extensions>
      </trkpt>
      <trkpt lat="69.02386981062591075897216796875" lon="20.31483222730457782745361328125">
        <ele>641.20001220703125</ele>
        <time>2026-08-21T08:49:47.000Z</time>
        <extensions>
          <ns3:TrackPointExtension>
            <ns3:cad>47</ns3:cad>
          </ns3:TrackPointExtension>
        </extensions>
      </trkpt>
      <trkpt lat="69.02380459941923618316650390625" lon="20.31481563113629817962646484375">
        <ele>640.79998779296875</ele>
        <time>2026-08-21T08:49:53.000Z</time>
        <extensions>
          <ns3:TrackPointExtension>
            <ns3:cad>47</ns3:cad>
          </ns3:TrackPointExtension>
        </extensions>
      </trkpt>
      <trkpt lat="69.02378666214644908905029296875" lon="20.31480054371058940887451171875">
        <ele>640.79998779296875</ele>
        <time>2026-08-21T08:49:55.000Z</time>
        <extensions>
          <ns3:TrackPointExtension>
            <ns3:cad>50</ns3:cad>
          </ns3:TrackPointExtension>
        </extensions>
      </trkpt>
      <trkpt lat="69.0237111411988735198974609375" lon="20.31473348848521709442138671875">
        <ele>640.4000244140625</ele>
        <time>2026-08-21T08:50:02.000Z</time>
        <extensions>
          <ns3:TrackPointExtension>
            <ns3:cad>48</ns3:cad>
          </ns3:TrackPointExtension>
        </extensions>
      </trkpt>
      <trkpt lat="69.0236672200262546539306640625" lon="20.3146930038928985595703125">
        <ele>639.79998779296875</ele>
        <time>2026-08-21T08:50:07.000Z</time>
        <extensions>
          <ns3:TrackPointExtension>
            <ns3:cad>0</ns3:cad>
          </ns3:TrackPointExtension>
        </extensions>
      </trkpt>
      <trkpt lat="69.02365422807633876800537109375" lon="20.31469275243580341339111328125">
        <ele>639.79998779296875</ele>
        <time>2026-08-21T08:50:08.000Z</time>
        <extensions>
          <ns3:TrackPointExtension>
            <ns3:cad>0</ns3:cad>
          </ns3:TrackPointExtension>
        </extensions>
      </trkpt>
      <trkpt lat="69.0235948003828525543212890625" lon="20.3146868012845516204833984375">
        <ele>639.20001220703125</ele>
        <time>2026-08-21T08:50:14.000Z</time>
        <extensions>
          <ns3:TrackPointExtension>
            <ns3:cad>48</ns3:cad>
          </ns3:TrackPointExtension>
        </extensions>
      </trkpt>
      <trkpt lat="69.0235180221498012542724609375" lon="20.31467481516301631927490234375">
        <ele>639</ele>
        <time>2026-08-21T08:50:21.000Z</time>
        <extensions>
          <ns3:TrackPointExtension>
            <ns3:cad>0</ns3:cad>
          </ns3:TrackPointExtension>
        </extensions>
      </trkpt>
      <trkpt lat="69.02346563525497913360595703125" lon="20.31464531086385250091552734375">
        <ele>639.4000244140625</ele>
        <time>2026-08-21T08:50:26.000Z</time>
        <extensions>
          <ns3:TrackPointExtension>
            <ns3:cad>0</ns3:cad>
          </ns3:TrackPointExtension>
        </extensions>
      </trkpt>
      <trkpt lat="69.02341484092175960540771484375" lon="20.31464179046452045440673828125">
        <ele>640</ele>
        <time>2026-08-21T08:50:32.000Z</time>
        <extensions>
          <ns3:TrackPointExtension>
            <ns3:cad>48</ns3:cad>
          </ns3:TrackPointExtension>
        </extensions>
      </trkpt>
      <trkpt lat="69.02336337603628635406494140625" lon="20.31462728977203369140625">
        <ele>640.4000244140625</ele>
        <time>2026-08-21T08:50:38.000Z</time>
        <extensions>
          <ns3:TrackPointExtension>
            <ns3:cad>47</ns3:cad>
          </ns3:TrackPointExtension>
        </extensions>
      </trkpt>
      <trkpt lat="69.0233151800930500030517578125" lon="20.31462569721043109893798828125">
        <ele>640.79998779296875</ele>
        <time>2026-08-21T08:50:43.000Z</time>
        <extensions>
          <ns3:TrackPointExtension>
            <ns3:cad>45</ns3:cad>
          </ns3:TrackPointExtension>
        </extensions>
      </trkpt>
      <trkpt lat="69.0233027748763561248779296875" lon="20.314630977809429168701171875">
        <ele>641</ele>
        <time>2026-08-21T08:50:44.000Z</time>
        <extensions>
          <ns3:TrackPointExtension>
            <ns3:cad>47</ns3:cad>
          </ns3:TrackPointExtension>
        </extensions>
      </trkpt>
      <trkpt lat="69.02325659058988094329833984375" lon="20.3146713785827159881591796875">
        <ele>641.4000244140625</ele>
        <time>2026-08-21T08:50:49.000Z</time>
        <extensions>
          <ns3:TrackPointExtension>
            <ns3:cad>48</ns3:cad>
          </ns3:TrackPointExtension>
        </extensions>
      </trkpt>
      <trkpt lat="69.02319255284965038299560546875" lon="20.3147377632558345794677734375">
        <ele>641.79998779296875</ele>
        <time>2026-08-21T08:50:55.000Z</time>
        <extensions>
          <ns3:TrackPointExtension>
            <ns3:cad>47</ns3:cad>
          </ns3:TrackPointExtension>
        </extensions>
      </trkpt>
      <trkpt lat="69.02317897416651248931884765625" lon="20.31476265750825405120849609375">
        <ele>642</ele>
        <time>2026-08-21T08:50:57.000Z</time>
        <extensions>
          <ns3:TrackPointExtension>
            <ns3:cad>47</ns3:cad>
          </ns3:TrackPointExtension>
        </extensions>
      </trkpt>
      <trkpt lat="69.02313304133713245391845703125" lon="20.31479467637836933135986328125">
        <ele>641.79998779296875</ele>
        <time>2026-08-21T08:51:02.000Z</time>
        <extensions>
          <ns3:TrackPointExtension>
            <ns3:cad>47</ns3:cad>
          </ns3:TrackPointExtension>
        </extensions>
      </trkpt>
      <trkpt lat="69.02307671494781970977783203125" lon="20.3148297965526580810546875">
        <ele>642</ele>
        <time>2026-08-21T08:51:08.000Z</time>
        <extensions>
          <ns3:TrackPointExtension>
            <ns3:cad>50</ns3:cad>
          </ns3:TrackPointExtension>
        </extensions>
      </trkpt>
      <trkpt lat="69.0229963324964046478271484375" lon="20.314854942262172698974609375">
        <ele>642.20001220703125</ele>
        <time>2026-08-21T08:51:16.000Z</time>
        <extensions>
          <ns3:TrackPointExtension>
            <ns3:cad>50</ns3:cad>
          </ns3:TrackPointExtension>
        </extensions>
      </trkpt>
      <trkpt lat="69.0229354798793792724609375" lon="20.31485737301409244537353515625">
        <ele>642.5999755859375</ele>
        <time>2026-08-21T08:51:22.000Z</time>
        <extensions>
          <ns3:TrackPointExtension>
            <ns3:cad>49</ns3:cad>
          </ns3:TrackPointExtension>
        </extensions>
      </trkpt>
      <trkpt lat="69.0228820033371448516845703125" lon="20.31484982930123805999755859375">
        <ele>643</ele>
        <time>2026-08-21T08:51:27.000Z</time>
        <extensions>
          <ns3:TrackPointExtension>
            <ns3:cad>48</ns3:cad>
          </ns3:TrackPointExtension>
        </extensions>
      </trkpt>
      <trkpt lat="69.0228535048663616180419921875" lon="20.31485385261476039886474609375">
        <ele>643.20001220703125</ele>
        <time>2026-08-21T08:51:30.000Z</time>
        <extensions>
          <ns3:TrackPointExtension>
            <ns3:cad>48</ns3:cad>
          </ns3:TrackPointExtension>
        </extensions>
      </trkpt>
      <trkpt lat="69.0227998606860637664794921875" lon="20.31487547792494297027587890625">
        <ele>643.5999755859375</ele>
        <time>2026-08-21T08:51:36.000Z</time>
        <extensions>
          <ns3:TrackPointExtension>
            <ns3:cad>45</ns3:cad>
          </ns3:TrackPointExtension>
        </extensions>
      </trkpt>
      <trkpt lat="69.02276993729174137115478515625" lon="20.3148805908858776092529296875">
        <ele>643.5999755859375</ele>
        <time>2026-08-21T08:51:39.000Z</time>
        <extensions>
          <ns3:TrackPointExtension>
            <ns3:cad>45</ns3:cad>
          </ns3:TrackPointExtension>
        </extensions>
      </trkpt>
      <trkpt lat="69.02274479158222675323486328125" lon="20.3149124421179294586181640625">
        <ele>643.5999755859375</ele>
        <time>2026-08-21T08:51:42.000Z</time>
        <extensions>
          <ns3:TrackPointExtension>
            <ns3:cad>0</ns3:cad>
          </ns3:TrackPointExtension>
        </extensions>
      </trkpt>
      <trkpt lat="69.02268528006970882415771484375" lon="20.31496969051659107208251953125">
        <ele>643.5999755859375</ele>
        <time>2026-08-21T08:51:48.000Z</time>
        <extensions>
          <ns3:TrackPointExtension>
            <ns3:cad>50</ns3:cad>
          </ns3:TrackPointExtension>
        </extensions>
      </trkpt>
      <trkpt lat="69.02263465337455272674560546875" lon="20.3150046430528163909912109375">
        <ele>644</ele>
        <time>2026-08-21T08:51:54.000Z</time>
        <extensions>
          <ns3:TrackPointExtension>
            <ns3:cad>0</ns3:cad>
          </ns3:TrackPointExtension>
        </extensions>
      </trkpt>
      <trkpt lat="69.022584445774555206298828125" lon="20.315033309161663055419921875">
        <ele>644</ele>
        <time>2026-08-21T08:51:59.000Z</time>
        <extensions>
          <ns3:TrackPointExtension>
            <ns3:cad>44</ns3:cad>
          </ns3:TrackPointExtension>
        </extensions>
      </trkpt>
      <trkpt lat="69.0225705318152904510498046875" lon="20.31504496000707149505615234375">
        <ele>644</ele>
        <time>2026-08-21T08:52:00.000Z</time>
        <extensions>
          <ns3:TrackPointExtension>
            <ns3:cad>44</ns3:cad>
          </ns3:TrackPointExtension>
        </extensions>
      </trkpt>
      <trkpt lat="69.022517390549182891845703125" lon="20.3150616399943828582763671875">
        <ele>643.79998779296875</ele>
        <time>2026-08-21T08:52:05.000Z</time>
        <extensions>
          <ns3:TrackPointExtension>
            <ns3:cad>48</ns3:cad>
          </ns3:TrackPointExtension>
        </extensions>
      </trkpt>
      <trkpt lat="69.022461734712123870849609375" lon="20.3150747157633304595947265625">
        <ele>643.79998779296875</ele>
        <time>2026-08-21T08:52:11.000Z</time>
        <extensions>
          <ns3:TrackPointExtension>
            <ns3:cad>48</ns3:cad>
          </ns3:TrackPointExtension>
        </extensions>
      </trkpt>
      <trkpt lat="69.022400714457035064697265625" lon="20.3150792419910430908203125">
        <ele>643.79998779296875</ele>
        <time>2026-08-21T08:52:17.000Z</time>
        <extensions>
          <ns3:TrackPointExtension>
            <ns3:cad>0</ns3:cad>
          </ns3:TrackPointExtension>
        </extensions>
      </trkpt>
      <trkpt lat="69.02238051407039165496826171875" lon="20.3150827623903751373291015625">
        <ele>643.79998779296875</ele>
        <time>2026-08-21T08:52:23.000Z</time>
        <extensions>
          <ns3:TrackPointExtension>
            <ns3:cad>0</ns3:cad>
          </ns3:TrackPointExtension>
        </extensions>
      </trkpt>
      <trkpt lat="69.02238101698458194732666015625" lon="20.31508234329521656036376953125">
        <ele>644</ele>
        <time>2026-08-21T08:52:35.000Z</time>
        <extensions>
          <ns3:TrackPointExtension>
            <ns3:cad>0</ns3:cad>
          </ns3:TrackPointExtension>
        </extensions>
      </trkpt>
      <trkpt lat="69.02238051407039165496826171875" lon="20.3150827623903751373291015625">
        <ele>643.5999755859375</ele>
        <time>2026-08-21T08:52:48.000Z</time>
        <extensions>
          <ns3:TrackPointExtension>
            <ns3:cad>0</ns3:cad>
          </ns3:TrackPointExtension>
        </extensions>
      </trkpt>
      <trkpt lat="69.02238051407039165496826171875" lon="20.3150827623903751373291015625">
        <ele>643.79998779296875</ele>
        <time>2026-08-21T08:52:55.000Z</time>
        <extensions>
          <ns3:TrackPointExtension>
            <ns3:cad>0</ns3:cad>
          </ns3:TrackPointExtension>
        </extensions>
      </trkpt>
      <trkpt lat="69.02238051407039165496826171875" lon="20.3150827623903751373291015625">
        <ele>643.79998779296875</ele>
        <time>2026-08-21T08:53:04.000Z</time>
        <extensions>
          <ns3:TrackPointExtension>
            <ns3:cad>0</ns3:cad>
          </ns3:TrackPointExtension>
        </extensions>
      </trkpt>
      <trkpt lat="69.0223790891468524932861328125" lon="20.31508653424680233001708984375">
        <ele>643.79998779296875</ele>
        <time>2026-08-21T08:53:16.000Z</time>
        <extensions>
          <ns3:TrackPointExtension>
            <ns3:cad>0</ns3:cad>
          </ns3:TrackPointExtension>
        </extensions>
      </trkpt>
      <trkpt lat="69.0223227627575397491455078125" lon="20.31503724865615367889404296875">
        <ele>643.5999755859375</ele>
        <time>2026-08-21T08:53:21.000Z</time>
        <extensions>
          <ns3:TrackPointExtension>
            <ns3:cad>0</ns3:cad>
          </ns3:TrackPointExtension>
        </extensions>
      </trkpt>
      <trkpt lat="69.0222674421966075897216796875" lon="20.31499969772994518280029296875">
        <ele>643.20001220703125</ele>
        <time>2026-08-21T08:53:27.000Z</time>
        <extensions>
          <ns3:TrackPointExtension>
            <ns3:cad>49</ns3:cad>
          </ns3:TrackPointExtension>
        </extensions>
      </trkpt>
      <trkpt lat="69.02223902754485607147216796875" lon="20.314981676638126373291015625">
        <ele>643</ele>
        <time>2026-08-21T08:53:30.000Z</time>
        <extensions>
          <ns3:TrackPointExtension>
            <ns3:cad>50</ns3:cad>
          </ns3:TrackPointExtension>
        </extensions>
      </trkpt>
      <trkpt lat="69.02219451963901519775390625" lon="20.31496030278503894805908203125">
        <ele>642.5999755859375</ele>
        <time>2026-08-21T08:53:34.000Z</time>
        <extensions>
          <ns3:TrackPointExtension>
            <ns3:cad>50</ns3:cad>
          </ns3:TrackPointExtension>
        </extensions>
      </trkpt>
      <trkpt lat="69.02212939225137233734130859375" lon="20.31496063806116580963134765625">
        <ele>642</ele>
        <time>2026-08-21T08:53:41.000Z</time>
        <extensions>
          <ns3:TrackPointExtension>
            <ns3:cad>51</ns3:cad>
          </ns3:TrackPointExtension>
        </extensions>
      </trkpt>
      <trkpt lat="69.0221162326633930206298828125" lon="20.31495426781475543975830078125">
        <ele>642</ele>
        <time>2026-08-21T08:53:42.000Z</time>
        <extensions>
          <ns3:TrackPointExtension>
            <ns3:cad>51</ns3:cad>
          </ns3:TrackPointExtension>
        </extensions>
      </trkpt>
      <trkpt lat="69.02204859070479869842529296875" lon="20.3149372525513172149658203125">
        <ele>641.4000244140625</ele>
        <time>2026-08-21T08:53:48.000Z</time>
        <extensions>
          <ns3:TrackPointExtension>
            <ns3:cad>0</ns3:cad>
          </ns3:TrackPointExtension>
        </extensions>
      </trkpt>
      <trkpt lat="69.02198388241231441497802734375" lon="20.314906574785709381103515625">
        <ele>641.20001220703125</ele>
        <time>2026-08-21T08:53:54.000Z</time>
        <extensions>
          <ns3:TrackPointExtension>
            <ns3:cad>50</ns3:cad>
          </ns3:TrackPointExtension>
        </extensions>
      </trkpt>
      <trkpt lat="69.0219120495021343231201171875" lon="20.31492727808654308319091796875">
        <ele>641.20001220703125</ele>
        <time>2026-08-21T08:54:00.000Z</time>
        <extensions>
          <ns3:TrackPointExtension>
            <ns3:cad>48</ns3:cad>
          </ns3:TrackPointExtension>
        </extensions>
      </trkpt>
      <trkpt lat="69.021864272654056549072265625" lon="20.3149426169693470001220703125">
        <ele>640.79998779296875</ele>
        <time>2026-08-21T08:54:04.000Z</time>
        <extensions>
          <ns3:TrackPointExtension>
            <ns3:cad>51</ns3:cad>
          </ns3:TrackPointExtension>
        </extensions>
      </trkpt>
      <trkpt lat="69.02184742502868175506591796875" lon="20.31494655646383762359619140625">
        <ele>640.79998779296875</ele>
        <time>2026-08-21T08:54:06.000Z</time>
        <extensions>
          <ns3:TrackPointExtension>
            <ns3:cad>0</ns3:cad>
          </ns3:TrackPointExtension>
        </extensions>
      </trkpt>
      <trkpt lat="69.0217853151261806488037109375" lon="20.31500103883445262908935546875">
        <ele>641.20001220703125</ele>
        <time>2026-08-21T08:54:12.000Z</time>
        <extensions>
          <ns3:TrackPointExtension>
            <ns3:cad>50</ns3:cad>
          </ns3:TrackPointExtension>
        </extensions>
      </trkpt>
      <trkpt lat="69.02171934954822063446044921875" lon="20.3150794096291065216064453125">
        <ele>640.79998779296875</ele>
        <time>2026-08-21T08:54:19.000Z</time>
        <extensions>
          <ns3:TrackPointExtension>
            <ns3:cad>0</ns3:cad>
          </ns3:TrackPointExtension>
        </extensions>
      </trkpt>
      <trkpt lat="69.0216478519141674041748046875" lon="20.31509592197835445404052734375">
        <ele>640.20001220703125</ele>
        <time>2026-08-21T08:54:26.000Z</time>
        <extensions>
          <ns3:TrackPointExtension>
            <ns3:cad>48</ns3:cad>
          </ns3:TrackPointExtension>
        </extensions>
      </trkpt>
      <trkpt lat="69.0216346085071563720703125" lon="20.31508184038102626800537109375">
        <ele>639.79998779296875</ele>
        <time>2026-08-21T08:54:28.000Z</time>
        <extensions>
          <ns3:TrackPointExtension>
            <ns3:cad>45</ns3:cad>
          </ns3:TrackPointExtension>
        </extensions>
      </trkpt>
      <trkpt lat="69.02160217054188251495361328125" lon="20.315076895058155059814453125">
        <ele>639.4000244140625</ele>
        <time>2026-08-21T08:54:31.000Z</time>
        <extensions>
          <ns3:TrackPointExtension>
            <ns3:cad>0</ns3:cad>
          </ns3:TrackPointExtension>
        </extensions>
      </trkpt>
      <trkpt lat="69.02154274284839630126953125" lon="20.31508469022810459136962890625">
        <ele>639</ele>
        <time>2026-08-21T08:54:37.000Z</time>
        <extensions>
          <ns3:TrackPointExtension>
            <ns3:cad>50</ns3:cad>
          </ns3:TrackPointExtension>
        </extensions>
      </trkpt>
      <trkpt lat="69.0215184353291988372802734375" lon="20.31508401967585086822509765625">
        <ele>638.79998779296875</ele>
        <time>2026-08-21T08:54:39.000Z</time>
        <extensions>
          <ns3:TrackPointExtension>
            <ns3:cad>50</ns3:cad>
          </ns3:TrackPointExtension>
        </extensions>
      </trkpt>
      <trkpt lat="69.02148918248713016510009765625" lon="20.31510447151958942413330078125">
        <ele>638.5999755859375</ele>
        <time>2026-08-21T08:54:43.000Z</time>
        <extensions>
          <ns3:TrackPointExtension>
            <ns3:cad>0</ns3:cad>
          </ns3:TrackPointExtension>
        </extensions>
      </trkpt>
      <trkpt lat="69.0214429982006549835205078125" lon="20.3151146136224269866943359375">
        <ele>638</ele>
        <time>2026-08-21T08:54:48.000Z</time>
        <extensions>
          <ns3:TrackPointExtension>
            <ns3:cad>49</ns3:cad>
          </ns3:TrackPointExtension>
        </extensions>
      </trkpt>
      <trkpt lat="69.02143067680299282073974609375" lon="20.31511872075498104095458984375">
        <ele>638</ele>
        <time>2026-08-21T08:54:49.000Z</time>
        <extensions>
          <ns3:TrackPointExtension>
            <ns3:cad>49</ns3:cad>
          </ns3:TrackPointExtension>
        </extensions>
      </trkpt>
      <trkpt lat="69.0214212052524089813232421875" lon="20.31512173824012279510498046875">
        <ele>637.79998779296875</ele>
        <time>2026-08-21T08:54:50.000Z</time>
        <extensions>
          <ns3:TrackPointExtension>
            <ns3:cad>49</ns3:cad>
          </ns3:TrackPointExtension>
        </extensions>
      </trkpt>
      <trkpt lat="69.0213621966540813446044921875" lon="20.31519524753093719482421875">
        <ele>637.20001220703125</ele>
        <time>2026-08-21T08:54:56.000Z</time>
        <extensions>
          <ns3:TrackPointExtension>
            <ns3:cad>0</ns3:cad>
          </ns3:TrackPointExtension>
        </extensions>
      </trkpt>
      <trkpt lat="69.02130092494189739227294921875" lon="20.31528904102742671966552734375">
        <ele>636.79998779296875</ele>
        <time>2026-08-21T08:55:02.000Z</time>
        <extensions>
          <ns3:TrackPointExtension>
            <ns3:cad>0</ns3:cad>
          </ns3:TrackPointExtension>
        </extensions>
      </trkpt>
      <trkpt lat="69.0212425030767917633056640625" lon="20.31538409180939197540283203125">
        <ele>636.79998779296875</ele>
        <time>2026-08-21T08:55:08.000Z</time>
        <extensions>
          <ns3:TrackPointExtension>
            <ns3:cad>50</ns3:cad>
          </ns3:TrackPointExtension>
        </extensions>
      </trkpt>
      <trkpt lat="69.0211804769933223724365234375" lon="20.31545341014862060546875">
        <ele>637</ele>
        <time>2026-08-21T08:55:14.000Z</time>
        <extensions>
          <ns3:TrackPointExtension>
            <ns3:cad>49</ns3:cad>
          </ns3:TrackPointExtension>
        </extensions>
      </trkpt>
      <trkpt lat="69.02111954055726528167724609375" lon="20.31551535241305828094482421875">
        <ele>637</ele>
        <time>2026-08-21T08:55:20.000Z</time>
        <extensions>
          <ns3:TrackPointExtension>
            <ns3:cad>47</ns3:cad>
          </ns3:TrackPointExtension>
        </extensions>
      </trkpt>
      <trkpt lat="69.02108802460134029388427734375" lon="20.3155350498855113983154296875">
        <ele>636.79998779296875</ele>
        <time>2026-08-21T08:55:24.000Z</time>
        <extensions>
          <ns3:TrackPointExtension>
            <ns3:cad>51</ns3:cad>
          </ns3:TrackPointExtension>
        </extensions>
      </trkpt>
      <trkpt lat="69.0210597775876522064208984375" lon="20.31556279398500919342041015625">
        <ele>636.5999755859375</ele>
        <time>2026-08-21T08:55:27.000Z</time>
        <extensions>
          <ns3:TrackPointExtension>
            <ns3:cad>48</ns3:cad>
          </ns3:TrackPointExtension>
        </extensions>
      </trkpt>
      <trkpt lat="69.021033458411693572998046875" lon="20.31557084061205387115478515625">
        <ele>636.4000244140625</ele>
        <time>2026-08-21T08:55:30.000Z</time>
        <extensions>
          <ns3:TrackPointExtension>
            <ns3:cad>46</ns3:cad>
          </ns3:TrackPointExtension>
        </extensions>
      </trkpt>
      <trkpt lat="69.02100026607513427734375" lon="20.31558156944811344146728515625">
        <ele>636.20001220703125</ele>
        <time>2026-08-21T08:55:33.000Z</time>
        <extensions>
          <ns3:TrackPointExtension>
            <ns3:cad>46</ns3:cad>
          </ns3:TrackPointExtension>
        </extensions>
      </trkpt>
      <trkpt lat="69.02092273347079753875732421875" lon="20.3156054578721523284912109375">
        <ele>635.79998779296875</ele>
        <time>2026-08-21T08:55:40.000Z</time>
        <extensions>
          <ns3:TrackPointExtension>
            <ns3:cad>47</ns3:cad>
          </ns3:TrackPointExtension>
        </extensions>
      </trkpt>
      <trkpt lat="69.020883925259113311767578125" lon="20.3156460262835025787353515625">
        <ele>635.20001220703125</ele>
        <time>2026-08-21T08:55:46.000Z</time>
        <extensions>
          <ns3:TrackPointExtension>
            <ns3:cad>0</ns3:cad>
          </ns3:TrackPointExtension>
        </extensions>
      </trkpt>
      <trkpt lat="69.02085886336863040924072265625" lon="20.3156269155442714691162109375">
        <ele>634.5999755859375</ele>
        <time>2026-08-21T08:55:49.000Z</time>
        <extensions>
          <ns3:TrackPointExtension>
            <ns3:cad>0</ns3:cad>
          </ns3:TrackPointExtension>
        </extensions>
      </trkpt>
      <trkpt lat="69.02084930799901485443115234375" lon="20.31564317643642425537109375">
        <ele>634.5999755859375</ele>
        <time>2026-08-21T08:55:50.000Z</time>
        <extensions>
          <ns3:TrackPointExtension>
            <ns3:cad>49</ns3:cad>
          </ns3:TrackPointExtension>
        </extensions>
      </trkpt>
      <trkpt lat="69.0208167023956775665283203125" lon="20.3156560845673084259033203125">
        <ele>634.20001220703125</ele>
        <time>2026-08-21T08:55:53.000Z</time>
        <extensions>
          <ns3:TrackPointExtension>
            <ns3:cad>50</ns3:cad>
          </ns3:TrackPointExtension>
        </extensions>
      </trkpt>
      <trkpt lat="69.02075526304543018341064453125" lon="20.31568952836096286773681640625">
        <ele>633.5999755859375</ele>
        <time>2026-08-21T08:55:59.000Z</time>
        <extensions>
          <ns3:TrackPointExtension>
            <ns3:cad>48</ns3:cad>
          </ns3:TrackPointExtension>
        </extensions>
      </trkpt>
      <trkpt lat="69.0207265131175518035888671875" lon="20.31571551226079463958740234375">
        <ele>633.4000244140625</ele>
        <time>2026-08-21T08:56:02.000Z</time>
        <extensions>
          <ns3:TrackPointExtension>
            <ns3:cad>48</ns3:cad>
          </ns3:TrackPointExtension>
        </extensions>
      </trkpt>
      <trkpt lat="69.02066775597631931304931640625" lon="20.31579094938933849334716796875">
        <ele>633.4000244140625</ele>
        <time>2026-08-21T08:56:08.000Z</time>
        <extensions>
          <ns3:TrackPointExtension>
            <ns3:cad>0</ns3:cad>
          </ns3:TrackPointExtension>
        </extensions>
      </trkpt>
      <trkpt lat="69.0206038020551204681396484375" lon="20.315874516963958740234375">
        <ele>633.5999755859375</ele>
        <time>2026-08-21T08:56:14.000Z</time>
        <extensions>
          <ns3:TrackPointExtension>
            <ns3:cad>49</ns3:cad>
          </ns3:TrackPointExtension>
        </extensions>
      </trkpt>
      <trkpt lat="69.02053515426814556121826171875" lon="20.31595137901604175567626953125">
        <ele>633.4000244140625</ele>
        <time>2026-08-21T08:56:20.000Z</time>
        <extensions>
          <ns3:TrackPointExtension>
            <ns3:cad>49</ns3:cad>
          </ns3:TrackPointExtension>
        </extensions>
      </trkpt>
      <trkpt lat="69.02048670686781406402587890625" lon="20.31601868569850921630859375">
        <ele>633.20001220703125</ele>
        <time>2026-08-21T08:56:26.000Z</time>
        <extensions>
          <ns3:TrackPointExtension>
            <ns3:cad>48</ns3:cad>
          </ns3:TrackPointExtension>
        </extensions>
      </trkpt>
      <trkpt lat="69.020431973040103912353515625" lon="20.3160456754267215728759765625">
        <ele>632.79998779296875</ele>
        <time>2026-08-21T08:56:32.000Z</time>
        <extensions>
          <ns3:TrackPointExtension>
            <ns3:cad>47</ns3:cad>
          </ns3:TrackPointExtension>
        </extensions>
      </trkpt>
      <trkpt lat="69.02041613124310970306396484375" lon="20.3160716593265533447265625">
        <ele>632.5999755859375</ele>
        <time>2026-08-21T08:56:34.000Z</time>
        <extensions>
          <ns3:TrackPointExtension>
            <ns3:cad>47</ns3:cad>
          </ns3:TrackPointExtension>
        </extensions>
      </trkpt>
      <trkpt lat="69.0203664265573024749755859375" lon="20.31615681946277618408203125">
        <ele>632.5999755859375</ele>
        <time>2026-08-21T08:56:39.000Z</time>
        <extensions>
          <ns3:TrackPointExtension>
            <ns3:cad>51</ns3:cad>
          </ns3:TrackPointExtension>
        </extensions>
      </trkpt>
      <trkpt lat="69.020305573940277099609375" lon="20.3161841444671154022216796875">
        <ele>632.4000244140625</ele>
        <time>2026-08-21T08:56:45.000Z</time>
        <extensions>
          <ns3:TrackPointExtension>
            <ns3:cad>45</ns3:cad>
          </ns3:TrackPointExtension>
        </extensions>
      </trkpt>
      <trkpt lat="69.02024312876164913177490234375" lon="20.316233597695827484130859375">
        <ele>632.4000244140625</ele>
        <time>2026-08-21T08:56:51.000Z</time>
        <extensions>
          <ns3:TrackPointExtension>
            <ns3:cad>48</ns3:cad>
          </ns3:TrackPointExtension>
        </extensions>
      </trkpt>
      <trkpt lat="69.02018160559237003326416015625" lon="20.31636158935725688934326171875">
        <ele>632.5999755859375</ele>
        <time>2026-08-21T08:56:58.000Z</time>
        <extensions>
          <ns3:TrackPointExtension>
            <ns3:cad>48</ns3:cad>
          </ns3:TrackPointExtension>
        </extensions>
      </trkpt>
      <trkpt lat="69.02013190090656280517578125" lon="20.31644004397094249725341796875">
        <ele>632.5999755859375</ele>
        <time>2026-08-21T08:57:03.000Z</time>
        <extensions>
          <ns3:TrackPointExtension>
            <ns3:cad>0</ns3:cad>
          </ns3:TrackPointExtension>
        </extensions>
      </trkpt>
      <trkpt lat="69.02007867582142353057861328125" lon="20.31651757657527923583984375">
        <ele>632.20001220703125</ele>
        <time>2026-08-21T08:57:09.000Z</time>
        <extensions>
          <ns3:TrackPointExtension>
            <ns3:cad>0</ns3:cad>
          </ns3:TrackPointExtension>
        </extensions>
      </trkpt>
      <trkpt lat="69.020020924508571624755859375" lon="20.31658119522035121917724609375">
        <ele>632.5999755859375</ele>
        <time>2026-08-21T08:57:15.000Z</time>
        <extensions>
          <ns3:TrackPointExtension>
            <ns3:cad>0</ns3:cad>
          </ns3:TrackPointExtension>
        </extensions>
      </trkpt>
      <trkpt lat="69.02001564390957355499267578125" lon="20.31658303923904895782470703125">
        <ele>633</ele>
        <time>2026-08-21T08:57:23.000Z</time>
        <extensions>
          <ns3:TrackPointExtension>
            <ns3:cad>0</ns3:cad>
          </ns3:TrackPointExtension>
        </extensions>
      </trkpt>
      <trkpt lat="69.02001564390957355499267578125" lon="20.31658303923904895782470703125">
        <ele>633</ele>
        <time>2026-08-21T08:57:36.000Z</time>
        <extensions>
          <ns3:TrackPointExtension>
            <ns3:cad>0</ns3:cad>
          </ns3:TrackPointExtension>
        </extensions>
      </trkpt>
      <trkpt lat="69.02001564390957355499267578125" lon="20.31658303923904895782470703125">
        <ele>632.79998779296875</ele>
        <time>2026-08-21T08:57:44.000Z</time>
        <extensions>
          <ns3:TrackPointExtension>
            <ns3:cad>0</ns3:cad>
          </ns3:TrackPointExtension>
        </extensions>
      </trkpt>
      <trkpt lat="69.0200096927583217620849609375" lon="20.316643305122852325439453125">
        <ele>633</ele>
        <time>2026-08-21T08:57:50.000Z</time>
        <extensions>
          <ns3:TrackPointExtension>
            <ns3:cad>0</ns3:cad>
          </ns3:TrackPointExtension>
        </extensions>
      </trkpt>
      <trkpt lat="69.0199716389179229736328125" lon="20.316715054214000701904296875">
        <ele>633.5999755859375</ele>
        <time>2026-08-21T08:57:55.000Z</time>
        <extensions>
          <ns3:TrackPointExtension>
            <ns3:cad>0</ns3:cad>
          </ns3:TrackPointExtension>
        </extensions>
      </trkpt>
      <trkpt lat="69.01996568776667118072509765625" lon="20.31672050245106220245361328125">
        <ele>633.79998779296875</ele>
        <time>2026-08-21T08:57:56.000Z</time>
        <extensions>
          <ns3:TrackPointExtension>
            <ns3:cad>0</ns3:cad>
          </ns3:TrackPointExtension>
        </extensions>
      </trkpt>
      <trkpt lat="69.01995613239705562591552734375" lon="20.316729806363582611083984375">
        <ele>634.20001220703125</ele>
        <time>2026-08-21T08:57:59.000Z</time>
        <extensions>
          <ns3:TrackPointExtension>
            <ns3:cad>0</ns3:cad>
          </ns3:TrackPointExtension>
        </extensions>
      </trkpt>
      <trkpt lat="69.01993936859071254730224609375" lon="20.3167608194053173065185546875">
        <ele>634.5999755859375</ele>
        <time>2026-08-21T08:58:02.000Z</time>
        <extensions>
          <ns3:TrackPointExtension>
            <ns3:cad>0</ns3:cad>
          </ns3:TrackPointExtension>
        </extensions>
      </trkpt>
      <trkpt lat="69.01988170109689235687255859375" lon="20.31686358153820037841796875">
        <ele>635.20001220703125</ele>
        <time>2026-08-21T08:58:10.000Z</time>
        <extensions>
          <ns3:TrackPointExtension>
            <ns3:cad>0</ns3:cad>
          </ns3:TrackPointExtension>
        </extensions>
      </trkpt>
      <trkpt lat="69.019829146564006805419921875" lon="20.31698419712483882904052734375">
        <ele>635.4000244140625</ele>
        <time>2026-08-21T08:58:17.000Z</time>
        <extensions>
          <ns3:TrackPointExtension>
            <ns3:cad>43</ns3:cad>
          </ns3:TrackPointExtension>
        </extensions>
      </trkpt>
      <trkpt lat="69.01977407746016979217529296875" lon="20.31710372306406497955322265625">
        <ele>635.4000244140625</ele>
        <time>2026-08-21T08:58:24.000Z</time>
        <extensions>
          <ns3:TrackPointExtension>
            <ns3:cad>0</ns3:cad>
          </ns3:TrackPointExtension>
        </extensions>
      </trkpt>
      <trkpt lat="69.01974641717970371246337890625" lon="20.317211262881755828857421875">
        <ele>635.4000244140625</ele>
        <time>2026-08-21T08:58:29.000Z</time>
        <extensions>
          <ns3:TrackPointExtension>
            <ns3:cad>0</ns3:cad>
          </ns3:TrackPointExtension>
        </extensions>
      </trkpt>
      <trkpt lat="69.01970115490257740020751953125" lon="20.31731025315821170806884765625">
        <ele>635.4000244140625</ele>
        <time>2026-08-21T08:58:35.000Z</time>
        <extensions>
          <ns3:TrackPointExtension>
            <ns3:cad>47</ns3:cad>
          </ns3:TrackPointExtension>
        </extensions>
      </trkpt>
      <trkpt lat="69.01966092176735401153564453125" lon="20.317360460758209228515625">
        <ele>635.20001220703125</ele>
        <time>2026-08-21T08:58:40.000Z</time>
        <extensions>
          <ns3:TrackPointExtension>
            <ns3:cad>43</ns3:cad>
          </ns3:TrackPointExtension>
        </extensions>
      </trkpt>
      <trkpt lat="69.0196113847196102142333984375" lon="20.3174853511154651641845703125">
        <ele>635.4000244140625</ele>
        <time>2026-08-21T08:58:46.000Z</time>
        <extensions>
          <ns3:TrackPointExtension>
            <ns3:cad>47</ns3:cad>
          </ns3:TrackPointExtension>
        </extensions>
      </trkpt>
      <trkpt lat="69.0195758454501628875732421875" lon="20.31764552928507328033447265625">
        <ele>635.4000244140625</ele>
        <time>2026-08-21T08:58:53.000Z</time>
        <extensions>
          <ns3:TrackPointExtension>
            <ns3:cad>47</ns3:cad>
          </ns3:TrackPointExtension>
        </extensions>
      </trkpt>
      <trkpt lat="69.01951977051794528961181640625" lon="20.31779942102730274200439453125">
        <ele>635.79998779296875</ele>
        <time>2026-08-21T08:58:59.000Z</time>
        <extensions>
          <ns3:TrackPointExtension>
            <ns3:cad>47</ns3:cad>
          </ns3:TrackPointExtension>
        </extensions>
      </trkpt>
      <trkpt lat="69.01950786821544170379638671875" lon="20.3178092278540134429931640625">
        <ele>635.79998779296875</ele>
        <time>2026-08-21T08:59:00.000Z</time>
        <extensions>
          <ns3:TrackPointExtension>
            <ns3:cad>45</ns3:cad>
          </ns3:TrackPointExtension>
        </extensions>
      </trkpt>
      <trkpt lat="69.01947786100208759307861328125" lon="20.31787167303264141082763671875">
        <ele>636.4000244140625</ele>
        <time>2026-08-21T08:59:06.000Z</time>
        <extensions>
          <ns3:TrackPointExtension>
            <ns3:cad>0</ns3:cad>
          </ns3:TrackPointExtension>
        </extensions>
      </trkpt>
      <trkpt lat="69.019437544047832489013671875" lon="20.31794585287570953369140625">
        <ele>636.4000244140625</ele>
        <time>2026-08-21T08:59:11.000Z</time>
        <extensions>
          <ns3:TrackPointExtension>
            <ns3:cad>0</ns3:cad>
          </ns3:TrackPointExtension>
        </extensions>
      </trkpt>
      <trkpt lat="69.01941264979541301727294921875" lon="20.31800276599824428558349609375">
        <ele>636.4000244140625</ele>
        <time>2026-08-21T08:59:15.000Z</time>
        <extensions>
          <ns3:TrackPointExtension>
            <ns3:cad>46</ns3:cad>
          </ns3:TrackPointExtension>
        </extensions>
      </trkpt>
      <trkpt lat="69.019350372254848480224609375" lon="20.318146683275699615478515625">
        <ele>636.79998779296875</ele>
        <time>2026-08-21T08:59:21.000Z</time>
        <extensions>
          <ns3:TrackPointExtension>
            <ns3:cad>48</ns3:cad>
          </ns3:TrackPointExtension>
        </extensions>
      </trkpt>
      <trkpt lat="69.019297063350677490234375" lon="20.31827182509005069732666015625">
        <ele>637.4000244140625</ele>
        <time>2026-08-21T08:59:28.000Z</time>
        <extensions>
          <ns3:TrackPointExtension>
            <ns3:cad>48</ns3:cad>
          </ns3:TrackPointExtension>
        </extensions>
      </trkpt>
      <trkpt lat="69.01926579885184764862060546875" lon="20.31833921559154987335205078125">
        <ele>637.79998779296875</ele>
        <time>2026-08-21T08:59:33.000Z</time>
        <extensions>
          <ns3:TrackPointExtension>
            <ns3:cad>49</ns3:cad>
          </ns3:TrackPointExtension>
        </extensions>
      </trkpt>
      <trkpt lat="69.01921114884316921234130859375" lon="20.318455807864665985107421875">
        <ele>638</ele>
        <time>2026-08-21T08:59:40.000Z</time>
        <extensions>
          <ns3:TrackPointExtension>
            <ns3:cad>47</ns3:cad>
          </ns3:TrackPointExtension>
        </extensions>
      </trkpt>
      <trkpt lat="69.01917007751762866973876953125" lon="20.3185451589524745941162109375">
        <ele>638.4000244140625</ele>
        <time>2026-08-21T08:59:46.000Z</time>
        <extensions>
          <ns3:TrackPointExtension>
            <ns3:cad>49</ns3:cad>
          </ns3:TrackPointExtension>
        </extensions>
      </trkpt>
      <trkpt lat="69.01911643333733081817626953125" lon="20.31865529716014862060546875">
        <ele>638.5999755859375</ele>
        <time>2026-08-21T08:59:52.000Z</time>
        <extensions>
          <ns3:TrackPointExtension>
            <ns3:cad>49</ns3:cad>
          </ns3:TrackPointExtension>
        </extensions>
      </trkpt>
      <trkpt lat="69.01906974613666534423828125" lon="20.318750850856304168701171875">
        <ele>638.20001220703125</ele>
        <time>2026-08-21T08:59:58.000Z</time>
        <extensions>
          <ns3:TrackPointExtension>
            <ns3:cad>49</ns3:cad>
          </ns3:TrackPointExtension>
        </extensions>
      </trkpt>
      <trkpt lat="69.0190236456692218780517578125" lon="20.3188321553170680999755859375">
        <ele>637.79998779296875</ele>
        <time>2026-08-21T09:00:04.000Z</time>
        <extensions>
          <ns3:TrackPointExtension>
            <ns3:cad>47</ns3:cad>
          </ns3:TrackPointExtension>
        </extensions>
      </trkpt>
      <trkpt lat="69.01897947303950786590576171875" lon="20.3189491666853427886962890625">
        <ele>637.5999755859375</ele>
        <time>2026-08-21T09:00:10.000Z</time>
        <extensions>
          <ns3:TrackPointExtension>
            <ns3:cad>50</ns3:cad>
          </ns3:TrackPointExtension>
        </extensions>
      </trkpt>
      <trkpt lat="69.01891124434769153594970703125" lon="20.319075398147106170654296875">
        <ele>637</ele>
        <time>2026-08-21T09:00:16.000Z</time>
        <extensions>
          <ns3:TrackPointExtension>
            <ns3:cad>50</ns3:cad>
          </ns3:TrackPointExtension>
        </extensions>
      </trkpt>
      <trkpt lat="69.01889540255069732666015625" lon="20.319106243550777435302734375">
        <ele>636.79998779296875</ele>
        <time>2026-08-21T09:00:18.000Z</time>
        <extensions>
          <ns3:TrackPointExtension>
            <ns3:cad>49</ns3:cad>
          </ns3:TrackPointExtension>
        </extensions>
      </trkpt>
      <trkpt lat="69.01885961182415485382080078125" lon="20.3191976062953472137451171875">
        <ele>635.79998779296875</ele>
        <time>2026-08-21T09:00:23.000Z</time>
        <extensions>
          <ns3:TrackPointExtension>
            <ns3:cad>49</ns3:cad>
          </ns3:TrackPointExtension>
        </extensions>
      </trkpt>
      <trkpt lat="69.01885458268225193023681640625" lon="20.31920515000820159912109375">
        <ele>635.5999755859375</ele>
        <time>2026-08-21T09:00:24.000Z</time>
        <extensions>
          <ns3:TrackPointExtension>
            <ns3:cad>49</ns3:cad>
          </ns3:TrackPointExtension>
        </extensions>
      </trkpt>
      <trkpt lat="69.01882641948759555816650390625" lon="20.3192849457263946533203125">
        <ele>635.5999755859375</ele>
        <time>2026-08-21T09:00:28.000Z</time>
        <extensions>
          <ns3:TrackPointExtension>
            <ns3:cad>0</ns3:cad>
          </ns3:TrackPointExtension>
        </extensions>
      </trkpt>
      <trkpt lat="69.01875902898609638214111328125" lon="20.3193870373070240020751953125">
        <ele>635.4000244140625</ele>
        <time>2026-08-21T09:00:36.000Z</time>
        <extensions>
          <ns3:TrackPointExtension>
            <ns3:cad>0</ns3:cad>
          </ns3:TrackPointExtension>
        </extensions>
      </trkpt>
      <trkpt lat="69.01869918219745159149169921875" lon="20.3195290267467498779296875">
        <ele>635.20001220703125</ele>
        <time>2026-08-21T09:00:42.000Z</time>
        <extensions>
          <ns3:TrackPointExtension>
            <ns3:cad>51</ns3:cad>
          </ns3:TrackPointExtension>
        </extensions>
      </trkpt>
      <trkpt lat="69.01865291409194469451904296875" lon="20.3196626342833042144775390625">
        <ele>635</ele>
        <time>2026-08-21T09:00:48.000Z</time>
        <extensions>
          <ns3:TrackPointExtension>
            <ns3:cad>0</ns3:cad>
          </ns3:TrackPointExtension>
        </extensions>
      </trkpt>
      <trkpt lat="69.0186360664665699005126953125" lon="20.31977377831935882568359375">
        <ele>635</ele>
        <time>2026-08-21T09:00:53.000Z</time>
        <extensions>
          <ns3:TrackPointExtension>
            <ns3:cad>49</ns3:cad>
          </ns3:TrackPointExtension>
        </extensions>
      </trkpt>
      <trkpt lat="69.01859172619879245758056640625" lon="20.31986556015908718109130859375">
        <ele>634.79998779296875</ele>
        <time>2026-08-21T09:00:59.000Z</time>
        <extensions>
          <ns3:TrackPointExtension>
            <ns3:cad>49</ns3:cad>
          </ns3:TrackPointExtension>
        </extensions>
      </trkpt>
      <trkpt lat="69.01855819858610630035400390625" lon="20.3199345432221889495849609375">
        <ele>635</ele>
        <time>2026-08-21T09:01:04.000Z</time>
        <extensions>
          <ns3:TrackPointExtension>
            <ns3:cad>0</ns3:cad>
          </ns3:TrackPointExtension>
        </extensions>
      </trkpt>
      <trkpt lat="69.01850639842450618743896484375" lon="20.32004811801016330718994140625">
        <ele>635.20001220703125</ele>
        <time>2026-08-21T09:01:09.000Z</time>
        <extensions>
          <ns3:TrackPointExtension>
            <ns3:cad>50</ns3:cad>
          </ns3:TrackPointExtension>
        </extensions>
      </trkpt>
      <trkpt lat="69.01844386942684650421142578125" lon="20.3201642073690891265869140625">
        <ele>635.20001220703125</ele>
        <time>2026-08-21T09:01:16.000Z</time>
        <extensions>
          <ns3:TrackPointExtension>
            <ns3:cad>49</ns3:cad>
          </ns3:TrackPointExtension>
        </extensions>
      </trkpt>
      <trkpt lat="69.01838804595172405242919921875" lon="20.3202755190432071685791015625">
        <ele>634.79998779296875</ele>
        <time>2026-08-21T09:01:22.000Z</time>
        <extensions>
          <ns3:TrackPointExtension>
            <ns3:cad>50</ns3:cad>
          </ns3:TrackPointExtension>
        </extensions>
      </trkpt>
      <trkpt lat="69.0183846093714237213134765625" lon="20.32028616406023502349853515625">
        <ele>634.5999755859375</ele>
        <time>2026-08-21T09:01:23.000Z</time>
        <extensions>
          <ns3:TrackPointExtension>
            <ns3:cad>50</ns3:cad>
          </ns3:TrackPointExtension>
        </extensions>
      </trkpt>
      <trkpt lat="69.01834060437977313995361328125" lon="20.32036461867392063140869140625">
        <ele>633.4000244140625</ele>
        <time>2026-08-21T09:01:29.000Z</time>
        <extensions>
          <ns3:TrackPointExtension>
            <ns3:cad>51</ns3:cad>
          </ns3:TrackPointExtension>
        </extensions>
      </trkpt>
      <trkpt lat="69.01828645728528499603271484375" lon="20.32043469138443470001220703125">
        <ele>632.4000244140625</ele>
        <time>2026-08-21T09:01:35.000Z</time>
        <extensions>
          <ns3:TrackPointExtension>
            <ns3:cad>50</ns3:cad>
          </ns3:TrackPointExtension>
        </extensions>
      </trkpt>
      <trkpt lat="69.01827723719179630279541015625" lon="20.3204441629350185394287109375">
        <ele>632.4000244140625</ele>
        <time>2026-08-21T09:01:36.000Z</time>
        <extensions>
          <ns3:TrackPointExtension>
            <ns3:cad>50</ns3:cad>
          </ns3:TrackPointExtension>
        </extensions>
      </trkpt>
      <trkpt lat="69.01822174899280071258544921875" lon="20.32052957452833652496337890625">
        <ele>632</ele>
        <time>2026-08-21T09:01:42.000Z</time>
        <extensions>
          <ns3:TrackPointExtension>
            <ns3:cad>52</ns3:cad>
          </ns3:TrackPointExtension>
        </extensions>
      </trkpt>
      <trkpt lat="69.01820029132068157196044921875" lon="20.32054348848760128021240234375">
        <ele>632</ele>
        <time>2026-08-21T09:01:44.000Z</time>
        <extensions>
          <ns3:TrackPointExtension>
            <ns3:cad>52</ns3:cad>
          </ns3:TrackPointExtension>
        </extensions>
      </trkpt>
      <trkpt lat="69.01816274039447307586669921875" lon="20.32058271579444408416748046875">
        <ele>632.20001220703125</ele>
        <time>2026-08-21T09:01:48.000Z</time>
        <extensions>
          <ns3:TrackPointExtension>
            <ns3:cad>50</ns3:cad>
          </ns3:TrackPointExtension>
        </extensions>
      </trkpt>
      <trkpt lat="69.01811965741217136383056640625" lon="20.3206332586705684661865234375">
        <ele>632.4000244140625</ele>
        <time>2026-08-21T09:01:53.000Z</time>
        <extensions>
          <ns3:TrackPointExtension>
            <ns3:cad>0</ns3:cad>
          </ns3:TrackPointExtension>
        </extensions>
      </trkpt>
      <trkpt lat="69.0180634148418903350830078125" lon="20.320727638900279998779296875">
        <ele>632.79998779296875</ele>
        <time>2026-08-21T09:01:59.000Z</time>
        <extensions>
          <ns3:TrackPointExtension>
            <ns3:cad>0</ns3:cad>
          </ns3:TrackPointExtension>
        </extensions>
      </trkpt>
      <trkpt lat="69.0180097706615924835205078125" lon="20.32081137411296367645263671875">
        <ele>633</ele>
        <time>2026-08-21T09:02:04.000Z</time>
        <extensions>
          <ns3:TrackPointExtension>
            <ns3:cad>0</ns3:cad>
          </ns3:TrackPointExtension>
        </extensions>
      </trkpt>
      <trkpt lat="69.01794447563588619232177734375" lon="20.320857726037502288818359375">
        <ele>633.20001220703125</ele>
        <time>2026-08-21T09:02:10.000Z</time>
        <extensions>
          <ns3:TrackPointExtension>
            <ns3:cad>49</ns3:cad>
          </ns3:TrackPointExtension>
        </extensions>
      </trkpt>
      <trkpt lat="69.01791907846927642822265625" lon="20.32089234329760074615478515625">
        <ele>633.4000244140625</ele>
        <time>2026-08-21T09:02:13.000Z</time>
        <extensions>
          <ns3:TrackPointExtension>
            <ns3:cad>51</ns3:cad>
          </ns3:TrackPointExtension>
        </extensions>
      </trkpt>
      <trkpt lat="69.0178982913494110107421875" lon="20.32091648317873477935791015625">
        <ele>633.5999755859375</ele>
        <time>2026-08-21T09:02:15.000Z</time>
        <extensions>
          <ns3:TrackPointExtension>
            <ns3:cad>50</ns3:cad>
          </ns3:TrackPointExtension>
        </extensions>
      </trkpt>
      <trkpt lat="69.01784657500684261322021484375" lon="20.3210060857236385345458984375">
        <ele>634.4000244140625</ele>
        <time>2026-08-21T09:02:21.000Z</time>
        <extensions>
          <ns3:TrackPointExtension>
            <ns3:cad>50</ns3:cad>
          </ns3:TrackPointExtension>
        </extensions>
      </trkpt>
      <trkpt lat="69.017840959131717681884765625" lon="20.32101220451295375823974609375">
        <ele>634.5999755859375</ele>
        <time>2026-08-21T09:02:22.000Z</time>
        <extensions>
          <ns3:TrackPointExtension>
            <ns3:cad>50</ns3:cad>
          </ns3:TrackPointExtension>
        </extensions>
      </trkpt>
      <trkpt lat="69.01781237684190273284912109375" lon="20.32107599079608917236328125">
        <ele>635</ele>
        <time>2026-08-21T09:02:27.000Z</time>
        <extensions>
          <ns3:TrackPointExtension>
            <ns3:cad>46</ns3:cad>
          </ns3:TrackPointExtension>
        </extensions>
      </trkpt>
      <trkpt lat="69.01774934493005275726318359375" lon="20.321147739887237548828125">
        <ele>635</ele>
        <time>2026-08-21T09:02:34.000Z</time>
        <extensions>
          <ns3:TrackPointExtension>
            <ns3:cad>0</ns3:cad>
          </ns3:TrackPointExtension>
        </extensions>
      </trkpt>
      <trkpt lat="69.01767943985760211944580078125" lon="20.321217812597751617431640625">
        <ele>635.20001220703125</ele>
        <time>2026-08-21T09:02:41.000Z</time>
        <extensions>
          <ns3:TrackPointExtension>
            <ns3:cad>0</ns3:cad>
          </ns3:TrackPointExtension>
        </extensions>
      </trkpt>
      <trkpt lat="69.01763048954308032989501953125" lon="20.32127757556736469268798828125">
        <ele>635</ele>
        <time>2026-08-21T09:02:46.000Z</time>
        <extensions>
          <ns3:TrackPointExtension>
            <ns3:cad>46</ns3:cad>
          </ns3:TrackPointExtension>
        </extensions>
      </trkpt>
      <trkpt lat="69.0175745822489261627197265625" lon="20.32139877788722515106201171875">
        <ele>633.5999755859375</ele>
        <time>2026-08-21T09:02:54.000Z</time>
        <extensions>
          <ns3:TrackPointExtension>
            <ns3:cad>0</ns3:cad>
          </ns3:TrackPointExtension>
        </extensions>
      </trkpt>
      <trkpt lat="69.0175615064799785614013671875" lon="20.3214333951473236083984375">
        <ele>633.4000244140625</ele>
        <time>2026-08-21T09:02:56.000Z</time>
        <extensions>
          <ns3:TrackPointExtension>
            <ns3:cad>0</ns3:cad>
          </ns3:TrackPointExtension>
        </extensions>
      </trkpt>
      <trkpt lat="69.01754113845527172088623046875" lon="20.32149307429790496826171875">
        <ele>633</ele>
        <time>2026-08-21T09:03:00.000Z</time>
        <extensions>
          <ns3:TrackPointExtension>
            <ns3:cad>0</ns3:cad>
          </ns3:TrackPointExtension>
        </extensions>
      </trkpt>
      <trkpt lat="69.01751414872705936431884765625" lon="20.3215472213923931121826171875">
        <ele>632.4000244140625</ele>
        <time>2026-08-21T09:03:04.000Z</time>
        <extensions>
          <ns3:TrackPointExtension>
            <ns3:cad>0</ns3:cad>
          </ns3:TrackPointExtension>
        </extensions>
      </trkpt>
      <trkpt lat="69.0174932777881622314453125" lon="20.3216085769236087799072265625">
        <ele>631.79998779296875</ele>
        <time>2026-08-21T09:03:08.000Z</time>
        <extensions>
          <ns3:TrackPointExtension>
            <ns3:cad>0</ns3:cad>
          </ns3:TrackPointExtension>
        </extensions>
      </trkpt>
      <trkpt lat="69.01747877709567546844482421875" lon="20.32166004180908203125">
        <ele>631.20001220703125</ele>
        <time>2026-08-21T09:03:12.000Z</time>
        <extensions>
          <ns3:TrackPointExtension>
            <ns3:cad>0</ns3:cad>
          </ns3:TrackPointExtension>
        </extensions>
      </trkpt>
      <trkpt lat="69.01747693307697772979736328125" lon="20.3216773085296154022216796875">
        <ele>631</ele>
        <time>2026-08-21T09:03:13.000Z</time>
        <extensions>
          <ns3:TrackPointExtension>
            <ns3:cad>0</ns3:cad>
          </ns3:TrackPointExtension>
        </extensions>
      </trkpt>
      <trkpt lat="69.01746938936412334442138671875" lon="20.32170572318136692047119140625">
        <ele>630.79998779296875</ele>
        <time>2026-08-21T09:03:14.000Z</time>
        <extensions>
          <ns3:TrackPointExtension>
            <ns3:cad>48</ns3:cad>
          </ns3:TrackPointExtension>
        </extensions>
      </trkpt>
      <trkpt lat="69.0174391306936740875244140625" lon="20.32178032211959362030029296875">
        <ele>630</ele>
        <time>2026-08-21T09:03:18.000Z</time>
        <extensions>
          <ns3:TrackPointExtension>
            <ns3:cad>48</ns3:cad>
          </ns3:TrackPointExtension>
        </extensions>
      </trkpt>
      <trkpt lat="69.01742597110569477081298828125" lon="20.321838073432445526123046875">
        <ele>629.5999755859375</ele>
        <time>2026-08-21T09:03:21.000Z</time>
        <extensions>
          <ns3:TrackPointExtension>
            <ns3:cad>0</ns3:cad>
          </ns3:TrackPointExtension>
        </extensions>
      </trkpt>
      <trkpt lat="69.0173918567597866058349609375" lon="20.32192063517868518829345703125">
        <ele>629</ele>
        <time>2026-08-21T09:03:26.000Z</time>
        <extensions>
          <ns3:TrackPointExtension>
            <ns3:cad>0</ns3:cad>
          </ns3:TrackPointExtension>
        </extensions>
      </trkpt>
      <trkpt lat="69.017389677464962005615234375" lon="20.32194041647017002105712890625">
        <ele>628.79998779296875</ele>
        <time>2026-08-21T09:03:27.000Z</time>
        <extensions>
          <ns3:TrackPointExtension>
            <ns3:cad>50</ns3:cad>
          </ns3:TrackPointExtension>
        </extensions>
      </trkpt>
      <trkpt lat="69.01738221757113933563232421875" lon="20.32194443978369235992431640625">
        <ele>628.5999755859375</ele>
        <time>2026-08-21T09:03:28.000Z</time>
        <extensions>
          <ns3:TrackPointExtension>
            <ns3:cad>50</ns3:cad>
          </ns3:TrackPointExtension>
        </extensions>
      </trkpt>
      <trkpt lat="69.01736788451671600341796875" lon="20.3219689987599849700927734375">
        <ele>628</ele>
        <time>2026-08-21T09:03:31.000Z</time>
        <extensions>
          <ns3:TrackPointExtension>
            <ns3:cad>0</ns3:cad>
          </ns3:TrackPointExtension>
        </extensions>
      </trkpt>
      <trkpt lat="69.0173445828258991241455078125" lon="20.3220528177917003631591796875">
        <ele>627.20001220703125</ele>
        <time>2026-08-21T09:03:36.000Z</time>
        <extensions>
          <ns3:TrackPointExtension>
            <ns3:cad>0</ns3:cad>
          </ns3:TrackPointExtension>
        </extensions>
      </trkpt>
      <trkpt lat="69.0173422358930110931396484375" lon="20.3220625407993793487548828125">
        <ele>627</ele>
        <time>2026-08-21T09:03:37.000Z</time>
        <extensions>
          <ns3:TrackPointExtension>
            <ns3:cad>0</ns3:cad>
          </ns3:TrackPointExtension>
        </extensions>
      </trkpt>
      <trkpt lat="69.017319269478321075439453125" lon="20.3221544064581394195556640625">
        <ele>626</ele>
        <time>2026-08-21T09:03:42.000Z</time>
        <extensions>
          <ns3:TrackPointExtension>
            <ns3:cad>0</ns3:cad>
          </ns3:TrackPointExtension>
        </extensions>
      </trkpt>
      <trkpt lat="69.01731767691671848297119140625" lon="20.32216404564678668975830078125">
        <ele>625.79998779296875</ele>
        <time>2026-08-21T09:03:43.000Z</time>
        <extensions>
          <ns3:TrackPointExtension>
            <ns3:cad>0</ns3:cad>
          </ns3:TrackPointExtension>
        </extensions>
      </trkpt>
      <trkpt lat="69.01729680597782135009765625" lon="20.32222724519670009613037109375">
        <ele>625.20001220703125</ele>
        <time>2026-08-21T09:03:46.000Z</time>
        <extensions>
          <ns3:TrackPointExtension>
            <ns3:cad>0</ns3:cad>
          </ns3:TrackPointExtension>
        </extensions>
      </trkpt>
      <trkpt lat="69.017288424074649810791015625" lon="20.3222273290157318115234375">
        <ele>625</ele>
        <time>2026-08-21T09:03:47.000Z</time>
        <extensions>
          <ns3:TrackPointExtension>
            <ns3:cad>0</ns3:cad>
          </ns3:TrackPointExtension>
        </extensions>
      </trkpt>
      <trkpt lat="69.01728180237114429473876953125" lon="20.32227569259703159332275390625">
        <ele>624.5999755859375</ele>
        <time>2026-08-21T09:03:49.000Z</time>
        <extensions>
          <ns3:TrackPointExtension>
            <ns3:cad>0</ns3:cad>
          </ns3:TrackPointExtension>
        </extensions>
      </trkpt>
      <trkpt lat="69.0172859095036983489990234375" lon="20.322293378412723541259765625">
        <ele>624.4000244140625</ele>
        <time>2026-08-21T09:03:50.000Z</time>
        <extensions>
          <ns3:TrackPointExtension>
            <ns3:cad>0</ns3:cad>
          </ns3:TrackPointExtension>
        </extensions>
      </trkpt>
      <trkpt lat="69.01725682429969310760498046875" lon="20.32237283885478973388671875">
        <ele>623.4000244140625</ele>
        <time>2026-08-21T09:03:54.000Z</time>
        <extensions>
          <ns3:TrackPointExtension>
            <ns3:cad>0</ns3:cad>
          </ns3:TrackPointExtension>
        </extensions>
      </trkpt>
      <trkpt lat="69.01725715957581996917724609375" lon="20.32241349108517169952392578125">
        <ele>623.20001220703125</ele>
        <time>2026-08-21T09:03:56.000Z</time>
        <extensions>
          <ns3:TrackPointExtension>
            <ns3:cad>0</ns3:cad>
          </ns3:TrackPointExtension>
        </extensions>
      </trkpt>
      <trkpt lat="69.01723234914243221282958984375" lon="20.3225232101976871490478515625">
        <ele>622.4000244140625</ele>
        <time>2026-08-21T09:04:00.000Z</time>
        <extensions>
          <ns3:TrackPointExtension>
            <ns3:cad>0</ns3:cad>
          </ns3:TrackPointExtension>
        </extensions>
      </trkpt>
      <trkpt lat="69.017222039401531219482421875" lon="20.3225795365869998931884765625">
        <ele>622.20001220703125</ele>
        <time>2026-08-21T09:04:02.000Z</time>
        <extensions>
          <ns3:TrackPointExtension>
            <ns3:cad>0</ns3:cad>
          </ns3:TrackPointExtension>
        </extensions>
      </trkpt>
      <trkpt lat="69.01719261892139911651611328125" lon="20.32273703254759311676025390625">
        <ele>621.4000244140625</ele>
        <time>2026-08-21T09:04:09.000Z</time>
        <extensions>
          <ns3:TrackPointExtension>
            <ns3:cad>52</ns3:cad>
          </ns3:TrackPointExtension>
        </extensions>
      </trkpt>
      <trkpt lat="69.017145596444606781005859375" lon="20.32285907305777072906494140625">
        <ele>621</ele>
        <time>2026-08-21T09:04:16.000Z</time>
        <extensions>
          <ns3:TrackPointExtension>
            <ns3:cad>48</ns3:cad>
          </ns3:TrackPointExtension>
        </extensions>
      </trkpt>
      <trkpt lat="69.017092622816562652587890625" lon="20.322955213487148284912109375">
        <ele>621.20001220703125</ele>
        <time>2026-08-21T09:04:23.000Z</time>
        <extensions>
          <ns3:TrackPointExtension>
            <ns3:cad>77</ns3:cad>
          </ns3:TrackPointExtension>
        </extensions>
      </trkpt>
      <trkpt lat="69.01707007549703121185302734375" lon="20.3229944407939910888671875">
        <ele>621.20001220703125</ele>
        <time>2026-08-21T09:04:28.000Z</time>
        <extensions>
          <ns3:TrackPointExtension>
            <ns3:cad>0</ns3:cad>
          </ns3:TrackPointExtension>
        </extensions>
      </trkpt>
      <trkpt lat="69.01707963086664676666259765625" lon="20.3229798562824726104736328125">
        <ele>621.20001220703125</ele>
        <time>2026-08-21T09:04:41.000Z</time>
        <extensions>
          <ns3:TrackPointExtension>
            <ns3:cad>0</ns3:cad>
          </ns3:TrackPointExtension>
        </extensions>
      </trkpt>
      <trkpt lat="69.0170909464359283447265625" lon="20.3229583986103534698486328125">
        <ele>621.4000244140625</ele>
        <time>2026-08-21T09:04:48.000Z</time>
        <extensions>
          <ns3:TrackPointExtension>
            <ns3:cad>0</ns3:cad>
          </ns3:TrackPointExtension>
        </extensions>
      </trkpt>
      <trkpt lat="69.0170909464359283447265625" lon="20.3229583986103534698486328125">
        <ele>621.20001220703125</ele>
        <time>2026-08-21T09:05:01.000Z</time>
        <extensions>
          <ns3:TrackPointExtension>
            <ns3:cad>0</ns3:cad>
          </ns3:TrackPointExtension>
        </extensions>
      </trkpt>
      <trkpt lat="69.017092287540435791015625" lon="20.32294557429850101470947265625">
        <ele>621</ele>
        <time>2026-08-21T09:05:07.000Z</time>
        <extensions>
          <ns3:TrackPointExtension>
            <ns3:cad>0</ns3:cad>
          </ns3:TrackPointExtension>
        </extensions>
      </trkpt>
      <trkpt lat="69.0170909464359283447265625" lon="20.3229583986103534698486328125">
        <ele>621</ele>
        <time>2026-08-21T09:05:15.000Z</time>
        <extensions>
          <ns3:TrackPointExtension>
            <ns3:cad>0</ns3:cad>
          </ns3:TrackPointExtension>
        </extensions>
      </trkpt>
      <trkpt lat="69.017089270055294036865234375" lon="20.32293082214891910552978515625">
        <ele>621.20001220703125</ele>
        <time>2026-08-21T09:05:28.000Z</time>
        <extensions>
          <ns3:TrackPointExtension>
            <ns3:cad>0</ns3:cad>
          </ns3:TrackPointExtension>
        </extensions>
      </trkpt>
      <trkpt lat="69.01709832251071929931640625" lon="20.32297373749315738677978515625">
        <ele>621.4000244140625</ele>
        <time>2026-08-21T09:05:35.000Z</time>
        <extensions>
          <ns3:TrackPointExtension>
            <ns3:cad>0</ns3:cad>
          </ns3:TrackPointExtension>
        </extensions>
      </trkpt>
      <trkpt lat="69.01710578240454196929931640625" lon="20.32314799726009368896484375">
        <ele>621</ele>
        <time>2026-08-21T09:05:42.000Z</time>
        <extensions>
          <ns3:TrackPointExtension>
            <ns3:cad>0</ns3:cad>
          </ns3:TrackPointExtension>
        </extensions>
      </trkpt>
      <trkpt lat="69.0171108953654766082763671875" lon="20.323330722749233245849609375">
        <ele>621</ele>
        <time>2026-08-21T09:05:48.000Z</time>
        <extensions>
          <ns3:TrackPointExtension>
            <ns3:cad>48</ns3:cad>
          </ns3:TrackPointExtension>
        </extensions>
      </trkpt>
      <trkpt lat="69.0171070396900177001953125" lon="20.3235323913395404815673828125">
        <ele>620.79998779296875</ele>
        <time>2026-08-21T09:05:55.000Z</time>
        <extensions>
          <ns3:TrackPointExtension>
            <ns3:cad>51</ns3:cad>
          </ns3:TrackPointExtension>
        </extensions>
      </trkpt>
      <trkpt lat="69.017110057175159454345703125" lon="20.32372525893151760101318359375">
        <ele>621</ele>
        <time>2026-08-21T09:06:02.000Z</time>
        <extensions>
          <ns3:TrackPointExtension>
            <ns3:cad>50</ns3:cad>
          </ns3:TrackPointExtension>
        </extensions>
      </trkpt>
      <trkpt lat="69.0171068720519542694091796875" lon="20.3239367343485355377197265625">
        <ele>621.20001220703125</ele>
        <time>2026-08-21T09:06:09.000Z</time>
        <extensions>
          <ns3:TrackPointExtension>
            <ns3:cad>50</ns3:cad>
          </ns3:TrackPointExtension>
        </extensions>
      </trkpt>
      <trkpt lat="69.01710209436714649200439453125" lon="20.32411895692348480224609375">
        <ele>622.20001220703125</ele>
        <time>2026-08-21T09:06:17.000Z</time>
        <extensions>
          <ns3:TrackPointExtension>
            <ns3:cad>47</ns3:cad>
          </ns3:TrackPointExtension>
        </extensions>
      </trkpt>
      <trkpt lat="69.01709957979619503021240234375" lon="20.32416245900094509124755859375">
        <ele>622.5999755859375</ele>
        <time>2026-08-21T09:06:19.000Z</time>
        <extensions>
          <ns3:TrackPointExtension>
            <ns3:cad>45</ns3:cad>
          </ns3:TrackPointExtension>
        </extensions>
      </trkpt>
      <trkpt lat="69.0170828998088836669921875" lon="20.324313752353191375732421875">
        <ele>623</ele>
        <time>2026-08-21T09:06:25.000Z</time>
        <extensions>
          <ns3:TrackPointExtension>
            <ns3:cad>46</ns3:cad>
          </ns3:TrackPointExtension>
        </extensions>
      </trkpt>
      <trkpt lat="69.01705867610871791839599609375" lon="20.3244054503738880157470703125">
        <ele>623.5999755859375</ele>
        <time>2026-08-21T09:06:29.000Z</time>
        <extensions>
          <ns3:TrackPointExtension>
            <ns3:cad>48</ns3:cad>
          </ns3:TrackPointExtension>
        </extensions>
      </trkpt>
      <trkpt lat="69.0170522220432758331298828125" lon="20.32443554140627384185791015625">
        <ele>623.5999755859375</ele>
        <time>2026-08-21T09:06:30.000Z</time>
        <extensions>
          <ns3:TrackPointExtension>
            <ns3:cad>47</ns3:cad>
          </ns3:TrackPointExtension>
        </extensions>
      </trkpt>
      <trkpt lat="69.0170207060873508453369140625" lon="20.32461139373481273651123046875">
        <ele>623.79998779296875</ele>
        <time>2026-08-21T09:06:37.000Z</time>
        <extensions>
          <ns3:TrackPointExtension>
            <ns3:cad>48</ns3:cad>
          </ns3:TrackPointExtension>
        </extensions>
      </trkpt>
      <trkpt lat="69.01700603775680065155029296875" lon="20.3247551433742046356201171875">
        <ele>624.5999755859375</ele>
        <time>2026-08-21T09:06:44.000Z</time>
        <extensions>
          <ns3:TrackPointExtension>
            <ns3:cad>0</ns3:cad>
          </ns3:TrackPointExtension>
        </extensions>
      </trkpt>
      <trkpt lat="69.016991369426250457763671875" lon="20.3248791955411434173583984375">
        <ele>625</ele>
        <time>2026-08-21T09:06:48.000Z</time>
        <extensions>
          <ns3:TrackPointExtension>
            <ns3:cad>0</ns3:cad>
          </ns3:TrackPointExtension>
        </extensions>
      </trkpt>
      <trkpt lat="69.01698357425630092620849609375" lon="20.3249841369688510894775390625">
        <ele>625.5999755859375</ele>
        <time>2026-08-21T09:06:53.000Z</time>
        <extensions>
          <ns3:TrackPointExtension>
            <ns3:cad>0</ns3:cad>
          </ns3:TrackPointExtension>
        </extensions>
      </trkpt>
      <trkpt lat="69.016978628933429718017578125" lon="20.32502562738955020904541015625">
        <ele>625.79998779296875</ele>
        <time>2026-08-21T09:06:55.000Z</time>
        <extensions>
          <ns3:TrackPointExtension>
            <ns3:cad>47</ns3:cad>
          </ns3:TrackPointExtension>
        </extensions>
      </trkpt>
      <trkpt lat="69.01696178130805492401123046875" lon="20.32518253661692142486572265625">
        <ele>626.4000244140625</ele>
        <time>2026-08-21T09:07:01.000Z</time>
        <extensions>
          <ns3:TrackPointExtension>
            <ns3:cad>47</ns3:cad>
          </ns3:TrackPointExtension>
        </extensions>
      </trkpt>
      <trkpt lat="69.01695440523326396942138671875" lon="20.3252609074115753173828125">
        <ele>626.79998779296875</ele>
        <time>2026-08-21T09:07:04.000Z</time>
        <extensions>
          <ns3:TrackPointExtension>
            <ns3:cad>46</ns3:cad>
          </ns3:TrackPointExtension>
        </extensions>
      </trkpt>
      <trkpt lat="69.01695507578551769256591796875" lon="20.32533609308302402496337890625">
        <ele>627</ele>
        <time>2026-08-21T09:07:07.000Z</time>
        <extensions>
          <ns3:TrackPointExtension>
            <ns3:cad>45</ns3:cad>
          </ns3:TrackPointExtension>
        </extensions>
      </trkpt>
      <trkpt lat="69.01696329005062580108642578125" lon="20.3254692815244197845458984375">
        <ele>627.4000244140625</ele>
        <time>2026-08-21T09:07:13.000Z</time>
        <extensions>
          <ns3:TrackPointExtension>
            <ns3:cad>47</ns3:cad>
          </ns3:TrackPointExtension>
        </extensions>
      </trkpt>
      <trkpt lat="69.01697787456214427947998046875" lon="20.32556760124862194061279296875">
        <ele>627.79998779296875</ele>
        <time>2026-08-21T09:07:17.000Z</time>
        <extensions>
          <ns3:TrackPointExtension>
            <ns3:cad>0</ns3:cad>
          </ns3:TrackPointExtension>
        </extensions>
      </trkpt>
      <trkpt lat="69.01698407717049121856689453125" lon="20.32559819519519805908203125">
        <ele>628</ele>
        <time>2026-08-21T09:07:19.000Z</time>
        <extensions>
          <ns3:TrackPointExtension>
            <ns3:cad>0</ns3:cad>
          </ns3:TrackPointExtension>
        </extensions>
      </trkpt>
      <trkpt lat="69.0169811435043811798095703125" lon="20.3257639892399311065673828125">
        <ele>629</ele>
        <time>2026-08-21T09:07:27.000Z</time>
        <extensions>
          <ns3:TrackPointExtension>
            <ns3:cad>47</ns3:cad>
          </ns3:TrackPointExtension>
        </extensions>
      </trkpt>
      <trkpt lat="69.01698189787566661834716796875" lon="20.3257971815764904022216796875">
        <ele>629.20001220703125</ele>
        <time>2026-08-21T09:07:28.000Z</time>
        <extensions>
          <ns3:TrackPointExtension>
            <ns3:cad>46</ns3:cad>
          </ns3:TrackPointExtension>
        </extensions>
      </trkpt>
      <trkpt lat="69.01698323898017406463623046875" lon="20.32592768780887126922607421875">
        <ele>630</ele>
        <time>2026-08-21T09:07:34.000Z</time>
        <extensions>
          <ns3:TrackPointExtension>
            <ns3:cad>43</ns3:cad>
          </ns3:TrackPointExtension>
        </extensions>
      </trkpt>
      <trkpt lat="69.01697921566665172576904296875" lon="20.325950570404529571533203125">
        <ele>630</ele>
        <time>2026-08-21T09:07:35.000Z</time>
        <extensions>
          <ns3:TrackPointExtension>
            <ns3:cad>43</ns3:cad>
          </ns3:TrackPointExtension>
        </extensions>
      </trkpt>
      <trkpt lat="69.01697284542024135589599609375" lon="20.3260308690369129180908203125">
        <ele>630.20001220703125</ele>
        <time>2026-08-21T09:07:40.000Z</time>
        <extensions>
          <ns3:TrackPointExtension>
            <ns3:cad>47</ns3:cad>
          </ns3:TrackPointExtension>
        </extensions>
      </trkpt>
      <trkpt lat="69.0169741027057170867919921875" lon="20.326120220124721527099609375">
        <ele>631</ele>
        <time>2026-08-21T09:07:45.000Z</time>
        <extensions>
          <ns3:TrackPointExtension>
            <ns3:cad>0</ns3:cad>
          </ns3:TrackPointExtension>
        </extensions>
      </trkpt>
      <trkpt lat="69.0169720910489559173583984375" lon="20.3261391632258892059326171875">
        <ele>631.20001220703125</ele>
        <time>2026-08-21T09:07:46.000Z</time>
        <extensions>
          <ns3:TrackPointExtension>
            <ns3:cad>0</ns3:cad>
          </ns3:TrackPointExtension>
        </extensions>
      </trkpt>
      <trkpt lat="69.01693596504628658294677734375" lon="20.32627536915242671966552734375">
        <ele>631.79998779296875</ele>
        <time>2026-08-21T09:07:52.000Z</time>
        <extensions>
          <ns3:TrackPointExtension>
            <ns3:cad>0</ns3:cad>
          </ns3:TrackPointExtension>
        </extensions>
      </trkpt>
      <trkpt lat="69.01691031642258167266845703125" lon="20.32638248987495899200439453125">
        <ele>632</ele>
        <time>2026-08-21T09:07:58.000Z</time>
        <extensions>
          <ns3:TrackPointExtension>
            <ns3:cad>0</ns3:cad>
          </ns3:TrackPointExtension>
        </extensions>
      </trkpt>
      <trkpt lat="69.01690511964261531829833984375" lon="20.326465554535388946533203125">
        <ele>632.79998779296875</ele>
        <time>2026-08-21T09:08:04.000Z</time>
        <extensions>
          <ns3:TrackPointExtension>
            <ns3:cad>41</ns3:cad>
          </ns3:TrackPointExtension>
        </extensions>
      </trkpt>
      <trkpt lat="69.01689179241657257080078125" lon="20.32650821842253208160400390625">
        <ele>633.20001220703125</ele>
        <time>2026-08-21T09:08:06.000Z</time>
        <extensions>
          <ns3:TrackPointExtension>
            <ns3:cad>41</ns3:cad>
          </ns3:TrackPointExtension>
        </extensions>
      </trkpt>
      <trkpt lat="69.01687779463827610015869140625" lon="20.3265790455043315887451171875">
        <ele>633.4000244140625</ele>
        <time>2026-08-21T09:08:09.000Z</time>
        <extensions>
          <ns3:TrackPointExtension>
            <ns3:cad>42</ns3:cad>
          </ns3:TrackPointExtension>
        </extensions>
      </trkpt>
      <trkpt lat="69.01688106358051300048828125" lon="20.326686166226863861083984375">
        <ele>634.20001220703125</ele>
        <time>2026-08-21T09:08:15.000Z</time>
        <extensions>
          <ns3:TrackPointExtension>
            <ns3:cad>0</ns3:cad>
          </ns3:TrackPointExtension>
        </extensions>
      </trkpt>
      <trkpt lat="69.0168870985507965087890625" lon="20.32677258364856243133544921875">
        <ele>635.20001220703125</ele>
        <time>2026-08-21T09:08:21.000Z</time>
        <extensions>
          <ns3:TrackPointExtension>
            <ns3:cad>42</ns3:cad>
          </ns3:TrackPointExtension>
        </extensions>
      </trkpt>
      <trkpt lat="69.01688718236982822418212890625" lon="20.32678247429430484771728515625">
        <ele>635.4000244140625</ele>
        <time>2026-08-21T09:08:22.000Z</time>
        <extensions>
          <ns3:TrackPointExtension>
            <ns3:cad>42</ns3:cad>
          </ns3:TrackPointExtension>
        </extensions>
      </trkpt>
      <trkpt lat="69.01688969694077968597412109375" lon="20.32688272185623645782470703125">
        <ele>636.4000244140625</ele>
        <time>2026-08-21T09:08:28.000Z</time>
        <extensions>
          <ns3:TrackPointExtension>
            <ns3:cad>41</ns3:cad>
          </ns3:TrackPointExtension>
        </extensions>
      </trkpt>
      <trkpt lat="69.0168909542262554168701171875" lon="20.32689428888261318206787109375">
        <ele>636.5999755859375</ele>
        <time>2026-08-21T09:08:29.000Z</time>
        <extensions>
          <ns3:TrackPointExtension>
            <ns3:cad>41</ns3:cad>
          </ns3:TrackPointExtension>
        </extensions>
      </trkpt>
      <trkpt lat="69.016890786588191986083984375" lon="20.32697559334337711334228515625">
        <ele>637.5999755859375</ele>
        <time>2026-08-21T09:08:35.000Z</time>
        <extensions>
          <ns3:TrackPointExtension>
            <ns3:cad>41</ns3:cad>
          </ns3:TrackPointExtension>
        </extensions>
      </trkpt>
      <trkpt lat="69.01688508689403533935546875" lon="20.3270993940532207489013671875">
        <ele>638.4000244140625</ele>
        <time>2026-08-21T09:08:41.000Z</time>
        <extensions>
          <ns3:TrackPointExtension>
            <ns3:cad>42</ns3:cad>
          </ns3:TrackPointExtension>
        </extensions>
      </trkpt>
      <trkpt lat="69.01688450016081333160400390625" lon="20.3271178342401981353759765625">
        <ele>638.5999755859375</ele>
        <time>2026-08-21T09:08:42.000Z</time>
        <extensions>
          <ns3:TrackPointExtension>
            <ns3:cad>42</ns3:cad>
          </ns3:TrackPointExtension>
        </extensions>
      </trkpt>
      <trkpt lat="69.0168731845915317535400390625" lon="20.32725848257541656494140625">
        <ele>639.20001220703125</ele>
        <time>2026-08-21T09:08:48.000Z</time>
        <extensions>
          <ns3:TrackPointExtension>
            <ns3:cad>41</ns3:cad>
          </ns3:TrackPointExtension>
        </extensions>
      </trkpt>
      <trkpt lat="69.0168698318302631378173828125" lon="20.32732226885855197906494140625">
        <ele>639.5999755859375</ele>
        <time>2026-08-21T09:08:52.000Z</time>
        <extensions>
          <ns3:TrackPointExtension>
            <ns3:cad>43</ns3:cad>
          </ns3:TrackPointExtension>
        </extensions>
      </trkpt>
      <trkpt lat="69.01685968972742557525634765625" lon="20.32738429494202136993408203125">
        <ele>640</ele>
        <time>2026-08-21T09:08:55.000Z</time>
        <extensions>
          <ns3:TrackPointExtension>
            <ns3:cad>42</ns3:cad>
          </ns3:TrackPointExtension>
        </extensions>
      </trkpt>
      <trkpt lat="69.0168470330536365509033203125" lon="20.32748102210462093353271484375">
        <ele>640.5999755859375</ele>
        <time>2026-08-21T09:09:00.000Z</time>
        <extensions>
          <ns3:TrackPointExtension>
            <ns3:cad>43</ns3:cad>
          </ns3:TrackPointExtension>
        </extensions>
      </trkpt>
      <trkpt lat="69.01684795506298542022705078125" lon="20.32750968821346759796142578125">
        <ele>640.79998779296875</ele>
        <time>2026-08-21T09:09:01.000Z</time>
        <extensions>
          <ns3:TrackPointExtension>
            <ns3:cad>42</ns3:cad>
          </ns3:TrackPointExtension>
        </extensions>
      </trkpt>
      <trkpt lat="69.0168415009975433349609375" lon="20.3275969438254833221435546875">
        <ele>641.20001220703125</ele>
        <time>2026-08-21T09:09:05.000Z</time>
        <extensions>
          <ns3:TrackPointExtension>
            <ns3:cad>42</ns3:cad>
          </ns3:TrackPointExtension>
        </extensions>
      </trkpt>
      <trkpt lat="69.01683018542826175689697265625" lon="20.3277263604104518890380859375">
        <ele>641.79998779296875</ele>
        <time>2026-08-21T09:09:11.000Z</time>
        <extensions>
          <ns3:TrackPointExtension>
            <ns3:cad>44</ns3:cad>
          </ns3:TrackPointExtension>
        </extensions>
      </trkpt>
      <trkpt lat="69.016823060810565948486328125" lon="20.32784454524517059326171875">
        <ele>642.4000244140625</ele>
        <time>2026-08-21T09:09:17.000Z</time>
        <extensions>
          <ns3:TrackPointExtension>
            <ns3:cad>43</ns3:cad>
          </ns3:TrackPointExtension>
        </extensions>
      </trkpt>
      <trkpt lat="69.0168148465454578399658203125" lon="20.327902548015117645263671875">
        <ele>642.79998779296875</ele>
        <time>2026-08-21T09:09:21.000Z</time>
        <extensions>
          <ns3:TrackPointExtension>
            <ns3:cad>43</ns3:cad>
          </ns3:TrackPointExtension>
        </extensions>
      </trkpt>
      <trkpt lat="69.01681006886065006256103515625" lon="20.327955521643161773681640625">
        <ele>643</ele>
        <time>2026-08-21T09:09:23.000Z</time>
        <extensions>
          <ns3:TrackPointExtension>
            <ns3:cad>41</ns3:cad>
          </ns3:TrackPointExtension>
        </extensions>
      </trkpt>
      <trkpt lat="69.01677377521991729736328125" lon="20.32810564152896404266357421875">
        <ele>643.5999755859375</ele>
        <time>2026-08-21T09:09:30.000Z</time>
        <extensions>
          <ns3:TrackPointExtension>
            <ns3:cad>41</ns3:cad>
          </ns3:TrackPointExtension>
        </extensions>
      </trkpt>
      <trkpt lat="69.01675273664295673370361328125" lon="20.32819432206451892852783203125">
        <ele>643.79998779296875</ele>
        <time>2026-08-21T09:09:34.000Z</time>
        <extensions>
          <ns3:TrackPointExtension>
            <ns3:cad>44</ns3:cad>
          </ns3:TrackPointExtension>
        </extensions>
      </trkpt>
      <trkpt lat="69.01674988679587841033935546875" lon="20.32821259461343288421630859375">
        <ele>643.79998779296875</ele>
        <time>2026-08-21T09:09:35.000Z</time>
        <extensions>
          <ns3:TrackPointExtension>
            <ns3:cad>45</ns3:cad>
          </ns3:TrackPointExtension>
        </extensions>
      </trkpt>
      <trkpt lat="69.01671878993511199951171875" lon="20.32834402285516262054443359375">
        <ele>644.20001220703125</ele>
        <time>2026-08-21T09:09:41.000Z</time>
        <extensions>
          <ns3:TrackPointExtension>
            <ns3:cad>47</ns3:cad>
          </ns3:TrackPointExtension>
        </extensions>
      </trkpt>
      <trkpt lat="69.01668526232242584228515625" lon="20.32844695262610912322998046875">
        <ele>644.20001220703125</ele>
        <time>2026-08-21T09:09:46.000Z</time>
        <extensions>
          <ns3:TrackPointExtension>
            <ns3:cad>47</ns3:cad>
          </ns3:TrackPointExtension>
        </extensions>
      </trkpt>
      <trkpt lat="69.0166468732059001922607421875" lon="20.32853211276233196258544921875">
        <ele>644.20001220703125</ele>
        <time>2026-08-21T09:09:51.000Z</time>
        <extensions>
          <ns3:TrackPointExtension>
            <ns3:cad>46</ns3:cad>
          </ns3:TrackPointExtension>
        </extensions>
      </trkpt>
      <trkpt lat="69.01660437695682048797607421875" lon="20.328676700592041015625">
        <ele>644.20001220703125</ele>
        <time>2026-08-21T09:09:57.000Z</time>
        <extensions>
          <ns3:TrackPointExtension>
            <ns3:cad>48</ns3:cad>
          </ns3:TrackPointExtension>
        </extensions>
      </trkpt>
      <trkpt lat="69.0165798179805278778076171875" lon="20.3287814743816852569580078125">
        <ele>644.4000244140625</ele>
        <time>2026-08-21T09:10:02.000Z</time>
        <extensions>
          <ns3:TrackPointExtension>
            <ns3:cad>47</ns3:cad>
          </ns3:TrackPointExtension>
        </extensions>
      </trkpt>
      <trkpt lat="69.0165325440466403961181640625" lon="20.328929163515567779541015625">
        <ele>644.4000244140625</ele>
        <time>2026-08-21T09:10:08.000Z</time>
        <extensions>
          <ns3:TrackPointExtension>
            <ns3:cad>49</ns3:cad>
          </ns3:TrackPointExtension>
        </extensions>
      </trkpt>
      <trkpt lat="69.0164889581501483917236328125" lon="20.329053215682506561279296875">
        <ele>644.5999755859375</ele>
        <time>2026-08-21T09:10:14.000Z</time>
        <extensions>
          <ns3:TrackPointExtension>
            <ns3:cad>48</ns3:cad>
          </ns3:TrackPointExtension>
        </extensions>
      </trkpt>
      <trkpt lat="69.0164624713361263275146484375" lon="20.3291261382400989532470703125">
        <ele>644.79998779296875</ele>
        <time>2026-08-21T09:10:18.000Z</time>
        <extensions>
          <ns3:TrackPointExtension>
            <ns3:cad>47</ns3:cad>
          </ns3:TrackPointExtension>
        </extensions>
      </trkpt>
      <trkpt lat="69.01645400561392307281494140625" lon="20.32915840856730937957763671875">
        <ele>645</ele>
        <time>2026-08-21T09:10:20.000Z</time>
        <extensions>
          <ns3:TrackPointExtension>
            <ns3:cad>47</ns3:cad>
          </ns3:TrackPointExtension>
        </extensions>
      </trkpt>
      <trkpt lat="69.0164198912680149078369140625" lon="20.329252369701862335205078125">
        <ele>645.20001220703125</ele>
        <time>2026-08-21T09:10:26.000Z</time>
        <extensions>
          <ns3:TrackPointExtension>
            <ns3:cad>48</ns3:cad>
          </ns3:TrackPointExtension>
        </extensions>
      </trkpt>
      <trkpt lat="69.0163773111999034881591796875" lon="20.32938522286713123321533203125">
        <ele>645.5999755859375</ele>
        <time>2026-08-21T09:10:32.000Z</time>
        <extensions>
          <ns3:TrackPointExtension>
            <ns3:cad>47</ns3:cad>
          </ns3:TrackPointExtension>
        </extensions>
      </trkpt>
      <trkpt lat="69.01633447967469692230224609375" lon="20.3295190818607807159423828125">
        <ele>645.79998779296875</ele>
        <time>2026-08-21T09:10:38.000Z</time>
        <extensions>
          <ns3:TrackPointExtension>
            <ns3:cad>47</ns3:cad>
          </ns3:TrackPointExtension>
        </extensions>
      </trkpt>
      <trkpt lat="69.01629156433045864105224609375" lon="20.32963718287646770477294921875">
        <ele>646</ele>
        <time>2026-08-21T09:10:44.000Z</time>
        <extensions>
          <ns3:TrackPointExtension>
            <ns3:cad>49</ns3:cad>
          </ns3:TrackPointExtension>
        </extensions>
      </trkpt>
      <trkpt lat="69.01626013219356536865234375" lon="20.329696945846080780029296875">
        <ele>646.20001220703125</ele>
        <time>2026-08-21T09:10:51.000Z</time>
        <extensions>
          <ns3:TrackPointExtension>
            <ns3:cad>0</ns3:cad>
          </ns3:TrackPointExtension>
        </extensions>
      </trkpt>
      <trkpt lat="69.01626222766935825347900390625" lon="20.329682864248752593994140625">
        <ele>646.4000244140625</ele>
        <time>2026-08-21T09:10:58.000Z</time>
        <extensions>
          <ns3:TrackPointExtension>
            <ns3:cad>0</ns3:cad>
          </ns3:TrackPointExtension>
        </extensions>
      </trkpt>
      <trkpt lat="69.0162609703838825225830078125" lon="20.32971530221402645111083984375">
        <ele>646.20001220703125</ele>
        <time>2026-08-21T09:11:12.000Z</time>
        <extensions>
          <ns3:TrackPointExtension>
            <ns3:cad>0</ns3:cad>
          </ns3:TrackPointExtension>
        </extensions>
      </trkpt>
      <trkpt lat="69.01626390404999256134033203125" lon="20.32971999607980251312255859375">
        <ele>646.20001220703125</ele>
        <time>2026-08-21T09:11:19.000Z</time>
        <extensions>
          <ns3:TrackPointExtension>
            <ns3:cad>0</ns3:cad>
          </ns3:TrackPointExtension>
        </extensions>
      </trkpt>
      <trkpt lat="69.01626356877386569976806640625" lon="20.329720079898834228515625">
        <ele>646</ele>
        <time>2026-08-21T09:11:26.000Z</time>
        <extensions>
          <ns3:TrackPointExtension>
            <ns3:cad>0</ns3:cad>
          </ns3:TrackPointExtension>
        </extensions>
      </trkpt>
      <trkpt lat="69.01626507751643657684326171875" lon="20.32972821034491062164306640625">
        <ele>646</ele>
        <time>2026-08-21T09:11:39.000Z</time>
        <extensions>
          <ns3:TrackPointExtension>
            <ns3:cad>0</ns3:cad>
          </ns3:TrackPointExtension>
        </extensions>
      </trkpt>
      <trkpt lat="69.01626356877386569976806640625" lon="20.329720079898834228515625">
        <ele>646</ele>
        <time>2026-08-21T09:11:46.000Z</time>
        <extensions>
          <ns3:TrackPointExtension>
            <ns3:cad>0</ns3:cad>
          </ns3:TrackPointExtension>
        </extensions>
      </trkpt>
      <trkpt lat="69.0162696875631809234619140625" lon="20.32972351647913455963134765625">
        <ele>646</ele>
        <time>2026-08-21T09:11:55.000Z</time>
        <extensions>
          <ns3:TrackPointExtension>
            <ns3:cad>0</ns3:cad>
          </ns3:TrackPointExtension>
        </extensions>
      </trkpt>
      <trkpt lat="69.01622987352311611175537109375" lon="20.329792834818363189697265625">
        <ele>645.5999755859375</ele>
        <time>2026-08-21T09:12:02.000Z</time>
        <extensions>
          <ns3:TrackPointExtension>
            <ns3:cad>0</ns3:cad>
          </ns3:TrackPointExtension>
        </extensions>
      </trkpt>
      <trkpt lat="69.01619785465300083160400390625" lon="20.32995334826409816741943359375">
        <ele>644.79998779296875</ele>
        <time>2026-08-21T09:12:08.000Z</time>
        <extensions>
          <ns3:TrackPointExtension>
            <ns3:cad>44</ns3:cad>
          </ns3:TrackPointExtension>
        </extensions>
      </trkpt>
      <trkpt lat="69.016191065311431884765625" lon="20.329983271658420562744140625">
        <ele>644.79998779296875</ele>
        <time>2026-08-21T09:12:09.000Z</time>
        <extensions>
          <ns3:TrackPointExtension>
            <ns3:cad>44</ns3:cad>
          </ns3:TrackPointExtension>
        </extensions>
      </trkpt>
      <trkpt lat="69.016135744750499725341796875" lon="20.3300991095602512359619140625">
        <ele>644.79998779296875</ele>
        <time>2026-08-21T09:12:15.000Z</time>
        <extensions>
          <ns3:TrackPointExtension>
            <ns3:cad>0</ns3:cad>
          </ns3:TrackPointExtension>
        </extensions>
      </trkpt>
      <trkpt lat="69.0160856209695339202880859375" lon="20.33020111732184886932373046875">
        <ele>643.79998779296875</ele>
        <time>2026-08-21T09:12:22.000Z</time>
        <extensions>
          <ns3:TrackPointExtension>
            <ns3:cad>0</ns3:cad>
          </ns3:TrackPointExtension>
        </extensions>
      </trkpt>
      <trkpt lat="69.01604689657688140869140625" lon="20.33029667101800441741943359375">
        <ele>643</ele>
        <time>2026-08-21T09:12:27.000Z</time>
        <extensions>
          <ns3:TrackPointExtension>
            <ns3:cad>51</ns3:cad>
          </ns3:TrackPointExtension>
        </extensions>
      </trkpt>
      <trkpt lat="69.01602183468639850616455078125" lon="20.3303686715662479400634765625">
        <ele>642.5999755859375</ele>
        <time>2026-08-21T09:12:30.000Z</time>
        <extensions>
          <ns3:TrackPointExtension>
            <ns3:cad>52</ns3:cad>
          </ns3:TrackPointExtension>
        </extensions>
      </trkpt>
      <trkpt lat="69.0159992873668670654296875" lon="20.330419130623340606689453125">
        <ele>642.20001220703125</ele>
        <time>2026-08-21T09:12:33.000Z</time>
        <extensions>
          <ns3:TrackPointExtension>
            <ns3:cad>51</ns3:cad>
          </ns3:TrackPointExtension>
        </extensions>
      </trkpt>
      <trkpt lat="69.01596500538289546966552734375" lon="20.33050739206373691558837890625">
        <ele>641.4000244140625</ele>
        <time>2026-08-21T09:12:37.000Z</time>
        <extensions>
          <ns3:TrackPointExtension>
            <ns3:cad>51</ns3:cad>
          </ns3:TrackPointExtension>
        </extensions>
      </trkpt>
      <trkpt lat="69.01595109142363071441650390625" lon="20.3305503912270069122314453125">
        <ele>641.20001220703125</ele>
        <time>2026-08-21T09:12:39.000Z</time>
        <extensions>
          <ns3:TrackPointExtension>
            <ns3:cad>51</ns3:cad>
          </ns3:TrackPointExtension>
        </extensions>
      </trkpt>
      <trkpt lat="69.01590281166136264801025390625" lon="20.33063194714486598968505859375">
        <ele>640.4000244140625</ele>
        <time>2026-08-21T09:12:45.000Z</time>
        <extensions>
          <ns3:TrackPointExtension>
            <ns3:cad>50</ns3:cad>
          </ns3:TrackPointExtension>
        </extensions>
      </trkpt>
      <trkpt lat="69.01589375920593738555908203125" lon="20.33064887858927249908447265625">
        <ele>640.20001220703125</ele>
        <time>2026-08-21T09:12:46.000Z</time>
        <extensions>
          <ns3:TrackPointExtension>
            <ns3:cad>50</ns3:cad>
          </ns3:TrackPointExtension>
        </extensions>
      </trkpt>
      <trkpt lat="69.0158334933221340179443359375" lon="20.330766476690769195556640625">
        <ele>639.4000244140625</ele>
        <time>2026-08-21T09:12:53.000Z</time>
        <extensions>
          <ns3:TrackPointExtension>
            <ns3:cad>52</ns3:cad>
          </ns3:TrackPointExtension>
        </extensions>
      </trkpt>
      <trkpt lat="69.01583139784634113311767578125" lon="20.3307850845158100128173828125">
        <ele>639.20001220703125</ele>
        <time>2026-08-21T09:12:54.000Z</time>
        <extensions>
          <ns3:TrackPointExtension>
            <ns3:cad>0</ns3:cad>
          </ns3:TrackPointExtension>
        </extensions>
      </trkpt>
      <trkpt lat="69.01579518802464008331298828125" lon="20.33085809089243412017822265625">
        <ele>638.20001220703125</ele>
        <time>2026-08-21T09:12:59.000Z</time>
        <extensions>
          <ns3:TrackPointExtension>
            <ns3:cad>0</ns3:cad>
          </ns3:TrackPointExtension>
        </extensions>
      </trkpt>
      <trkpt lat="69.01575579307973384857177734375" lon="20.33094408921897411346435546875">
        <ele>637</ele>
        <time>2026-08-21T09:13:06.000Z</time>
        <extensions>
          <ns3:TrackPointExtension>
            <ns3:cad>0</ns3:cad>
          </ns3:TrackPointExtension>
        </extensions>
      </trkpt>
      <trkpt lat="69.01571966707706451416015625" lon="20.33101935870945453643798828125">
        <ele>636</ele>
        <time>2026-08-21T09:13:12.000Z</time>
        <extensions>
          <ns3:TrackPointExtension>
            <ns3:cad>0</ns3:cad>
          </ns3:TrackPointExtension>
        </extensions>
      </trkpt>
      <trkpt lat="69.0157144702970981597900390625" lon="20.33103637397289276123046875">
        <ele>636</ele>
        <time>2026-08-21T09:13:13.000Z</time>
        <extensions>
          <ns3:TrackPointExtension>
            <ns3:cad>49</ns3:cad>
          </ns3:TrackPointExtension>
        </extensions>
      </trkpt>
      <trkpt lat="69.01566199958324432373046875" lon="20.33118280582129955291748046875">
        <ele>635.5999755859375</ele>
        <time>2026-08-21T09:13:20.000Z</time>
        <extensions>
          <ns3:TrackPointExtension>
            <ns3:cad>49</ns3:cad>
          </ns3:TrackPointExtension>
        </extensions>
      </trkpt>
      <trkpt lat="69.015618748962879180908203125" lon="20.3312648646533489227294921875">
        <ele>635</ele>
        <time>2026-08-21T09:13:25.000Z</time>
        <extensions>
          <ns3:TrackPointExtension>
            <ns3:cad>0</ns3:cad>
          </ns3:TrackPointExtension>
        </extensions>
      </trkpt>
      <trkpt lat="69.01561564765870571136474609375" lon="20.33129327930510044097900390625">
        <ele>635</ele>
        <time>2026-08-21T09:13:26.000Z</time>
        <extensions>
          <ns3:TrackPointExtension>
            <ns3:cad>0</ns3:cad>
          </ns3:TrackPointExtension>
        </extensions>
      </trkpt>
      <trkpt lat="69.01561078615486621856689453125" lon="20.33131825737655162811279296875">
        <ele>634.79998779296875</ele>
        <time>2026-08-21T09:13:27.000Z</time>
        <extensions>
          <ns3:TrackPointExtension>
            <ns3:cad>52</ns3:cad>
          </ns3:TrackPointExtension>
        </extensions>
      </trkpt>
      <trkpt lat="69.01558144949376583099365234375" lon="20.33141431398689746856689453125">
        <ele>634.20001220703125</ele>
        <time>2026-08-21T09:13:32.000Z</time>
        <extensions>
          <ns3:TrackPointExtension>
            <ns3:cad>53</ns3:cad>
          </ns3:TrackPointExtension>
        </extensions>
      </trkpt>
      <trkpt lat="69.0155350975692272186279296875" lon="20.3315582312643527984619140625">
        <ele>633.79998779296875</ele>
        <time>2026-08-21T09:13:38.000Z</time>
        <extensions>
          <ns3:TrackPointExtension>
            <ns3:cad>46</ns3:cad>
          </ns3:TrackPointExtension>
        </extensions>
      </trkpt>
      <trkpt lat="69.0155287273228168487548828125" lon="20.33157289959490299224853515625">
        <ele>633.79998779296875</ele>
        <time>2026-08-21T09:13:39.000Z</time>
        <extensions>
          <ns3:TrackPointExtension>
            <ns3:cad>46</ns3:cad>
          </ns3:TrackPointExtension>
        </extensions>
      </trkpt>
      <trkpt lat="69.01548740454018115997314453125" lon="20.33168052323162555694580078125">
        <ele>632.79998779296875</ele>
        <time>2026-08-21T09:13:45.000Z</time>
        <extensions>
          <ns3:TrackPointExtension>
            <ns3:cad>50</ns3:cad>
          </ns3:TrackPointExtension>
        </extensions>
      </trkpt>
      <trkpt lat="69.015483297407627105712890625" lon="20.3316956944763660430908203125">
        <ele>632.79998779296875</ele>
        <time>2026-08-21T09:13:46.000Z</time>
        <extensions>
          <ns3:TrackPointExtension>
            <ns3:cad>50</ns3:cad>
          </ns3:TrackPointExtension>
        </extensions>
      </trkpt>
      <trkpt lat="69.0154375322163105010986328125" lon="20.33177540637552738189697265625">
        <ele>632.20001220703125</ele>
        <time>2026-08-21T09:13:51.000Z</time>
        <extensions>
          <ns3:TrackPointExtension>
            <ns3:cad>49</ns3:cad>
          </ns3:TrackPointExtension>
        </extensions>
      </trkpt>
      <trkpt lat="69.01540073566138744354248046875" lon="20.33183391205966472625732421875">
        <ele>631.5999755859375</ele>
        <time>2026-08-21T09:13:55.000Z</time>
        <extensions>
          <ns3:TrackPointExtension>
            <ns3:cad>50</ns3:cad>
          </ns3:TrackPointExtension>
        </extensions>
      </trkpt>
      <trkpt lat="69.015388749539852142333984375" lon="20.33185780048370361328125">
        <ele>631.4000244140625</ele>
        <time>2026-08-21T09:13:57.000Z</time>
        <extensions>
          <ns3:TrackPointExtension>
            <ns3:cad>50</ns3:cad>
          </ns3:TrackPointExtension>
        </extensions>
      </trkpt>
      <trkpt lat="69.01534072123467922210693359375" lon="20.33194840885698795318603515625">
        <ele>630.5999755859375</ele>
        <time>2026-08-21T09:14:03.000Z</time>
        <extensions>
          <ns3:TrackPointExtension>
            <ns3:cad>50</ns3:cad>
          </ns3:TrackPointExtension>
        </extensions>
      </trkpt>
      <trkpt lat="69.01528456248342990875244140625" lon="20.33203692175447940826416015625">
        <ele>630</ele>
        <time>2026-08-21T09:14:09.000Z</time>
        <extensions>
          <ns3:TrackPointExtension>
            <ns3:cad>0</ns3:cad>
          </ns3:TrackPointExtension>
        </extensions>
      </trkpt>
      <trkpt lat="69.01524080894887447357177734375" lon="20.33207162283360958099365234375">
        <ele>629.5999755859375</ele>
        <time>2026-08-21T09:14:14.000Z</time>
        <extensions>
          <ns3:TrackPointExtension>
            <ns3:cad>49</ns3:cad>
          </ns3:TrackPointExtension>
        </extensions>
      </trkpt>
      <trkpt lat="69.015231840312480926513671875" lon="20.33208486624062061309814453125">
        <ele>629.4000244140625</ele>
        <time>2026-08-21T09:14:15.000Z</time>
        <extensions>
          <ns3:TrackPointExtension>
            <ns3:cad>0</ns3:cad>
          </ns3:TrackPointExtension>
        </extensions>
      </trkpt>
      <trkpt lat="69.01518649421632289886474609375" lon="20.33214253373444080352783203125">
        <ele>628.79998779296875</ele>
        <time>2026-08-21T09:14:20.000Z</time>
        <extensions>
          <ns3:TrackPointExtension>
            <ns3:cad>0</ns3:cad>
          </ns3:TrackPointExtension>
        </extensions>
      </trkpt>
      <trkpt lat="69.01516838930547237396240234375" lon="20.33218092285096645355224609375">
        <ele>628.5999755859375</ele>
        <time>2026-08-21T09:14:22.000Z</time>
        <extensions>
          <ns3:TrackPointExtension>
            <ns3:cad>0</ns3:cad>
          </ns3:TrackPointExtension>
        </extensions>
      </trkpt>
      <trkpt lat="69.01514424942433834075927734375" lon="20.33222484402358531951904296875">
        <ele>628</ele>
        <time>2026-08-21T09:14:26.000Z</time>
        <extensions>
          <ns3:TrackPointExtension>
            <ns3:cad>0</ns3:cad>
          </ns3:TrackPointExtension>
        </extensions>
      </trkpt>
      <trkpt lat="69.015109129250049591064453125" lon="20.332269854843616485595703125">
        <ele>627.4000244140625</ele>
        <time>2026-08-21T09:14:29.000Z</time>
        <extensions>
          <ns3:TrackPointExtension>
            <ns3:cad>0</ns3:cad>
          </ns3:TrackPointExtension>
        </extensions>
      </trkpt>
      <trkpt lat="69.01509060524404048919677734375" lon="20.33229525201022624969482421875">
        <ele>627.20001220703125</ele>
        <time>2026-08-21T09:14:32.000Z</time>
        <extensions>
          <ns3:TrackPointExtension>
            <ns3:cad>0</ns3:cad>
          </ns3:TrackPointExtension>
        </extensions>
      </trkpt>
      <trkpt lat="69.01503494940698146820068359375" lon="20.3323313780128955841064453125">
        <ele>626.5999755859375</ele>
        <time>2026-08-21T09:14:38.000Z</time>
        <extensions>
          <ns3:TrackPointExtension>
            <ns3:cad>0</ns3:cad>
          </ns3:TrackPointExtension>
        </extensions>
      </trkpt>
      <trkpt lat="69.0150130726397037506103515625" lon="20.33236549235880374908447265625">
        <ele>626.4000244140625</ele>
        <time>2026-08-21T09:14:40.000Z</time>
        <extensions>
          <ns3:TrackPointExtension>
            <ns3:cad>48</ns3:cad>
          </ns3:TrackPointExtension>
        </extensions>
      </trkpt>
      <trkpt lat="69.0149755217134952545166015625" lon="20.3323799930512905120849609375">
        <ele>626.20001220703125</ele>
        <time>2026-08-21T09:14:44.000Z</time>
        <extensions>
          <ns3:TrackPointExtension>
            <ns3:cad>50</ns3:cad>
          </ns3:TrackPointExtension>
        </extensions>
      </trkpt>
      <trkpt lat="69.0149081312119960784912109375" lon="20.33246305771172046661376953125">
        <ele>625.79998779296875</ele>
        <time>2026-08-21T09:14:50.000Z</time>
        <extensions>
          <ns3:TrackPointExtension>
            <ns3:cad>51</ns3:cad>
          </ns3:TrackPointExtension>
        </extensions>
      </trkpt>
      <trkpt lat="69.014849625527858734130859375" lon="20.3325902111828327178955078125">
        <ele>625.4000244140625</ele>
        <time>2026-08-21T09:14:57.000Z</time>
        <extensions>
          <ns3:TrackPointExtension>
            <ns3:cad>50</ns3:cad>
          </ns3:TrackPointExtension>
        </extensions>
      </trkpt>
      <trkpt lat="69.01479438878595829010009765625" lon="20.33268953673541545867919921875">
        <ele>625.20001220703125</ele>
        <time>2026-08-21T09:15:03.000Z</time>
        <extensions>
          <ns3:TrackPointExtension>
            <ns3:cad>51</ns3:cad>
          </ns3:TrackPointExtension>
        </extensions>
      </trkpt>
      <trkpt lat="69.01472448371350765228271484375" lon="20.33278006128966808319091796875">
        <ele>625.20001220703125</ele>
        <time>2026-08-21T09:15:12.000Z</time>
        <extensions>
          <ns3:TrackPointExtension>
            <ns3:cad>47</ns3:cad>
          </ns3:TrackPointExtension>
        </extensions>
      </trkpt>
      <trkpt lat="69.01465709321200847625732421875" lon="20.332853905856609344482421875">
        <ele>624.4000244140625</ele>
        <time>2026-08-21T09:15:20.000Z</time>
        <extensions>
          <ns3:TrackPointExtension>
            <ns3:cad>53</ns3:cad>
          </ns3:TrackPointExtension>
        </extensions>
      </trkpt>
      <trkpt lat="69.01457277126610279083251953125" lon="20.3329844959080219268798828125">
        <ele>624.20001220703125</ele>
        <time>2026-08-21T09:15:28.000Z</time>
        <extensions>
          <ns3:TrackPointExtension>
            <ns3:cad>50</ns3:cad>
          </ns3:TrackPointExtension>
        </extensions>
      </trkpt>
      <trkpt lat="69.01450060307979583740234375" lon="20.33311667852103710174560546875">
        <ele>623.5999755859375</ele>
        <time>2026-08-21T09:15:37.000Z</time>
        <extensions>
          <ns3:TrackPointExtension>
            <ns3:cad>0</ns3:cad>
          </ns3:TrackPointExtension>
        </extensions>
      </trkpt>
      <trkpt lat="69.01443446986377239227294921875" lon="20.333275683224201202392578125">
        <ele>623.4000244140625</ele>
        <time>2026-08-21T09:15:45.000Z</time>
        <extensions>
          <ns3:TrackPointExtension>
            <ns3:cad>50</ns3:cad>
          </ns3:TrackPointExtension>
        </extensions>
      </trkpt>
      <trkpt lat="69.01438258588314056396484375" lon="20.333382301032543182373046875">
        <ele>623.4000244140625</ele>
        <time>2026-08-21T09:15:51.000Z</time>
        <extensions>
          <ns3:TrackPointExtension>
            <ns3:cad>50</ns3:cad>
          </ns3:TrackPointExtension>
        </extensions>
      </trkpt>
      <trkpt lat="69.014366157352924346923828125" lon="20.33342680893838405609130859375">
        <ele>623.4000244140625</ele>
        <time>2026-08-21T09:15:54.000Z</time>
        <extensions>
          <ns3:TrackPointExtension>
            <ns3:cad>49</ns3:cad>
          </ns3:TrackPointExtension>
        </extensions>
      </trkpt>
      <trkpt lat="69.0143374912440776824951171875" lon="20.33348045311868190765380859375">
        <ele>623.20001220703125</ele>
        <time>2026-08-21T09:15:57.000Z</time>
        <extensions>
          <ns3:TrackPointExtension>
            <ns3:cad>50</ns3:cad>
          </ns3:TrackPointExtension>
        </extensions>
      </trkpt>
      <trkpt lat="69.01427973993122577667236328125" lon="20.3336040861904621124267578125">
        <ele>623</ele>
        <time>2026-08-21T09:16:04.000Z</time>
        <extensions>
          <ns3:TrackPointExtension>
            <ns3:cad>50</ns3:cad>
          </ns3:TrackPointExtension>
        </extensions>
      </trkpt>
      <trkpt lat="69.0142100863158702850341796875" lon="20.3337670303881168365478515625">
        <ele>624</ele>
        <time>2026-08-21T09:16:13.000Z</time>
        <extensions>
          <ns3:TrackPointExtension>
            <ns3:cad>47</ns3:cad>
          </ns3:TrackPointExtension>
        </extensions>
      </trkpt>
      <trkpt lat="69.01416532695293426513671875" lon="20.3338659368455410003662109375">
        <ele>624.4000244140625</ele>
        <time>2026-08-21T09:16:19.000Z</time>
        <extensions>
          <ns3:TrackPointExtension>
            <ns3:cad>46</ns3:cad>
          </ns3:TrackPointExtension>
        </extensions>
      </trkpt>
      <trkpt lat="69.0141619741916656494140625" lon="20.33388487994670867919921875">
        <ele>624.4000244140625</ele>
        <time>2026-08-21T09:16:20.000Z</time>
        <extensions>
          <ns3:TrackPointExtension>
            <ns3:cad>46</ns3:cad>
          </ns3:TrackPointExtension>
        </extensions>
      </trkpt>
      <trkpt lat="69.01413087733089923858642578125" lon="20.33399862237274646759033203125">
        <ele>625</ele>
        <time>2026-08-21T09:16:26.000Z</time>
        <extensions>
          <ns3:TrackPointExtension>
            <ns3:cad>0</ns3:cad>
          </ns3:TrackPointExtension>
        </extensions>
      </trkpt>
      <trkpt lat="69.01409852318465709686279296875" lon="20.33413189463317394256591796875">
        <ele>625.4000244140625</ele>
        <time>2026-08-21T09:16:32.000Z</time>
        <extensions>
          <ns3:TrackPointExtension>
            <ns3:cad>45</ns3:cad>
          </ns3:TrackPointExtension>
        </extensions>
      </trkpt>
      <trkpt lat="69.01409047655761241912841796875" lon="20.3341425396502017974853515625">
        <ele>625.5999755859375</ele>
        <time>2026-08-21T09:16:33.000Z</time>
        <extensions>
          <ns3:TrackPointExtension>
            <ns3:cad>45</ns3:cad>
          </ns3:TrackPointExtension>
        </extensions>
      </trkpt>
      <trkpt lat="69.01406113989651203155517578125" lon="20.33424538560211658477783203125">
        <ele>626</ele>
        <time>2026-08-21T09:16:38.000Z</time>
        <extensions>
          <ns3:TrackPointExtension>
            <ns3:cad>0</ns3:cad>
          </ns3:TrackPointExtension>
        </extensions>
      </trkpt>
      <trkpt lat="69.01404286734759807586669921875" lon="20.33431210555136203765869140625">
        <ele>626.5999755859375</ele>
        <time>2026-08-21T09:16:44.000Z</time>
        <extensions>
          <ns3:TrackPointExtension>
            <ns3:cad>0</ns3:cad>
          </ns3:TrackPointExtension>
        </extensions>
      </trkpt>
      <trkpt lat="69.01404504664242267608642578125" lon="20.33433289267122745513916015625">
        <ele>626.5999755859375</ele>
        <time>2026-08-21T09:16:51.000Z</time>
        <extensions>
          <ns3:TrackPointExtension>
            <ns3:cad>0</ns3:cad>
          </ns3:TrackPointExtension>
        </extensions>
      </trkpt>
      <trkpt lat="69.01403532363474369049072265625" lon="20.334347225725650787353515625">
        <ele>626.79998779296875</ele>
        <time>2026-08-21T09:16:57.000Z</time>
        <extensions>
          <ns3:TrackPointExtension>
            <ns3:cad>0</ns3:cad>
          </ns3:TrackPointExtension>
        </extensions>
      </trkpt>
      <trkpt lat="69.01399509049952030181884765625" lon="20.33445753157138824462890625">
        <ele>626.79998779296875</ele>
        <time>2026-08-21T09:17:04.000Z</time>
        <extensions>
          <ns3:TrackPointExtension>
            <ns3:cad>0</ns3:cad>
          </ns3:TrackPointExtension>
        </extensions>
      </trkpt>
      <trkpt lat="69.01394345797598361968994140625" lon="20.33457043580710887908935546875">
        <ele>626.5999755859375</ele>
        <time>2026-08-21T09:17:12.000Z</time>
        <extensions>
          <ns3:TrackPointExtension>
            <ns3:cad>0</ns3:cad>
          </ns3:TrackPointExtension>
        </extensions>
      </trkpt>
      <trkpt lat="69.013927616178989410400390625" lon="20.33463095314800739288330078125">
        <ele>626.4000244140625</ele>
        <time>2026-08-21T09:17:18.000Z</time>
        <extensions>
          <ns3:TrackPointExtension>
            <ns3:cad>0</ns3:cad>
          </ns3:TrackPointExtension>
        </extensions>
      </trkpt>
      <trkpt lat="69.01390657760202884674072265625" lon="20.33471007831394672393798828125">
        <ele>626.20001220703125</ele>
        <time>2026-08-21T09:17:23.000Z</time>
        <extensions>
          <ns3:TrackPointExtension>
            <ns3:cad>0</ns3:cad>
          </ns3:TrackPointExtension>
        </extensions>
      </trkpt>
      <trkpt lat="69.01387539692223072052001953125" lon="20.33475550822913646697998046875">
        <ele>625.4000244140625</ele>
        <time>2026-08-21T09:17:28.000Z</time>
        <extensions>
          <ns3:TrackPointExtension>
            <ns3:cad>0</ns3:cad>
          </ns3:TrackPointExtension>
        </extensions>
      </trkpt>
      <trkpt lat="69.013794846832752227783203125" lon="20.33484268002212047576904296875">
        <ele>624.79998779296875</ele>
        <time>2026-08-21T09:17:36.000Z</time>
        <extensions>
          <ns3:TrackPointExtension>
            <ns3:cad>51</ns3:cad>
          </ns3:TrackPointExtension>
        </extensions>
      </trkpt>
      <trkpt lat="69.0137500874698162078857421875" lon="20.33489548601210117340087890625">
        <ele>624.20001220703125</ele>
        <time>2026-08-21T09:17:40.000Z</time>
        <extensions>
          <ns3:TrackPointExtension>
            <ns3:cad>50</ns3:cad>
          </ns3:TrackPointExtension>
        </extensions>
      </trkpt>
      <trkpt lat="69.01373340748250484466552734375" lon="20.33491476438939571380615234375">
        <ele>624.20001220703125</ele>
        <time>2026-08-21T09:17:42.000Z</time>
        <extensions>
          <ns3:TrackPointExtension>
            <ns3:cad>50</ns3:cad>
          </ns3:TrackPointExtension>
        </extensions>
      </trkpt>
      <trkpt lat="69.01367657817900180816650390625" lon="20.33499808050692081451416015625">
        <ele>624.4000244140625</ele>
        <time>2026-08-21T09:17:48.000Z</time>
        <extensions>
          <ns3:TrackPointExtension>
            <ns3:cad>0</ns3:cad>
          </ns3:TrackPointExtension>
        </extensions>
      </trkpt>
      <trkpt lat="69.0136109478771686553955078125" lon="20.33510235138237476348876953125">
        <ele>624</ele>
        <time>2026-08-21T09:17:55.000Z</time>
        <extensions>
          <ns3:TrackPointExtension>
            <ns3:cad>49</ns3:cad>
          </ns3:TrackPointExtension>
        </extensions>
      </trkpt>
      <trkpt lat="69.013545401394367218017578125" lon="20.3352221287786960601806640625">
        <ele>624</ele>
        <time>2026-08-21T09:18:02.000Z</time>
        <extensions>
          <ns3:TrackPointExtension>
            <ns3:cad>49</ns3:cad>
          </ns3:TrackPointExtension>
        </extensions>
      </trkpt>
      <trkpt lat="69.0134915895760059356689453125" lon="20.33531449735164642333984375">
        <ele>624.20001220703125</ele>
        <time>2026-08-21T09:18:08.000Z</time>
        <extensions>
          <ns3:TrackPointExtension>
            <ns3:cad>0</ns3:cad>
          </ns3:TrackPointExtension>
        </extensions>
      </trkpt>
      <trkpt lat="69.0134423039853572845458984375" lon="20.33537828363478183746337890625">
        <ele>624.20001220703125</ele>
        <time>2026-08-21T09:18:15.000Z</time>
        <extensions>
          <ns3:TrackPointExtension>
            <ns3:cad>0</ns3:cad>
          </ns3:TrackPointExtension>
        </extensions>
      </trkpt>
      <trkpt lat="69.01337902061641216278076171875" lon="20.3354229591786861419677734375">
        <ele>624.20001220703125</ele>
        <time>2026-08-21T09:18:22.000Z</time>
        <extensions>
          <ns3:TrackPointExtension>
            <ns3:cad>0</ns3:cad>
          </ns3:TrackPointExtension>
        </extensions>
      </trkpt>
      <trkpt lat="69.01336896233260631561279296875" lon="20.33541264943778514862060546875">
        <ele>624.20001220703125</ele>
        <time>2026-08-21T09:18:27.000Z</time>
        <extensions>
          <ns3:TrackPointExtension>
            <ns3:cad>0</ns3:cad>
          </ns3:TrackPointExtension>
        </extensions>
      </trkpt>
      <trkpt lat="69.01337248273193836212158203125" lon="20.33541566692292690277099609375">
        <ele>624.20001220703125</ele>
        <time>2026-08-21T09:18:28.000Z</time>
        <extensions>
          <ns3:TrackPointExtension>
            <ns3:cad>0</ns3:cad>
          </ns3:TrackPointExtension>
        </extensions>
      </trkpt>
      <trkpt lat="69.01338270865380764007568359375" lon="20.33543159253895282745361328125">
        <ele>624.4000244140625</ele>
        <time>2026-08-21T09:18:36.000Z</time>
        <extensions>
          <ns3:TrackPointExtension>
            <ns3:cad>0</ns3:cad>
          </ns3:TrackPointExtension>
        </extensions>
      </trkpt>
      <trkpt lat="69.01339553296566009521484375" lon="20.33546327613294124603271484375">
        <ele>625</ele>
        <time>2026-08-21T09:38:57.000Z</time>
        <extensions>
          <ns3:TrackPointExtension>
            <ns3:cad>0</ns3:cad>
          </ns3:TrackPointExtension>
        </extensions>
      </trkpt>
      <trkpt lat="69.013393186032772064208984375" lon="20.33545388840138912200927734375">
        <ele>624.79998779296875</ele>
        <time>2026-08-21T09:39:01.000Z</time>
        <extensions>
          <ns3:TrackPointExtension>
            <ns3:cad>0</ns3:cad>
          </ns3:TrackPointExtension>
        </extensions>
      </trkpt>
      <trkpt lat="69.01332487352192401885986328125" lon="20.3355473466217517852783203125">
        <ele>624.4000244140625</ele>
        <time>2026-08-21T09:39:08.000Z</time>
        <extensions>
          <ns3:TrackPointExtension>
            <ns3:cad>0</ns3:cad>
          </ns3:TrackPointExtension>
        </extensions>
      </trkpt>
      <trkpt lat="69.01327994652092456817626953125" lon="20.33560954034328460693359375">
        <ele>624.4000244140625</ele>
        <time>2026-08-21T09:39:13.000Z</time>
        <extensions>
          <ns3:TrackPointExtension>
            <ns3:cad>0</ns3:cad>
          </ns3:TrackPointExtension>
        </extensions>
      </trkpt>
      <trkpt lat="69.01323149912059307098388671875" lon="20.33573401160538196563720703125">
        <ele>624.5999755859375</ele>
        <time>2026-08-21T09:39:19.000Z</time>
        <extensions>
          <ns3:TrackPointExtension>
            <ns3:cad>50</ns3:cad>
          </ns3:TrackPointExtension>
        </extensions>
      </trkpt>
      <trkpt lat="69.01320249773561954498291015625" lon="20.3358558006584644317626953125">
        <ele>624.4000244140625</ele>
        <time>2026-08-21T09:39:24.000Z</time>
        <extensions>
          <ns3:TrackPointExtension>
            <ns3:cad>49</ns3:cad>
          </ns3:TrackPointExtension>
        </extensions>
      </trkpt>
      <trkpt lat="69.01317064650356769561767578125" lon="20.335966609418392181396484375">
        <ele>624</ele>
        <time>2026-08-21T09:39:29.000Z</time>
        <extensions>
          <ns3:TrackPointExtension>
            <ns3:cad>48</ns3:cad>
          </ns3:TrackPointExtension>
        </extensions>
      </trkpt>
      <trkpt lat="69.0131271444261074066162109375" lon="20.33607901073992252349853515625">
        <ele>624.20001220703125</ele>
        <time>2026-08-21T09:39:34.000Z</time>
        <extensions>
          <ns3:TrackPointExtension>
            <ns3:cad>47</ns3:cad>
          </ns3:TrackPointExtension>
        </extensions>
      </trkpt>
      <trkpt lat="69.01307844556868076324462890625" lon="20.33616299740970134735107421875">
        <ele>623.79998779296875</ele>
        <time>2026-08-21T09:39:39.000Z</time>
        <extensions>
          <ns3:TrackPointExtension>
            <ns3:cad>0</ns3:cad>
          </ns3:TrackPointExtension>
        </extensions>
      </trkpt>
      <trkpt lat="69.01299395598471164703369140625" lon="20.3363013826310634613037109375">
        <ele>624.20001220703125</ele>
        <time>2026-08-21T09:39:49.000Z</time>
        <extensions>
          <ns3:TrackPointExtension>
            <ns3:cad>49</ns3:cad>
          </ns3:TrackPointExtension>
        </extensions>
      </trkpt>
      <trkpt lat="69.01293821632862091064453125" lon="20.33638981170952320098876953125">
        <ele>624.5999755859375</ele>
        <time>2026-08-21T09:39:55.000Z</time>
        <extensions>
          <ns3:TrackPointExtension>
            <ns3:cad>49</ns3:cad>
          </ns3:TrackPointExtension>
        </extensions>
      </trkpt>
      <trkpt lat="69.012877531349658966064453125" lon="20.3365055657923221588134765625">
        <ele>624.4000244140625</ele>
        <time>2026-08-21T09:40:02.000Z</time>
        <extensions>
          <ns3:TrackPointExtension>
            <ns3:cad>50</ns3:cad>
          </ns3:TrackPointExtension>
        </extensions>
      </trkpt>
      <trkpt lat="69.01281508617103099822998046875" lon="20.3366239182651042938232421875">
        <ele>624.20001220703125</ele>
        <time>2026-08-21T09:40:09.000Z</time>
        <extensions>
          <ns3:TrackPointExtension>
            <ns3:cad>50</ns3:cad>
          </ns3:TrackPointExtension>
        </extensions>
      </trkpt>
      <trkpt lat="69.012795053422451019287109375" lon="20.336743779480457305908203125">
        <ele>624.20001220703125</ele>
        <time>2026-08-21T09:40:14.000Z</time>
        <extensions>
          <ns3:TrackPointExtension>
            <ns3:cad>49</ns3:cad>
          </ns3:TrackPointExtension>
        </extensions>
      </trkpt>
      <trkpt lat="69.012725315988063812255859375" lon="20.3368291072547435760498046875">
        <ele>623.20001220703125</ele>
        <time>2026-08-21T09:40:20.000Z</time>
        <extensions>
          <ns3:TrackPointExtension>
            <ns3:cad>46</ns3:cad>
          </ns3:TrackPointExtension>
        </extensions>
      </trkpt>
      <trkpt lat="69.0127107314765453338623046875" lon="20.3368472121655941009521484375">
        <ele>623.20001220703125</ele>
        <time>2026-08-21T09:40:21.000Z</time>
        <extensions>
          <ns3:TrackPointExtension>
            <ns3:cad>46</ns3:cad>
          </ns3:TrackPointExtension>
        </extensions>
      </trkpt>
      <trkpt lat="69.01267242617905139923095703125" lon="20.3368539176881313323974609375">
        <ele>623.5999755859375</ele>
        <time>2026-08-21T09:40:25.000Z</time>
        <extensions>
          <ns3:TrackPointExtension>
            <ns3:cad>50</ns3:cad>
          </ns3:TrackPointExtension>
        </extensions>
      </trkpt>
      <trkpt lat="69.012613333761692047119140625" lon="20.336877219378948211669921875">
        <ele>623.79998779296875</ele>
        <time>2026-08-21T09:40:32.000Z</time>
        <extensions>
          <ns3:TrackPointExtension>
            <ns3:cad>50</ns3:cad>
          </ns3:TrackPointExtension>
        </extensions>
      </trkpt>
      <trkpt lat="69.0125333704054355621337890625" lon="20.33693790435791015625">
        <ele>623.79998779296875</ele>
        <time>2026-08-21T09:40:39.000Z</time>
        <extensions>
          <ns3:TrackPointExtension>
            <ns3:cad>0</ns3:cad>
          </ns3:TrackPointExtension>
        </extensions>
      </trkpt>
      <trkpt lat="69.01247779838740825653076171875" lon="20.33698811195790767669677734375">
        <ele>623.79998779296875</ele>
        <time>2026-08-21T09:40:44.000Z</time>
        <extensions>
          <ns3:TrackPointExtension>
            <ns3:cad>52</ns3:cad>
          </ns3:TrackPointExtension>
        </extensions>
      </trkpt>
      <trkpt lat="69.01241912506520748138427734375" lon="20.33704628236591815948486328125">
        <ele>623.79998779296875</ele>
        <time>2026-08-21T09:40:49.000Z</time>
        <extensions>
          <ns3:TrackPointExtension>
            <ns3:cad>50</ns3:cad>
          </ns3:TrackPointExtension>
        </extensions>
      </trkpt>
      <trkpt lat="69.01238660328090190887451171875" lon="20.33706673420965671539306640625">
        <ele>624</ele>
        <time>2026-08-21T09:40:53.000Z</time>
        <extensions>
          <ns3:TrackPointExtension>
            <ns3:cad>50</ns3:cad>
          </ns3:TrackPointExtension>
        </extensions>
      </trkpt>
      <trkpt lat="69.01236958801746368408203125" lon="20.33708433620631694793701171875">
        <ele>624.4000244140625</ele>
        <time>2026-08-21T09:40:55.000Z</time>
        <extensions>
          <ns3:TrackPointExtension>
            <ns3:cad>50</ns3:cad>
          </ns3:TrackPointExtension>
        </extensions>
      </trkpt>
      <trkpt lat="69.0123218111693859100341796875" lon="20.33711568452417850494384765625">
        <ele>624.79998779296875</ele>
        <time>2026-08-21T09:40:59.000Z</time>
        <extensions>
          <ns3:TrackPointExtension>
            <ns3:cad>0</ns3:cad>
          </ns3:TrackPointExtension>
        </extensions>
      </trkpt>
      <trkpt lat="69.01227428577840328216552734375" lon="20.3371734358370304107666015625">
        <ele>625.20001220703125</ele>
        <time>2026-08-21T09:41:04.000Z</time>
        <extensions>
          <ns3:TrackPointExtension>
            <ns3:cad>49</ns3:cad>
          </ns3:TrackPointExtension>
        </extensions>
      </trkpt>
      <trkpt lat="69.0122651495039463043212890625" lon="20.33717536367475986480712890625">
        <ele>625.4000244140625</ele>
        <time>2026-08-21T09:41:05.000Z</time>
        <extensions>
          <ns3:TrackPointExtension>
            <ns3:cad>49</ns3:cad>
          </ns3:TrackPointExtension>
        </extensions>
      </trkpt>
      <trkpt lat="69.01224729605019092559814453125" lon="20.33716614358127117156982421875">
        <ele>625.5999755859375</ele>
        <time>2026-08-21T09:41:08.000Z</time>
        <extensions>
          <ns3:TrackPointExtension>
            <ns3:cad>48</ns3:cad>
          </ns3:TrackPointExtension>
        </extensions>
      </trkpt>
      <trkpt lat="69.0121836774051189422607421875" lon="20.337220542132854461669921875">
        <ele>625.79998779296875</ele>
        <time>2026-08-21T09:41:14.000Z</time>
        <extensions>
          <ns3:TrackPointExtension>
            <ns3:cad>48</ns3:cad>
          </ns3:TrackPointExtension>
        </extensions>
      </trkpt>
      <trkpt lat="69.01211251504719257354736328125" lon="20.33727443777024745941162109375">
        <ele>625.79998779296875</ele>
        <time>2026-08-21T09:41:20.000Z</time>
        <extensions>
          <ns3:TrackPointExtension>
            <ns3:cad>49</ns3:cad>
          </ns3:TrackPointExtension>
        </extensions>
      </trkpt>
      <trkpt lat="69.01205853559076786041259765625" lon="20.33732338808476924896240234375">
        <ele>625.79998779296875</ele>
        <time>2026-08-21T09:41:25.000Z</time>
        <extensions>
          <ns3:TrackPointExtension>
            <ns3:cad>49</ns3:cad>
          </ns3:TrackPointExtension>
        </extensions>
      </trkpt>
      <trkpt lat="69.01199935935437679290771484375" lon="20.33738239668309688568115234375">
        <ele>625.79998779296875</ele>
        <time>2026-08-21T09:41:31.000Z</time>
        <extensions>
          <ns3:TrackPointExtension>
            <ns3:cad>49</ns3:cad>
          </ns3:TrackPointExtension>
        </extensions>
      </trkpt>
      <trkpt lat="69.0119110979139804840087890625" lon="20.337474010884761810302734375">
        <ele>626</ele>
        <time>2026-08-21T09:41:38.000Z</time>
        <extensions>
          <ns3:TrackPointExtension>
            <ns3:cad>50</ns3:cad>
          </ns3:TrackPointExtension>
        </extensions>
      </trkpt>
      <trkpt lat="69.011880420148372650146484375" lon="20.33748985268175601959228515625">
        <ele>626.4000244140625</ele>
        <time>2026-08-21T09:41:42.000Z</time>
        <extensions>
          <ns3:TrackPointExtension>
            <ns3:cad>50</ns3:cad>
          </ns3:TrackPointExtension>
        </extensions>
      </trkpt>
      <trkpt lat="69.011849574744701385498046875" lon="20.337535031139850616455078125">
        <ele>626.5999755859375</ele>
        <time>2026-08-21T09:41:46.000Z</time>
        <extensions>
          <ns3:TrackPointExtension>
            <ns3:cad>49</ns3:cad>
          </ns3:TrackPointExtension>
        </extensions>
      </trkpt>
      <trkpt lat="69.0117984451353549957275390625" lon="20.33757853321731090545654296875">
        <ele>627</ele>
        <time>2026-08-21T09:41:51.000Z</time>
        <extensions>
          <ns3:TrackPointExtension>
            <ns3:cad>49</ns3:cad>
          </ns3:TrackPointExtension>
        </extensions>
      </trkpt>
      <trkpt lat="69.01173968799412250518798828125" lon="20.33766285516321659088134765625">
        <ele>627.20001220703125</ele>
        <time>2026-08-21T09:41:57.000Z</time>
        <extensions>
          <ns3:TrackPointExtension>
            <ns3:cad>49</ns3:cad>
          </ns3:TrackPointExtension>
        </extensions>
      </trkpt>
      <trkpt lat="69.01172040961682796478271484375" lon="20.337680540978908538818359375">
        <ele>627.4000244140625</ele>
        <time>2026-08-21T09:41:59.000Z</time>
        <extensions>
          <ns3:TrackPointExtension>
            <ns3:cad>0</ns3:cad>
          </ns3:TrackPointExtension>
        </extensions>
      </trkpt>
      <trkpt lat="69.01166877709329128265380859375" lon="20.33772354014217853546142578125">
        <ele>627.4000244140625</ele>
        <time>2026-08-21T09:42:04.000Z</time>
        <extensions>
          <ns3:TrackPointExtension>
            <ns3:cad>50</ns3:cad>
          </ns3:TrackPointExtension>
        </extensions>
      </trkpt>
      <trkpt lat="69.01161211542785167694091796875" lon="20.3377531282603740692138671875">
        <ele>628</ele>
        <time>2026-08-21T09:42:10.000Z</time>
        <extensions>
          <ns3:TrackPointExtension>
            <ns3:cad>48</ns3:cad>
          </ns3:TrackPointExtension>
        </extensions>
      </trkpt>
      <trkpt lat="69.0115483291447162628173828125" lon="20.337755642831325531005859375">
        <ele>627.79998779296875</ele>
        <time>2026-08-21T09:42:16.000Z</time>
        <extensions>
          <ns3:TrackPointExtension>
            <ns3:cad>47</ns3:cad>
          </ns3:TrackPointExtension>
        </extensions>
      </trkpt>
      <trkpt lat="69.01149091310799121856689453125" lon="20.33778757788240909576416015625">
        <ele>627</ele>
        <time>2026-08-21T09:42:23.000Z</time>
        <extensions>
          <ns3:TrackPointExtension>
            <ns3:cad>49</ns3:cad>
          </ns3:TrackPointExtension>
        </extensions>
      </trkpt>
      <trkpt lat="69.0114769153296947479248046875" lon="20.33777936361730098724365234375">
        <ele>626.5999755859375</ele>
        <time>2026-08-21T09:42:25.000Z</time>
        <extensions>
          <ns3:TrackPointExtension>
            <ns3:cad>49</ns3:cad>
          </ns3:TrackPointExtension>
        </extensions>
      </trkpt>
      <trkpt lat="69.0114534460008144378662109375" lon="20.3377943672239780426025390625">
        <ele>626.4000244140625</ele>
        <time>2026-08-21T09:42:27.000Z</time>
        <extensions>
          <ns3:TrackPointExtension>
            <ns3:cad>0</ns3:cad>
          </ns3:TrackPointExtension>
        </extensions>
      </trkpt>
      <trkpt lat="69.01142888702452182769775390625" lon="20.3378134779632091522216796875">
        <ele>626.4000244140625</ele>
        <time>2026-08-21T09:42:29.000Z</time>
        <extensions>
          <ns3:TrackPointExtension>
            <ns3:cad>0</ns3:cad>
          </ns3:TrackPointExtension>
        </extensions>
      </trkpt>
      <trkpt lat="69.01141933165490627288818359375" lon="20.33782160840928554534912109375">
        <ele>626.20001220703125</ele>
        <time>2026-08-21T09:42:36.000Z</time>
        <extensions>
          <ns3:TrackPointExtension>
            <ns3:cad>0</ns3:cad>
          </ns3:TrackPointExtension>
        </extensions>
      </trkpt>
      <trkpt lat="69.011429809033870697021484375" lon="20.33784356899559497833251953125">
        <ele>626.4000244140625</ele>
        <time>2026-08-21T09:42:45.000Z</time>
        <extensions>
          <ns3:TrackPointExtension>
            <ns3:cad>0</ns3:cad>
          </ns3:TrackPointExtension>
        </extensions>
      </trkpt>
      <trkpt lat="69.0113984607160091400146484375" lon="20.33786368556320667266845703125">
        <ele>626</ele>
        <time>2026-08-21T09:42:52.000Z</time>
        <extensions>
          <ns3:TrackPointExtension>
            <ns3:cad>0</ns3:cad>
          </ns3:TrackPointExtension>
        </extensions>
      </trkpt>
      <trkpt lat="69.0113367699086666107177734375" lon="20.337890088558197021484375">
        <ele>625.79998779296875</ele>
        <time>2026-08-21T09:42:57.000Z</time>
        <extensions>
          <ns3:TrackPointExtension>
            <ns3:cad>0</ns3:cad>
          </ns3:TrackPointExtension>
        </extensions>
      </trkpt>
      <trkpt lat="69.01132277213037014007568359375" lon="20.33787810243666172027587890625">
        <ele>625.4000244140625</ele>
        <time>2026-08-21T09:42:59.000Z</time>
        <extensions>
          <ns3:TrackPointExtension>
            <ns3:cad>0</ns3:cad>
          </ns3:TrackPointExtension>
        </extensions>
      </trkpt>
      <trkpt lat="69.01128337718546390533447265625" lon="20.3378902561962604522705078125">
        <ele>625.20001220703125</ele>
        <time>2026-08-21T09:43:02.000Z</time>
        <extensions>
          <ns3:TrackPointExtension>
            <ns3:cad>0</ns3:cad>
          </ns3:TrackPointExtension>
        </extensions>
      </trkpt>
      <trkpt lat="69.01123979128897190093994140625" lon="20.3379026614129543304443359375">
        <ele>625.4000244140625</ele>
        <time>2026-08-21T09:43:07.000Z</time>
        <extensions>
          <ns3:TrackPointExtension>
            <ns3:cad>49</ns3:cad>
          </ns3:TrackPointExtension>
        </extensions>
      </trkpt>
      <trkpt lat="69.011169970035552978515625" lon="20.3379291482269763946533203125">
        <ele>625.4000244140625</ele>
        <time>2026-08-21T09:43:13.000Z</time>
        <extensions>
          <ns3:TrackPointExtension>
            <ns3:cad>49</ns3:cad>
          </ns3:TrackPointExtension>
        </extensions>
      </trkpt>
      <trkpt lat="69.01110182516276836395263671875" lon="20.33792562782764434814453125">
        <ele>625.4000244140625</ele>
        <time>2026-08-21T09:43:19.000Z</time>
        <extensions>
          <ns3:TrackPointExtension>
            <ns3:cad>48</ns3:cad>
          </ns3:TrackPointExtension>
        </extensions>
      </trkpt>
      <trkpt lat="69.0110558085143566131591796875" lon="20.33791758120059967041015625">
        <ele>625.20001220703125</ele>
        <time>2026-08-21T09:43:24.000Z</time>
        <extensions>
          <ns3:TrackPointExtension>
            <ns3:cad>45</ns3:cad>
          </ns3:TrackPointExtension>
        </extensions>
      </trkpt>
      <trkpt lat="69.01099001057446002960205078125" lon="20.3379137255251407623291015625">
        <ele>625</ele>
        <time>2026-08-21T09:43:30.000Z</time>
        <extensions>
          <ns3:TrackPointExtension>
            <ns3:cad>0</ns3:cad>
          </ns3:TrackPointExtension>
        </extensions>
      </trkpt>
      <trkpt lat="69.01093787513673305511474609375" lon="20.3379046730697154998779296875">
        <ele>625.20001220703125</ele>
        <time>2026-08-21T09:43:35.000Z</time>
        <extensions>
          <ns3:TrackPointExtension>
            <ns3:cad>52</ns3:cad>
          </ns3:TrackPointExtension>
        </extensions>
      </trkpt>
      <trkpt lat="69.0108687244355678558349609375" lon="20.3379023261368274688720703125">
        <ele>625.4000244140625</ele>
        <time>2026-08-21T09:43:40.000Z</time>
        <extensions>
          <ns3:TrackPointExtension>
            <ns3:cad>48</ns3:cad>
          </ns3:TrackPointExtension>
        </extensions>
      </trkpt>
      <trkpt lat="69.01082103140652179718017578125" lon="20.337893106043338775634765625">
        <ele>625.5999755859375</ele>
        <time>2026-08-21T09:43:45.000Z</time>
        <extensions>
          <ns3:TrackPointExtension>
            <ns3:cad>48</ns3:cad>
          </ns3:TrackPointExtension>
        </extensions>
      </trkpt>
      <trkpt lat="69.01078163646161556243896484375" lon="20.33787106163799762725830078125">
        <ele>626</ele>
        <time>2026-08-21T09:43:50.000Z</time>
        <extensions>
          <ns3:TrackPointExtension>
            <ns3:cad>48</ns3:cad>
          </ns3:TrackPointExtension>
        </extensions>
      </trkpt>
      <trkpt lat="69.01076118461787700653076171875" lon="20.33787759952247142791748046875">
        <ele>626.4000244140625</ele>
        <time>2026-08-21T09:43:53.000Z</time>
        <extensions>
          <ns3:TrackPointExtension>
            <ns3:cad>47</ns3:cad>
          </ns3:TrackPointExtension>
        </extensions>
      </trkpt>
      <trkpt lat="69.010732434689998626708984375" lon="20.33787156455218791961669921875">
        <ele>626.5999755859375</ele>
        <time>2026-08-21T09:43:55.000Z</time>
        <extensions>
          <ns3:TrackPointExtension>
            <ns3:cad>47</ns3:cad>
          </ns3:TrackPointExtension>
        </extensions>
      </trkpt>
      <trkpt lat="69.01067619211971759796142578125" lon="20.337826721370220184326171875">
        <ele>626.79998779296875</ele>
        <time>2026-08-21T09:44:00.000Z</time>
        <extensions>
          <ns3:TrackPointExtension>
            <ns3:cad>50</ns3:cad>
          </ns3:TrackPointExtension>
        </extensions>
      </trkpt>
      <trkpt lat="69.01061248965561389923095703125" lon="20.33778171055018901824951171875">
        <ele>627.20001220703125</ele>
        <time>2026-08-21T09:44:05.000Z</time>
        <extensions>
          <ns3:TrackPointExtension>
            <ns3:cad>0</ns3:cad>
          </ns3:TrackPointExtension>
        </extensions>
      </trkpt>
      <trkpt lat="69.0105879306793212890625" lon="20.3377779386937618255615234375">
        <ele>627.4000244140625</ele>
        <time>2026-08-21T09:44:09.000Z</time>
        <extensions>
          <ns3:TrackPointExtension>
            <ns3:cad>0</ns3:cad>
          </ns3:TrackPointExtension>
        </extensions>
      </trkpt>
      <trkpt lat="69.010562784969806671142578125" lon="20.3377608396112918853759765625">
        <ele>627.5999755859375</ele>
        <time>2026-08-21T09:44:12.000Z</time>
        <extensions>
          <ns3:TrackPointExtension>
            <ns3:cad>50</ns3:cad>
          </ns3:TrackPointExtension>
        </extensions>
      </trkpt>
      <trkpt lat="69.01054057292640209197998046875" lon="20.3377558104693889617919921875">
        <ele>627.5999755859375</ele>
        <time>2026-08-21T09:44:14.000Z</time>
        <extensions>
          <ns3:TrackPointExtension>
            <ns3:cad>50</ns3:cad>
          </ns3:TrackPointExtension>
        </extensions>
      </trkpt>
      <trkpt lat="69.010499417781829833984375" lon="20.3377353586256504058837890625">
        <ele>628.5999755859375</ele>
        <time>2026-08-21T09:44:19.000Z</time>
        <extensions>
          <ns3:TrackPointExtension>
            <ns3:cad>43</ns3:cad>
          </ns3:TrackPointExtension>
        </extensions>
      </trkpt>
      <trkpt lat="69.01048575527966022491455078125" lon="20.33773326314985752105712890625">
        <ele>628.79998779296875</ele>
        <time>2026-08-21T09:44:20.000Z</time>
        <extensions>
          <ns3:TrackPointExtension>
            <ns3:cad>43</ns3:cad>
          </ns3:TrackPointExtension>
        </extensions>
      </trkpt>
      <trkpt lat="69.0104717575013637542724609375" lon="20.3377021662890911102294921875">
        <ele>629.20001220703125</ele>
        <time>2026-08-21T09:44:24.000Z</time>
        <extensions>
          <ns3:TrackPointExtension>
            <ns3:cad>0</ns3:cad>
          </ns3:TrackPointExtension>
        </extensions>
      </trkpt>
      <trkpt lat="69.01044619269669055938720703125" lon="20.337687917053699493408203125">
        <ele>629.5999755859375</ele>
        <time>2026-08-21T09:44:27.000Z</time>
        <extensions>
          <ns3:TrackPointExtension>
            <ns3:cad>75</ns3:cad>
          </ns3:TrackPointExtension>
        </extensions>
      </trkpt>
      <trkpt lat="69.0104244835674762725830078125" lon="20.3376803733408451080322265625">
        <ele>630</ele>
        <time>2026-08-21T09:44:30.000Z</time>
        <extensions>
          <ns3:TrackPointExtension>
            <ns3:cad>73</ns3:cad>
          </ns3:TrackPointExtension>
        </extensions>
      </trkpt>
      <trkpt lat="69.01038064621388912200927734375" lon="20.33765137195587158203125">
        <ele>630.79998779296875</ele>
        <time>2026-08-21T09:44:35.000Z</time>
        <extensions>
          <ns3:TrackPointExtension>
            <ns3:cad>0</ns3:cad>
          </ns3:TrackPointExtension>
        </extensions>
      </trkpt>
      <trkpt lat="69.01033303700387477874755859375" lon="20.33765338361263275146484375">
        <ele>631.79998779296875</ele>
        <time>2026-08-21T09:44:41.000Z</time>
        <extensions>
          <ns3:TrackPointExtension>
            <ns3:cad>0</ns3:cad>
          </ns3:TrackPointExtension>
        </extensions>
      </trkpt>
      <trkpt lat="69.0102947317063808441162109375" lon="20.33766536973416805267333984375">
        <ele>632.5999755859375</ele>
        <time>2026-08-21T09:44:47.000Z</time>
        <extensions>
          <ns3:TrackPointExtension>
            <ns3:cad>0</ns3:cad>
          </ns3:TrackPointExtension>
        </extensions>
      </trkpt>
      <trkpt lat="69.01027721352875232696533203125" lon="20.33766067586839199066162109375">
        <ele>633</ele>
        <time>2026-08-21T09:44:49.000Z</time>
        <extensions>
          <ns3:TrackPointExtension>
            <ns3:cad>0</ns3:cad>
          </ns3:TrackPointExtension>
        </extensions>
      </trkpt>
      <trkpt lat="69.01025827042758464813232421875" lon="20.3376384638249874114990234375">
        <ele>633.4000244140625</ele>
        <time>2026-08-21T09:44:52.000Z</time>
        <extensions>
          <ns3:TrackPointExtension>
            <ns3:cad>0</ns3:cad>
          </ns3:TrackPointExtension>
        </extensions>
      </trkpt>
      <trkpt lat="69.01018551550805568695068359375" lon="20.3376451693475246429443359375">
        <ele>633.79998779296875</ele>
        <time>2026-08-21T09:45:00.000Z</time>
        <extensions>
          <ns3:TrackPointExtension>
            <ns3:cad>78</ns3:cad>
          </ns3:TrackPointExtension>
        </extensions>
      </trkpt>
      <trkpt lat="69.010159783065319061279296875" lon="20.33764022402465343475341796875">
        <ele>634</ele>
        <time>2026-08-21T09:45:03.000Z</time>
        <extensions>
          <ns3:TrackPointExtension>
            <ns3:cad>0</ns3:cad>
          </ns3:TrackPointExtension>
        </extensions>
      </trkpt>
      <trkpt lat="69.0101398341357707977294921875" lon="20.337654054164886474609375">
        <ele>633.79998779296875</ele>
        <time>2026-08-21T09:45:06.000Z</time>
        <extensions>
          <ns3:TrackPointExtension>
            <ns3:cad>0</ns3:cad>
          </ns3:TrackPointExtension>
        </extensions>
      </trkpt>
      <trkpt lat="69.010078646242618560791015625" lon="20.33763603307306766510009765625">
        <ele>633.4000244140625</ele>
        <time>2026-08-21T09:45:12.000Z</time>
        <extensions>
          <ns3:TrackPointExtension>
            <ns3:cad>46</ns3:cad>
          </ns3:TrackPointExtension>
        </extensions>
      </trkpt>
      <trkpt lat="69.01002525351941585540771484375" lon="20.33758607693016529083251953125">
        <ele>633</ele>
        <time>2026-08-21T09:45:18.000Z</time>
        <extensions>
          <ns3:TrackPointExtension>
            <ns3:cad>0</ns3:cad>
          </ns3:TrackPointExtension>
        </extensions>
      </trkpt>
      <trkpt lat="69.01000983081758022308349609375" lon="20.3375818021595478057861328125">
        <ele>633</ele>
        <time>2026-08-21T09:45:20.000Z</time>
        <extensions>
          <ns3:TrackPointExtension>
            <ns3:cad>0</ns3:cad>
          </ns3:TrackPointExtension>
        </extensions>
      </trkpt>
      <trkpt lat="69.0099852718412876129150390625" lon="20.3375828079879283905029296875">
        <ele>633</ele>
        <time>2026-08-21T09:45:23.000Z</time>
        <extensions>
          <ns3:TrackPointExtension>
            <ns3:cad>0</ns3:cad>
          </ns3:TrackPointExtension>
        </extensions>
      </trkpt>
      <trkpt lat="69.0099192224442958831787109375" lon="20.33758473582565784454345703125">
        <ele>633.20001220703125</ele>
        <time>2026-08-21T09:45:29.000Z</time>
        <extensions>
          <ns3:TrackPointExtension>
            <ns3:cad>49</ns3:cad>
          </ns3:TrackPointExtension>
        </extensions>
      </trkpt>
      <trkpt lat="69.0098511613905429840087890625" lon="20.3376069478690624237060546875">
        <ele>633</ele>
        <time>2026-08-21T09:45:36.000Z</time>
        <extensions>
          <ns3:TrackPointExtension>
            <ns3:cad>0</ns3:cad>
          </ns3:TrackPointExtension>
        </extensions>
      </trkpt>
      <trkpt lat="69.00984470732510089874267578125" lon="20.337606109678745269775390625">
        <ele>633</ele>
        <time>2026-08-21T09:45:37.000Z</time>
        <extensions>
          <ns3:TrackPointExtension>
            <ns3:cad>0</ns3:cad>
          </ns3:TrackPointExtension>
        </extensions>
      </trkpt>
      <trkpt lat="69.0097874589264392852783203125" lon="20.33762312494218349456787109375">
        <ele>632.5999755859375</ele>
        <time>2026-08-21T09:45:42.000Z</time>
        <extensions>
          <ns3:TrackPointExtension>
            <ns3:cad>0</ns3:cad>
          </ns3:TrackPointExtension>
        </extensions>
      </trkpt>
      <trkpt lat="69.00975485332310199737548828125" lon="20.33761239610612392425537109375">
        <ele>632.5999755859375</ele>
        <time>2026-08-21T09:45:46.000Z</time>
        <extensions>
          <ns3:TrackPointExtension>
            <ns3:cad>0</ns3:cad>
          </ns3:TrackPointExtension>
        </extensions>
      </trkpt>
      <trkpt lat="69.00974848307669162750244140625" lon="20.33759839832782745361328125">
        <ele>632.5999755859375</ele>
        <time>2026-08-21T09:45:47.000Z</time>
        <extensions>
          <ns3:TrackPointExtension>
            <ns3:cad>0</ns3:cad>
          </ns3:TrackPointExtension>
        </extensions>
      </trkpt>
      <trkpt lat="69.00972199626266956329345703125" lon="20.337595380842685699462890625">
        <ele>632</ele>
        <time>2026-08-21T09:45:51.000Z</time>
        <extensions>
          <ns3:TrackPointExtension>
            <ns3:cad>0</ns3:cad>
          </ns3:TrackPointExtension>
        </extensions>
      </trkpt>
      <trkpt lat="69.0096986107528209686279296875" lon="20.33759303390979766845703125">
        <ele>631.4000244140625</ele>
        <time>2026-08-21T09:45:54.000Z</time>
        <extensions>
          <ns3:TrackPointExtension>
            <ns3:cad>0</ns3:cad>
          </ns3:TrackPointExtension>
        </extensions>
      </trkpt>
      <trkpt lat="69.009631387889385223388671875" lon="20.33759781159460544586181640625">
        <ele>630.79998779296875</ele>
        <time>2026-08-21T09:46:00.000Z</time>
        <extensions>
          <ns3:TrackPointExtension>
            <ns3:cad>50</ns3:cad>
          </ns3:TrackPointExtension>
        </extensions>
      </trkpt>
      <trkpt lat="69.0095507539808750152587890625" lon="20.337588004767894744873046875">
        <ele>630.20001220703125</ele>
        <time>2026-08-21T09:46:07.000Z</time>
        <extensions>
          <ns3:TrackPointExtension>
            <ns3:cad>51</ns3:cad>
          </ns3:TrackPointExtension>
        </extensions>
      </trkpt>
      <trkpt lat="69.00949954055249691009521484375" lon="20.33754416741430759429931640625">
        <ele>629.79998779296875</ele>
        <time>2026-08-21T09:46:11.000Z</time>
        <extensions>
          <ns3:TrackPointExtension>
            <ns3:cad>51</ns3:cad>
          </ns3:TrackPointExtension>
        </extensions>
      </trkpt>
      <trkpt lat="69.0094721317291259765625" lon="20.3375615179538726806640625">
        <ele>629.5999755859375</ele>
        <time>2026-08-21T09:46:14.000Z</time>
        <extensions>
          <ns3:TrackPointExtension>
            <ns3:cad>52</ns3:cad>
          </ns3:TrackPointExtension>
        </extensions>
      </trkpt>
      <trkpt lat="69.00942108593881130218505859375" lon="20.33751985989511013031005859375">
        <ele>629.20001220703125</ele>
        <time>2026-08-21T09:46:19.000Z</time>
        <extensions>
          <ns3:TrackPointExtension>
            <ns3:cad>0</ns3:cad>
          </ns3:TrackPointExtension>
        </extensions>
      </trkpt>
      <trkpt lat="69.00937087833881378173828125" lon="20.33751868642866611480712890625">
        <ele>628.79998779296875</ele>
        <time>2026-08-21T09:46:24.000Z</time>
        <extensions>
          <ns3:TrackPointExtension>
            <ns3:cad>0</ns3:cad>
          </ns3:TrackPointExtension>
        </extensions>
      </trkpt>
      <trkpt lat="69.00934279896318912506103515625" lon="20.337519943714141845703125">
        <ele>628.5999755859375</ele>
        <time>2026-08-21T09:46:26.000Z</time>
        <extensions>
          <ns3:TrackPointExtension>
            <ns3:cad>0</ns3:cad>
          </ns3:TrackPointExtension>
        </extensions>
      </trkpt>
      <trkpt lat="69.00927825830876827239990234375" lon="20.33752136863768100738525390625">
        <ele>628</ele>
        <time>2026-08-21T09:46:32.000Z</time>
        <extensions>
          <ns3:TrackPointExtension>
            <ns3:cad>0</ns3:cad>
          </ns3:TrackPointExtension>
        </extensions>
      </trkpt>
      <trkpt lat="69.0092647634446620941162109375" lon="20.33748733811080455780029296875">
        <ele>627.79998779296875</ele>
        <time>2026-08-21T09:46:34.000Z</time>
        <extensions>
          <ns3:TrackPointExtension>
            <ns3:cad>0</ns3:cad>
          </ns3:TrackPointExtension>
        </extensions>
      </trkpt>
      <trkpt lat="69.00923383422195911407470703125" lon="20.33746068365871906280517578125">
        <ele>627.4000244140625</ele>
        <time>2026-08-21T09:46:37.000Z</time>
        <extensions>
          <ns3:TrackPointExtension>
            <ns3:cad>48</ns3:cad>
          </ns3:TrackPointExtension>
        </extensions>
      </trkpt>
      <trkpt lat="69.00915202684700489044189453125" lon="20.33740871585905551910400390625">
        <ele>627</ele>
        <time>2026-08-21T09:46:45.000Z</time>
        <extensions>
          <ns3:TrackPointExtension>
            <ns3:cad>50</ns3:cad>
          </ns3:TrackPointExtension>
        </extensions>
      </trkpt>
      <trkpt lat="69.00911682285368442535400390625" lon="20.33736613579094409942626953125">
        <ele>626.5999755859375</ele>
        <time>2026-08-21T09:46:48.000Z</time>
        <extensions>
          <ns3:TrackPointExtension>
            <ns3:cad>49</ns3:cad>
          </ns3:TrackPointExtension>
        </extensions>
      </trkpt>
      <trkpt lat="69.00907994247972965240478515625" lon="20.33735088072717189788818359375">
        <ele>626.20001220703125</ele>
        <time>2026-08-21T09:46:51.000Z</time>
        <extensions>
          <ns3:TrackPointExtension>
            <ns3:cad>48</ns3:cad>
          </ns3:TrackPointExtension>
        </extensions>
      </trkpt>
      <trkpt lat="69.009037949144840240478515625" lon="20.33731886185705661773681640625">
        <ele>625.5999755859375</ele>
        <time>2026-08-21T09:46:56.000Z</time>
        <extensions>
          <ns3:TrackPointExtension>
            <ns3:cad>0</ns3:cad>
          </ns3:TrackPointExtension>
        </extensions>
      </trkpt>
      <trkpt lat="69.009016491472721099853515625" lon="20.3373229689896106719970703125">
        <ele>625.4000244140625</ele>
        <time>2026-08-21T09:46:58.000Z</time>
        <extensions>
          <ns3:TrackPointExtension>
            <ns3:cad>0</ns3:cad>
          </ns3:TrackPointExtension>
        </extensions>
      </trkpt>
      <trkpt lat="69.00897525250911712646484375" lon="20.33731274306774139404296875">
        <ele>624.5999755859375</ele>
        <time>2026-08-21T09:47:04.000Z</time>
        <extensions>
          <ns3:TrackPointExtension>
            <ns3:cad>0</ns3:cad>
          </ns3:TrackPointExtension>
        </extensions>
      </trkpt>
      <trkpt lat="69.00896796025335788726806640625" lon="20.3373062051832675933837890625">
        <ele>624.4000244140625</ele>
        <time>2026-08-21T09:47:05.000Z</time>
        <extensions>
          <ns3:TrackPointExtension>
            <ns3:cad>0</ns3:cad>
          </ns3:TrackPointExtension>
        </extensions>
      </trkpt>
      <trkpt lat="69.008906520903110504150390625" lon="20.33730813302099704742431640625">
        <ele>623.4000244140625</ele>
        <time>2026-08-21T09:47:11.000Z</time>
        <extensions>
          <ns3:TrackPointExtension>
            <ns3:cad>50</ns3:cad>
          </ns3:TrackPointExtension>
        </extensions>
      </trkpt>
      <trkpt lat="69.00890073738992214202880859375" lon="20.33730804920196533203125">
        <ele>623.20001220703125</ele>
        <time>2026-08-21T09:47:12.000Z</time>
        <extensions>
          <ns3:TrackPointExtension>
            <ns3:cad>50</ns3:cad>
          </ns3:TrackPointExtension>
        </extensions>
      </trkpt>
      <trkpt lat="69.0088419802486896514892578125" lon="20.3373045288026332855224609375">
        <ele>622.5999755859375</ele>
        <time>2026-08-21T09:47:18.000Z</time>
        <extensions>
          <ns3:TrackPointExtension>
            <ns3:cad>50</ns3:cad>
          </ns3:TrackPointExtension>
        </extensions>
      </trkpt>
      <trkpt lat="69.00881289504468441009521484375" lon="20.33730201423168182373046875">
        <ele>622.4000244140625</ele>
        <time>2026-08-21T09:47:21.000Z</time>
        <extensions>
          <ns3:TrackPointExtension>
            <ns3:cad>51</ns3:cad>
          </ns3:TrackPointExtension>
        </extensions>
      </trkpt>
      <trkpt lat="69.008761011064052581787109375" lon="20.33729539252817630767822265625">
        <ele>622</ele>
        <time>2026-08-21T09:47:25.000Z</time>
        <extensions>
          <ns3:TrackPointExtension>
            <ns3:cad>51</ns3:cad>
          </ns3:TrackPointExtension>
        </extensions>
      </trkpt>
      <trkpt lat="69.00868951342999935150146484375" lon="20.33727996982634067535400390625">
        <ele>622.5999755859375</ele>
        <time>2026-08-21T09:47:33.000Z</time>
        <extensions>
          <ns3:TrackPointExtension>
            <ns3:cad>0</ns3:cad>
          </ns3:TrackPointExtension>
        </extensions>
      </trkpt>
      <trkpt lat="69.00862245820462703704833984375" lon="20.3372585959732532501220703125">
        <ele>622.5999755859375</ele>
        <time>2026-08-21T09:47:40.000Z</time>
        <extensions>
          <ns3:TrackPointExtension>
            <ns3:cad>0</ns3:cad>
          </ns3:TrackPointExtension>
        </extensions>
      </trkpt>
      <trkpt lat="69.00854098610579967498779296875" lon="20.33725398592650890350341796875">
        <ele>622.20001220703125</ele>
        <time>2026-08-21T09:47:48.000Z</time>
        <extensions>
          <ns3:TrackPointExtension>
            <ns3:cad>48</ns3:cad>
          </ns3:TrackPointExtension>
        </extensions>
      </trkpt>
      <trkpt lat="69.00848046876490116119384765625" lon="20.33718961291015148162841796875">
        <ele>621.79998779296875</ele>
        <time>2026-08-21T09:47:54.000Z</time>
        <extensions>
          <ns3:TrackPointExtension>
            <ns3:cad>52</ns3:cad>
          </ns3:TrackPointExtension>
        </extensions>
      </trkpt>
      <trkpt lat="69.0084121562540531158447265625" lon="20.3371328674256801605224609375">
        <ele>622</ele>
        <time>2026-08-21T09:48:00.000Z</time>
        <extensions>
          <ns3:TrackPointExtension>
            <ns3:cad>0</ns3:cad>
          </ns3:TrackPointExtension>
        </extensions>
      </trkpt>
      <trkpt lat="69.00834635831415653228759765625" lon="20.3371248207986354827880859375">
        <ele>621.4000244140625</ele>
        <time>2026-08-21T09:48:06.000Z</time>
        <extensions>
          <ns3:TrackPointExtension>
            <ns3:cad>49</ns3:cad>
          </ns3:TrackPointExtension>
        </extensions>
      </trkpt>
      <trkpt lat="69.00833914987742900848388671875" lon="20.337117947638034820556640625">
        <ele>621.4000244140625</ele>
        <time>2026-08-21T09:48:07.000Z</time>
        <extensions>
          <ns3:TrackPointExtension>
            <ns3:cad>49</ns3:cad>
          </ns3:TrackPointExtension>
        </extensions>
      </trkpt>
      <trkpt lat="69.00828726589679718017578125" lon="20.3371187858283519744873046875">
        <ele>621.20001220703125</ele>
        <time>2026-08-21T09:48:12.000Z</time>
        <extensions>
          <ns3:TrackPointExtension>
            <ns3:cad>0</ns3:cad>
          </ns3:TrackPointExtension>
        </extensions>
      </trkpt>
      <trkpt lat="69.00822959840297698974609375" lon="20.337119288742542266845703125">
        <ele>620.79998779296875</ele>
        <time>2026-08-21T09:48:17.000Z</time>
        <extensions>
          <ns3:TrackPointExtension>
            <ns3:cad>48</ns3:cad>
          </ns3:TrackPointExtension>
        </extensions>
      </trkpt>
      <trkpt lat="69.00815357454121112823486328125" lon="20.33712641336023807525634765625">
        <ele>620.4000244140625</ele>
        <time>2026-08-21T09:48:24.000Z</time>
        <extensions>
          <ns3:TrackPointExtension>
            <ns3:cad>51</ns3:cad>
          </ns3:TrackPointExtension>
        </extensions>
      </trkpt>
      <trkpt lat="69.008144773542881011962890625" lon="20.33712658099830150604248046875">
        <ele>620.4000244140625</ele>
        <time>2026-08-21T09:48:25.000Z</time>
        <extensions>
          <ns3:TrackPointExtension>
            <ns3:cad>51</ns3:cad>
          </ns3:TrackPointExtension>
        </extensions>
      </trkpt>
      <trkpt lat="69.00806757621467113494873046875" lon="20.33713663928210735321044921875">
        <ele>619.79998779296875</ele>
        <time>2026-08-21T09:48:32.000Z</time>
        <extensions>
          <ns3:TrackPointExtension>
            <ns3:cad>0</ns3:cad>
          </ns3:TrackPointExtension>
        </extensions>
      </trkpt>
      <trkpt lat="69.00801409967243671417236328125" lon="20.33718408085405826568603515625">
        <ele>619.20001220703125</ele>
        <time>2026-08-21T09:48:37.000Z</time>
        <extensions>
          <ns3:TrackPointExtension>
            <ns3:cad>0</ns3:cad>
          </ns3:TrackPointExtension>
        </extensions>
      </trkpt>
      <trkpt lat="69.00800454430282115936279296875" lon="20.337187349796295166015625">
        <ele>619</ele>
        <time>2026-08-21T09:48:39.000Z</time>
        <extensions>
          <ns3:TrackPointExtension>
            <ns3:cad>0</ns3:cad>
          </ns3:TrackPointExtension>
        </extensions>
      </trkpt>
      <trkpt lat="69.00795659981667995452880859375" lon="20.33718843944370746612548828125">
        <ele>618.20001220703125</ele>
        <time>2026-08-21T09:48:45.000Z</time>
        <extensions>
          <ns3:TrackPointExtension>
            <ns3:cad>49</ns3:cad>
          </ns3:TrackPointExtension>
        </extensions>
      </trkpt>
      <trkpt lat="69.00787931866943836212158203125" lon="20.337227247655391693115234375">
        <ele>617.5999755859375</ele>
        <time>2026-08-21T09:48:53.000Z</time>
        <extensions>
          <ns3:TrackPointExtension>
            <ns3:cad>49</ns3:cad>
          </ns3:TrackPointExtension>
        </extensions>
      </trkpt>
      <trkpt lat="69.0078133530914783477783203125" lon="20.3372919559478759765625">
        <ele>617.4000244140625</ele>
        <time>2026-08-21T09:48:59.000Z</time>
        <extensions>
          <ns3:TrackPointExtension>
            <ns3:cad>49</ns3:cad>
          </ns3:TrackPointExtension>
        </extensions>
      </trkpt>
      <trkpt lat="69.00776113383471965789794921875" lon="20.33735272474586963653564453125">
        <ele>617.5999755859375</ele>
        <time>2026-08-21T09:49:04.000Z</time>
        <extensions>
          <ns3:TrackPointExtension>
            <ns3:cad>51</ns3:cad>
          </ns3:TrackPointExtension>
        </extensions>
      </trkpt>
      <trkpt lat="69.00770983658730983734130859375" lon="20.33740988932549953460693359375">
        <ele>617.79998779296875</ele>
        <time>2026-08-21T09:49:09.000Z</time>
        <extensions>
          <ns3:TrackPointExtension>
            <ns3:cad>48</ns3:cad>
          </ns3:TrackPointExtension>
        </extensions>
      </trkpt>
      <trkpt lat="69.00768636725842952728271484375" lon="20.33744459040462970733642578125">
        <ele>618.4000244140625</ele>
        <time>2026-08-21T09:49:14.000Z</time>
        <extensions>
          <ns3:TrackPointExtension>
            <ns3:cad>0</ns3:cad>
          </ns3:TrackPointExtension>
        </extensions>
      </trkpt>
      <trkpt lat="69.00765418075025081634521484375" lon="20.33747644163668155670166015625">
        <ele>619</ele>
        <time>2026-08-21T09:49:20.000Z</time>
        <extensions>
          <ns3:TrackPointExtension>
            <ns3:cad>0</ns3:cad>
          </ns3:TrackPointExtension>
        </extensions>
      </trkpt>
      <trkpt lat="69.0076386742293834686279296875" lon="20.33748582936823368072509765625">
        <ele>619.20001220703125</ele>
        <time>2026-08-21T09:49:23.000Z</time>
        <extensions>
          <ns3:TrackPointExtension>
            <ns3:cad>0</ns3:cad>
          </ns3:TrackPointExtension>
        </extensions>
      </trkpt>
      <trkpt lat="69.00762601755559444427490234375" lon="20.33751524984836578369140625">
        <ele>619.79998779296875</ele>
        <time>2026-08-21T09:49:26.000Z</time>
        <extensions>
          <ns3:TrackPointExtension>
            <ns3:cad>0</ns3:cad>
          </ns3:TrackPointExtension>
        </extensions>
      </trkpt>
      <trkpt lat="69.0075813420116901397705078125" lon="20.33755037002265453338623046875">
        <ele>620.20001220703125</ele>
        <time>2026-08-21T09:49:31.000Z</time>
        <extensions>
          <ns3:TrackPointExtension>
            <ns3:cad>0</ns3:cad>
          </ns3:TrackPointExtension>
        </extensions>
      </trkpt>
      <trkpt lat="69.0075756423175334930419921875" lon="20.33755338750779628753662109375">
        <ele>620.4000244140625</ele>
        <time>2026-08-21T09:49:32.000Z</time>
        <extensions>
          <ns3:TrackPointExtension>
            <ns3:cad>40</ns3:cad>
          </ns3:TrackPointExtension>
        </extensions>
      </trkpt>
      <trkpt lat="69.00753968395292758941650390625" lon="20.3375975601375102996826171875">
        <ele>621.20001220703125</ele>
        <time>2026-08-21T09:49:37.000Z</time>
        <extensions>
          <ns3:TrackPointExtension>
            <ns3:cad>0</ns3:cad>
          </ns3:TrackPointExtension>
        </extensions>
      </trkpt>
      <trkpt lat="69.00751789100468158721923828125" lon="20.33762396313250064849853515625">
        <ele>621.4000244140625</ele>
        <time>2026-08-21T09:49:40.000Z</time>
        <extensions>
          <ns3:TrackPointExtension>
            <ns3:cad>0</ns3:cad>
          </ns3:TrackPointExtension>
        </extensions>
      </trkpt>
      <trkpt lat="69.00748235173523426055908203125" lon="20.33764793537557125091552734375">
        <ele>622.20001220703125</ele>
        <time>2026-08-21T09:49:44.000Z</time>
        <extensions>
          <ns3:TrackPointExtension>
            <ns3:cad>0</ns3:cad>
          </ns3:TrackPointExtension>
        </extensions>
      </trkpt>
      <trkpt lat="69.00747396983206272125244140625" lon="20.33764139749109745025634765625">
        <ele>622.5999755859375</ele>
        <time>2026-08-21T09:49:46.000Z</time>
        <extensions>
          <ns3:TrackPointExtension>
            <ns3:cad>0</ns3:cad>
          </ns3:TrackPointExtension>
        </extensions>
      </trkpt>
      <trkpt lat="69.007458128035068511962890625" lon="20.33765698783099651336669921875">
        <ele>623</ele>
        <time>2026-08-21T09:49:49.000Z</time>
        <extensions>
          <ns3:TrackPointExtension>
            <ns3:cad>74</ns3:cad>
          </ns3:TrackPointExtension>
        </extensions>
      </trkpt>
      <trkpt lat="69.0074264444410800933837890625" lon="20.33768012188374996185302734375">
        <ele>623.5999755859375</ele>
        <time>2026-08-21T09:49:52.000Z</time>
        <extensions>
          <ns3:TrackPointExtension>
            <ns3:cad>72</ns3:cad>
          </ns3:TrackPointExtension>
        </extensions>
      </trkpt>
      <trkpt lat="69.0074173919856548309326171875" lon="20.3376897610723972320556640625">
        <ele>623.5999755859375</ele>
        <time>2026-08-21T09:49:53.000Z</time>
        <extensions>
          <ns3:TrackPointExtension>
            <ns3:cad>75</ns3:cad>
          </ns3:TrackPointExtension>
        </extensions>
      </trkpt>
      <trkpt lat="69.00739199481904506683349609375" lon="20.33770476467907428741455078125">
        <ele>624</ele>
        <time>2026-08-21T09:49:57.000Z</time>
        <extensions>
          <ns3:TrackPointExtension>
            <ns3:cad>0</ns3:cad>
          </ns3:TrackPointExtension>
        </extensions>
      </trkpt>
      <trkpt lat="69.0073692798614501953125" lon="20.33771716989576816558837890625">
        <ele>624.5999755859375</ele>
        <time>2026-08-21T09:50:01.000Z</time>
        <extensions>
          <ns3:TrackPointExtension>
            <ns3:cad>0</ns3:cad>
          </ns3:TrackPointExtension>
        </extensions>
      </trkpt>
      <trkpt lat="69.0073600597679615020751953125" lon="20.33771616406738758087158203125">
        <ele>624.79998779296875</ele>
        <time>2026-08-21T09:50:02.000Z</time>
        <extensions>
          <ns3:TrackPointExtension>
            <ns3:cad>0</ns3:cad>
          </ns3:TrackPointExtension>
        </extensions>
      </trkpt>
      <trkpt lat="69.0072856284677982330322265625" lon="20.337716080248355865478515625">
        <ele>625.20001220703125</ele>
        <time>2026-08-21T09:50:09.000Z</time>
        <extensions>
          <ns3:TrackPointExtension>
            <ns3:cad>42</ns3:cad>
          </ns3:TrackPointExtension>
        </extensions>
      </trkpt>
      <trkpt lat="69.00725654326379299163818359375" lon="20.33772354014217853546142578125">
        <ele>625.5999755859375</ele>
        <time>2026-08-21T09:50:13.000Z</time>
        <extensions>
          <ns3:TrackPointExtension>
            <ns3:cad>44</ns3:cad>
          </ns3:TrackPointExtension>
        </extensions>
      </trkpt>
      <trkpt lat="69.0072531066834926605224609375" lon="20.337718427181243896484375">
        <ele>625.79998779296875</ele>
        <time>2026-08-21T09:50:14.000Z</time>
        <extensions>
          <ns3:TrackPointExtension>
            <ns3:cad>44</ns3:cad>
          </ns3:TrackPointExtension>
        </extensions>
      </trkpt>
      <trkpt lat="69.00719502009451389312744140625" lon="20.33771532587707042694091796875">
        <ele>626.4000244140625</ele>
        <time>2026-08-21T09:50:20.000Z</time>
        <extensions>
          <ns3:TrackPointExtension>
            <ns3:cad>43</ns3:cad>
          </ns3:TrackPointExtension>
        </extensions>
      </trkpt>
      <trkpt lat="69.00714405812323093414306640625" lon="20.33771113492548465728759765625">
        <ele>626.4000244140625</ele>
        <time>2026-08-21T09:50:25.000Z</time>
        <extensions>
          <ns3:TrackPointExtension>
            <ns3:cad>45</ns3:cad>
          </ns3:TrackPointExtension>
        </extensions>
      </trkpt>
      <trkpt lat="69.0071132965385913848876953125" lon="20.337719433009624481201171875">
        <ele>626.5999755859375</ele>
        <time>2026-08-21T09:50:29.000Z</time>
        <extensions>
          <ns3:TrackPointExtension>
            <ns3:cad>47</ns3:cad>
          </ns3:TrackPointExtension>
        </extensions>
      </trkpt>
      <trkpt lat="69.00709913112223148345947265625" lon="20.33771130256354808807373046875">
        <ele>626.79998779296875</ele>
        <time>2026-08-21T09:50:30.000Z</time>
        <extensions>
          <ns3:TrackPointExtension>
            <ns3:cad>47</ns3:cad>
          </ns3:TrackPointExtension>
        </extensions>
      </trkpt>
      <trkpt lat="69.00706074200570583343505859375" lon="20.3376904316246509552001953125">
        <ele>627</ele>
        <time>2026-08-21T09:50:34.000Z</time>
        <extensions>
          <ns3:TrackPointExtension>
            <ns3:cad>47</ns3:cad>
          </ns3:TrackPointExtension>
        </extensions>
      </trkpt>
      <trkpt lat="69.0070004761219024658203125" lon="20.3376978076994419097900390625">
        <ele>627.4000244140625</ele>
        <time>2026-08-21T09:50:39.000Z</time>
        <extensions>
          <ns3:TrackPointExtension>
            <ns3:cad>48</ns3:cad>
          </ns3:TrackPointExtension>
        </extensions>
      </trkpt>
      <trkpt lat="69.00696493685245513916015625" lon="20.33769764006137847900390625">
        <ele>627.5999755859375</ele>
        <time>2026-08-21T09:50:43.000Z</time>
        <extensions>
          <ns3:TrackPointExtension>
            <ns3:cad>46</ns3:cad>
          </ns3:TrackPointExtension>
        </extensions>
      </trkpt>
      <trkpt lat="69.00691674090921878814697265625" lon="20.33770090900361537933349609375">
        <ele>628</ele>
        <time>2026-08-21T09:50:48.000Z</time>
        <extensions>
          <ns3:TrackPointExtension>
            <ns3:cad>47</ns3:cad>
          </ns3:TrackPointExtension>
        </extensions>
      </trkpt>
      <trkpt lat="69.00685689412057399749755859375" lon="20.33767350018024444580078125">
        <ele>628.5999755859375</ele>
        <time>2026-08-21T09:50:54.000Z</time>
        <extensions>
          <ns3:TrackPointExtension>
            <ns3:cad>47</ns3:cad>
          </ns3:TrackPointExtension>
        </extensions>
      </trkpt>
      <trkpt lat="69.006824791431427001953125" lon="20.3376528806984424591064453125">
        <ele>628.79998779296875</ele>
        <time>2026-08-21T09:50:57.000Z</time>
        <extensions>
          <ns3:TrackPointExtension>
            <ns3:cad>46</ns3:cad>
          </ns3:TrackPointExtension>
        </extensions>
      </trkpt>
      <trkpt lat="69.00679805316030979156494140625" lon="20.33762379549443721771240234375">
        <ele>629.20001220703125</ele>
        <time>2026-08-21T09:51:01.000Z</time>
        <extensions>
          <ns3:TrackPointExtension>
            <ns3:cad>47</ns3:cad>
          </ns3:TrackPointExtension>
        </extensions>
      </trkpt>
      <trkpt lat="69.0067444927990436553955078125" lon="20.33762748353183269500732421875">
        <ele>629.79998779296875</ele>
        <time>2026-08-21T09:51:07.000Z</time>
        <extensions>
          <ns3:TrackPointExtension>
            <ns3:cad>47</ns3:cad>
          </ns3:TrackPointExtension>
        </extensions>
      </trkpt>
      <trkpt lat="69.0066921897232532501220703125" lon="20.3376500308513641357421875">
        <ele>630.79998779296875</ele>
        <time>2026-08-21T09:51:13.000Z</time>
        <extensions>
          <ns3:TrackPointExtension>
            <ns3:cad>45</ns3:cad>
          </ns3:TrackPointExtension>
        </extensions>
      </trkpt>
      <trkpt lat="69.00667752139270305633544921875" lon="20.3376528806984424591064453125">
        <ele>631</ele>
        <time>2026-08-21T09:51:14.000Z</time>
        <extensions>
          <ns3:TrackPointExtension>
            <ns3:cad>42</ns3:cad>
          </ns3:TrackPointExtension>
        </extensions>
      </trkpt>
      <trkpt lat="69.00664483197033405303955078125" lon="20.33765262924134731292724609375">
        <ele>631.79998779296875</ele>
        <time>2026-08-21T09:51:18.000Z</time>
        <extensions>
          <ns3:TrackPointExtension>
            <ns3:cad>44</ns3:cad>
          </ns3:TrackPointExtension>
        </extensions>
      </trkpt>
      <trkpt lat="69.00663946755230426788330078125" lon="20.337636284530162811279296875">
        <ele>632.20001220703125</ele>
        <time>2026-08-21T09:51:20.000Z</time>
        <extensions>
          <ns3:TrackPointExtension>
            <ns3:cad>46</ns3:cad>
          </ns3:TrackPointExtension>
        </extensions>
      </trkpt>
      <trkpt lat="69.00661348365247249603271484375" lon="20.3376280702650547027587890625">
        <ele>632.4000244140625</ele>
        <time>2026-08-21T09:51:23.000Z</time>
        <extensions>
          <ns3:TrackPointExtension>
            <ns3:cad>45</ns3:cad>
          </ns3:TrackPointExtension>
        </extensions>
      </trkpt>
      <trkpt lat="69.00657425634562969207763671875" lon="20.33760418184101581573486328125">
        <ele>633</ele>
        <time>2026-08-21T09:51:29.000Z</time>
        <extensions>
          <ns3:TrackPointExtension>
            <ns3:cad>44</ns3:cad>
          </ns3:TrackPointExtension>
        </extensions>
      </trkpt>
      <trkpt lat="69.0065661258995532989501953125" lon="20.3375999070703983306884765625">
        <ele>633.20001220703125</ele>
        <time>2026-08-21T09:51:30.000Z</time>
        <extensions>
          <ns3:TrackPointExtension>
            <ns3:cad>43</ns3:cad>
          </ns3:TrackPointExtension>
        </extensions>
      </trkpt>
      <trkpt lat="69.00652103126049041748046875" lon="20.33758691512048244476318359375">
        <ele>634</ele>
        <time>2026-08-21T09:51:36.000Z</time>
        <extensions>
          <ns3:TrackPointExtension>
            <ns3:cad>43</ns3:cad>
          </ns3:TrackPointExtension>
        </extensions>
      </trkpt>
      <trkpt lat="69.00648079812526702880859375" lon="20.3375640325248241424560546875">
        <ele>634.4000244140625</ele>
        <time>2026-08-21T09:51:39.000Z</time>
        <extensions>
          <ns3:TrackPointExtension>
            <ns3:cad>45</ns3:cad>
          </ns3:TrackPointExtension>
        </extensions>
      </trkpt>
      <trkpt lat="69.0064705722033977508544921875" lon="20.33755573444068431854248046875">
        <ele>634.4000244140625</ele>
        <time>2026-08-21T09:51:40.000Z</time>
        <extensions>
          <ns3:TrackPointExtension>
            <ns3:cad>0</ns3:cad>
          </ns3:TrackPointExtension>
        </extensions>
      </trkpt>
      <trkpt lat="69.00642002932727336883544921875" lon="20.337484739720821380615234375">
        <ele>635</ele>
        <time>2026-08-21T09:51:47.000Z</time>
        <extensions>
          <ns3:TrackPointExtension>
            <ns3:cad>47</ns3:cad>
          </ns3:TrackPointExtension>
        </extensions>
      </trkpt>
      <trkpt lat="69.006392955780029296875" lon="20.3374540619552135467529296875">
        <ele>635.4000244140625</ele>
        <time>2026-08-21T09:51:50.000Z</time>
        <extensions>
          <ns3:TrackPointExtension>
            <ns3:cad>46</ns3:cad>
          </ns3:TrackPointExtension>
        </extensions>
      </trkpt>
      <trkpt lat="69.00638155639171600341796875" lon="20.33740804530680179595947265625">
        <ele>635.79998779296875</ele>
        <time>2026-08-21T09:51:53.000Z</time>
        <extensions>
          <ns3:TrackPointExtension>
            <ns3:cad>46</ns3:cad>
          </ns3:TrackPointExtension>
        </extensions>
      </trkpt>
      <trkpt lat="69.00632129050791263580322265625" lon="20.33735741861164569854736328125">
        <ele>635.79998779296875</ele>
        <time>2026-08-21T09:51:58.000Z</time>
        <extensions>
          <ns3:TrackPointExtension>
            <ns3:cad>47</ns3:cad>
          </ns3:TrackPointExtension>
        </extensions>
      </trkpt>
      <trkpt lat="69.0062744356691837310791015625" lon="20.33730327151715755462646484375">
        <ele>636</ele>
        <time>2026-08-21T09:52:03.000Z</time>
        <extensions>
          <ns3:TrackPointExtension>
            <ns3:cad>48</ns3:cad>
          </ns3:TrackPointExtension>
        </extensions>
      </trkpt>
      <trkpt lat="69.006253816187381744384765625" lon="20.33731006085872650146484375">
        <ele>636.4000244140625</ele>
        <time>2026-08-21T09:52:06.000Z</time>
        <extensions>
          <ns3:TrackPointExtension>
            <ns3:cad>50</ns3:cad>
          </ns3:TrackPointExtension>
        </extensions>
      </trkpt>
      <trkpt lat="69.00623596273362636566162109375" lon="20.33731299452483654022216796875">
        <ele>636.5999755859375</ele>
        <time>2026-08-21T09:52:08.000Z</time>
        <extensions>
          <ns3:TrackPointExtension>
            <ns3:cad>46</ns3:cad>
          </ns3:TrackPointExtension>
        </extensions>
      </trkpt>
      <trkpt lat="69.00616773404181003570556640625" lon="20.337303020060062408447265625">
        <ele>637.20001220703125</ele>
        <time>2026-08-21T09:52:14.000Z</time>
        <extensions>
          <ns3:TrackPointExtension>
            <ns3:cad>47</ns3:cad>
          </ns3:TrackPointExtension>
        </extensions>
      </trkpt>
      <trkpt lat="69.0061180293560028076171875" lon="20.33726982772350311279296875">
        <ele>637.20001220703125</ele>
        <time>2026-08-21T09:52:19.000Z</time>
        <extensions>
          <ns3:TrackPointExtension>
            <ns3:cad>48</ns3:cad>
          </ns3:TrackPointExtension>
        </extensions>
      </trkpt>
      <trkpt lat="69.00605575181543827056884765625" lon="20.33722632564604282379150390625">
        <ele>637.4000244140625</ele>
        <time>2026-08-21T09:52:25.000Z</time>
        <extensions>
          <ns3:TrackPointExtension>
            <ns3:cad>48</ns3:cad>
          </ns3:TrackPointExtension>
        </extensions>
      </trkpt>
      <trkpt lat="69.00600898079574108123779296875" lon="20.33720905892550945281982421875">
        <ele>637</ele>
        <time>2026-08-21T09:52:30.000Z</time>
        <extensions>
          <ns3:TrackPointExtension>
            <ns3:cad>49</ns3:cad>
          </ns3:TrackPointExtension>
        </extensions>
      </trkpt>
      <trkpt lat="69.00599070824682712554931640625" lon="20.337208472192287445068359375">
        <ele>637.4000244140625</ele>
        <time>2026-08-21T09:52:32.000Z</time>
        <extensions>
          <ns3:TrackPointExtension>
            <ns3:cad>49</ns3:cad>
          </ns3:TrackPointExtension>
        </extensions>
      </trkpt>
      <trkpt lat="69.0059368126094341278076171875" lon="20.33718877471983432769775390625">
        <ele>637.79998779296875</ele>
        <time>2026-08-21T09:52:37.000Z</time>
        <extensions>
          <ns3:TrackPointExtension>
            <ns3:cad>48</ns3:cad>
          </ns3:TrackPointExtension>
        </extensions>
      </trkpt>
      <trkpt lat="69.00587998330593109130859375" lon="20.33716362901031970977783203125">
        <ele>637.5999755859375</ele>
        <time>2026-08-21T09:52:43.000Z</time>
        <extensions>
          <ns3:TrackPointExtension>
            <ns3:cad>47</ns3:cad>
          </ns3:TrackPointExtension>
        </extensions>
      </trkpt>
      <trkpt lat="69.00582960806787014007568359375" lon="20.337099842727184295654296875">
        <ele>638</ele>
        <time>2026-08-21T09:52:48.000Z</time>
        <extensions>
          <ns3:TrackPointExtension>
            <ns3:cad>48</ns3:cad>
          </ns3:TrackPointExtension>
        </extensions>
      </trkpt>
      <trkpt lat="69.0057748742401599884033203125" lon="20.33704259432852268218994140625">
        <ele>638.4000244140625</ele>
        <time>2026-08-21T09:52:53.000Z</time>
        <extensions>
          <ns3:TrackPointExtension>
            <ns3:cad>47</ns3:cad>
          </ns3:TrackPointExtension>
        </extensions>
      </trkpt>
      <trkpt lat="69.0057648159563541412353515625" lon="20.337030105292797088623046875">
        <ele>638.4000244140625</ele>
        <time>2026-08-21T09:52:54.000Z</time>
        <extensions>
          <ns3:TrackPointExtension>
            <ns3:cad>47</ns3:cad>
          </ns3:TrackPointExtension>
        </extensions>
      </trkpt>
      <trkpt lat="69.00571846403181552886962890625" lon="20.3369902074337005615234375">
        <ele>638.79998779296875</ele>
        <time>2026-08-21T09:53:00.000Z</time>
        <extensions>
          <ns3:TrackPointExtension>
            <ns3:cad>48</ns3:cad>
          </ns3:TrackPointExtension>
        </extensions>
      </trkpt>
      <trkpt lat="69.005663730204105377197265625" lon="20.33693949691951274871826171875">
        <ele>639</ele>
        <time>2026-08-21T09:53:06.000Z</time>
        <extensions>
          <ns3:TrackPointExtension>
            <ns3:cad>48</ns3:cad>
          </ns3:TrackPointExtension>
        </extensions>
      </trkpt>
      <trkpt lat="69.00559709407389163970947265625" lon="20.33689121715724468231201171875">
        <ele>638.4000244140625</ele>
        <time>2026-08-21T09:53:12.000Z</time>
        <extensions>
          <ns3:TrackPointExtension>
            <ns3:cad>0</ns3:cad>
          </ns3:TrackPointExtension>
        </extensions>
      </trkpt>
      <trkpt lat="69.00554470717906951904296875" lon="20.336853750050067901611328125">
        <ele>638.20001220703125</ele>
        <time>2026-08-21T09:53:17.000Z</time>
        <extensions>
          <ns3:TrackPointExtension>
            <ns3:cad>49</ns3:cad>
          </ns3:TrackPointExtension>
        </extensions>
      </trkpt>
      <trkpt lat="69.00549500249326229095458984375" lon="20.33680069260299205780029296875">
        <ele>638.4000244140625</ele>
        <time>2026-08-21T09:53:23.000Z</time>
        <extensions>
          <ns3:TrackPointExtension>
            <ns3:cad>48</ns3:cad>
          </ns3:TrackPointExtension>
        </extensions>
      </trkpt>
      <trkpt lat="69.00542928837239742279052734375" lon="20.3367302007973194122314453125">
        <ele>638.4000244140625</ele>
        <time>2026-08-21T09:53:30.000Z</time>
        <extensions>
          <ns3:TrackPointExtension>
            <ns3:cad>47</ns3:cad>
          </ns3:TrackPointExtension>
        </extensions>
      </trkpt>
      <trkpt lat="69.005379416048526763916015625" lon="20.336666665971279144287109375">
        <ele>638.20001220703125</ele>
        <time>2026-08-21T09:53:35.000Z</time>
        <extensions>
          <ns3:TrackPointExtension>
            <ns3:cad>48</ns3:cad>
          </ns3:TrackPointExtension>
        </extensions>
      </trkpt>
      <trkpt lat="69.00530062615871429443359375" lon="20.33663338981568813323974609375">
        <ele>638.5999755859375</ele>
        <time>2026-08-21T09:53:42.000Z</time>
        <extensions>
          <ns3:TrackPointExtension>
            <ns3:cad>50</ns3:cad>
          </ns3:TrackPointExtension>
        </extensions>
      </trkpt>
      <trkpt lat="69.0052632428705692291259765625" lon="20.33661402761936187744140625">
        <ele>639.4000244140625</ele>
        <time>2026-08-21T09:53:48.000Z</time>
        <extensions>
          <ns3:TrackPointExtension>
            <ns3:cad>44</ns3:cad>
          </ns3:TrackPointExtension>
        </extensions>
      </trkpt>
      <trkpt lat="69.00525360368192195892333984375" lon="20.33661142922937870025634765625">
        <ele>639.4000244140625</ele>
        <time>2026-08-21T09:53:49.000Z</time>
        <extensions>
          <ns3:TrackPointExtension>
            <ns3:cad>44</ns3:cad>
          </ns3:TrackPointExtension>
        </extensions>
      </trkpt>
      <trkpt lat="69.00521018542349338531494140625" lon="20.3365816734731197357177734375">
        <ele>639.20001220703125</ele>
        <time>2026-08-21T09:53:54.000Z</time>
        <extensions>
          <ns3:TrackPointExtension>
            <ns3:cad>0</ns3:cad>
          </ns3:TrackPointExtension>
        </extensions>
      </trkpt>
      <trkpt lat="69.00515134446322917938232421875" lon="20.336562059819698333740234375">
        <ele>638.5999755859375</ele>
        <time>2026-08-21T09:54:01.000Z</time>
        <extensions>
          <ns3:TrackPointExtension>
            <ns3:cad>50</ns3:cad>
          </ns3:TrackPointExtension>
        </extensions>
      </trkpt>
      <trkpt lat="69.0051336586475372314453125" lon="20.33653850667178630828857421875">
        <ele>638.4000244140625</ele>
        <time>2026-08-21T09:54:03.000Z</time>
        <extensions>
          <ns3:TrackPointExtension>
            <ns3:cad>0</ns3:cad>
          </ns3:TrackPointExtension>
        </extensions>
      </trkpt>
      <trkpt lat="69.005076996982097625732421875" lon="20.336497016251087188720703125">
        <ele>637.79998779296875</ele>
        <time>2026-08-21T09:54:08.000Z</time>
        <extensions>
          <ns3:TrackPointExtension>
            <ns3:cad>52</ns3:cad>
          </ns3:TrackPointExtension>
        </extensions>
      </trkpt>
      <trkpt lat="69.0050322376191616058349609375" lon="20.3364770673215389251708984375">
        <ele>637.20001220703125</ele>
        <time>2026-08-21T09:54:12.000Z</time>
        <extensions>
          <ns3:TrackPointExtension>
            <ns3:cad>52</ns3:cad>
          </ns3:TrackPointExtension>
        </extensions>
      </trkpt>
      <trkpt lat="69.0050208382308483123779296875" lon="20.33646248281002044677734375">
        <ele>637.20001220703125</ele>
        <time>2026-08-21T09:54:14.000Z</time>
        <extensions>
          <ns3:TrackPointExtension>
            <ns3:cad>52</ns3:cad>
          </ns3:TrackPointExtension>
        </extensions>
      </trkpt>
      <trkpt lat="69.00496803224086761474609375" lon="20.33644697628915309906005859375">
        <ele>637</ele>
        <time>2026-08-21T09:54:19.000Z</time>
        <extensions>
          <ns3:TrackPointExtension>
            <ns3:cad>45</ns3:cad>
          </ns3:TrackPointExtension>
        </extensions>
      </trkpt>
      <trkpt lat="69.0049091912806034088134765625" lon="20.33642166294157505035400390625">
        <ele>637.20001220703125</ele>
        <time>2026-08-21T09:54:25.000Z</time>
        <extensions>
          <ns3:TrackPointExtension>
            <ns3:cad>50</ns3:cad>
          </ns3:TrackPointExtension>
        </extensions>
      </trkpt>
      <trkpt lat="69.004853703081607818603515625" lon="20.336376316845417022705078125">
        <ele>637.20001220703125</ele>
        <time>2026-08-21T09:54:30.000Z</time>
        <extensions>
          <ns3:TrackPointExtension>
            <ns3:cad>49</ns3:cad>
          </ns3:TrackPointExtension>
        </extensions>
      </trkpt>
      <trkpt lat="69.00478304363787174224853515625" lon="20.33634044229984283447265625">
        <ele>636.79998779296875</ele>
        <time>2026-08-21T09:54:37.000Z</time>
        <extensions>
          <ns3:TrackPointExtension>
            <ns3:cad>0</ns3:cad>
          </ns3:TrackPointExtension>
        </extensions>
      </trkpt>
      <trkpt lat="69.00473224930465221405029296875" lon="20.3362889774143695831298828125">
        <ele>636.4000244140625</ele>
        <time>2026-08-21T09:54:43.000Z</time>
        <extensions>
          <ns3:TrackPointExtension>
            <ns3:cad>0</ns3:cad>
          </ns3:TrackPointExtension>
        </extensions>
      </trkpt>
      <trkpt lat="69.00471699424088001251220703125" lon="20.33625955693423748016357421875">
        <ele>636.20001220703125</ele>
        <time>2026-08-21T09:54:45.000Z</time>
        <extensions>
          <ns3:TrackPointExtension>
            <ns3:cad>0</ns3:cad>
          </ns3:TrackPointExtension>
        </extensions>
      </trkpt>
      <trkpt lat="69.00466100312769412994384765625" lon="20.33621228300034999847412109375">
        <ele>636</ele>
        <time>2026-08-21T09:54:50.000Z</time>
        <extensions>
          <ns3:TrackPointExtension>
            <ns3:cad>51</ns3:cad>
          </ns3:TrackPointExtension>
        </extensions>
      </trkpt>
      <trkpt lat="69.00459260679781436920166015625" lon="20.33616249449551105499267578125">
        <ele>636</ele>
        <time>2026-08-21T09:54:56.000Z</time>
        <extensions>
          <ns3:TrackPointExtension>
            <ns3:cad>49</ns3:cad>
          </ns3:TrackPointExtension>
        </extensions>
      </trkpt>
      <trkpt lat="69.00452814996242523193359375" lon="20.33611237071454524993896484375">
        <ele>635.4000244140625</ele>
        <time>2026-08-21T09:55:02.000Z</time>
        <extensions>
          <ns3:TrackPointExtension>
            <ns3:cad>49</ns3:cad>
          </ns3:TrackPointExtension>
        </extensions>
      </trkpt>
      <trkpt lat="69.0044827200472354888916015625" lon="20.336100719869136810302734375">
        <ele>635.20001220703125</ele>
        <time>2026-08-21T09:55:10.000Z</time>
        <extensions>
          <ns3:TrackPointExtension>
            <ns3:cad>0</ns3:cad>
          </ns3:TrackPointExtension>
        </extensions>
      </trkpt>
      <trkpt lat="69.0044900961220264434814453125" lon="20.33610038459300994873046875">
        <ele>635.20001220703125</ele>
        <time>2026-08-21T09:55:11.000Z</time>
        <extensions>
          <ns3:TrackPointExtension>
            <ns3:cad>0</ns3:cad>
          </ns3:TrackPointExtension>
        </extensions>
      </trkpt>
      <trkpt lat="69.0044843964278697967529296875" lon="20.3360868059098720550537109375">
        <ele>635.4000244140625</ele>
        <time>2026-08-21T09:55:17.000Z</time>
        <extensions>
          <ns3:TrackPointExtension>
            <ns3:cad>0</ns3:cad>
          </ns3:TrackPointExtension>
        </extensions>
      </trkpt>
      <trkpt lat="69.00447978638112545013427734375" lon="20.3360666893422603607177734375">
        <ele>635.20001220703125</ele>
        <time>2026-08-21T09:55:26.000Z</time>
        <extensions>
          <ns3:TrackPointExtension>
            <ns3:cad>0</ns3:cad>
          </ns3:TrackPointExtension>
        </extensions>
      </trkpt>
      <trkpt lat="69.004505686461925506591796875" lon="20.33606241457164287567138671875">
        <ele>635.4000244140625</ele>
        <time>2026-08-21T09:55:35.000Z</time>
        <extensions>
          <ns3:TrackPointExtension>
            <ns3:cad>0</ns3:cad>
          </ns3:TrackPointExtension>
        </extensions>
      </trkpt>
      <trkpt lat="69.00450761429965496063232421875" lon="20.3360817767679691314697265625">
        <ele>635.20001220703125</ele>
        <time>2026-08-21T09:55:43.000Z</time>
        <extensions>
          <ns3:TrackPointExtension>
            <ns3:cad>0</ns3:cad>
          </ns3:TrackPointExtension>
        </extensions>
      </trkpt>
      <trkpt lat="69.00447475723922252655029296875" lon="20.3360505960881710052490234375">
        <ele>635.20001220703125</ele>
        <time>2026-08-21T09:55:52.000Z</time>
        <extensions>
          <ns3:TrackPointExtension>
            <ns3:cad>0</ns3:cad>
          </ns3:TrackPointExtension>
        </extensions>
      </trkpt>
      <trkpt lat="69.00446914136409759521484375" lon="20.33608336932957172393798828125">
        <ele>635.20001220703125</ele>
        <time>2026-08-21T09:55:59.000Z</time>
        <extensions>
          <ns3:TrackPointExtension>
            <ns3:cad>0</ns3:cad>
          </ns3:TrackPointExtension>
        </extensions>
      </trkpt>
      <trkpt lat="69.004461765289306640625" lon="20.33614120446145534515380859375">
        <ele>635.20001220703125</ele>
        <time>2026-08-21T09:56:05.000Z</time>
        <extensions>
          <ns3:TrackPointExtension>
            <ns3:cad>0</ns3:cad>
          </ns3:TrackPointExtension>
        </extensions>
      </trkpt>
      <trkpt lat="69.00446989573538303375244140625" lon="20.33619300462305545806884765625">
        <ele>635.20001220703125</ele>
        <time>2026-08-21T09:56:15.000Z</time>
        <extensions>
          <ns3:TrackPointExtension>
            <ns3:cad>0</ns3:cad>
          </ns3:TrackPointExtension>
        </extensions>
      </trkpt>
      <trkpt lat="69.0044736675918102264404296875" lon="20.3361820243299007415771484375">
        <ele>635.20001220703125</ele>
        <time>2026-08-21T09:56:21.000Z</time>
        <extensions>
          <ns3:TrackPointExtension>
            <ns3:cad>0</ns3:cad>
          </ns3:TrackPointExtension>
        </extensions>
      </trkpt>
      <trkpt lat="69.00447945110499858856201171875" lon="20.33615360967814922332763671875">
        <ele>635.4000244140625</ele>
        <time>2026-08-21T09:56:28.000Z</time>
        <extensions>
          <ns3:TrackPointExtension>
            <ns3:cad>0</ns3:cad>
          </ns3:TrackPointExtension>
        </extensions>
      </trkpt>
      <trkpt lat="69.00447777472436428070068359375" lon="20.336126200854778289794921875">
        <ele>635.20001220703125</ele>
        <time>2026-08-21T09:56:35.000Z</time>
        <extensions>
          <ns3:TrackPointExtension>
            <ns3:cad>0</ns3:cad>
          </ns3:TrackPointExtension>
        </extensions>
      </trkpt>
      <trkpt lat="69.00448280386626720428466796875" lon="20.33608119003474712371826171875">
        <ele>635</ele>
        <time>2026-08-21T09:56:43.000Z</time>
        <extensions>
          <ns3:TrackPointExtension>
            <ns3:cad>0</ns3:cad>
          </ns3:TrackPointExtension>
        </extensions>
      </trkpt>
      <trkpt lat="69.00446922518312931060791015625" lon="20.336092673242092132568359375">
        <ele>635</ele>
        <time>2026-08-21T09:56:51.000Z</time>
        <extensions>
          <ns3:TrackPointExtension>
            <ns3:cad>0</ns3:cad>
          </ns3:TrackPointExtension>
        </extensions>
      </trkpt>
      <trkpt lat="69.0044907666742801666259765625" lon="20.33604665659368038177490234375">
        <ele>635</ele>
        <time>2026-08-21T09:57:00.000Z</time>
        <extensions>
          <ns3:TrackPointExtension>
            <ns3:cad>0</ns3:cad>
          </ns3:TrackPointExtension>
        </extensions>
      </trkpt>
      <trkpt lat="69.0044988133013248443603515625" lon="20.33607867546379566192626953125">
        <ele>635.20001220703125</ele>
        <time>2026-08-21T09:57:07.000Z</time>
        <extensions>
          <ns3:TrackPointExtension>
            <ns3:cad>0</ns3:cad>
          </ns3:TrackPointExtension>
        </extensions>
      </trkpt>
      <trkpt lat="69.00449856184422969818115234375" lon="20.3360794298350811004638671875">
        <ele>635.20001220703125</ele>
        <time>2026-08-21T09:57:17.000Z</time>
        <extensions>
          <ns3:TrackPointExtension>
            <ns3:cad>0</ns3:cad>
          </ns3:TrackPointExtension>
        </extensions>
      </trkpt>
      <trkpt lat="69.0044941194355487823486328125" lon="20.33610382117331027984619140625">
        <ele>635.20001220703125</ele>
        <time>2026-08-21T09:57:25.000Z</time>
        <extensions>
          <ns3:TrackPointExtension>
            <ns3:cad>0</ns3:cad>
          </ns3:TrackPointExtension>
        </extensions>
      </trkpt>
      <trkpt lat="69.00450878776609897613525390625" lon="20.3360863029956817626953125">
        <ele>635.20001220703125</ele>
        <time>2026-08-21T09:57:34.000Z</time>
        <extensions>
          <ns3:TrackPointExtension>
            <ns3:cad>0</ns3:cad>
          </ns3:TrackPointExtension>
        </extensions>
      </trkpt>
      <trkpt lat="69.0044609270989894866943359375" lon="20.33605336211621761322021484375">
        <ele>635</ele>
        <time>2026-08-21T09:57:39.000Z</time>
        <extensions>
          <ns3:TrackPointExtension>
            <ns3:cad>0</ns3:cad>
          </ns3:TrackPointExtension>
        </extensions>
      </trkpt>
      <trkpt lat="69.00439806282520294189453125" lon="20.3360697068274021148681640625">
        <ele>634.79998779296875</ele>
        <time>2026-08-21T09:57:44.000Z</time>
        <extensions>
          <ns3:TrackPointExtension>
            <ns3:cad>48</ns3:cad>
          </ns3:TrackPointExtension>
        </extensions>
      </trkpt>
      <trkpt lat="69.00432673282921314239501953125" lon="20.3360556252300739288330078125">
        <ele>634.5999755859375</ele>
        <time>2026-08-21T09:57:51.000Z</time>
        <extensions>
          <ns3:TrackPointExtension>
            <ns3:cad>0</ns3:cad>
          </ns3:TrackPointExtension>
        </extensions>
      </trkpt>
      <trkpt lat="69.00427627377212047576904296875" lon="20.3360231034457683563232421875">
        <ele>634.4000244140625</ele>
        <time>2026-08-21T09:57:56.000Z</time>
        <extensions>
          <ns3:TrackPointExtension>
            <ns3:cad>0</ns3:cad>
          </ns3:TrackPointExtension>
        </extensions>
      </trkpt>
      <trkpt lat="69.004233442246913909912109375" lon="20.336007177829742431640625">
        <ele>634.20001220703125</ele>
        <time>2026-08-21T09:57:59.000Z</time>
        <extensions>
          <ns3:TrackPointExtension>
            <ns3:cad>0</ns3:cad>
          </ns3:TrackPointExtension>
        </extensions>
      </trkpt>
      <trkpt lat="69.00421659462153911590576171875" lon="20.3359912522137165069580078125">
        <ele>634.20001220703125</ele>
        <time>2026-08-21T09:58:01.000Z</time>
        <extensions>
          <ns3:TrackPointExtension>
            <ns3:cad>0</ns3:cad>
          </ns3:TrackPointExtension>
        </extensions>
      </trkpt>
      <trkpt lat="69.00413596071302890777587890625" lon="20.33590768463909626007080078125">
        <ele>633.79998779296875</ele>
        <time>2026-08-21T09:58:10.000Z</time>
        <extensions>
          <ns3:TrackPointExtension>
            <ns3:cad>0</ns3:cad>
          </ns3:TrackPointExtension>
        </extensions>
      </trkpt>
      <trkpt lat="69.0040822327136993408203125" lon="20.33586543984711170196533203125">
        <ele>633.79998779296875</ele>
        <time>2026-08-21T09:58:16.000Z</time>
        <extensions>
          <ns3:TrackPointExtension>
            <ns3:cad>51</ns3:cad>
          </ns3:TrackPointExtension>
        </extensions>
      </trkpt>
      <trkpt lat="69.00403521023690700531005859375" lon="20.3358584828674793243408203125">
        <ele>634.20001220703125</ele>
        <time>2026-08-21T09:58:22.000Z</time>
        <extensions>
          <ns3:TrackPointExtension>
            <ns3:cad>68</ns3:cad>
          </ns3:TrackPointExtension>
        </extensions>
      </trkpt>
      <trkpt lat="69.00396178476512432098388671875" lon="20.3358314931392669677734375">
        <ele>634.79998779296875</ele>
        <time>2026-08-21T09:58:29.000Z</time>
        <extensions>
          <ns3:TrackPointExtension>
            <ns3:cad>0</ns3:cad>
          </ns3:TrackPointExtension>
        </extensions>
      </trkpt>
      <trkpt lat="69.0038909576833248138427734375" lon="20.3357964567840099334716796875">
        <ele>635.20001220703125</ele>
        <time>2026-08-21T09:58:35.000Z</time>
        <extensions>
          <ns3:TrackPointExtension>
            <ns3:cad>49</ns3:cad>
          </ns3:TrackPointExtension>
        </extensions>
      </trkpt>
      <trkpt lat="69.0038477070629596710205078125" lon="20.33577382564544677734375">
        <ele>635</ele>
        <time>2026-08-21T09:58:40.000Z</time>
        <extensions>
          <ns3:TrackPointExtension>
            <ns3:cad>49</ns3:cad>
          </ns3:TrackPointExtension>
        </extensions>
      </trkpt>
      <trkpt lat="69.0037897042930126190185546875" lon="20.33575044013559818267822265625">
        <ele>634.79998779296875</ele>
        <time>2026-08-21T09:58:46.000Z</time>
        <extensions>
          <ns3:TrackPointExtension>
            <ns3:cad>49</ns3:cad>
          </ns3:TrackPointExtension>
        </extensions>
      </trkpt>
      <trkpt lat="69.00374469347298145294189453125" lon="20.3357297368347644805908203125">
        <ele>634</ele>
        <time>2026-08-21T09:58:52.000Z</time>
        <extensions>
          <ns3:TrackPointExtension>
            <ns3:cad>0</ns3:cad>
          </ns3:TrackPointExtension>
        </extensions>
      </trkpt>
      <trkpt lat="69.00370060466229915618896484375" lon="20.3357059322297573089599609375">
        <ele>633</ele>
        <time>2026-08-21T09:58:57.000Z</time>
        <extensions>
          <ns3:TrackPointExtension>
            <ns3:cad>0</ns3:cad>
          </ns3:TrackPointExtension>
        </extensions>
      </trkpt>
      <trkpt lat="69.0036854334175586700439453125" lon="20.33569025807082653045654296875">
        <ele>632.79998779296875</ele>
        <time>2026-08-21T09:58:59.000Z</time>
        <extensions>
          <ns3:TrackPointExtension>
            <ns3:cad>0</ns3:cad>
          </ns3:TrackPointExtension>
        </extensions>
      </trkpt>
      <trkpt lat="69.003637321293354034423828125" lon="20.33569981344044208526611328125">
        <ele>632</ele>
        <time>2026-08-21T09:59:05.000Z</time>
        <extensions>
          <ns3:TrackPointExtension>
            <ns3:cad>0</ns3:cad>
          </ns3:TrackPointExtension>
        </extensions>
      </trkpt>
      <trkpt lat="69.00362617336213588714599609375" lon="20.33567659556865692138671875">
        <ele>631.79998779296875</ele>
        <time>2026-08-21T09:59:07.000Z</time>
        <extensions>
          <ns3:TrackPointExtension>
            <ns3:cad>0</ns3:cad>
          </ns3:TrackPointExtension>
        </extensions>
      </trkpt>
      <trkpt lat="69.0035996027290821075439453125" lon="20.3356395475566387176513671875">
        <ele>631</ele>
        <time>2026-08-21T09:59:11.000Z</time>
        <extensions>
          <ns3:TrackPointExtension>
            <ns3:cad>0</ns3:cad>
          </ns3:TrackPointExtension>
        </extensions>
      </trkpt>
      <trkpt lat="69.00357873179018497467041015625" lon="20.3356410562992095947265625">
        <ele>630.4000244140625</ele>
        <time>2026-08-21T09:59:13.000Z</time>
        <extensions>
          <ns3:TrackPointExtension>
            <ns3:cad>77</ns3:cad>
          </ns3:TrackPointExtension>
        </extensions>
      </trkpt>
      <trkpt lat="69.00354336015880107879638671875" lon="20.3356278128921985626220703125">
        <ele>629.79998779296875</ele>
        <time>2026-08-21T09:59:16.000Z</time>
        <extensions>
          <ns3:TrackPointExtension>
            <ns3:cad>0</ns3:cad>
          </ns3:TrackPointExtension>
        </extensions>
      </trkpt>
      <trkpt lat="69.00351335294544696807861328125" lon="20.335600487887859344482421875">
        <ele>629.5999755859375</ele>
        <time>2026-08-21T09:59:20.000Z</time>
        <extensions>
          <ns3:TrackPointExtension>
            <ns3:cad>48</ns3:cad>
          </ns3:TrackPointExtension>
        </extensions>
      </trkpt>
      <trkpt lat="69.00345065630972385406494140625" lon="20.33556084148585796356201171875">
        <ele>629</ele>
        <time>2026-08-21T09:59:26.000Z</time>
        <extensions>
          <ns3:TrackPointExtension>
            <ns3:cad>0</ns3:cad>
          </ns3:TrackPointExtension>
        </extensions>
      </trkpt>
      <trkpt lat="69.00343456305563449859619140625" lon="20.3355594165623188018798828125">
        <ele>628.79998779296875</ele>
        <time>2026-08-21T09:59:27.000Z</time>
        <extensions>
          <ns3:TrackPointExtension>
            <ns3:cad>0</ns3:cad>
          </ns3:TrackPointExtension>
        </extensions>
      </trkpt>
      <trkpt lat="69.0034115128219127655029296875" lon="20.33550585620105266571044921875">
        <ele>628.4000244140625</ele>
        <time>2026-08-21T09:59:31.000Z</time>
        <extensions>
          <ns3:TrackPointExtension>
            <ns3:cad>51</ns3:cad>
          </ns3:TrackPointExtension>
        </extensions>
      </trkpt>
      <trkpt lat="69.00336273014545440673828125" lon="20.33545958809554576873779296875">
        <ele>627.79998779296875</ele>
        <time>2026-08-21T09:59:35.000Z</time>
        <extensions>
          <ns3:TrackPointExtension>
            <ns3:cad>51</ns3:cad>
          </ns3:TrackPointExtension>
        </extensions>
      </trkpt>
      <trkpt lat="69.00331554003059864044189453125" lon="20.33542639575898647308349609375">
        <ele>627.20001220703125</ele>
        <time>2026-08-21T09:59:40.000Z</time>
        <extensions>
          <ns3:TrackPointExtension>
            <ns3:cad>52</ns3:cad>
          </ns3:TrackPointExtension>
        </extensions>
      </trkpt>
      <trkpt lat="69.0032556094229221343994140625" lon="20.33539571799337863922119140625">
        <ele>627</ele>
        <time>2026-08-21T09:59:46.000Z</time>
        <extensions>
          <ns3:TrackPointExtension>
            <ns3:cad>51</ns3:cad>
          </ns3:TrackPointExtension>
        </extensions>
      </trkpt>
      <trkpt lat="69.0031845308840274810791015625" lon="20.3353894315659999847412109375">
        <ele>627</ele>
        <time>2026-08-21T09:59:52.000Z</time>
        <extensions>
          <ns3:TrackPointExtension>
            <ns3:cad>50</ns3:cad>
          </ns3:TrackPointExtension>
        </extensions>
      </trkpt>
      <trkpt lat="69.00312267243862152099609375" lon="20.33537996001541614532470703125">
        <ele>627.20001220703125</ele>
        <time>2026-08-21T09:59:58.000Z</time>
        <extensions>
          <ns3:TrackPointExtension>
            <ns3:cad>47</ns3:cad>
          </ns3:TrackPointExtension>
        </extensions>
      </trkpt>
      <trkpt lat="69.00306860916316509246826171875" lon="20.33533251844346523284912109375">
        <ele>627.20001220703125</ele>
        <time>2026-08-21T10:00:03.000Z</time>
        <extensions>
          <ns3:TrackPointExtension>
            <ns3:cad>46</ns3:cad>
          </ns3:TrackPointExtension>
        </extensions>
      </trkpt>
      <trkpt lat="69.00303256697952747344970703125" lon="20.3352821432054042816162109375">
        <ele>626.79998779296875</ele>
        <time>2026-08-21T10:00:07.000Z</time>
        <extensions>
          <ns3:TrackPointExtension>
            <ns3:cad>0</ns3:cad>
          </ns3:TrackPointExtension>
        </extensions>
      </trkpt>
      <trkpt lat="69.00301127694547176361083984375" lon="20.33525657840073108673095703125">
        <ele>626.5999755859375</ele>
        <time>2026-08-21T10:00:09.000Z</time>
        <extensions>
          <ns3:TrackPointExtension>
            <ns3:cad>47</ns3:cad>
          </ns3:TrackPointExtension>
        </extensions>
      </trkpt>
      <trkpt lat="69.00293634273111820220947265625" lon="20.33525171689689159393310546875">
        <ele>626.4000244140625</ele>
        <time>2026-08-21T10:00:16.000Z</time>
        <extensions>
          <ns3:TrackPointExtension>
            <ns3:cad>52</ns3:cad>
          </ns3:TrackPointExtension>
        </extensions>
      </trkpt>
      <trkpt lat="69.00288286618888378143310546875" lon="20.335240066051483154296875">
        <ele>626.79998779296875</ele>
        <time>2026-08-21T10:00:22.000Z</time>
        <extensions>
          <ns3:TrackPointExtension>
            <ns3:cad>50</ns3:cad>
          </ns3:TrackPointExtension>
        </extensions>
      </trkpt>
      <trkpt lat="69.00283324532210826873779296875" lon="20.33520855009555816650390625">
        <ele>627.20001220703125</ele>
        <time>2026-08-21T10:00:27.000Z</time>
        <extensions>
          <ns3:TrackPointExtension>
            <ns3:cad>49</ns3:cad>
          </ns3:TrackPointExtension>
        </extensions>
      </trkpt>
      <trkpt lat="69.00279183872044086456298828125" lon="20.33521592617034912109375">
        <ele>627.5999755859375</ele>
        <time>2026-08-21T10:00:31.000Z</time>
        <extensions>
          <ns3:TrackPointExtension>
            <ns3:cad>48</ns3:cad>
          </ns3:TrackPointExtension>
        </extensions>
      </trkpt>
      <trkpt lat="69.0027818642556667327880859375" lon="20.335222296416759490966796875">
        <ele>627.79998779296875</ele>
        <time>2026-08-21T10:00:32.000Z</time>
        <extensions>
          <ns3:TrackPointExtension>
            <ns3:cad>48</ns3:cad>
          </ns3:TrackPointExtension>
        </extensions>
      </trkpt>
      <trkpt lat="69.00273735634982585906982421875" lon="20.33521064557135105133056640625">
        <ele>628.20001220703125</ele>
        <time>2026-08-21T10:00:36.000Z</time>
        <extensions>
          <ns3:TrackPointExtension>
            <ns3:cad>48</ns3:cad>
          </ns3:TrackPointExtension>
        </extensions>
      </trkpt>
      <trkpt lat="69.00267935357987880706787109375" lon="20.33520997501909732818603515625">
        <ele>628.79998779296875</ele>
        <time>2026-08-21T10:00:41.000Z</time>
        <extensions>
          <ns3:TrackPointExtension>
            <ns3:cad>47</ns3:cad>
          </ns3:TrackPointExtension>
        </extensions>
      </trkpt>
      <trkpt lat="69.00267147459089756011962890625" lon="20.33520846627652645111083984375">
        <ele>629</ele>
        <time>2026-08-21T10:00:42.000Z</time>
        <extensions>
          <ns3:TrackPointExtension>
            <ns3:cad>47</ns3:cad>
          </ns3:TrackPointExtension>
        </extensions>
      </trkpt>
      <trkpt lat="69.00262135080993175506591796875" lon="20.33520511351525783538818359375">
        <ele>629.5999755859375</ele>
        <time>2026-08-21T10:00:48.000Z</time>
        <extensions>
          <ns3:TrackPointExtension>
            <ns3:cad>46</ns3:cad>
          </ns3:TrackPointExtension>
        </extensions>
      </trkpt>
      <trkpt lat="69.00261481292545795440673828125" lon="20.33520125783979892730712890625">
        <ele>629.79998779296875</ele>
        <time>2026-08-21T10:00:49.000Z</time>
        <extensions>
          <ns3:TrackPointExtension>
            <ns3:cad>46</ns3:cad>
          </ns3:TrackPointExtension>
        </extensions>
      </trkpt>
      <trkpt lat="69.00257910601794719696044921875" lon="20.33517963252961635589599609375">
        <ele>630.4000244140625</ele>
        <time>2026-08-21T10:00:54.000Z</time>
        <extensions>
          <ns3:TrackPointExtension>
            <ns3:cad>45</ns3:cad>
          </ns3:TrackPointExtension>
        </extensions>
      </trkpt>
      <trkpt lat="69.002528898417949676513671875" lon="20.33518449403345584869384765625">
        <ele>630.5999755859375</ele>
        <time>2026-08-21T10:00:59.000Z</time>
        <extensions>
          <ns3:TrackPointExtension>
            <ns3:cad>45</ns3:cad>
          </ns3:TrackPointExtension>
        </extensions>
      </trkpt>
      <trkpt lat="69.00248137302696704864501953125" lon="20.33518449403345584869384765625">
        <ele>630.5999755859375</ele>
        <time>2026-08-21T10:01:04.000Z</time>
        <extensions>
          <ns3:TrackPointExtension>
            <ns3:cad>48</ns3:cad>
          </ns3:TrackPointExtension>
        </extensions>
      </trkpt>
      <trkpt lat="69.00242152623832225799560546875" lon="20.33517175354063510894775390625">
        <ele>630.79998779296875</ele>
        <time>2026-08-21T10:01:11.000Z</time>
        <extensions>
          <ns3:TrackPointExtension>
            <ns3:cad>49</ns3:cad>
          </ns3:TrackPointExtension>
        </extensions>
      </trkpt>
      <trkpt lat="69.00236888788640499114990234375" lon="20.3351406566798686981201171875">
        <ele>630.4000244140625</ele>
        <time>2026-08-21T10:01:17.000Z</time>
        <extensions>
          <ns3:TrackPointExtension>
            <ns3:cad>48</ns3:cad>
          </ns3:TrackPointExtension>
        </extensions>
      </trkpt>
      <trkpt lat="69.002293534576892852783203125" lon="20.3350974060595035552978515625">
        <ele>630</ele>
        <time>2026-08-21T10:01:24.000Z</time>
        <extensions>
          <ns3:TrackPointExtension>
            <ns3:cad>0</ns3:cad>
          </ns3:TrackPointExtension>
        </extensions>
      </trkpt>
      <trkpt lat="69.00228054262697696685791015625" lon="20.33511199057102203369140625">
        <ele>629.79998779296875</ele>
        <time>2026-08-21T10:01:28.000Z</time>
        <extensions>
          <ns3:TrackPointExtension>
            <ns3:cad>0</ns3:cad>
          </ns3:TrackPointExtension>
        </extensions>
      </trkpt>
      <trkpt lat="69.00226562283933162689208984375" lon="20.3351171873509883880615234375">
        <ele>629.79998779296875</ele>
        <time>2026-08-21T10:01:30.000Z</time>
        <extensions>
          <ns3:TrackPointExtension>
            <ns3:cad>0</ns3:cad>
          </ns3:TrackPointExtension>
        </extensions>
      </trkpt>
      <trkpt lat="69.0022742561995983123779296875" lon="20.33512883819639682769775390625">
        <ele>630</ele>
        <time>2026-08-21T10:01:39.000Z</time>
        <extensions>
          <ns3:TrackPointExtension>
            <ns3:cad>0</ns3:cad>
          </ns3:TrackPointExtension>
        </extensions>
      </trkpt>
      <trkpt lat="69.00228188373148441314697265625" lon="20.3351084701716899871826171875">
        <ele>630</ele>
        <time>2026-08-21T10:01:48.000Z</time>
        <extensions>
          <ns3:TrackPointExtension>
            <ns3:cad>0</ns3:cad>
          </ns3:TrackPointExtension>
        </extensions>
      </trkpt>
      <trkpt lat="69.00223745964467525482177734375" lon="20.33510570414364337921142578125">
        <ele>629.5999755859375</ele>
        <time>2026-08-21T10:01:54.000Z</time>
        <extensions>
          <ns3:TrackPointExtension>
            <ns3:cad>0</ns3:cad>
          </ns3:TrackPointExtension>
        </extensions>
      </trkpt>
      <trkpt lat="69.002186916768550872802734375" lon="20.3350860066711902618408203125">
        <ele>628.79998779296875</ele>
        <time>2026-08-21T10:02:00.000Z</time>
        <extensions>
          <ns3:TrackPointExtension>
            <ns3:cad>0</ns3:cad>
          </ns3:TrackPointExtension>
        </extensions>
      </trkpt>
      <trkpt lat="69.00218029506504535675048828125" lon="20.33508709631860256195068359375">
        <ele>628.5999755859375</ele>
        <time>2026-08-21T10:02:01.000Z</time>
        <extensions>
          <ns3:TrackPointExtension>
            <ns3:cad>0</ns3:cad>
          </ns3:TrackPointExtension>
        </extensions>
      </trkpt>
      <trkpt lat="69.0021552331745624542236328125" lon="20.335078798234462738037109375">
        <ele>627.5999755859375</ele>
        <time>2026-08-21T10:02:06.000Z</time>
        <extensions>
          <ns3:TrackPointExtension>
            <ns3:cad>0</ns3:cad>
          </ns3:TrackPointExtension>
        </extensions>
      </trkpt>
      <trkpt lat="69.00212614797055721282958984375" lon="20.335088185966014862060546875">
        <ele>627.4000244140625</ele>
        <time>2026-08-21T10:02:08.000Z</time>
        <extensions>
          <ns3:TrackPointExtension>
            <ns3:cad>0</ns3:cad>
          </ns3:TrackPointExtension>
        </extensions>
      </trkpt>
      <trkpt lat="69.00206462480127811431884765625" lon="20.3351242281496524810791015625">
        <ele>626.5999755859375</ele>
        <time>2026-08-21T10:02:14.000Z</time>
        <extensions>
          <ns3:TrackPointExtension>
            <ns3:cad>0</ns3:cad>
          </ns3:TrackPointExtension>
        </extensions>
      </trkpt>
      <trkpt lat="69.00205272249877452850341796875" lon="20.3351265750825405120849609375">
        <ele>626.5999755859375</ele>
        <time>2026-08-21T10:02:15.000Z</time>
        <extensions>
          <ns3:TrackPointExtension>
            <ns3:cad>0</ns3:cad>
          </ns3:TrackPointExtension>
        </extensions>
      </trkpt>
      <trkpt lat="69.002013914287090301513671875" lon="20.33506982959806919097900390625">
        <ele>625.79998779296875</ele>
        <time>2026-08-21T10:02:21.000Z</time>
        <extensions>
          <ns3:TrackPointExtension>
            <ns3:cad>0</ns3:cad>
          </ns3:TrackPointExtension>
        </extensions>
      </trkpt>
      <trkpt lat="69.00199136696755886077880859375" lon="20.3350212983787059783935546875">
        <ele>625.4000244140625</ele>
        <time>2026-08-21T10:02:24.000Z</time>
        <extensions>
          <ns3:TrackPointExtension>
            <ns3:cad>0</ns3:cad>
          </ns3:TrackPointExtension>
        </extensions>
      </trkpt>
      <trkpt lat="69.001991115510463714599609375" lon="20.33499506302177906036376953125">
        <ele>625.20001220703125</ele>
        <time>2026-08-21T10:02:26.000Z</time>
        <extensions>
          <ns3:TrackPointExtension>
            <ns3:cad>0</ns3:cad>
          </ns3:TrackPointExtension>
        </extensions>
      </trkpt>
      <trkpt lat="69.0019886009395122528076171875" lon="20.3349874354898929595947265625">
        <ele>625.20001220703125</ele>
        <time>2026-08-21T10:02:27.000Z</time>
        <extensions>
          <ns3:TrackPointExtension>
            <ns3:cad>0</ns3:cad>
          </ns3:TrackPointExtension>
        </extensions>
      </trkpt>
      <trkpt lat="69.00196823291480541229248046875" lon="20.33494208939373493194580078125">
        <ele>624.4000244140625</ele>
        <time>2026-08-21T10:02:31.000Z</time>
        <extensions>
          <ns3:TrackPointExtension>
            <ns3:cad>0</ns3:cad>
          </ns3:TrackPointExtension>
        </extensions>
      </trkpt>
      <trkpt lat="69.00195012800395488739013671875" lon="20.3349101543426513671875">
        <ele>623.79998779296875</ele>
        <time>2026-08-21T10:02:34.000Z</time>
        <extensions>
          <ns3:TrackPointExtension>
            <ns3:cad>0</ns3:cad>
          </ns3:TrackPointExtension>
        </extensions>
      </trkpt>
      <trkpt lat="69.00193311274051666259765625" lon="20.33488844521343708038330078125">
        <ele>623.4000244140625</ele>
        <time>2026-08-21T10:02:36.000Z</time>
        <extensions>
          <ns3:TrackPointExtension>
            <ns3:cad>0</ns3:cad>
          </ns3:TrackPointExtension>
        </extensions>
      </trkpt>
      <trkpt lat="69.00189195759594440460205078125" lon="20.33488928340375423431396484375">
        <ele>622.79998779296875</ele>
        <time>2026-08-21T10:02:40.000Z</time>
        <extensions>
          <ns3:TrackPointExtension>
            <ns3:cad>0</ns3:cad>
          </ns3:TrackPointExtension>
        </extensions>
      </trkpt>
      <trkpt lat="69.00185373611748218536376953125" lon="20.3348982520401477813720703125">
        <ele>622.20001220703125</ele>
        <time>2026-08-21T10:02:44.000Z</time>
        <extensions>
          <ns3:TrackPointExtension>
            <ns3:cad>0</ns3:cad>
          </ns3:TrackPointExtension>
        </extensions>
      </trkpt>
      <trkpt lat="69.00182984769344329833984375" lon="20.33490655012428760528564453125">
        <ele>621.79998779296875</ele>
        <time>2026-08-21T10:02:47.000Z</time>
        <extensions>
          <ns3:TrackPointExtension>
            <ns3:cad>51</ns3:cad>
          </ns3:TrackPointExtension>
        </extensions>
      </trkpt>
      <trkpt lat="69.001789279282093048095703125" lon="20.3349468670785427093505859375">
        <ele>621.20001220703125</ele>
        <time>2026-08-21T10:02:51.000Z</time>
        <extensions>
          <ns3:TrackPointExtension>
            <ns3:cad>51</ns3:cad>
          </ns3:TrackPointExtension>
        </extensions>
      </trkpt>
      <trkpt lat="69.001761786639690399169921875" lon="20.3349565900862216949462890625">
        <ele>620.79998779296875</ele>
        <time>2026-08-21T10:02:54.000Z</time>
        <extensions>
          <ns3:TrackPointExtension>
            <ns3:cad>0</ns3:cad>
          </ns3:TrackPointExtension>
        </extensions>
      </trkpt>
      <trkpt lat="69.00171660818159580230712890625" lon="20.33497578464448451995849609375">
        <ele>620</ele>
        <time>2026-08-21T10:02:59.000Z</time>
        <extensions>
          <ns3:TrackPointExtension>
            <ns3:cad>50</ns3:cad>
          </ns3:TrackPointExtension>
        </extensions>
      </trkpt>
      <trkpt lat="69.00168861262500286102294921875" lon="20.33496983349323272705078125">
        <ele>619.5999755859375</ele>
        <time>2026-08-21T10:03:02.000Z</time>
        <extensions>
          <ns3:TrackPointExtension>
            <ns3:cad>50</ns3:cad>
          </ns3:TrackPointExtension>
        </extensions>
      </trkpt>
      <trkpt lat="69.0016325376927852630615234375" lon="20.3349532373249530792236328125">
        <ele>619</ele>
        <time>2026-08-21T10:03:07.000Z</time>
        <extensions>
          <ns3:TrackPointExtension>
            <ns3:cad>50</ns3:cad>
          </ns3:TrackPointExtension>
        </extensions>
      </trkpt>
      <trkpt lat="69.00162222795188426971435546875" lon="20.33495868556201457977294921875">
        <ele>618.5999755859375</ele>
        <time>2026-08-21T10:03:09.000Z</time>
        <extensions>
          <ns3:TrackPointExtension>
            <ns3:cad>50</ns3:cad>
          </ns3:TrackPointExtension>
        </extensions>
      </trkpt>
      <trkpt lat="69.0015824139118194580078125" lon="20.3349337913095951080322265625">
        <ele>617.79998779296875</ele>
        <time>2026-08-21T10:03:13.000Z</time>
        <extensions>
          <ns3:TrackPointExtension>
            <ns3:cad>0</ns3:cad>
          </ns3:TrackPointExtension>
        </extensions>
      </trkpt>
      <trkpt lat="69.001565314829349517822265625" lon="20.334920547902584075927734375">
        <ele>617.5999755859375</ele>
        <time>2026-08-21T10:03:15.000Z</time>
        <extensions>
          <ns3:TrackPointExtension>
            <ns3:cad>0</ns3:cad>
          </ns3:TrackPointExtension>
        </extensions>
      </trkpt>
      <trkpt lat="69.0015326254069805145263671875" lon="20.33494192175567150115966796875">
        <ele>617</ele>
        <time>2026-08-21T10:03:20.000Z</time>
        <extensions>
          <ns3:TrackPointExtension>
            <ns3:cad>0</ns3:cad>
          </ns3:TrackPointExtension>
        </extensions>
      </trkpt>
      <trkpt lat="69.0015269257128238677978515625" lon="20.3349347971379756927490234375">
        <ele>616.79998779296875</ele>
        <time>2026-08-21T10:03:21.000Z</time>
        <extensions>
          <ns3:TrackPointExtension>
            <ns3:cad>0</ns3:cad>
          </ns3:TrackPointExtension>
        </extensions>
      </trkpt>
      <trkpt lat="69.001471437513828277587890625" lon="20.334914512932300567626953125">
        <ele>616.20001220703125</ele>
        <time>2026-08-21T10:03:27.000Z</time>
        <extensions>
          <ns3:TrackPointExtension>
            <ns3:cad>0</ns3:cad>
          </ns3:TrackPointExtension>
        </extensions>
      </trkpt>
      <trkpt lat="69.0014340542256832122802734375" lon="20.33490319736301898956298828125">
        <ele>615.79998779296875</ele>
        <time>2026-08-21T10:03:30.000Z</time>
        <extensions>
          <ns3:TrackPointExtension>
            <ns3:cad>0</ns3:cad>
          </ns3:TrackPointExtension>
        </extensions>
      </trkpt>
      <trkpt lat="69.0013857744634151458740234375" lon="20.33489146269857883453369140625">
        <ele>615.20001220703125</ele>
        <time>2026-08-21T10:03:34.000Z</time>
        <extensions>
          <ns3:TrackPointExtension>
            <ns3:cad>0</ns3:cad>
          </ns3:TrackPointExtension>
        </extensions>
      </trkpt>
      <trkpt lat="69.0013328008353710174560546875" lon="20.33486598171293735504150390625">
        <ele>614.79998779296875</ele>
        <time>2026-08-21T10:03:40.000Z</time>
        <extensions>
          <ns3:TrackPointExtension>
            <ns3:cad>50</ns3:cad>
          </ns3:TrackPointExtension>
        </extensions>
      </trkpt>
      <trkpt lat="69.00132182054221630096435546875" lon="20.334858857095241546630859375">
        <ele>614.5999755859375</ele>
        <time>2026-08-21T10:03:41.000Z</time>
        <extensions>
          <ns3:TrackPointExtension>
            <ns3:cad>50</ns3:cad>
          </ns3:TrackPointExtension>
        </extensions>
      </trkpt>
      <trkpt lat="69.00126163847744464874267578125" lon="20.33479909412562847137451171875">
        <ele>614.5999755859375</ele>
        <time>2026-08-21T10:03:47.000Z</time>
        <extensions>
          <ns3:TrackPointExtension>
            <ns3:cad>51</ns3:cad>
          </ns3:TrackPointExtension>
        </extensions>
      </trkpt>
      <trkpt lat="69.00121117942035198211669921875" lon="20.334764309227466583251953125">
        <ele>614.5999755859375</ele>
        <time>2026-08-21T10:03:52.000Z</time>
        <extensions>
          <ns3:TrackPointExtension>
            <ns3:cad>49</ns3:cad>
          </ns3:TrackPointExtension>
        </extensions>
      </trkpt>
      <trkpt lat="69.00115200318396091461181640625" lon="20.33473740331828594207763671875">
        <ele>614.4000244140625</ele>
        <time>2026-08-21T10:03:58.000Z</time>
        <extensions>
          <ns3:TrackPointExtension>
            <ns3:cad>49</ns3:cad>
          </ns3:TrackPointExtension>
        </extensions>
      </trkpt>
      <trkpt lat="69.00108830071985721588134765625" lon="20.334746539592742919921875">
        <ele>614.5999755859375</ele>
        <time>2026-08-21T10:04:04.000Z</time>
        <extensions>
          <ns3:TrackPointExtension>
            <ns3:cad>50</ns3:cad>
          </ns3:TrackPointExtension>
        </extensions>
      </trkpt>
      <trkpt lat="69.00102258659899234771728515625" lon="20.33469499088823795318603515625">
        <ele>614.79998779296875</ele>
        <time>2026-08-21T10:04:11.000Z</time>
        <extensions>
          <ns3:TrackPointExtension>
            <ns3:cad>49</ns3:cad>
          </ns3:TrackPointExtension>
        </extensions>
      </trkpt>
      <trkpt lat="69.0009777434170246124267578125" lon="20.334682166576385498046875">
        <ele>615.20001220703125</ele>
        <time>2026-08-21T10:04:16.000Z</time>
        <extensions>
          <ns3:TrackPointExtension>
            <ns3:cad>47</ns3:cad>
          </ns3:TrackPointExtension>
        </extensions>
      </trkpt>
      <trkpt lat="69.0009723789989948272705078125" lon="20.3347158618271350860595703125">
        <ele>615.20001220703125</ele>
        <time>2026-08-21T10:04:17.000Z</time>
        <extensions>
          <ns3:TrackPointExtension>
            <ns3:cad>47</ns3:cad>
          </ns3:TrackPointExtension>
        </extensions>
      </trkpt>
      <trkpt lat="69.0009455569088459014892578125" lon="20.3348026983439922332763671875">
        <ele>615</ele>
        <time>2026-08-21T10:04:21.000Z</time>
        <extensions>
          <ns3:TrackPointExtension>
            <ns3:cad>0</ns3:cad>
          </ns3:TrackPointExtension>
        </extensions>
      </trkpt>
      <trkpt lat="69.0009324811398983001708984375" lon="20.33481870777904987335205078125">
        <ele>615</ele>
        <time>2026-08-21T10:04:25.000Z</time>
        <extensions>
          <ns3:TrackPointExtension>
            <ns3:cad>0</ns3:cad>
          </ns3:TrackPointExtension>
        </extensions>
      </trkpt>
      <trkpt lat="69.000929631292819976806640625" lon="20.334795825183391571044921875">
        <ele>615</ele>
        <time>2026-08-21T10:04:26.000Z</time>
        <extensions>
          <ns3:TrackPointExtension>
            <ns3:cad>0</ns3:cad>
          </ns3:TrackPointExtension>
        </extensions>
      </trkpt>
      <trkpt lat="69.0009314753115177154541015625" lon="20.33477361313998699188232421875">
        <ele>615.20001220703125</ele>
        <time>2026-08-21T10:04:27.000Z</time>
        <extensions>
          <ns3:TrackPointExtension>
            <ns3:cad>0</ns3:cad>
          </ns3:TrackPointExtension>
        </extensions>
      </trkpt>
      <trkpt lat="69.0009063296020030975341796875" lon="20.33464168198406696319580078125">
        <ele>615</ele>
        <time>2026-08-21T10:04:32.000Z</time>
        <extensions>
          <ns3:TrackPointExtension>
            <ns3:cad>0</ns3:cad>
          </ns3:TrackPointExtension>
        </extensions>
      </trkpt>
      <trkpt lat="69.0008714608848094940185546875" lon="20.33459977246820926666259765625">
        <ele>615</ele>
        <time>2026-08-21T10:04:36.000Z</time>
        <extensions>
          <ns3:TrackPointExtension>
            <ns3:cad>0</ns3:cad>
          </ns3:TrackPointExtension>
        </extensions>
      </trkpt>
      <trkpt lat="69.00083416141569614410400390625" lon="20.33461636863648891448974609375">
        <ele>614.79998779296875</ele>
        <time>2026-08-21T10:04:39.000Z</time>
        <extensions>
          <ns3:TrackPointExtension>
            <ns3:cad>47</ns3:cad>
          </ns3:TrackPointExtension>
        </extensions>
      </trkpt>
      <trkpt lat="69.0007708780467510223388671875" lon="20.334640927612781524658203125">
        <ele>613.79998779296875</ele>
        <time>2026-08-21T10:04:46.000Z</time>
        <extensions>
          <ns3:TrackPointExtension>
            <ns3:cad>0</ns3:cad>
          </ns3:TrackPointExtension>
        </extensions>
      </trkpt>
      <trkpt lat="69.00074757635593414306640625" lon="20.33466699533164501190185546875">
        <ele>613.5999755859375</ele>
        <time>2026-08-21T10:04:48.000Z</time>
        <extensions>
          <ns3:TrackPointExtension>
            <ns3:cad>0</ns3:cad>
          </ns3:TrackPointExtension>
        </extensions>
      </trkpt>
      <trkpt lat="69.000694267451763153076171875" lon="20.33468174748122692108154296875">
        <ele>613.20001220703125</ele>
        <time>2026-08-21T10:04:53.000Z</time>
        <extensions>
          <ns3:TrackPointExtension>
            <ns3:cad>0</ns3:cad>
          </ns3:TrackPointExtension>
        </extensions>
      </trkpt>
      <trkpt lat="69.00063349865376949310302734375" lon="20.334700606763362884521484375">
        <ele>612.79998779296875</ele>
        <time>2026-08-21T10:04:59.000Z</time>
        <extensions>
          <ns3:TrackPointExtension>
            <ns3:cad>0</ns3:cad>
          </ns3:TrackPointExtension>
        </extensions>
      </trkpt>
      <trkpt lat="69.0006233565509319305419921875" lon="20.33469733782112598419189453125">
        <ele>612.5999755859375</ele>
        <time>2026-08-21T10:05:01.000Z</time>
        <extensions>
          <ns3:TrackPointExtension>
            <ns3:cad>0</ns3:cad>
          </ns3:TrackPointExtension>
        </extensions>
      </trkpt>
      <trkpt lat="69.00057281367480754852294921875" lon="20.33471108414232730865478515625">
        <ele>612</ele>
        <time>2026-08-21T10:05:05.000Z</time>
        <extensions>
          <ns3:TrackPointExtension>
            <ns3:cad>0</ns3:cad>
          </ns3:TrackPointExtension>
        </extensions>
      </trkpt>
      <trkpt lat="69.00055839680135250091552734375" lon="20.33474645577371120452880859375">
        <ele>611.5999755859375</ele>
        <time>2026-08-21T10:05:07.000Z</time>
        <extensions>
          <ns3:TrackPointExtension>
            <ns3:cad>51</ns3:cad>
          </ns3:TrackPointExtension>
        </extensions>
      </trkpt>
      <trkpt lat="69.000546745955944061279296875" lon="20.334742181003093719482421875">
        <ele>611.4000244140625</ele>
        <time>2026-08-21T10:05:08.000Z</time>
        <extensions>
          <ns3:TrackPointExtension>
            <ns3:cad>51</ns3:cad>
          </ns3:TrackPointExtension>
        </extensions>
      </trkpt>
      <trkpt lat="69.00052906014025211334228515625" lon="20.3347309492528438568115234375">
        <ele>611.4000244140625</ele>
        <time>2026-08-21T10:05:10.000Z</time>
        <extensions>
          <ns3:TrackPointExtension>
            <ns3:cad>51</ns3:cad>
          </ns3:TrackPointExtension>
        </extensions>
      </trkpt>
      <trkpt lat="69.0004644356667995452880859375" lon="20.33477009274065494537353515625">
        <ele>610.79998779296875</ele>
        <time>2026-08-21T10:05:17.000Z</time>
        <extensions>
          <ns3:TrackPointExtension>
            <ns3:cad>0</ns3:cad>
          </ns3:TrackPointExtension>
        </extensions>
      </trkpt>
      <trkpt lat="69.0004369430243968963623046875" lon="20.33476590178906917572021484375">
        <ele>610.4000244140625</ele>
        <time>2026-08-21T10:05:20.000Z</time>
        <extensions>
          <ns3:TrackPointExtension>
            <ns3:cad>48</ns3:cad>
          </ns3:TrackPointExtension>
        </extensions>
      </trkpt>
      <trkpt lat="69.00038874708116054534912109375" lon="20.33477076329290866851806640625">
        <ele>610.20001220703125</ele>
        <time>2026-08-21T10:05:24.000Z</time>
        <extensions>
          <ns3:TrackPointExtension>
            <ns3:cad>51</ns3:cad>
          </ns3:TrackPointExtension>
        </extensions>
      </trkpt>
      <trkpt lat="69.00033594109117984771728515625" lon="20.334712676703929901123046875">
        <ele>610</ele>
        <time>2026-08-21T10:05:30.000Z</time>
        <extensions>
          <ns3:TrackPointExtension>
            <ns3:cad>49</ns3:cad>
          </ns3:TrackPointExtension>
        </extensions>
      </trkpt>
      <trkpt lat="69.00028883479535579681396484375" lon="20.3346716053783893585205078125">
        <ele>609.4000244140625</ele>
        <time>2026-08-21T10:05:36.000Z</time>
        <extensions>
          <ns3:TrackPointExtension>
            <ns3:cad>0</ns3:cad>
          </ns3:TrackPointExtension>
        </extensions>
      </trkpt>
      <trkpt lat="69.00028078816831111907958984375" lon="20.33465442247688770294189453125">
        <ele>609.4000244140625</ele>
        <time>2026-08-21T10:05:37.000Z</time>
        <extensions>
          <ns3:TrackPointExtension>
            <ns3:cad>0</ns3:cad>
          </ns3:TrackPointExtension>
        </extensions>
      </trkpt>
      <trkpt lat="69.0002481825649738311767578125" lon="20.33461980521678924560546875">
        <ele>608.5999755859375</ele>
        <time>2026-08-21T10:05:41.000Z</time>
        <extensions>
          <ns3:TrackPointExtension>
            <ns3:cad>0</ns3:cad>
          </ns3:TrackPointExtension>
        </extensions>
      </trkpt>
      <trkpt lat="69.0002354420721530914306640625" lon="20.334615446627140045166015625">
        <ele>608.20001220703125</ele>
        <time>2026-08-21T10:05:42.000Z</time>
        <extensions>
          <ns3:TrackPointExtension>
            <ns3:cad>56</ns3:cad>
          </ns3:TrackPointExtension>
        </extensions>
      </trkpt>
      <trkpt lat="69.0001828037202358245849609375" lon="20.334589965641498565673828125">
        <ele>608</ele>
        <time>2026-08-21T10:05:47.000Z</time>
        <extensions>
          <ns3:TrackPointExtension>
            <ns3:cad>56</ns3:cad>
          </ns3:TrackPointExtension>
        </extensions>
      </trkpt>
      <trkpt lat="69.00013242848217487335205078125" lon="20.33454629592597484588623046875">
        <ele>608</ele>
        <time>2026-08-21T10:05:53.000Z</time>
        <extensions>
          <ns3:TrackPointExtension>
            <ns3:cad>48</ns3:cad>
          </ns3:TrackPointExtension>
        </extensions>
      </trkpt>
      <trkpt lat="69.00006604380905628204345703125" lon="20.334508158266544342041015625">
        <ele>608</ele>
        <time>2026-08-21T10:05:59.000Z</time>
        <extensions>
          <ns3:TrackPointExtension>
            <ns3:cad>47</ns3:cad>
          </ns3:TrackPointExtension>
        </extensions>
      </trkpt>
      <trkpt lat="68.9999945461750030517578125" lon="20.3344984352588653564453125">
        <ele>607.4000244140625</ele>
        <time>2026-08-21T10:06:06.000Z</time>
        <extensions>
          <ns3:TrackPointExtension>
            <ns3:cad>0</ns3:cad>
          </ns3:TrackPointExtension>
        </extensions>
      </trkpt>
      <trkpt lat="68.99997820146381855010986328125" lon="20.3345019556581974029541015625">
        <ele>607.20001220703125</ele>
        <time>2026-08-21T10:06:09.000Z</time>
        <extensions>
          <ns3:TrackPointExtension>
            <ns3:cad>51</ns3:cad>
          </ns3:TrackPointExtension>
        </extensions>
      </trkpt>
      <trkpt lat="68.9999494515359401702880859375" lon="20.33448443748056888580322265625">
        <ele>606.5999755859375</ele>
        <time>2026-08-21T10:06:13.000Z</time>
        <extensions>
          <ns3:TrackPointExtension>
            <ns3:cad>50</ns3:cad>
          </ns3:TrackPointExtension>
        </extensions>
      </trkpt>
      <trkpt lat="68.99990980513393878936767578125" lon="20.334479995071887969970703125">
        <ele>606</ele>
        <time>2026-08-21T10:06:17.000Z</time>
        <extensions>
          <ns3:TrackPointExtension>
            <ns3:cad>50</ns3:cad>
          </ns3:TrackPointExtension>
        </extensions>
      </trkpt>
      <trkpt lat="68.99986471049487590789794921875" lon="20.33448175527155399322509765625">
        <ele>605.4000244140625</ele>
        <time>2026-08-21T10:06:21.000Z</time>
        <extensions>
          <ns3:TrackPointExtension>
            <ns3:cad>50</ns3:cad>
          </ns3:TrackPointExtension>
        </extensions>
      </trkpt>
      <trkpt lat="68.9998401515185832977294921875" lon="20.33449382521212100982666015625">
        <ele>605</ele>
        <time>2026-08-21T10:06:24.000Z</time>
        <extensions>
          <ns3:TrackPointExtension>
            <ns3:cad>49</ns3:cad>
          </ns3:TrackPointExtension>
        </extensions>
      </trkpt>
      <trkpt lat="68.9998014271259307861328125" lon="20.33452567644417285919189453125">
        <ele>604.79998779296875</ele>
        <time>2026-08-21T10:06:27.000Z</time>
        <extensions>
          <ns3:TrackPointExtension>
            <ns3:cad>50</ns3:cad>
          </ns3:TrackPointExtension>
        </extensions>
      </trkpt>
      <trkpt lat="68.99977267719805240631103515625" lon="20.33456775359809398651123046875">
        <ele>604.4000244140625</ele>
        <time>2026-08-21T10:06:33.000Z</time>
        <extensions>
          <ns3:TrackPointExtension>
            <ns3:cad>0</ns3:cad>
          </ns3:TrackPointExtension>
        </extensions>
      </trkpt>
      <trkpt lat="68.99974711239337921142578125" lon="20.33458351157605648040771484375">
        <ele>603.79998779296875</ele>
        <time>2026-08-21T10:06:37.000Z</time>
        <extensions>
          <ns3:TrackPointExtension>
            <ns3:cad>0</ns3:cad>
          </ns3:TrackPointExtension>
        </extensions>
      </trkpt>
      <trkpt lat="68.99974350817501544952392578125" lon="20.3346068970859050750732421875">
        <ele>603.5999755859375</ele>
        <time>2026-08-21T10:06:39.000Z</time>
        <extensions>
          <ns3:TrackPointExtension>
            <ns3:cad>0</ns3:cad>
          </ns3:TrackPointExtension>
        </extensions>
      </trkpt>
      <trkpt lat="68.99974040687084197998046875" lon="20.3346196375787258148193359375">
        <ele>603.4000244140625</ele>
        <time>2026-08-21T10:06:40.000Z</time>
        <extensions>
          <ns3:TrackPointExtension>
            <ns3:cad>0</ns3:cad>
          </ns3:TrackPointExtension>
        </extensions>
      </trkpt>
      <trkpt lat="68.9997261576354503631591796875" lon="20.33460647799074649810791015625">
        <ele>602.5999755859375</ele>
        <time>2026-08-21T10:06:43.000Z</time>
        <extensions>
          <ns3:TrackPointExtension>
            <ns3:cad>61</ns3:cad>
          </ns3:TrackPointExtension>
        </extensions>
      </trkpt>
      <trkpt lat="68.99971199221909046173095703125" lon="20.3346169553697109222412109375">
        <ele>601.79998779296875</ele>
        <time>2026-08-21T10:06:46.000Z</time>
        <extensions>
          <ns3:TrackPointExtension>
            <ns3:cad>61</ns3:cad>
          </ns3:TrackPointExtension>
        </extensions>
      </trkpt>
      <trkpt lat="68.99969841353595256805419921875" lon="20.33462441526353359222412109375">
        <ele>601.5999755859375</ele>
        <time>2026-08-21T10:06:48.000Z</time>
        <extensions>
          <ns3:TrackPointExtension>
            <ns3:cad>0</ns3:cad>
          </ns3:TrackPointExtension>
        </extensions>
      </trkpt>
      <trkpt lat="68.9996497146785259246826171875" lon="20.334626175463199615478515625">
        <ele>600.4000244140625</ele>
        <time>2026-08-21T10:06:53.000Z</time>
        <extensions>
          <ns3:TrackPointExtension>
            <ns3:cad>0</ns3:cad>
          </ns3:TrackPointExtension>
        </extensions>
      </trkpt>
      <trkpt lat="68.99958617985248565673828125" lon="20.3346097469329833984375">
        <ele>599.5999755859375</ele>
        <time>2026-08-21T10:07:00.000Z</time>
        <extensions>
          <ns3:TrackPointExtension>
            <ns3:cad>0</ns3:cad>
          </ns3:TrackPointExtension>
        </extensions>
      </trkpt>
      <trkpt lat="68.99956329725682735443115234375" lon="20.33459926955401897430419921875">
        <ele>599.20001220703125</ele>
        <time>2026-08-21T10:07:02.000Z</time>
        <extensions>
          <ns3:TrackPointExtension>
            <ns3:cad>0</ns3:cad>
          </ns3:TrackPointExtension>
        </extensions>
      </trkpt>
      <trkpt lat="68.9995139278471469879150390625" lon="20.3345453739166259765625">
        <ele>598.5999755859375</ele>
        <time>2026-08-21T10:07:07.000Z</time>
        <extensions>
          <ns3:TrackPointExtension>
            <ns3:cad>0</ns3:cad>
          </ns3:TrackPointExtension>
        </extensions>
      </trkpt>
      <trkpt lat="68.99946288205683231353759765625" lon="20.3344823420047760009765625">
        <ele>598.4000244140625</ele>
        <time>2026-08-21T10:07:13.000Z</time>
        <extensions>
          <ns3:TrackPointExtension>
            <ns3:cad>48</ns3:cad>
          </ns3:TrackPointExtension>
        </extensions>
      </trkpt>
      <trkpt lat="68.9993824996054172515869140625" lon="20.33450656570494174957275390625">
        <ele>598.4000244140625</ele>
        <time>2026-08-21T10:07:22.000Z</time>
        <extensions>
          <ns3:TrackPointExtension>
            <ns3:cad>50</ns3:cad>
          </ns3:TrackPointExtension>
        </extensions>
      </trkpt>
      <trkpt lat="68.9993171207606792449951171875" lon="20.33454696647822856903076171875">
        <ele>598.20001220703125</ele>
        <time>2026-08-21T10:07:28.000Z</time>
        <extensions>
          <ns3:TrackPointExtension>
            <ns3:cad>48</ns3:cad>
          </ns3:TrackPointExtension>
        </extensions>
      </trkpt>
      <trkpt lat="68.99926071055233478546142578125" lon="20.33462190069258213043212890625">
        <ele>598.5999755859375</ele>
        <time>2026-08-21T10:07:34.000Z</time>
        <extensions>
          <ns3:TrackPointExtension>
            <ns3:cad>50</ns3:cad>
          </ns3:TrackPointExtension>
        </extensions>
      </trkpt>
      <trkpt lat="68.9992202259600162506103515625" lon="20.334722064435482025146484375">
        <ele>598.5999755859375</ele>
        <time>2026-08-21T10:07:40.000Z</time>
        <extensions>
          <ns3:TrackPointExtension>
            <ns3:cad>49</ns3:cad>
          </ns3:TrackPointExtension>
        </extensions>
      </trkpt>
      <trkpt lat="68.99917873553931713104248046875" lon="20.33476472832262516021728515625">
        <ele>598.79998779296875</ele>
        <time>2026-08-21T10:07:46.000Z</time>
        <extensions>
          <ns3:TrackPointExtension>
            <ns3:cad>0</ns3:cad>
          </ns3:TrackPointExtension>
        </extensions>
      </trkpt>
      <trkpt lat="68.99911235086619853973388671875" lon="20.33481652848422527313232421875">
        <ele>598.5999755859375</ele>
        <time>2026-08-21T10:07:51.000Z</time>
        <extensions>
          <ns3:TrackPointExtension>
            <ns3:cad>44</ns3:cad>
          </ns3:TrackPointExtension>
        </extensions>
      </trkpt>
      <trkpt lat="68.99905619211494922637939453125" lon="20.3348204679787158966064453125">
        <ele>598.5999755859375</ele>
        <time>2026-08-21T10:07:58.000Z</time>
        <extensions>
          <ns3:TrackPointExtension>
            <ns3:cad>0</ns3:cad>
          </ns3:TrackPointExtension>
        </extensions>
      </trkpt>
      <trkpt lat="68.9990106783807277679443359375" lon="20.33492197282612323760986328125">
        <ele>598.4000244140625</ele>
        <time>2026-08-21T10:08:05.000Z</time>
        <extensions>
          <ns3:TrackPointExtension>
            <ns3:cad>0</ns3:cad>
          </ns3:TrackPointExtension>
        </extensions>
      </trkpt>
      <trkpt lat="68.9989996142685413360595703125" lon="20.33493991009891033172607421875">
        <ele>598.5999755859375</ele>
        <time>2026-08-21T10:08:10.000Z</time>
        <extensions>
          <ns3:TrackPointExtension>
            <ns3:cad>0</ns3:cad>
          </ns3:TrackPointExtension>
        </extensions>
      </trkpt>
      <trkpt lat="68.9990076608955860137939453125" lon="20.3349220566451549530029296875">
        <ele>598.4000244140625</ele>
        <time>2026-08-21T10:08:17.000Z</time>
        <extensions>
          <ns3:TrackPointExtension>
            <ns3:cad>0</ns3:cad>
          </ns3:TrackPointExtension>
        </extensions>
      </trkpt>
      <trkpt lat="68.99900950491428375244140625" lon="20.3349156863987445831298828125">
        <ele>598.5999755859375</ele>
        <time>2026-08-21T10:08:22.000Z</time>
        <extensions>
          <ns3:TrackPointExtension>
            <ns3:cad>0</ns3:cad>
          </ns3:TrackPointExtension>
        </extensions>
      </trkpt>
      <trkpt lat="68.9990301243960857391357421875" lon="20.33490478992462158203125">
        <ele>598.4000244140625</ele>
        <time>2026-08-21T10:08:29.000Z</time>
        <extensions>
          <ns3:TrackPointExtension>
            <ns3:cad>0</ns3:cad>
          </ns3:TrackPointExtension>
        </extensions>
      </trkpt>
      <trkpt lat="68.9990364946424961090087890625" lon="20.3349391557276248931884765625">
        <ele>598.4000244140625</ele>
        <time>2026-08-21T10:08:35.000Z</time>
        <extensions>
          <ns3:TrackPointExtension>
            <ns3:cad>0</ns3:cad>
          </ns3:TrackPointExtension>
        </extensions>
      </trkpt>
      <trkpt lat="68.99903976358473300933837890625" lon="20.33489313907921314239501953125">
        <ele>598.4000244140625</ele>
        <time>2026-08-21T10:17:53.000Z</time>
        <extensions>
          <ns3:TrackPointExtension>
            <ns3:cad>0</ns3:cad>
          </ns3:TrackPointExtension>
        </extensions>
      </trkpt>
      <trkpt lat="68.9990120194852352142333984375" lon="20.3348610363900661468505859375">
        <ele>598.20001220703125</ele>
        <time>2026-08-21T10:17:59.000Z</time>
        <extensions>
          <ns3:TrackPointExtension>
            <ns3:cad>0</ns3:cad>
          </ns3:TrackPointExtension>
        </extensions>
      </trkpt>
      <trkpt lat="68.99900573305785655975341796875" lon="20.33484318293631076812744140625">
        <ele>598.20001220703125</ele>
        <time>2026-08-21T10:18:00.000Z</time>
        <extensions>
          <ns3:TrackPointExtension>
            <ns3:cad>0</ns3:cad>
          </ns3:TrackPointExtension>
        </extensions>
      </trkpt>
      <trkpt lat="68.99897438473999500274658203125" lon="20.33471695147454738616943359375">
        <ele>598.20001220703125</ele>
        <time>2026-08-21T10:18:05.000Z</time>
        <extensions>
          <ns3:TrackPointExtension>
            <ns3:cad>43</ns3:cad>
          </ns3:TrackPointExtension>
        </extensions>
      </trkpt>
      <trkpt lat="68.99889090098440647125244140625" lon="20.33461016602814197540283203125">
        <ele>598</ele>
        <time>2026-08-21T10:18:13.000Z</time>
        <extensions>
          <ns3:TrackPointExtension>
            <ns3:cad>46</ns3:cad>
          </ns3:TrackPointExtension>
        </extensions>
      </trkpt>
      <trkpt lat="68.9988661743700504302978515625" lon="20.3345713578164577484130859375">
        <ele>598</ele>
        <time>2026-08-21T10:18:20.000Z</time>
        <extensions>
          <ns3:TrackPointExtension>
            <ns3:cad>0</ns3:cad>
          </ns3:TrackPointExtension>
        </extensions>
      </trkpt>
      <trkpt lat="68.99885930120944976806640625" lon="20.33462927676737308502197265625">
        <ele>598</ele>
        <time>2026-08-21T10:18:29.000Z</time>
        <extensions>
          <ns3:TrackPointExtension>
            <ns3:cad>0</ns3:cad>
          </ns3:TrackPointExtension>
        </extensions>
      </trkpt>
      <trkpt lat="68.99885485880076885223388671875" lon="20.33466934226453304290771484375">
        <ele>597.79998779296875</ele>
        <time>2026-08-21T10:18:35.000Z</time>
        <extensions>
          <ns3:TrackPointExtension>
            <ns3:cad>0</ns3:cad>
          </ns3:TrackPointExtension>
        </extensions>
      </trkpt>
      <trkpt lat="68.99885301478207111358642578125" lon="20.33477243967354297637939453125">
        <ele>598</ele>
        <time>2026-08-21T10:18:41.000Z</time>
        <extensions>
          <ns3:TrackPointExtension>
            <ns3:cad>0</ns3:cad>
          </ns3:TrackPointExtension>
        </extensions>
      </trkpt>
      <trkpt lat="68.99883323349058628082275390625" lon="20.33484217710793018341064453125">
        <ele>598</ele>
        <time>2026-08-21T10:18:47.000Z</time>
        <extensions>
          <ns3:TrackPointExtension>
            <ns3:cad>0</ns3:cad>
          </ns3:TrackPointExtension>
        </extensions>
      </trkpt>
      <trkpt lat="68.9988224208354949951171875" lon="20.33492012880742549896240234375">
        <ele>597.79998779296875</ele>
        <time>2026-08-21T10:18:53.000Z</time>
        <extensions>
          <ns3:TrackPointExtension>
            <ns3:cad>0</ns3:cad>
          </ns3:TrackPointExtension>
        </extensions>
      </trkpt>
      <trkpt lat="68.99879895150661468505859375" lon="20.3350652195513248443603515625">
        <ele>597.79998779296875</ele>
        <time>2026-08-21T10:19:00.000Z</time>
        <extensions>
          <ns3:TrackPointExtension>
            <ns3:cad>0</ns3:cad>
          </ns3:TrackPointExtension>
        </extensions>
      </trkpt>
      <trkpt lat="68.99878964759409427642822265625" lon="20.33513537608087062835693359375">
        <ele>598</ele>
        <time>2026-08-21T10:19:05.000Z</time>
        <extensions>
          <ns3:TrackPointExtension>
            <ns3:cad>0</ns3:cad>
          </ns3:TrackPointExtension>
        </extensions>
      </trkpt>
      <trkpt lat="68.99879157543182373046875" lon="20.33514685928821563720703125">
        <ele>598</ele>
        <time>2026-08-21T10:19:12.000Z</time>
        <extensions>
          <ns3:TrackPointExtension>
            <ns3:cad>0</ns3:cad>
          </ns3:TrackPointExtension>
        </extensions>
      </trkpt>
      <trkpt lat="68.9987982809543609619140625" lon="20.3352549858391284942626953125">
        <ele>598</ele>
        <time>2026-08-21T10:19:19.000Z</time>
        <extensions>
          <ns3:TrackPointExtension>
            <ns3:cad>0</ns3:cad>
          </ns3:TrackPointExtension>
        </extensions>
      </trkpt>
      <trkpt lat="68.998754024505615234375" lon="20.33538884483277797698974609375">
        <ele>598.20001220703125</ele>
        <time>2026-08-21T10:19:25.000Z</time>
        <extensions>
          <ns3:TrackPointExtension>
            <ns3:cad>52</ns3:cad>
          </ns3:TrackPointExtension>
        </extensions>
      </trkpt>
      <trkpt lat="68.99870314635336399078369140625" lon="20.33546377904713153839111328125">
        <ele>598.20001220703125</ele>
        <time>2026-08-21T10:19:30.000Z</time>
        <extensions>
          <ns3:TrackPointExtension>
            <ns3:cad>48</ns3:cad>
          </ns3:TrackPointExtension>
        </extensions>
      </trkpt>
      <trkpt lat="68.9986381866037845611572265625" lon="20.3355423174798488616943359375">
        <ele>598.20001220703125</ele>
        <time>2026-08-21T10:19:36.000Z</time>
        <extensions>
          <ns3:TrackPointExtension>
            <ns3:cad>49</ns3:cad>
          </ns3:TrackPointExtension>
        </extensions>
      </trkpt>
      <trkpt lat="68.99857188574969768524169921875" lon="20.33557794056832790374755859375">
        <ele>598.20001220703125</ele>
        <time>2026-08-21T10:19:43.000Z</time>
        <extensions>
          <ns3:TrackPointExtension>
            <ns3:cad>47</ns3:cad>
          </ns3:TrackPointExtension>
        </extensions>
      </trkpt>
      <trkpt lat="68.9985624141991138458251953125" lon="20.33564616926014423370361328125">
        <ele>598.4000244140625</ele>
        <time>2026-08-21T10:19:47.000Z</time>
        <extensions>
          <ns3:TrackPointExtension>
            <ns3:cad>0</ns3:cad>
          </ns3:TrackPointExtension>
        </extensions>
      </trkpt>
      <trkpt lat="68.99855646304786205291748046875" lon="20.33567114733159542083740234375">
        <ele>598.4000244140625</ele>
        <time>2026-08-21T10:19:48.000Z</time>
        <extensions>
          <ns3:TrackPointExtension>
            <ns3:cad>0</ns3:cad>
          </ns3:TrackPointExtension>
        </extensions>
      </trkpt>
      <trkpt lat="68.99855528958141803741455078125" lon="20.33579955808818340301513671875">
        <ele>598.5999755859375</ele>
        <time>2026-08-21T10:19:53.000Z</time>
        <extensions>
          <ns3:TrackPointExtension>
            <ns3:cad>0</ns3:cad>
          </ns3:TrackPointExtension>
        </extensions>
      </trkpt>
      <trkpt lat="68.998537100851535797119140625" lon="20.335953533649444580078125">
        <ele>598.79998779296875</ele>
        <time>2026-08-21T10:19:59.000Z</time>
        <extensions>
          <ns3:TrackPointExtension>
            <ns3:cad>0</ns3:cad>
          </ns3:TrackPointExtension>
        </extensions>
      </trkpt>
      <trkpt lat="68.99852134287357330322265625" lon="20.3359617479145526885986328125">
        <ele>598.79998779296875</ele>
        <time>2026-08-21T10:20:00.000Z</time>
        <extensions>
          <ns3:TrackPointExtension>
            <ns3:cad>0</ns3:cad>
          </ns3:TrackPointExtension>
        </extensions>
      </trkpt>
      <trkpt lat="68.99849477224051952362060546875" lon="20.335969291627407073974609375">
        <ele>598.79998779296875</ele>
        <time>2026-08-21T10:20:03.000Z</time>
        <extensions>
          <ns3:TrackPointExtension>
            <ns3:cad>0</ns3:cad>
          </ns3:TrackPointExtension>
        </extensions>
      </trkpt>
      <trkpt lat="68.99844917468726634979248046875" lon="20.3359468281269073486328125">
        <ele>599</ele>
        <time>2026-08-21T10:20:09.000Z</time>
        <extensions>
          <ns3:TrackPointExtension>
            <ns3:cad>0</ns3:cad>
          </ns3:TrackPointExtension>
        </extensions>
      </trkpt>
      <trkpt lat="68.99844087660312652587890625" lon="20.33593417145311832427978515625">
        <ele>598.79998779296875</ele>
        <time>2026-08-21T10:20:13.000Z</time>
        <extensions>
          <ns3:TrackPointExtension>
            <ns3:cad>0</ns3:cad>
          </ns3:TrackPointExtension>
        </extensions>
      </trkpt>
      <trkpt lat="68.9984584785997867584228515625" lon="20.33588807098567485809326171875">
        <ele>598.79998779296875</ele>
        <time>2026-08-21T10:20:17.000Z</time>
        <extensions>
          <ns3:TrackPointExtension>
            <ns3:cad>0</ns3:cad>
          </ns3:TrackPointExtension>
        </extensions>
      </trkpt>
      <trkpt lat="68.99846007116138935089111328125" lon="20.33570266328752040863037109375">
        <ele>599</ele>
        <time>2026-08-21T10:20:23.000Z</time>
        <extensions>
          <ns3:TrackPointExtension>
            <ns3:cad>46</ns3:cad>
          </ns3:TrackPointExtension>
        </extensions>
      </trkpt>
      <trkpt lat="68.99848354049026966094970703125" lon="20.3356258012354373931884765625">
        <ele>599</ele>
        <time>2026-08-21T10:20:27.000Z</time>
        <extensions>
          <ns3:TrackPointExtension>
            <ns3:cad>0</ns3:cad>
          </ns3:TrackPointExtension>
        </extensions>
      </trkpt>
      <trkpt lat="68.99849644862115383148193359375" lon="20.335640721023082733154296875">
        <ele>598.79998779296875</ele>
        <time>2026-08-21T10:20:29.000Z</time>
        <extensions>
          <ns3:TrackPointExtension>
            <ns3:cad>0</ns3:cad>
          </ns3:TrackPointExtension>
        </extensions>
      </trkpt>
      <trkpt lat="68.99849577806890010833740234375" lon="20.3355973027646541595458984375">
        <ele>598.79998779296875</ele>
        <time>2026-08-21T10:20:34.000Z</time>
        <extensions>
          <ns3:TrackPointExtension>
            <ns3:cad>0</ns3:cad>
          </ns3:TrackPointExtension>
        </extensions>
      </trkpt>
      <trkpt lat="68.99851656518876552581787109375" lon="20.3355232067406177520751953125">
        <ele>598.79998779296875</ele>
        <time>2026-08-21T10:20:40.000Z</time>
        <extensions>
          <ns3:TrackPointExtension>
            <ns3:cad>0</ns3:cad>
          </ns3:TrackPointExtension>
        </extensions>
      </trkpt>
      <trkpt lat="68.9985094405710697174072265625" lon="20.33552614040672779083251953125">
        <ele>598.79998779296875</ele>
        <time>2026-08-21T10:20:46.000Z</time>
        <extensions>
          <ns3:TrackPointExtension>
            <ns3:cad>0</ns3:cad>
          </ns3:TrackPointExtension>
        </extensions>
      </trkpt>
      <trkpt lat="68.99854288436472415924072265625" lon="20.3355473466217517852783203125">
        <ele>598.79998779296875</ele>
        <time>2026-08-21T10:20:51.000Z</time>
        <extensions>
          <ns3:TrackPointExtension>
            <ns3:cad>0</ns3:cad>
          </ns3:TrackPointExtension>
        </extensions>
      </trkpt>
      <trkpt lat="68.99860910139977931976318359375" lon="20.335542820394039154052734375">
        <ele>598.79998779296875</ele>
        <time>2026-08-21T10:20:58.000Z</time>
        <extensions>
          <ns3:TrackPointExtension>
            <ns3:cad>16</ns3:cad>
          </ns3:TrackPointExtension>
        </extensions>
      </trkpt>
      <trkpt lat="68.9986660145223140716552734375" lon="20.33546579070389270782470703125">
        <ele>599.20001220703125</ele>
        <time>2026-08-21T10:21:04.000Z</time>
        <extensions>
          <ns3:TrackPointExtension>
            <ns3:cad>0</ns3:cad>
          </ns3:TrackPointExtension>
        </extensions>
      </trkpt>
      <trkpt lat="68.9986760728061199188232421875" lon="20.3354541398584842681884765625">
        <ele>599.20001220703125</ele>
        <time>2026-08-21T10:21:05.000Z</time>
        <extensions>
          <ns3:TrackPointExtension>
            <ns3:cad>0</ns3:cad>
          </ns3:TrackPointExtension>
        </extensions>
      </trkpt>
      <trkpt lat="68.99870901368558406829833984375" lon="20.33537560142576694488525390625">
        <ele>599.20001220703125</ele>
        <time>2026-08-21T10:21:11.000Z</time>
        <extensions>
          <ns3:TrackPointExtension>
            <ns3:cad>48</ns3:cad>
          </ns3:TrackPointExtension>
        </extensions>
      </trkpt>
      <trkpt lat="68.99870239198207855224609375" lon="20.335243083536624908447265625">
        <ele>599.79998779296875</ele>
        <time>2026-08-21T10:21:17.000Z</time>
        <extensions>
          <ns3:TrackPointExtension>
            <ns3:cad>46</ns3:cad>
          </ns3:TrackPointExtension>
        </extensions>
      </trkpt>
      <trkpt lat="68.99870666675269603729248046875" lon="20.33526127226650714874267578125">
        <ele>600</ele>
        <time>2026-08-21T10:21:23.000Z</time>
        <extensions>
          <ns3:TrackPointExtension>
            <ns3:cad>0</ns3:cad>
          </ns3:TrackPointExtension>
        </extensions>
      </trkpt>
      <trkpt lat="68.9986829459667205810546875" lon="20.33526546321809291839599609375">
        <ele>600.20001220703125</ele>
        <time>2026-08-21T10:21:29.000Z</time>
        <extensions>
          <ns3:TrackPointExtension>
            <ns3:cad>0</ns3:cad>
          </ns3:TrackPointExtension>
        </extensions>
      </trkpt>
      <trkpt lat="68.9986754022538661956787109375" lon="20.33524467609822750091552734375">
        <ele>600.20001220703125</ele>
        <time>2026-08-21T10:21:31.000Z</time>
        <extensions>
          <ns3:TrackPointExtension>
            <ns3:cad>0</ns3:cad>
          </ns3:TrackPointExtension>
        </extensions>
      </trkpt>
      <trkpt lat="68.998642377555370330810546875" lon="20.33527552150189876556396484375">
        <ele>600</ele>
        <time>2026-08-21T10:21:35.000Z</time>
        <extensions>
          <ns3:TrackPointExtension>
            <ns3:cad>0</ns3:cad>
          </ns3:TrackPointExtension>
        </extensions>
      </trkpt>
      <trkpt lat="68.99861413054168224334716796875" lon="20.33538146875798702239990234375">
        <ele>600.20001220703125</ele>
        <time>2026-08-21T10:21:41.000Z</time>
        <extensions>
          <ns3:TrackPointExtension>
            <ns3:cad>0</ns3:cad>
          </ns3:TrackPointExtension>
        </extensions>
      </trkpt>
      <trkpt lat="68.99859501980245113372802734375" lon="20.33548221923410892486572265625">
        <ele>600.20001220703125</ele>
        <time>2026-08-21T10:21:46.000Z</time>
        <extensions>
          <ns3:TrackPointExtension>
            <ns3:cad>51</ns3:cad>
          </ns3:TrackPointExtension>
        </extensions>
      </trkpt>
      <trkpt lat="68.99856266565620899200439453125" lon="20.33557442016899585723876953125">
        <ele>599.4000244140625</ele>
        <time>2026-08-21T10:21:51.000Z</time>
        <extensions>
          <ns3:TrackPointExtension>
            <ns3:cad>0</ns3:cad>
          </ns3:TrackPointExtension>
        </extensions>
      </trkpt>
      <trkpt lat="68.99854238145053386688232421875" lon="20.33556084148585796356201171875">
        <ele>599.4000244140625</ele>
        <time>2026-08-21T10:21:53.000Z</time>
        <extensions>
          <ns3:TrackPointExtension>
            <ns3:cad>0</ns3:cad>
          </ns3:TrackPointExtension>
        </extensions>
      </trkpt>
      <trkpt lat="68.9985221810638904571533203125" lon="20.335492193698883056640625">
        <ele>599.4000244140625</ele>
        <time>2026-08-21T10:21:56.000Z</time>
        <extensions>
          <ns3:TrackPointExtension>
            <ns3:cad>0</ns3:cad>
          </ns3:TrackPointExtension>
        </extensions>
      </trkpt>
      <trkpt lat="68.99850927293300628662109375" lon="20.33541030250489711761474609375">
        <ele>599.4000244140625</ele>
        <time>2026-08-21T10:22:02.000Z</time>
        <extensions>
          <ns3:TrackPointExtension>
            <ns3:cad>0</ns3:cad>
          </ns3:TrackPointExtension>
        </extensions>
      </trkpt>
      <trkpt lat="68.9985127933323383331298828125" lon="20.33539169467985630035400390625">
        <ele>599.4000244140625</ele>
        <time>2026-08-21T10:22:03.000Z</time>
        <extensions>
          <ns3:TrackPointExtension>
            <ns3:cad>0</ns3:cad>
          </ns3:TrackPointExtension>
        </extensions>
      </trkpt>
      <trkpt lat="68.99850600399076938629150390625" lon="20.33536587841808795928955078125">
        <ele>599.4000244140625</ele>
        <time>2026-08-21T10:22:08.000Z</time>
        <extensions>
          <ns3:TrackPointExtension>
            <ns3:cad>0</ns3:cad>
          </ns3:TrackPointExtension>
        </extensions>
      </trkpt>
      <trkpt lat="68.998504914343357086181640625" lon="20.335357077419757843017578125">
        <ele>599.4000244140625</ele>
        <time>2026-08-21T10:22:09.000Z</time>
        <extensions>
          <ns3:TrackPointExtension>
            <ns3:cad>0</ns3:cad>
          </ns3:TrackPointExtension>
        </extensions>
      </trkpt>
      <trkpt lat="68.99848773144185543060302734375" lon="20.3353602625429630279541015625">
        <ele>599.4000244140625</ele>
        <time>2026-08-21T10:22:16.000Z</time>
        <extensions>
          <ns3:TrackPointExtension>
            <ns3:cad>0</ns3:cad>
          </ns3:TrackPointExtension>
        </extensions>
      </trkpt>
      <trkpt lat="68.99847432039678096771240234375" lon="20.3353109769523143768310546875">
        <ele>600</ele>
        <time>2026-08-21T10:22:21.000Z</time>
        <extensions>
          <ns3:TrackPointExtension>
            <ns3:cad>0</ns3:cad>
          </ns3:TrackPointExtension>
        </extensions>
      </trkpt>
      <trkpt lat="68.99848722852766513824462890625" lon="20.33519321121275424957275390625">
        <ele>601</ele>
        <time>2026-08-21T10:22:26.000Z</time>
        <extensions>
          <ns3:TrackPointExtension>
            <ns3:cad>0</ns3:cad>
          </ns3:TrackPointExtension>
        </extensions>
      </trkpt>
      <trkpt lat="68.99848152883350849151611328125" lon="20.33506530337035655975341796875">
        <ele>601</ele>
        <time>2026-08-21T10:22:32.000Z</time>
        <extensions>
          <ns3:TrackPointExtension>
            <ns3:cad>0</ns3:cad>
          </ns3:TrackPointExtension>
        </extensions>
      </trkpt>
      <trkpt lat="68.99844163097441196441650390625" lon="20.33505775965750217437744140625">
        <ele>600.5999755859375</ele>
        <time>2026-08-21T10:22:38.000Z</time>
        <extensions>
          <ns3:TrackPointExtension>
            <ns3:cad>0</ns3:cad>
          </ns3:TrackPointExtension>
        </extensions>
      </trkpt>
      <trkpt lat="68.99841631762683391571044921875" lon="20.335094891488552093505859375">
        <ele>599.79998779296875</ele>
        <time>2026-08-21T10:22:44.000Z</time>
        <extensions>
          <ns3:TrackPointExtension>
            <ns3:cad>0</ns3:cad>
          </ns3:TrackPointExtension>
        </extensions>
      </trkpt>
      <trkpt lat="68.99840609170496463775634765625" lon="20.3350930474698543548583984375">
        <ele>599.4000244140625</ele>
        <time>2026-08-21T10:22:51.000Z</time>
        <extensions>
          <ns3:TrackPointExtension>
            <ns3:cad>0</ns3:cad>
          </ns3:TrackPointExtension>
        </extensions>
      </trkpt>
      <trkpt lat="68.998411037027835845947265625" lon="20.33507837913930416107177734375">
        <ele>599.5999755859375</ele>
        <time>2026-08-21T10:22:56.000Z</time>
        <extensions>
          <ns3:TrackPointExtension>
            <ns3:cad>0</ns3:cad>
          </ns3:TrackPointExtension>
        </extensions>
      </trkpt>
      <trkpt lat="68.99838714860379695892333984375" lon="20.33500797115266323089599609375">
        <ele>599.5999755859375</ele>
        <time>2026-08-21T10:23:03.000Z</time>
        <extensions>
          <ns3:TrackPointExtension>
            <ns3:cad>0</ns3:cad>
          </ns3:TrackPointExtension>
        </extensions>
      </trkpt>
      <trkpt lat="68.99835999123752117156982421875" lon="20.33505826257169246673583984375">
        <ele>599.79998779296875</ele>
        <time>2026-08-21T10:23:08.000Z</time>
        <extensions>
          <ns3:TrackPointExtension>
            <ns3:cad>0</ns3:cad>
          </ns3:TrackPointExtension>
        </extensions>
      </trkpt>
      <trkpt lat="68.9983235299587249755859375" lon="20.3352000005543231964111328125">
        <ele>600.20001220703125</ele>
        <time>2026-08-21T10:23:15.000Z</time>
        <extensions>
          <ns3:TrackPointExtension>
            <ns3:cad>0</ns3:cad>
          </ns3:TrackPointExtension>
        </extensions>
      </trkpt>
      <trkpt lat="68.99833048693835735321044921875" lon="20.33535866998136043548583984375">
        <ele>600.20001220703125</ele>
        <time>2026-08-21T10:23:22.000Z</time>
        <extensions>
          <ns3:TrackPointExtension>
            <ns3:cad>0</ns3:cad>
          </ns3:TrackPointExtension>
        </extensions>
      </trkpt>
      <trkpt lat="68.9983374439179897308349609375" lon="20.3354665450751781463623046875">
        <ele>600.4000244140625</ele>
        <time>2026-08-21T10:23:28.000Z</time>
        <extensions>
          <ns3:TrackPointExtension>
            <ns3:cad>0</ns3:cad>
          </ns3:TrackPointExtension>
        </extensions>
      </trkpt>
      <trkpt lat="68.9983364380896091461181640625" lon="20.335610210895538330078125">
        <ele>600.4000244140625</ele>
        <time>2026-08-21T10:23:34.000Z</time>
        <extensions>
          <ns3:TrackPointExtension>
            <ns3:cad>0</ns3:cad>
          </ns3:TrackPointExtension>
        </extensions>
      </trkpt>
      <trkpt lat="68.998342640697956085205078125" lon="20.3358598239719867706298828125">
        <ele>600.4000244140625</ele>
        <time>2026-08-21T10:23:43.000Z</time>
        <extensions>
          <ns3:TrackPointExtension>
            <ns3:cad>0</ns3:cad>
          </ns3:TrackPointExtension>
        </extensions>
      </trkpt>
      <trkpt lat="68.99836066178977489471435546875" lon="20.3360737301409244537353515625">
        <ele>600</ele>
        <time>2026-08-21T10:23:50.000Z</time>
        <extensions>
          <ns3:TrackPointExtension>
            <ns3:cad>49</ns3:cad>
          </ns3:TrackPointExtension>
        </extensions>
      </trkpt>
      <trkpt lat="68.99840240366756916046142578125" lon="20.336252935230731964111328125">
        <ele>600.5999755859375</ele>
        <time>2026-08-21T10:23:58.000Z</time>
        <extensions>
          <ns3:TrackPointExtension>
            <ns3:cad>0</ns3:cad>
          </ns3:TrackPointExtension>
        </extensions>
      </trkpt>
      <trkpt lat="68.9984108693897724151611328125" lon="20.33634580671787261962890625">
        <ele>600.79998779296875</ele>
        <time>2026-08-21T10:24:02.000Z</time>
        <extensions>
          <ns3:TrackPointExtension>
            <ns3:cad>0</ns3:cad>
          </ns3:TrackPointExtension>
        </extensions>
      </trkpt>
      <trkpt lat="68.99841330014169216156005859375" lon="20.33638444729149341583251953125">
        <ele>600.79998779296875</ele>
        <time>2026-08-21T10:24:03.000Z</time>
        <extensions>
          <ns3:TrackPointExtension>
            <ns3:cad>0</ns3:cad>
          </ns3:TrackPointExtension>
        </extensions>
      </trkpt>
      <trkpt lat="68.99841598235070705413818359375" lon="20.33658921718597412109375">
        <ele>601</ele>
        <time>2026-08-21T10:24:09.000Z</time>
        <extensions>
          <ns3:TrackPointExtension>
            <ns3:cad>0</ns3:cad>
          </ns3:TrackPointExtension>
        </extensions>
      </trkpt>
      <trkpt lat="68.998417071998119354248046875" lon="20.3366447053849697113037109375">
        <ele>601.20001220703125</ele>
        <time>2026-08-21T10:24:12.000Z</time>
        <extensions>
          <ns3:TrackPointExtension>
            <ns3:cad>51</ns3:cad>
          </ns3:TrackPointExtension>
        </extensions>
      </trkpt>
      <trkpt lat="68.9984172396361827850341796875" lon="20.3366996906697750091552734375">
        <ele>601.20001220703125</ele>
        <time>2026-08-21T10:24:14.000Z</time>
        <extensions>
          <ns3:TrackPointExtension>
            <ns3:cad>51</ns3:cad>
          </ns3:TrackPointExtension>
        </extensions>
      </trkpt>
      <trkpt lat="68.9984001405537128448486328125" lon="20.336855091154575347900390625">
        <ele>601.20001220703125</ele>
        <time>2026-08-21T10:24:20.000Z</time>
        <extensions>
          <ns3:TrackPointExtension>
            <ns3:cad>48</ns3:cad>
          </ns3:TrackPointExtension>
        </extensions>
      </trkpt>
      <trkpt lat="68.9983870647847652435302734375" lon="20.33702583052217960357666015625">
        <ele>601.4000244140625</ele>
        <time>2026-08-21T10:24:26.000Z</time>
        <extensions>
          <ns3:TrackPointExtension>
            <ns3:cad>50</ns3:cad>
          </ns3:TrackPointExtension>
        </extensions>
      </trkpt>
      <trkpt lat="68.9983508549630641937255859375" lon="20.33723638392984867095947265625">
        <ele>601.5999755859375</ele>
        <time>2026-08-21T10:24:33.000Z</time>
        <extensions>
          <ns3:TrackPointExtension>
            <ns3:cad>0</ns3:cad>
          </ns3:TrackPointExtension>
        </extensions>
      </trkpt>
      <trkpt lat="68.99830140173435211181640625" lon="20.33734895288944244384765625">
        <ele>602.20001220703125</ele>
        <time>2026-08-21T10:24:40.000Z</time>
        <extensions>
          <ns3:TrackPointExtension>
            <ns3:cad>48</ns3:cad>
          </ns3:TrackPointExtension>
        </extensions>
      </trkpt>
      <trkpt lat="68.998295031487941741943359375" lon="20.3373689018189907073974609375">
        <ele>602.4000244140625</ele>
        <time>2026-08-21T10:24:41.000Z</time>
        <extensions>
          <ns3:TrackPointExtension>
            <ns3:cad>0</ns3:cad>
          </ns3:TrackPointExtension>
        </extensions>
      </trkpt>
      <trkpt lat="68.9982834644615650177001953125" lon="20.337363369762897491455078125">
        <ele>603</ele>
        <time>2026-08-21T10:24:45.000Z</time>
        <extensions>
          <ns3:TrackPointExtension>
            <ns3:cad>0</ns3:cad>
          </ns3:TrackPointExtension>
        </extensions>
      </trkpt>
      <trkpt lat="68.99826091714203357696533203125" lon="20.33737384714186191558837890625">
        <ele>603.4000244140625</ele>
        <time>2026-08-21T10:24:49.000Z</time>
        <extensions>
          <ns3:TrackPointExtension>
            <ns3:cad>0</ns3:cad>
          </ns3:TrackPointExtension>
        </extensions>
      </trkpt>
      <trkpt lat="68.99823862127959728240966796875" lon="20.33736932091414928436279296875">
        <ele>603.79998779296875</ele>
        <time>2026-08-21T10:24:52.000Z</time>
        <extensions>
          <ns3:TrackPointExtension>
            <ns3:cad>0</ns3:cad>
          </ns3:TrackPointExtension>
        </extensions>
      </trkpt>
      <trkpt lat="68.99821825325489044189453125" lon="20.3373390622437000274658203125">
        <ele>604.4000244140625</ele>
        <time>2026-08-21T10:24:57.000Z</time>
        <extensions>
          <ns3:TrackPointExtension>
            <ns3:cad>0</ns3:cad>
          </ns3:TrackPointExtension>
        </extensions>
      </trkpt>
      <trkpt lat="68.998216576874256134033203125" lon="20.33733579330146312713623046875">
        <ele>604.5999755859375</ele>
        <time>2026-08-21T10:24:58.000Z</time>
        <extensions>
          <ns3:TrackPointExtension>
            <ns3:cad>0</ns3:cad>
          </ns3:TrackPointExtension>
        </extensions>
      </trkpt>
      <trkpt lat="68.99816737510263919830322265625" lon="20.33729128539562225341796875">
        <ele>605.4000244140625</ele>
        <time>2026-08-21T10:25:04.000Z</time>
        <extensions>
          <ns3:TrackPointExtension>
            <ns3:cad>71</ns3:cad>
          </ns3:TrackPointExtension>
        </extensions>
      </trkpt>
      <trkpt lat="68.99815765209496021270751953125" lon="20.33729271031916141510009765625">
        <ele>605.5999755859375</ele>
        <time>2026-08-21T10:25:05.000Z</time>
        <extensions>
          <ns3:TrackPointExtension>
            <ns3:cad>71</ns3:cad>
          </ns3:TrackPointExtension>
        </extensions>
      </trkpt>
      <trkpt lat="68.99812043644487857818603515625" lon="20.3372720070183277130126953125">
        <ele>606.20001220703125</ele>
        <time>2026-08-21T10:25:11.000Z</time>
        <extensions>
          <ns3:TrackPointExtension>
            <ns3:cad>0</ns3:cad>
          </ns3:TrackPointExtension>
        </extensions>
      </trkpt>
      <trkpt lat="68.99810694158077239990234375" lon="20.33725750632584095001220703125">
        <ele>606.5999755859375</ele>
        <time>2026-08-21T10:25:13.000Z</time>
        <extensions>
          <ns3:TrackPointExtension>
            <ns3:cad>0</ns3:cad>
          </ns3:TrackPointExtension>
        </extensions>
      </trkpt>
      <trkpt lat="68.99809143505990505218505859375" lon="20.337257087230682373046875">
        <ele>607</ele>
        <time>2026-08-21T10:25:16.000Z</time>
        <extensions>
          <ns3:TrackPointExtension>
            <ns3:cad>0</ns3:cad>
          </ns3:TrackPointExtension>
        </extensions>
      </trkpt>
      <trkpt lat="68.9980687201023101806640625" lon="20.33722498454153537750244140625">
        <ele>607.5999755859375</ele>
        <time>2026-08-21T10:25:22.000Z</time>
        <extensions>
          <ns3:TrackPointExtension>
            <ns3:cad>0</ns3:cad>
          </ns3:TrackPointExtension>
        </extensions>
      </trkpt>
      <trkpt lat="68.99805975146591663360595703125" lon="20.33722096122801303863525390625">
        <ele>607.5999755859375</ele>
        <time>2026-08-21T10:25:23.000Z</time>
        <extensions>
          <ns3:TrackPointExtension>
            <ns3:cad>0</ns3:cad>
          </ns3:TrackPointExtension>
        </extensions>
      </trkpt>
      <trkpt lat="68.99802052415907382965087890625" lon="20.33722431398928165435791015625">
        <ele>607.5999755859375</ele>
        <time>2026-08-21T10:25:29.000Z</time>
        <extensions>
          <ns3:TrackPointExtension>
            <ns3:cad>41</ns3:cad>
          </ns3:TrackPointExtension>
        </extensions>
      </trkpt>
      <trkpt lat="68.99808011949062347412109375" lon="20.3372267447412014007568359375">
        <ele>607.5999755859375</ele>
        <time>2026-08-21T10:25:37.000Z</time>
        <extensions>
          <ns3:TrackPointExtension>
            <ns3:cad>0</ns3:cad>
          </ns3:TrackPointExtension>
        </extensions>
      </trkpt>
      <trkpt lat="68.99809629656374454498291015625" lon="20.3372047841548919677734375">
        <ele>607.4000244140625</ele>
        <time>2026-08-21T10:25:45.000Z</time>
        <extensions>
          <ns3:TrackPointExtension>
            <ns3:cad>0</ns3:cad>
          </ns3:TrackPointExtension>
        </extensions>
      </trkpt>
      <trkpt lat="68.998083807528018951416015625" lon="20.3372047841548919677734375">
        <ele>607.4000244140625</ele>
        <time>2026-08-21T10:25:52.000Z</time>
        <extensions>
          <ns3:TrackPointExtension>
            <ns3:cad>0</ns3:cad>
          </ns3:TrackPointExtension>
        </extensions>
      </trkpt>
      <trkpt lat="68.9980350248515605926513671875" lon="20.33717234618961811065673828125">
        <ele>607.5999755859375</ele>
        <time>2026-08-21T10:25:58.000Z</time>
        <extensions>
          <ns3:TrackPointExtension>
            <ns3:cad>0</ns3:cad>
          </ns3:TrackPointExtension>
        </extensions>
      </trkpt>
      <trkpt lat="68.99800057522952556610107421875" lon="20.33717083744704723358154296875">
        <ele>607.79998779296875</ele>
        <time>2026-08-21T10:26:05.000Z</time>
        <extensions>
          <ns3:TrackPointExtension>
            <ns3:cad>0</ns3:cad>
          </ns3:TrackPointExtension>
        </extensions>
      </trkpt>
      <trkpt lat="68.99801197461783885955810546875" lon="20.3371694125235080718994140625">
        <ele>607.79998779296875</ele>
        <time>2026-08-21T10:26:07.000Z</time>
        <extensions>
          <ns3:TrackPointExtension>
            <ns3:cad>0</ns3:cad>
          </ns3:TrackPointExtension>
        </extensions>
      </trkpt>
      <trkpt lat="68.9979211986064910888671875" lon="20.33704460598528385162353515625">
        <ele>608.20001220703125</ele>
        <time>2026-08-21T10:27:56.000Z</time>
        <extensions>
          <ns3:TrackPointExtension>
            <ns3:cad>45</ns3:cad>
          </ns3:TrackPointExtension>
        </extensions>
      </trkpt>
      <trkpt lat="68.99791776202619075775146484375" lon="20.3370815701782703399658203125">
        <ele>608.20001220703125</ele>
        <time>2026-08-21T10:27:58.000Z</time>
        <extensions>
          <ns3:TrackPointExtension>
            <ns3:cad>41</ns3:cad>
          </ns3:TrackPointExtension>
        </extensions>
      </trkpt>
      <trkpt lat="68.9978858269751071929931640625" lon="20.337182991206645965576171875">
        <ele>608.5999755859375</ele>
        <time>2026-08-21T10:28:04.000Z</time>
        <extensions>
          <ns3:TrackPointExtension>
            <ns3:cad>44</ns3:cad>
          </ns3:TrackPointExtension>
        </extensions>
      </trkpt>
      <trkpt lat="68.9978248067200183868408203125" lon="20.33719011582434177398681640625">
        <ele>609.5999755859375</ele>
        <time>2026-08-21T10:28:12.000Z</time>
        <extensions>
          <ns3:TrackPointExtension>
            <ns3:cad>0</ns3:cad>
          </ns3:TrackPointExtension>
        </extensions>
      </trkpt>
      <trkpt lat="68.9978177659213542938232421875" lon="20.33718894235789775848388671875">
        <ele>609.79998779296875</ele>
        <time>2026-08-21T10:28:13.000Z</time>
        <extensions>
          <ns3:TrackPointExtension>
            <ns3:cad>44</ns3:cad>
          </ns3:TrackPointExtension>
        </extensions>
      </trkpt>
      <trkpt lat="68.99778214283287525177001953125" lon="20.33715021796524524688720703125">
        <ele>610.5999755859375</ele>
        <time>2026-08-21T10:28:18.000Z</time>
        <extensions>
          <ns3:TrackPointExtension>
            <ns3:cad>42</ns3:cad>
          </ns3:TrackPointExtension>
        </extensions>
      </trkpt>
      <trkpt lat="68.9977765269577503204345703125" lon="20.3370840847492218017578125">
        <ele>610.79998779296875</ele>
        <time>2026-08-21T10:28:21.000Z</time>
        <extensions>
          <ns3:TrackPointExtension>
            <ns3:cad>41</ns3:cad>
          </ns3:TrackPointExtension>
        </extensions>
      </trkpt>
      <trkpt lat="68.997753225266933441162109375" lon="20.33706572838127613067626953125">
        <ele>611</ele>
        <time>2026-08-21T10:28:24.000Z</time>
        <extensions>
          <ns3:TrackPointExtension>
            <ns3:cad>0</ns3:cad>
          </ns3:TrackPointExtension>
        </extensions>
      </trkpt>
      <trkpt lat="68.9977066218852996826171875" lon="20.337126664817333221435546875">
        <ele>611.5999755859375</ele>
        <time>2026-08-21T10:28:30.000Z</time>
        <extensions>
          <ns3:TrackPointExtension>
            <ns3:cad>0</ns3:cad>
          </ns3:TrackPointExtension>
        </extensions>
      </trkpt>
      <trkpt lat="68.99769312702119350433349609375" lon="20.33712632954120635986328125">
        <ele>611.79998779296875</ele>
        <time>2026-08-21T10:28:32.000Z</time>
        <extensions>
          <ns3:TrackPointExtension>
            <ns3:cad>0</ns3:cad>
          </ns3:TrackPointExtension>
        </extensions>
      </trkpt>
      <trkpt lat="68.99766546674072742462158203125" lon="20.3370773792266845703125">
        <ele>612.4000244140625</ele>
        <time>2026-08-21T10:28:36.000Z</time>
        <extensions>
          <ns3:TrackPointExtension>
            <ns3:cad>44</ns3:cad>
          </ns3:TrackPointExtension>
        </extensions>
      </trkpt>
      <trkpt lat="68.9976484514772891998291015625" lon="20.3370426781475543975830078125">
        <ele>612.79998779296875</ele>
        <time>2026-08-21T10:28:40.000Z</time>
        <extensions>
          <ns3:TrackPointExtension>
            <ns3:cad>44</ns3:cad>
          </ns3:TrackPointExtension>
        </extensions>
      </trkpt>
      <trkpt lat="68.99763814173638820648193359375" lon="20.337025411427021026611328125">
        <ele>613.20001220703125</ele>
        <time>2026-08-21T10:28:42.000Z</time>
        <extensions>
          <ns3:TrackPointExtension>
            <ns3:cad>44</ns3:cad>
          </ns3:TrackPointExtension>
        </extensions>
      </trkpt>
      <trkpt lat="68.99760025553405284881591796875" lon="20.33698006533086299896240234375">
        <ele>614</ele>
        <time>2026-08-21T10:28:48.000Z</time>
        <extensions>
          <ns3:TrackPointExtension>
            <ns3:cad>0</ns3:cad>
          </ns3:TrackPointExtension>
        </extensions>
      </trkpt>
      <trkpt lat="68.997576534748077392578125" lon="20.3369474597275257110595703125">
        <ele>614.4000244140625</ele>
        <time>2026-08-21T10:28:54.000Z</time>
        <extensions>
          <ns3:TrackPointExtension>
            <ns3:cad>0</ns3:cad>
          </ns3:TrackPointExtension>
        </extensions>
      </trkpt>
      <trkpt lat="68.997555412352085113525390625" lon="20.336898006498813629150390625">
        <ele>615</ele>
        <time>2026-08-21T10:29:00.000Z</time>
        <extensions>
          <ns3:TrackPointExtension>
            <ns3:cad>0</ns3:cad>
          </ns3:TrackPointExtension>
        </extensions>
      </trkpt>
      <trkpt lat="68.99755214340984821319580078125" lon="20.33688819967210292816162109375">
        <ele>615</ele>
        <time>2026-08-21T10:29:01.000Z</time>
        <extensions>
          <ns3:TrackPointExtension>
            <ns3:cad>0</ns3:cad>
          </ns3:TrackPointExtension>
        </extensions>
      </trkpt>
      <trkpt lat="68.99750269018113613128662109375" lon="20.3368026204407215118408203125">
        <ele>615.79998779296875</ele>
        <time>2026-08-21T10:29:08.000Z</time>
        <extensions>
          <ns3:TrackPointExtension>
            <ns3:cad>0</ns3:cad>
          </ns3:TrackPointExtension>
        </extensions>
      </trkpt>
      <trkpt lat="68.99749129079282283782958984375" lon="20.33678962849080562591552734375">
        <ele>616</ele>
        <time>2026-08-21T10:29:09.000Z</time>
        <extensions>
          <ns3:TrackPointExtension>
            <ns3:cad>0</ns3:cad>
          </ns3:TrackPointExtension>
        </extensions>
      </trkpt>
      <trkpt lat="68.9974677376449108123779296875" lon="20.3367610462009906768798828125">
        <ele>616.4000244140625</ele>
        <time>2026-08-21T10:29:13.000Z</time>
        <extensions>
          <ns3:TrackPointExtension>
            <ns3:cad>41</ns3:cad>
          </ns3:TrackPointExtension>
        </extensions>
      </trkpt>
      <trkpt lat="68.99743597023189067840576171875" lon="20.336750485002994537353515625">
        <ele>617.20001220703125</ele>
        <time>2026-08-21T10:29:18.000Z</time>
        <extensions>
          <ns3:TrackPointExtension>
            <ns3:cad>0</ns3:cad>
          </ns3:TrackPointExtension>
        </extensions>
      </trkpt>
      <trkpt lat="68.9974392391741275787353515625" lon="20.3367402590811252593994140625">
        <ele>617.20001220703125</ele>
        <time>2026-08-21T10:29:19.000Z</time>
        <extensions>
          <ns3:TrackPointExtension>
            <ns3:cad>0</ns3:cad>
          </ns3:TrackPointExtension>
        </extensions>
      </trkpt>
      <trkpt lat="68.997403867542743682861328125" lon="20.33670832403004169464111328125">
        <ele>618</ele>
        <time>2026-08-21T10:29:25.000Z</time>
        <extensions>
          <ns3:TrackPointExtension>
            <ns3:cad>69</ns3:cad>
          </ns3:TrackPointExtension>
        </extensions>
      </trkpt>
      <trkpt lat="68.99739288724958896636962890625" lon="20.33669449388980865478515625">
        <ele>618.20001220703125</ele>
        <time>2026-08-21T10:29:27.000Z</time>
        <extensions>
          <ns3:TrackPointExtension>
            <ns3:cad>69</ns3:cad>
          </ns3:TrackPointExtension>
        </extensions>
      </trkpt>
      <trkpt lat="68.9973621256649494171142578125" lon="20.33669742755591869354248046875">
        <ele>618.79998779296875</ele>
        <time>2026-08-21T10:29:31.000Z</time>
        <extensions>
          <ns3:TrackPointExtension>
            <ns3:cad>75</ns3:cad>
          </ns3:TrackPointExtension>
        </extensions>
      </trkpt>
      <trkpt lat="68.99734393693506717681884765625" lon="20.3366924822330474853515625">
        <ele>619.20001220703125</ele>
        <time>2026-08-21T10:29:35.000Z</time>
        <extensions>
          <ns3:TrackPointExtension>
            <ns3:cad>0</ns3:cad>
          </ns3:TrackPointExtension>
        </extensions>
      </trkpt>
      <trkpt lat="68.99733320809900760650634765625" lon="20.33669047057628631591796875">
        <ele>619.4000244140625</ele>
        <time>2026-08-21T10:29:36.000Z</time>
        <extensions>
          <ns3:TrackPointExtension>
            <ns3:cad>0</ns3:cad>
          </ns3:TrackPointExtension>
        </extensions>
      </trkpt>
      <trkpt lat="68.99728861637413501739501953125" lon="20.3366799093782901763916015625">
        <ele>620.20001220703125</ele>
        <time>2026-08-21T10:29:43.000Z</time>
        <extensions>
          <ns3:TrackPointExtension>
            <ns3:cad>0</ns3:cad>
          </ns3:TrackPointExtension>
        </extensions>
      </trkpt>
      <trkpt lat="68.99728124029934406280517578125" lon="20.3366696834564208984375">
        <ele>620.4000244140625</ele>
        <time>2026-08-21T10:29:44.000Z</time>
        <extensions>
          <ns3:TrackPointExtension>
            <ns3:cad>0</ns3:cad>
          </ns3:TrackPointExtension>
        </extensions>
      </trkpt>
      <trkpt lat="68.99724821560084819793701171875" lon="20.33664613030850887298583984375">
        <ele>620.5999755859375</ele>
        <time>2026-08-21T10:29:49.000Z</time>
        <extensions>
          <ns3:TrackPointExtension>
            <ns3:cad>76</ns3:cad>
          </ns3:TrackPointExtension>
        </extensions>
      </trkpt>
      <trkpt lat="68.9971996843814849853515625" lon="20.3366430290043354034423828125">
        <ele>621</ele>
        <time>2026-08-21T10:29:55.000Z</time>
        <extensions>
          <ns3:TrackPointExtension>
            <ns3:cad>0</ns3:cad>
          </ns3:TrackPointExtension>
        </extensions>
      </trkpt>
      <trkpt lat="68.99715903215110301971435546875" lon="20.33663758076727390289306640625">
        <ele>621.20001220703125</ele>
        <time>2026-08-21T10:30:00.000Z</time>
        <extensions>
          <ns3:TrackPointExtension>
            <ns3:cad>0</ns3:cad>
          </ns3:TrackPointExtension>
        </extensions>
      </trkpt>
      <trkpt lat="68.9971460402011871337890625" lon="20.33662349916994571685791015625">
        <ele>621.4000244140625</ele>
        <time>2026-08-21T10:30:02.000Z</time>
        <extensions>
          <ns3:TrackPointExtension>
            <ns3:cad>0</ns3:cad>
          </ns3:TrackPointExtension>
        </extensions>
      </trkpt>
      <trkpt lat="68.9971167035400867462158203125" lon="20.33659600652754306793212890625">
        <ele>621.79998779296875</ele>
        <time>2026-08-21T10:30:07.000Z</time>
        <extensions>
          <ns3:TrackPointExtension>
            <ns3:cad>0</ns3:cad>
          </ns3:TrackPointExtension>
        </extensions>
      </trkpt>
      <trkpt lat="68.9970851875841617584228515625" lon="20.3365595452487468719482421875">
        <ele>622.5999755859375</ele>
        <time>2026-08-21T10:30:12.000Z</time>
        <extensions>
          <ns3:TrackPointExtension>
            <ns3:cad>0</ns3:cad>
          </ns3:TrackPointExtension>
        </extensions>
      </trkpt>
      <trkpt lat="68.99705291725695133209228515625" lon="20.3365330584347248077392578125">
        <ele>623.4000244140625</ele>
        <time>2026-08-21T10:30:18.000Z</time>
        <extensions>
          <ns3:TrackPointExtension>
            <ns3:cad>0</ns3:cad>
          </ns3:TrackPointExtension>
        </extensions>
      </trkpt>
      <trkpt lat="68.99704755283892154693603515625" lon="20.33653314225375652313232421875">
        <ele>623.5999755859375</ele>
        <time>2026-08-21T10:30:20.000Z</time>
        <extensions>
          <ns3:TrackPointExtension>
            <ns3:cad>0</ns3:cad>
          </ns3:TrackPointExtension>
        </extensions>
      </trkpt>
      <trkpt lat="68.99702257476747035980224609375" lon="20.3365377523005008697509765625">
        <ele>624</ele>
        <time>2026-08-21T10:30:24.000Z</time>
        <extensions>
          <ns3:TrackPointExtension>
            <ns3:cad>0</ns3:cad>
          </ns3:TrackPointExtension>
        </extensions>
      </trkpt>
      <trkpt lat="68.99698334746062755584716796875" lon="20.33653012476861476898193359375">
        <ele>624.79998779296875</ele>
        <time>2026-08-21T10:30:30.000Z</time>
        <extensions>
          <ns3:TrackPointExtension>
            <ns3:cad>75</ns3:cad>
          </ns3:TrackPointExtension>
        </extensions>
      </trkpt>
      <trkpt lat="68.996948897838592529296875" lon="20.33647212199866771697998046875">
        <ele>625.5999755859375</ele>
        <time>2026-08-21T10:30:37.000Z</time>
        <extensions>
          <ns3:TrackPointExtension>
            <ns3:cad>0</ns3:cad>
          </ns3:TrackPointExtension>
        </extensions>
      </trkpt>
      <trkpt lat="68.99694948457181453704833984375" lon="20.33647648058831691741943359375">
        <ele>625.79998779296875</ele>
        <time>2026-08-21T10:30:38.000Z</time>
        <extensions>
          <ns3:TrackPointExtension>
            <ns3:cad>0</ns3:cad>
          </ns3:TrackPointExtension>
        </extensions>
      </trkpt>
      <trkpt lat="68.9969209022819995880126953125" lon="20.33646122552454471588134765625">
        <ele>626.20001220703125</ele>
        <time>2026-08-21T10:30:42.000Z</time>
        <extensions>
          <ns3:TrackPointExtension>
            <ns3:cad>0</ns3:cad>
          </ns3:TrackPointExtension>
        </extensions>
      </trkpt>
      <trkpt lat="68.99689349345862865447998046875" lon="20.3364564478397369384765625">
        <ele>626.79998779296875</ele>
        <time>2026-08-21T10:30:47.000Z</time>
        <extensions>
          <ns3:TrackPointExtension>
            <ns3:cad>0</ns3:cad>
          </ns3:TrackPointExtension>
        </extensions>
      </trkpt>
      <trkpt lat="68.99688175879418849945068359375" lon="20.33648855052888393402099609375">
        <ele>627.5999755859375</ele>
        <time>2026-08-21T10:30:52.000Z</time>
        <extensions>
          <ns3:TrackPointExtension>
            <ns3:cad>0</ns3:cad>
          </ns3:TrackPointExtension>
        </extensions>
      </trkpt>
      <trkpt lat="68.9968773163855075836181640625" lon="20.3364908136427402496337890625">
        <ele>628</ele>
        <time>2026-08-21T10:30:55.000Z</time>
        <extensions>
          <ns3:TrackPointExtension>
            <ns3:cad>0</ns3:cad>
          </ns3:TrackPointExtension>
        </extensions>
      </trkpt>
      <trkpt lat="68.99687446653842926025390625" lon="20.3364851139485836029052734375">
        <ele>628</ele>
        <time>2026-08-21T10:30:56.000Z</time>
        <extensions>
          <ns3:TrackPointExtension>
            <ns3:cad>0</ns3:cad>
          </ns3:TrackPointExtension>
        </extensions>
      </trkpt>
      <trkpt lat="68.99685032665729522705078125" lon="20.3364939987659454345703125">
        <ele>628.5999755859375</ele>
        <time>2026-08-21T10:31:01.000Z</time>
        <extensions>
          <ns3:TrackPointExtension>
            <ns3:cad>0</ns3:cad>
          </ns3:TrackPointExtension>
        </extensions>
      </trkpt>
      <trkpt lat="68.99681017734110355377197265625" lon="20.336501039564609527587890625">
        <ele>629</ele>
        <time>2026-08-21T10:31:05.000Z</time>
        <extensions>
          <ns3:TrackPointExtension>
            <ns3:cad>0</ns3:cad>
          </ns3:TrackPointExtension>
        </extensions>
      </trkpt>
      <trkpt lat="68.9968002028763294219970703125" lon="20.3365020453929901123046875">
        <ele>629.20001220703125</ele>
        <time>2026-08-21T10:31:07.000Z</time>
        <extensions>
          <ns3:TrackPointExtension>
            <ns3:cad>0</ns3:cad>
          </ns3:TrackPointExtension>
        </extensions>
      </trkpt>
      <trkpt lat="68.9967680163681507110595703125" lon="20.336501710116863250732421875">
        <ele>629.79998779296875</ele>
        <time>2026-08-21T10:31:13.000Z</time>
        <extensions>
          <ns3:TrackPointExtension>
            <ns3:cad>0</ns3:cad>
          </ns3:TrackPointExtension>
        </extensions>
      </trkpt>
      <trkpt lat="68.99677656590938568115234375" lon="20.336490310728549957275390625">
        <ele>629.5999755859375</ele>
        <time>2026-08-21T10:31:19.000Z</time>
        <extensions>
          <ns3:TrackPointExtension>
            <ns3:cad>0</ns3:cad>
          </ns3:TrackPointExtension>
        </extensions>
      </trkpt>
      <trkpt lat="68.99676072411239147186279296875" lon="20.3365508280694484710693359375">
        <ele>630.20001220703125</ele>
        <time>2026-08-21T10:31:27.000Z</time>
        <extensions>
          <ns3:TrackPointExtension>
            <ns3:cad>0</ns3:cad>
          </ns3:TrackPointExtension>
        </extensions>
      </trkpt>
      <trkpt lat="68.996748737990856170654296875" lon="20.33656532876193523406982421875">
        <ele>630.20001220703125</ele>
        <time>2026-08-21T10:31:28.000Z</time>
        <extensions>
          <ns3:TrackPointExtension>
            <ns3:cad>0</ns3:cad>
          </ns3:TrackPointExtension>
        </extensions>
      </trkpt>
      <trkpt lat="68.99670037440955638885498046875" lon="20.3366242535412311553955078125">
        <ele>630.5999755859375</ele>
        <time>2026-08-21T10:31:34.000Z</time>
        <extensions>
          <ns3:TrackPointExtension>
            <ns3:cad>73</ns3:cad>
          </ns3:TrackPointExtension>
        </extensions>
      </trkpt>
      <trkpt lat="68.9966533519327640533447265625" lon="20.3366856090724468231201171875">
        <ele>631</ele>
        <time>2026-08-21T10:31:40.000Z</time>
        <extensions>
          <ns3:TrackPointExtension>
            <ns3:cad>41</ns3:cad>
          </ns3:TrackPointExtension>
        </extensions>
      </trkpt>
      <trkpt lat="68.9966479875147342681884765625" lon="20.3366911411285400390625">
        <ele>631.20001220703125</ele>
        <time>2026-08-21T10:31:41.000Z</time>
        <extensions>
          <ns3:TrackPointExtension>
            <ns3:cad>41</ns3:cad>
          </ns3:TrackPointExtension>
        </extensions>
      </trkpt>
      <trkpt lat="68.99660046212375164031982421875" lon="20.3367231599986553192138671875">
        <ele>631.79998779296875</ele>
        <time>2026-08-21T10:31:46.000Z</time>
        <extensions>
          <ns3:TrackPointExtension>
            <ns3:cad>44</ns3:cad>
          </ns3:TrackPointExtension>
        </extensions>
      </trkpt>
      <trkpt lat="68.99656777270138263702392578125" lon="20.336805470287799835205078125">
        <ele>632.20001220703125</ele>
        <time>2026-08-21T10:31:52.000Z</time>
        <extensions>
          <ns3:TrackPointExtension>
            <ns3:cad>43</ns3:cad>
          </ns3:TrackPointExtension>
        </extensions>
      </trkpt>
      <trkpt lat="68.99655234999954700469970703125" lon="20.3368131816387176513671875">
        <ele>632.4000244140625</ele>
        <time>2026-08-21T10:31:54.000Z</time>
        <extensions>
          <ns3:TrackPointExtension>
            <ns3:cad>43</ns3:cad>
          </ns3:TrackPointExtension>
        </extensions>
      </trkpt>
      <trkpt lat="68.9965371787548065185546875" lon="20.3367741219699382781982421875">
        <ele>633</ele>
        <time>2026-08-21T10:32:00.000Z</time>
        <extensions>
          <ns3:TrackPointExtension>
            <ns3:cad>0</ns3:cad>
          </ns3:TrackPointExtension>
        </extensions>
      </trkpt>
      <trkpt lat="68.9965490810573101043701171875" lon="20.3368292748928070068359375">
        <ele>633.20001220703125</ele>
        <time>2026-08-21T10:32:04.000Z</time>
        <extensions>
          <ns3:TrackPointExtension>
            <ns3:cad>0</ns3:cad>
          </ns3:TrackPointExtension>
        </extensions>
      </trkpt>
      <trkpt lat="68.99653994478285312652587890625" lon="20.33682634122669696807861328125">
        <ele>633.20001220703125</ele>
        <time>2026-08-21T10:32:05.000Z</time>
        <extensions>
          <ns3:TrackPointExtension>
            <ns3:cad>0</ns3:cad>
          </ns3:TrackPointExtension>
        </extensions>
      </trkpt>
      <trkpt lat="68.99647758342325687408447265625" lon="20.33690379001200199127197265625">
        <ele>633.79998779296875</ele>
        <time>2026-08-21T10:32:11.000Z</time>
        <extensions>
          <ns3:TrackPointExtension>
            <ns3:cad>0</ns3:cad>
          </ns3:TrackPointExtension>
        </extensions>
      </trkpt>
      <trkpt lat="68.99643416516482830047607421875" lon="20.33699045889079570770263671875">
        <ele>634</ele>
        <time>2026-08-21T10:32:18.000Z</time>
        <extensions>
          <ns3:TrackPointExtension>
            <ns3:cad>0</ns3:cad>
          </ns3:TrackPointExtension>
        </extensions>
      </trkpt>
      <trkpt lat="68.99638957343995571136474609375" lon="20.3370416723191738128662109375">
        <ele>634.20001220703125</ele>
        <time>2026-08-21T10:32:22.000Z</time>
        <extensions>
          <ns3:TrackPointExtension>
            <ns3:cad>41</ns3:cad>
          </ns3:TrackPointExtension>
        </extensions>
      </trkpt>
      <trkpt lat="68.99637213908135890960693359375" lon="20.3370624594390392303466796875">
        <ele>634.4000244140625</ele>
        <time>2026-08-21T10:32:24.000Z</time>
        <extensions>
          <ns3:TrackPointExtension>
            <ns3:cad>42</ns3:cad>
          </ns3:TrackPointExtension>
        </extensions>
      </trkpt>
      <trkpt lat="68.99632989428937435150146484375" lon="20.33714703284204006195068359375">
        <ele>635.20001220703125</ele>
        <time>2026-08-21T10:32:33.000Z</time>
        <extensions>
          <ns3:TrackPointExtension>
            <ns3:cad>42</ns3:cad>
          </ns3:TrackPointExtension>
        </extensions>
      </trkpt>
      <trkpt lat="68.99632184766232967376708984375" lon="20.33715340308845043182373046875">
        <ele>635.4000244140625</ele>
        <time>2026-08-21T10:32:34.000Z</time>
        <extensions>
          <ns3:TrackPointExtension>
            <ns3:cad>42</ns3:cad>
          </ns3:TrackPointExtension>
        </extensions>
      </trkpt>
      <trkpt lat="68.996261246502399444580078125" lon="20.337251387536525726318359375">
        <ele>635.20001220703125</ele>
        <time>2026-08-21T10:32:40.000Z</time>
        <extensions>
          <ns3:TrackPointExtension>
            <ns3:cad>46</ns3:cad>
          </ns3:TrackPointExtension>
        </extensions>
      </trkpt>
      <trkpt lat="68.99622025899589061737060546875" lon="20.3373876772820949554443359375">
        <ele>635.4000244140625</ele>
        <time>2026-08-21T10:32:47.000Z</time>
        <extensions>
          <ns3:TrackPointExtension>
            <ns3:cad>0</ns3:cad>
          </ns3:TrackPointExtension>
        </extensions>
      </trkpt>
      <trkpt lat="68.9961777627468109130859375" lon="20.33754366450011730194091796875">
        <ele>635.4000244140625</ele>
        <time>2026-08-21T10:32:53.000Z</time>
        <extensions>
          <ns3:TrackPointExtension>
            <ns3:cad>0</ns3:cad>
          </ns3:TrackPointExtension>
        </extensions>
      </trkpt>
      <trkpt lat="68.99614624679088592529296875" lon="20.33761356957256793975830078125">
        <ele>635.20001220703125</ele>
        <time>2026-08-21T10:32:58.000Z</time>
        <extensions>
          <ns3:TrackPointExtension>
            <ns3:cad>48</ns3:cad>
          </ns3:TrackPointExtension>
        </extensions>
      </trkpt>
      <trkpt lat="68.99608681909739971160888671875" lon="20.33771951682865619659423828125">
        <ele>634.4000244140625</ele>
        <time>2026-08-21T10:33:05.000Z</time>
        <extensions>
          <ns3:TrackPointExtension>
            <ns3:cad>48</ns3:cad>
          </ns3:TrackPointExtension>
        </extensions>
      </trkpt>
      <trkpt lat="68.99603652767837047576904296875" lon="20.3377497754991054534912109375">
        <ele>634.20001220703125</ele>
        <time>2026-08-21T10:33:10.000Z</time>
        <extensions>
          <ns3:TrackPointExtension>
            <ns3:cad>48</ns3:cad>
          </ns3:TrackPointExtension>
        </extensions>
      </trkpt>
      <trkpt lat="68.99601289071142673492431640625" lon="20.3377336822450160980224609375">
        <ele>634.20001220703125</ele>
        <time>2026-08-21T10:33:13.000Z</time>
        <extensions>
          <ns3:TrackPointExtension>
            <ns3:cad>49</ns3:cad>
          </ns3:TrackPointExtension>
        </extensions>
      </trkpt>
      <trkpt lat="68.99595287628471851348876953125" lon="20.337643325328826904296875">
        <ele>633.20001220703125</ele>
        <time>2026-08-21T10:33:20.000Z</time>
        <extensions>
          <ns3:TrackPointExtension>
            <ns3:cad>0</ns3:cad>
          </ns3:TrackPointExtension>
        </extensions>
      </trkpt>
      <trkpt lat="68.99594030342996120452880859375" lon="20.33764391206204891204833984375">
        <ele>633.20001220703125</ele>
        <time>2026-08-21T10:33:21.000Z</time>
        <extensions>
          <ns3:TrackPointExtension>
            <ns3:cad>0</ns3:cad>
          </ns3:TrackPointExtension>
        </extensions>
      </trkpt>
      <trkpt lat="68.9959033392369747161865234375" lon="20.33762379549443721771240234375">
        <ele>632.79998779296875</ele>
        <time>2026-08-21T10:33:25.000Z</time>
        <extensions>
          <ns3:TrackPointExtension>
            <ns3:cad>48</ns3:cad>
          </ns3:TrackPointExtension>
        </extensions>
      </trkpt>
      <trkpt lat="68.99582781828939914703369140625" lon="20.33754534088075160980224609375">
        <ele>632.20001220703125</ele>
        <time>2026-08-21T10:33:32.000Z</time>
        <extensions>
          <ns3:TrackPointExtension>
            <ns3:cad>0</ns3:cad>
          </ns3:TrackPointExtension>
        </extensions>
      </trkpt>
      <trkpt lat="68.99581776000559329986572265625" lon="20.33753930591046810150146484375">
        <ele>632</ele>
        <time>2026-08-21T10:33:34.000Z</time>
        <extensions>
          <ns3:TrackPointExtension>
            <ns3:cad>0</ns3:cad>
          </ns3:TrackPointExtension>
        </extensions>
      </trkpt>
      <trkpt lat="68.99577233009040355682373046875" lon="20.337508879601955413818359375">
        <ele>631.79998779296875</ele>
        <time>2026-08-21T10:33:38.000Z</time>
        <extensions>
          <ns3:TrackPointExtension>
            <ns3:cad>0</ns3:cad>
          </ns3:TrackPointExtension>
        </extensions>
      </trkpt>
      <trkpt lat="68.99573897011578083038330078125" lon="20.3374336101114749908447265625">
        <ele>631</ele>
        <time>2026-08-21T10:33:43.000Z</time>
        <extensions>
          <ns3:TrackPointExtension>
            <ns3:cad>49</ns3:cad>
          </ns3:TrackPointExtension>
        </extensions>
      </trkpt>
      <trkpt lat="68.9957298338413238525390625" lon="20.3374081291258335113525390625">
        <ele>631</ele>
        <time>2026-08-21T10:33:44.000Z</time>
        <extensions>
          <ns3:TrackPointExtension>
            <ns3:cad>51</ns3:cad>
          </ns3:TrackPointExtension>
        </extensions>
      </trkpt>
      <trkpt lat="68.995707035064697265625" lon="20.3373310156166553497314453125">
        <ele>630</ele>
        <time>2026-08-21T10:33:49.000Z</time>
        <extensions>
          <ns3:TrackPointExtension>
            <ns3:cad>0</ns3:cad>
          </ns3:TrackPointExtension>
        </extensions>
      </trkpt>
      <trkpt lat="68.9956793747842311859130859375" lon="20.33718978054821491241455078125">
        <ele>629</ele>
        <time>2026-08-21T10:33:55.000Z</time>
        <extensions>
          <ns3:TrackPointExtension>
            <ns3:cad>52</ns3:cad>
          </ns3:TrackPointExtension>
        </extensions>
      </trkpt>
      <trkpt lat="68.9956743456423282623291015625" lon="20.3371606953442096710205078125">
        <ele>628.79998779296875</ele>
        <time>2026-08-21T10:33:56.000Z</time>
        <extensions>
          <ns3:TrackPointExtension>
            <ns3:cad>51</ns3:cad>
          </ns3:TrackPointExtension>
        </extensions>
      </trkpt>
      <trkpt lat="68.99566152133047580718994140625" lon="20.33705064095556735992431640625">
        <ele>627.79998779296875</ele>
        <time>2026-08-21T10:34:00.000Z</time>
        <extensions>
          <ns3:TrackPointExtension>
            <ns3:cad>49</ns3:cad>
          </ns3:TrackPointExtension>
        </extensions>
      </trkpt>
      <trkpt lat="68.99564878083765506744384765625" lon="20.33697403036057949066162109375">
        <ele>627.20001220703125</ele>
        <time>2026-08-21T10:34:04.000Z</time>
        <extensions>
          <ns3:TrackPointExtension>
            <ns3:cad>0</ns3:cad>
          </ns3:TrackPointExtension>
        </extensions>
      </trkpt>
      <trkpt lat="68.99563469924032688140869140625" lon="20.33691443502902984619140625">
        <ele>626.5999755859375</ele>
        <time>2026-08-21T10:34:07.000Z</time>
        <extensions>
          <ns3:TrackPointExtension>
            <ns3:cad>0</ns3:cad>
          </ns3:TrackPointExtension>
        </extensions>
      </trkpt>
      <trkpt lat="68.99561525322496891021728515625" lon="20.3367970883846282958984375">
        <ele>626</ele>
        <time>2026-08-21T10:34:11.000Z</time>
        <extensions>
          <ns3:TrackPointExtension>
            <ns3:cad>0</ns3:cad>
          </ns3:TrackPointExtension>
        </extensions>
      </trkpt>
      <trkpt lat="68.9955797977745532989501953125" lon="20.3366470523178577423095703125">
        <ele>626</ele>
        <time>2026-08-21T10:34:17.000Z</time>
        <extensions>
          <ns3:TrackPointExtension>
            <ns3:cad>50</ns3:cad>
          </ns3:TrackPointExtension>
        </extensions>
      </trkpt>
      <trkpt lat="68.99554400704801082611083984375" lon="20.33647832460701465606689453125">
        <ele>626.4000244140625</ele>
        <time>2026-08-21T10:34:25.000Z</time>
        <extensions>
          <ns3:TrackPointExtension>
            <ns3:cad>0</ns3:cad>
          </ns3:TrackPointExtension>
        </extensions>
      </trkpt>
      <trkpt lat="68.99550662375986576080322265625" lon="20.33635511063039302825927734375">
        <ele>626.79998779296875</ele>
        <time>2026-08-21T10:34:32.000Z</time>
        <extensions>
          <ns3:TrackPointExtension>
            <ns3:cad>49</ns3:cad>
          </ns3:TrackPointExtension>
        </extensions>
      </trkpt>
      <trkpt lat="68.99544744752347469329833984375" lon="20.3362353332340717315673828125">
        <ele>627.5999755859375</ele>
        <time>2026-08-21T10:34:38.000Z</time>
        <extensions>
          <ns3:TrackPointExtension>
            <ns3:cad>47</ns3:cad>
          </ns3:TrackPointExtension>
        </extensions>
      </trkpt>
      <trkpt lat="68.995439149439334869384765625" lon="20.3362249396741390228271484375">
        <ele>627.5999755859375</ele>
        <time>2026-08-21T10:34:39.000Z</time>
        <extensions>
          <ns3:TrackPointExtension>
            <ns3:cad>47</ns3:cad>
          </ns3:TrackPointExtension>
        </extensions>
      </trkpt>
      <trkpt lat="68.9954168535768985748291015625" lon="20.33622644841670989990234375">
        <ele>628</ele>
        <time>2026-08-21T10:34:41.000Z</time>
        <extensions>
          <ns3:TrackPointExtension>
            <ns3:cad>47</ns3:cad>
          </ns3:TrackPointExtension>
        </extensions>
      </trkpt>
      <trkpt lat="68.99538055993616580963134765625" lon="20.3362440504133701324462890625">
        <ele>628.4000244140625</ele>
        <time>2026-08-21T10:34:44.000Z</time>
        <extensions>
          <ns3:TrackPointExtension>
            <ns3:cad>43</ns3:cad>
          </ns3:TrackPointExtension>
        </extensions>
      </trkpt>
      <trkpt lat="68.9953521452844142913818359375" lon="20.3362849541008472442626953125">
        <ele>628.79998779296875</ele>
        <time>2026-08-21T10:34:49.000Z</time>
        <extensions>
          <ns3:TrackPointExtension>
            <ns3:cad>44</ns3:cad>
          </ns3:TrackPointExtension>
        </extensions>
      </trkpt>
      <trkpt lat="68.9953135885298252105712890625" lon="20.3363080881536006927490234375">
        <ele>629.20001220703125</ele>
        <time>2026-08-21T10:34:55.000Z</time>
        <extensions>
          <ns3:TrackPointExtension>
            <ns3:cad>0</ns3:cad>
          </ns3:TrackPointExtension>
        </extensions>
      </trkpt>
      <trkpt lat="68.99525952525436878204345703125" lon="20.33638411201536655426025390625">
        <ele>629.4000244140625</ele>
        <time>2026-08-21T10:35:02.000Z</time>
        <extensions>
          <ns3:TrackPointExtension>
            <ns3:cad>0</ns3:cad>
          </ns3:TrackPointExtension>
        </extensions>
      </trkpt>
      <trkpt lat="68.99525701068341732025146484375" lon="20.33632376231253147125244140625">
        <ele>629.5999755859375</ele>
        <time>2026-08-21T10:35:08.000Z</time>
        <extensions>
          <ns3:TrackPointExtension>
            <ns3:cad>0</ns3:cad>
          </ns3:TrackPointExtension>
        </extensions>
      </trkpt>
      <trkpt lat="68.9952451921999454498291015625" lon="20.336243212223052978515625">
        <ele>629.79998779296875</ele>
        <time>2026-08-21T10:35:11.000Z</time>
        <extensions>
          <ns3:TrackPointExtension>
            <ns3:cad>0</ns3:cad>
          </ns3:TrackPointExtension>
        </extensions>
      </trkpt>
      <trkpt lat="68.99524192325770854949951171875" lon="20.336160399019718170166015625">
        <ele>630.20001220703125</ele>
        <time>2026-08-21T10:35:14.000Z</time>
        <extensions>
          <ns3:TrackPointExtension>
            <ns3:cad>0</ns3:cad>
          </ns3:TrackPointExtension>
        </extensions>
      </trkpt>
      <trkpt lat="68.9952267520129680633544921875" lon="20.3360904939472675323486328125">
        <ele>631</ele>
        <time>2026-08-21T10:35:20.000Z</time>
        <extensions>
          <ns3:TrackPointExtension>
            <ns3:cad>0</ns3:cad>
          </ns3:TrackPointExtension>
        </extensions>
      </trkpt>
      <trkpt lat="68.99519934318959712982177734375" lon="20.33599376678466796875">
        <ele>631.4000244140625</ele>
        <time>2026-08-21T10:35:26.000Z</time>
        <extensions>
          <ns3:TrackPointExtension>
            <ns3:cad>0</ns3:cad>
          </ns3:TrackPointExtension>
        </extensions>
      </trkpt>
      <trkpt lat="68.995216190814971923828125" lon="20.3359473310410976409912109375">
        <ele>631.5999755859375</ele>
        <time>2026-08-21T10:35:35.000Z</time>
        <extensions>
          <ns3:TrackPointExtension>
            <ns3:cad>0</ns3:cad>
          </ns3:TrackPointExtension>
        </extensions>
      </trkpt>
      <trkpt lat="68.99521761573851108551025390625" lon="20.335985384881496429443359375">
        <ele>631.4000244140625</ele>
        <time>2026-08-21T10:35:41.000Z</time>
        <extensions>
          <ns3:TrackPointExtension>
            <ns3:cad>0</ns3:cad>
          </ns3:TrackPointExtension>
        </extensions>
      </trkpt>
      <trkpt lat="68.99521828629076480865478515625" lon="20.3360043279826641082763671875">
        <ele>631.4000244140625</ele>
        <time>2026-08-21T10:35:47.000Z</time>
        <extensions>
          <ns3:TrackPointExtension>
            <ns3:cad>0</ns3:cad>
          </ns3:TrackPointExtension>
        </extensions>
      </trkpt>
      <trkpt lat="68.995227925479412078857421875" lon="20.33598840236663818359375">
        <ele>631.20001220703125</ele>
        <time>2026-08-21T10:35:57.000Z</time>
        <extensions>
          <ns3:TrackPointExtension>
            <ns3:cad>0</ns3:cad>
          </ns3:TrackPointExtension>
        </extensions>
      </trkpt>
      <trkpt lat="68.99523303844034671783447265625" lon="20.33592612482607364654541015625">
        <ele>631.20001220703125</ele>
        <time>2026-08-21T10:36:04.000Z</time>
        <extensions>
          <ns3:TrackPointExtension>
            <ns3:cad>0</ns3:cad>
          </ns3:TrackPointExtension>
        </extensions>
      </trkpt>
      <trkpt lat="68.9952213875949382781982421875" lon="20.33594791777431964874267578125">
        <ele>631.4000244140625</ele>
        <time>2026-08-21T10:36:09.000Z</time>
        <extensions>
          <ns3:TrackPointExtension>
            <ns3:cad>0</ns3:cad>
          </ns3:TrackPointExtension>
        </extensions>
      </trkpt>
      <trkpt lat="68.99517721496522426605224609375" lon="20.335933752357959747314453125">
        <ele>631.5999755859375</ele>
        <time>2026-08-21T10:36:15.000Z</time>
        <extensions>
          <ns3:TrackPointExtension>
            <ns3:cad>0</ns3:cad>
          </ns3:TrackPointExtension>
        </extensions>
      </trkpt>
      <trkpt lat="68.99511535651981830596923828125" lon="20.335880778729915618896484375">
        <ele>631.4000244140625</ele>
        <time>2026-08-21T10:36:21.000Z</time>
        <extensions>
          <ns3:TrackPointExtension>
            <ns3:cad>45</ns3:cad>
          </ns3:TrackPointExtension>
        </extensions>
      </trkpt>
      <trkpt lat="68.99503673426806926727294921875" lon="20.335881449282169342041015625">
        <ele>631.4000244140625</ele>
        <time>2026-08-21T10:36:28.000Z</time>
        <extensions>
          <ns3:TrackPointExtension>
            <ns3:cad>0</ns3:cad>
          </ns3:TrackPointExtension>
        </extensions>
      </trkpt>
      <trkpt lat="68.9949786476790904998779296875" lon="20.33587985672056674957275390625">
        <ele>631.5999755859375</ele>
        <time>2026-08-21T10:36:34.000Z</time>
        <extensions>
          <ns3:TrackPointExtension>
            <ns3:cad>47</ns3:cad>
          </ns3:TrackPointExtension>
        </extensions>
      </trkpt>
      <trkpt lat="68.994918800890445709228515625" lon="20.33586577512323856353759765625">
        <ele>631.79998779296875</ele>
        <time>2026-08-21T10:36:41.000Z</time>
        <extensions>
          <ns3:TrackPointExtension>
            <ns3:cad>47</ns3:cad>
          </ns3:TrackPointExtension>
        </extensions>
      </trkpt>
      <trkpt lat="68.9948908053338527679443359375" lon="20.3358541242778301239013671875">
        <ele>632</ele>
        <time>2026-08-21T10:36:43.000Z</time>
        <extensions>
          <ns3:TrackPointExtension>
            <ns3:cad>0</ns3:cad>
          </ns3:TrackPointExtension>
        </extensions>
      </trkpt>
      <trkpt lat="68.9948676712810993194580078125" lon="20.33585228025913238525390625">
        <ele>632.20001220703125</ele>
        <time>2026-08-21T10:36:46.000Z</time>
        <extensions>
          <ns3:TrackPointExtension>
            <ns3:cad>0</ns3:cad>
          </ns3:TrackPointExtension>
        </extensions>
      </trkpt>
      <trkpt lat="68.9948126859962940216064453125" lon="20.33583350479602813720703125">
        <ele>633</ele>
        <time>2026-08-21T10:36:53.000Z</time>
        <extensions>
          <ns3:TrackPointExtension>
            <ns3:cad>0</ns3:cad>
          </ns3:TrackPointExtension>
        </extensions>
      </trkpt>
      <trkpt lat="68.9948044717311859130859375" lon="20.33582503907382488250732421875">
        <ele>633</ele>
        <time>2026-08-21T10:36:54.000Z</time>
        <extensions>
          <ns3:TrackPointExtension>
            <ns3:cad>0</ns3:cad>
          </ns3:TrackPointExtension>
        </extensions>
      </trkpt>
      <trkpt lat="68.99475711397826671600341796875" lon="20.335839875042438507080078125">
        <ele>633.4000244140625</ele>
        <time>2026-08-21T10:36:59.000Z</time>
        <extensions>
          <ns3:TrackPointExtension>
            <ns3:cad>47</ns3:cad>
          </ns3:TrackPointExtension>
        </extensions>
      </trkpt>
      <trkpt lat="68.9947067387402057647705078125" lon="20.33579503186047077178955078125">
        <ele>634</ele>
        <time>2026-08-21T10:37:04.000Z</time>
        <extensions>
          <ns3:TrackPointExtension>
            <ns3:cad>47</ns3:cad>
          </ns3:TrackPointExtension>
        </extensions>
      </trkpt>
      <trkpt lat="68.9946986921131610870361328125" lon="20.33579234965145587921142578125">
        <ele>634.20001220703125</ele>
        <time>2026-08-21T10:37:05.000Z</time>
        <extensions>
          <ns3:TrackPointExtension>
            <ns3:cad>46</ns3:cad>
          </ns3:TrackPointExtension>
        </extensions>
      </trkpt>
      <trkpt lat="68.9946765638887882232666015625" lon="20.335790254175662994384765625">
        <ele>634.79998779296875</ele>
        <time>2026-08-21T10:37:09.000Z</time>
        <extensions>
          <ns3:TrackPointExtension>
            <ns3:cad>44</ns3:cad>
          </ns3:TrackPointExtension>
        </extensions>
      </trkpt>
      <trkpt lat="68.99465217255055904388427734375" lon="20.33579017035663127899169921875">
        <ele>635.20001220703125</ele>
        <time>2026-08-21T10:37:12.000Z</time>
        <extensions>
          <ns3:TrackPointExtension>
            <ns3:cad>44</ns3:cad>
          </ns3:TrackPointExtension>
        </extensions>
      </trkpt>
      <trkpt lat="68.9946276135742664337158203125" lon="20.335794948041439056396484375">
        <ele>635.5999755859375</ele>
        <time>2026-08-21T10:37:15.000Z</time>
        <extensions>
          <ns3:TrackPointExtension>
            <ns3:cad>42</ns3:cad>
          </ns3:TrackPointExtension>
        </extensions>
      </trkpt>
      <trkpt lat="68.9945883862674236297607421875" lon="20.33576854504644870758056640625">
        <ele>636.20001220703125</ele>
        <time>2026-08-21T10:37:21.000Z</time>
        <extensions>
          <ns3:TrackPointExtension>
            <ns3:cad>43</ns3:cad>
          </ns3:TrackPointExtension>
        </extensions>
      </trkpt>
      <trkpt lat="68.99457841180264949798583984375" lon="20.33575781621038913726806640625">
        <ele>636.4000244140625</ele>
        <time>2026-08-21T10:37:22.000Z</time>
        <extensions>
          <ns3:TrackPointExtension>
            <ns3:cad>43</ns3:cad>
          </ns3:TrackPointExtension>
        </extensions>
      </trkpt>
      <trkpt lat="68.99454899132251739501953125" lon="20.33571808598935604095458984375">
        <ele>636.79998779296875</ele>
        <time>2026-08-21T10:37:27.000Z</time>
        <extensions>
          <ns3:TrackPointExtension>
            <ns3:cad>43</ns3:cad>
          </ns3:TrackPointExtension>
        </extensions>
      </trkpt>
      <trkpt lat="68.9945069141685962677001953125" lon="20.335669219493865966796875">
        <ele>637</ele>
        <time>2026-08-21T10:37:33.000Z</time>
        <extensions>
          <ns3:TrackPointExtension>
            <ns3:cad>0</ns3:cad>
          </ns3:TrackPointExtension>
        </extensions>
      </trkpt>
      <trkpt lat="68.99445402435958385467529296875" lon="20.3356107138097286224365234375">
        <ele>636.5999755859375</ele>
        <time>2026-08-21T10:37:40.000Z</time>
        <extensions>
          <ns3:TrackPointExtension>
            <ns3:cad>0</ns3:cad>
          </ns3:TrackPointExtension>
        </extensions>
      </trkpt>
      <trkpt lat="68.99441488087177276611328125" lon="20.33558632247149944305419921875">
        <ele>636.20001220703125</ele>
        <time>2026-08-21T10:37:45.000Z</time>
        <extensions>
          <ns3:TrackPointExtension>
            <ns3:cad>47</ns3:cad>
          </ns3:TrackPointExtension>
        </extensions>
      </trkpt>
      <trkpt lat="68.99435746483504772186279296875" lon="20.33551708795130252838134765625">
        <ele>635.5999755859375</ele>
        <time>2026-08-21T10:37:52.000Z</time>
        <extensions>
          <ns3:TrackPointExtension>
            <ns3:cad>0</ns3:cad>
          </ns3:TrackPointExtension>
        </extensions>
      </trkpt>
      <trkpt lat="68.99433768354356288909912109375" lon="20.33548439852893352508544921875">
        <ele>635.20001220703125</ele>
        <time>2026-08-21T10:37:55.000Z</time>
        <extensions>
          <ns3:TrackPointExtension>
            <ns3:cad>0</ns3:cad>
          </ns3:TrackPointExtension>
        </extensions>
      </trkpt>
      <trkpt lat="68.994278423488140106201171875" lon="20.33537308685481548309326171875">
        <ele>634.5999755859375</ele>
        <time>2026-08-21T10:38:01.000Z</time>
        <extensions>
          <ns3:TrackPointExtension>
            <ns3:cad>0</ns3:cad>
          </ns3:TrackPointExtension>
        </extensions>
      </trkpt>
      <trkpt lat="68.9942500926554203033447265625" lon="20.33528893254697322845458984375">
        <ele>634.4000244140625</ele>
        <time>2026-08-21T10:38:06.000Z</time>
        <extensions>
          <ns3:TrackPointExtension>
            <ns3:cad>0</ns3:cad>
          </ns3:TrackPointExtension>
        </extensions>
      </trkpt>
      <trkpt lat="68.99420374073088169097900390625" lon="20.33516672439873218536376953125">
        <ele>634.4000244140625</ele>
        <time>2026-08-21T10:38:12.000Z</time>
        <extensions>
          <ns3:TrackPointExtension>
            <ns3:cad>48</ns3:cad>
          </ns3:TrackPointExtension>
        </extensions>
      </trkpt>
      <trkpt lat="68.99417608045041561126708984375" lon="20.33507033251225948333740234375">
        <ele>634.4000244140625</ele>
        <time>2026-08-21T10:38:18.000Z</time>
        <extensions>
          <ns3:TrackPointExtension>
            <ns3:cad>0</ns3:cad>
          </ns3:TrackPointExtension>
        </extensions>
      </trkpt>
      <trkpt lat="68.99412360973656177520751953125" lon="20.335007719695568084716796875">
        <ele>634.5999755859375</ele>
        <time>2026-08-21T10:38:25.000Z</time>
        <extensions>
          <ns3:TrackPointExtension>
            <ns3:cad>0</ns3:cad>
          </ns3:TrackPointExtension>
        </extensions>
      </trkpt>
      <trkpt lat="68.99411187507212162017822265625" lon="20.33500738441944122314453125">
        <ele>634.79998779296875</ele>
        <time>2026-08-21T10:38:26.000Z</time>
        <extensions>
          <ns3:TrackPointExtension>
            <ns3:cad>0</ns3:cad>
          </ns3:TrackPointExtension>
        </extensions>
      </trkpt>
      <trkpt lat="68.99407331831753253936767578125" lon="20.334988273680210113525390625">
        <ele>635</ele>
        <time>2026-08-21T10:38:31.000Z</time>
        <extensions>
          <ns3:TrackPointExtension>
            <ns3:cad>45</ns3:cad>
          </ns3:TrackPointExtension>
        </extensions>
      </trkpt>
      <trkpt lat="68.99401162751019001007080078125" lon="20.33492046408355236053466796875">
        <ele>635.4000244140625</ele>
        <time>2026-08-21T10:38:37.000Z</time>
        <extensions>
          <ns3:TrackPointExtension>
            <ns3:cad>0</ns3:cad>
          </ns3:TrackPointExtension>
        </extensions>
      </trkpt>
      <trkpt lat="68.99393518455326557159423828125" lon="20.33487268723547458648681640625">
        <ele>635.5999755859375</ele>
        <time>2026-08-21T10:38:44.000Z</time>
        <extensions>
          <ns3:TrackPointExtension>
            <ns3:cad>50</ns3:cad>
          </ns3:TrackPointExtension>
        </extensions>
      </trkpt>
      <trkpt lat="68.99388925172388553619384765625" lon="20.33486397005617618560791015625">
        <ele>635.79998779296875</ele>
        <time>2026-08-21T10:38:50.000Z</time>
        <extensions>
          <ns3:TrackPointExtension>
            <ns3:cad>47</ns3:cad>
          </ns3:TrackPointExtension>
        </extensions>
      </trkpt>
      <trkpt lat="68.99380425922572612762451171875" lon="20.33486782573163509368896484375">
        <ele>636</ele>
        <time>2026-08-21T10:38:58.000Z</time>
        <extensions>
          <ns3:TrackPointExtension>
            <ns3:cad>0</ns3:cad>
          </ns3:TrackPointExtension>
        </extensions>
      </trkpt>
      <trkpt lat="68.99373955093324184417724609375" lon="20.3348630480468273162841796875">
        <ele>636</ele>
        <time>2026-08-21T10:39:04.000Z</time>
        <extensions>
          <ns3:TrackPointExtension>
            <ns3:cad>0</ns3:cad>
          </ns3:TrackPointExtension>
        </extensions>
      </trkpt>
      <trkpt lat="68.99369630031287670135498046875" lon="20.334821306169033050537109375">
        <ele>636</ele>
        <time>2026-08-21T10:39:09.000Z</time>
        <extensions>
          <ns3:TrackPointExtension>
            <ns3:cad>48</ns3:cad>
          </ns3:TrackPointExtension>
        </extensions>
      </trkpt>
      <trkpt lat="68.99363997392356395721435546875" lon="20.334827341139316558837890625">
        <ele>636</ele>
        <time>2026-08-21T10:39:15.000Z</time>
        <extensions>
          <ns3:TrackPointExtension>
            <ns3:cad>50</ns3:cad>
          </ns3:TrackPointExtension>
        </extensions>
      </trkpt>
      <trkpt lat="68.993581049144268035888671875" lon="20.3347892872989177703857421875">
        <ele>636</ele>
        <time>2026-08-21T10:39:21.000Z</time>
        <extensions>
          <ns3:TrackPointExtension>
            <ns3:cad>47</ns3:cad>
          </ns3:TrackPointExtension>
        </extensions>
      </trkpt>
      <trkpt lat="68.99352547712624073028564453125" lon="20.3347547538578510284423828125">
        <ele>636.20001220703125</ele>
        <time>2026-08-21T10:39:26.000Z</time>
        <extensions>
          <ns3:TrackPointExtension>
            <ns3:cad>48</ns3:cad>
          </ns3:TrackPointExtension>
        </extensions>
      </trkpt>
      <trkpt lat="68.99348549544811248779296875" lon="20.33470429480075836181640625">
        <ele>636.20001220703125</ele>
        <time>2026-08-21T10:39:31.000Z</time>
        <extensions>
          <ns3:TrackPointExtension>
            <ns3:cad>48</ns3:cad>
          </ns3:TrackPointExtension>
        </extensions>
      </trkpt>
      <trkpt lat="68.993414752185344696044921875" lon="20.3346427716314792633056640625">
        <ele>636</ele>
        <time>2026-08-21T10:39:37.000Z</time>
        <extensions>
          <ns3:TrackPointExtension>
            <ns3:cad>49</ns3:cad>
          </ns3:TrackPointExtension>
        </extensions>
      </trkpt>
      <trkpt lat="68.99336404167115688323974609375" lon="20.334591977298259735107421875">
        <ele>635.79998779296875</ele>
        <time>2026-08-21T10:39:42.000Z</time>
        <extensions>
          <ns3:TrackPointExtension>
            <ns3:cad>49</ns3:cad>
          </ns3:TrackPointExtension>
        </extensions>
      </trkpt>
      <trkpt lat="68.99332179687917232513427734375" lon="20.33456104807555675506591796875">
        <ele>636.20001220703125</ele>
        <time>2026-08-21T10:39:47.000Z</time>
        <extensions>
          <ns3:TrackPointExtension>
            <ns3:cad>48</ns3:cad>
          </ns3:TrackPointExtension>
        </extensions>
      </trkpt>
      <trkpt lat="68.993312157690525054931640625" lon="20.33454746939241886138916015625">
        <ele>636.4000244140625</ele>
        <time>2026-08-21T10:39:49.000Z</time>
        <extensions>
          <ns3:TrackPointExtension>
            <ns3:cad>47</ns3:cad>
          </ns3:TrackPointExtension>
        </extensions>
      </trkpt>
      <trkpt lat="68.993273265659809112548828125" lon="20.33450438641011714935302734375">
        <ele>636.4000244140625</ele>
        <time>2026-08-21T10:39:52.000Z</time>
        <extensions>
          <ns3:TrackPointExtension>
            <ns3:cad>47</ns3:cad>
          </ns3:TrackPointExtension>
        </extensions>
      </trkpt>
      <trkpt lat="68.99318785406649112701416015625" lon="20.33449717797338962554931640625">
        <ele>636</ele>
        <time>2026-08-21T10:39:59.000Z</time>
        <extensions>
          <ns3:TrackPointExtension>
            <ns3:cad>49</ns3:cad>
          </ns3:TrackPointExtension>
        </extensions>
      </trkpt>
      <trkpt lat="68.99313370697200298309326171875" lon="20.33446297980844974517822265625">
        <ele>636</ele>
        <time>2026-08-21T10:40:05.000Z</time>
        <extensions>
          <ns3:TrackPointExtension>
            <ns3:cad>48</ns3:cad>
          </ns3:TrackPointExtension>
        </extensions>
      </trkpt>
      <trkpt lat="68.9930798113346099853515625" lon="20.33444554544985294342041015625">
        <ele>636.20001220703125</ele>
        <time>2026-08-21T10:40:10.000Z</time>
        <extensions>
          <ns3:TrackPointExtension>
            <ns3:cad>70</ns3:cad>
          </ns3:TrackPointExtension>
        </extensions>
      </trkpt>
      <trkpt lat="68.99302407167851924896240234375" lon="20.3344255127012729644775390625">
        <ele>636.20001220703125</ele>
        <time>2026-08-21T10:40:14.000Z</time>
        <extensions>
          <ns3:TrackPointExtension>
            <ns3:cad>47</ns3:cad>
          </ns3:TrackPointExtension>
        </extensions>
      </trkpt>
      <trkpt lat="68.9929874427616596221923828125" lon="20.33437413163483142852783203125">
        <ele>636.4000244140625</ele>
        <time>2026-08-21T10:40:22.000Z</time>
        <extensions>
          <ns3:TrackPointExtension>
            <ns3:cad>0</ns3:cad>
          </ns3:TrackPointExtension>
        </extensions>
      </trkpt>
      <trkpt lat="68.99298702366650104522705078125" lon="20.334384776651859283447265625">
        <ele>636.20001220703125</ele>
        <time>2026-08-21T10:40:30.000Z</time>
        <extensions>
          <ns3:TrackPointExtension>
            <ns3:cad>0</ns3:cad>
          </ns3:TrackPointExtension>
        </extensions>
      </trkpt>
      <trkpt lat="68.992941677570343017578125" lon="20.33441671170294284820556640625">
        <ele>636.20001220703125</ele>
        <time>2026-08-21T10:40:36.000Z</time>
        <extensions>
          <ns3:TrackPointExtension>
            <ns3:cad>0</ns3:cad>
          </ns3:TrackPointExtension>
        </extensions>
      </trkpt>
      <trkpt lat="68.99285509251058101654052734375" lon="20.334444455802440643310546875">
        <ele>636.4000244140625</ele>
        <time>2026-08-21T10:40:43.000Z</time>
        <extensions>
          <ns3:TrackPointExtension>
            <ns3:cad>46</ns3:cad>
          </ns3:TrackPointExtension>
        </extensions>
      </trkpt>
      <trkpt lat="68.9927849359810352325439453125" lon="20.3344436176121234893798828125">
        <ele>636.20001220703125</ele>
        <time>2026-08-21T10:40:50.000Z</time>
        <extensions>
          <ns3:TrackPointExtension>
            <ns3:cad>49</ns3:cad>
          </ns3:TrackPointExtension>
        </extensions>
      </trkpt>
      <trkpt lat="68.9927472174167633056640625" lon="20.3344352357089519500732421875">
        <ele>636.4000244140625</ele>
        <time>2026-08-21T10:40:55.000Z</time>
        <extensions>
          <ns3:TrackPointExtension>
            <ns3:cad>49</ns3:cad>
          </ns3:TrackPointExtension>
        </extensions>
      </trkpt>
      <trkpt lat="68.99264956824481487274169921875" lon="20.33445216715335845947265625">
        <ele>636.5999755859375</ele>
        <time>2026-08-21T10:41:04.000Z</time>
        <extensions>
          <ns3:TrackPointExtension>
            <ns3:cad>50</ns3:cad>
          </ns3:TrackPointExtension>
        </extensions>
      </trkpt>
      <trkpt lat="68.9925634860992431640625" lon="20.334453172981739044189453125">
        <ele>636.79998779296875</ele>
        <time>2026-08-21T10:41:12.000Z</time>
        <extensions>
          <ns3:TrackPointExtension>
            <ns3:cad>0</ns3:cad>
          </ns3:TrackPointExtension>
        </extensions>
      </trkpt>
      <trkpt lat="68.99251076392829418182373046875" lon="20.33444319851696491241455078125">
        <ele>636.20001220703125</ele>
        <time>2026-08-21T10:41:18.000Z</time>
        <extensions>
          <ns3:TrackPointExtension>
            <ns3:cad>48</ns3:cad>
          </ns3:TrackPointExtension>
        </extensions>
      </trkpt>
      <trkpt lat="68.992459885776042938232421875" lon="20.33444018103182315826416015625">
        <ele>636.5999755859375</ele>
        <time>2026-08-21T10:41:23.000Z</time>
        <extensions>
          <ns3:TrackPointExtension>
            <ns3:cad>0</ns3:cad>
          </ns3:TrackPointExtension>
        </extensions>
      </trkpt>
      <trkpt lat="68.9924023859202861785888671875" lon="20.33441998064517974853515625">
        <ele>637</ele>
        <time>2026-08-21T10:41:29.000Z</time>
        <extensions>
          <ns3:TrackPointExtension>
            <ns3:cad>49</ns3:cad>
          </ns3:TrackPointExtension>
        </extensions>
      </trkpt>
      <trkpt lat="68.9923475682735443115234375" lon="20.33439709804952144622802734375">
        <ele>637</ele>
        <time>2026-08-21T10:41:35.000Z</time>
        <extensions>
          <ns3:TrackPointExtension>
            <ns3:cad>49</ns3:cad>
          </ns3:TrackPointExtension>
        </extensions>
      </trkpt>
      <trkpt lat="68.992310352623462677001953125" lon="20.33439986407756805419921875">
        <ele>637.4000244140625</ele>
        <time>2026-08-21T10:41:39.000Z</time>
        <extensions>
          <ns3:TrackPointExtension>
            <ns3:cad>48</ns3:cad>
          </ns3:TrackPointExtension>
        </extensions>
      </trkpt>
      <trkpt lat="68.99230775423347949981689453125" lon="20.33439240418374538421630859375">
        <ele>637.5999755859375</ele>
        <time>2026-08-21T10:41:43.000Z</time>
        <extensions>
          <ns3:TrackPointExtension>
            <ns3:cad>0</ns3:cad>
          </ns3:TrackPointExtension>
        </extensions>
      </trkpt>
      <trkpt lat="68.99230440147221088409423828125" lon="20.33439542166888713836669921875">
        <ele>637.5999755859375</ele>
        <time>2026-08-21T10:41:50.000Z</time>
        <extensions>
          <ns3:TrackPointExtension>
            <ns3:cad>0</ns3:cad>
          </ns3:TrackPointExtension>
        </extensions>
      </trkpt>
      <trkpt lat="68.99225167930126190185546875" lon="20.33437312580645084381103515625">
        <ele>637.5999755859375</ele>
        <time>2026-08-21T10:41:57.000Z</time>
        <extensions>
          <ns3:TrackPointExtension>
            <ns3:cad>0</ns3:cad>
          </ns3:TrackPointExtension>
        </extensions>
      </trkpt>
      <trkpt lat="68.99218219332396984100341796875" lon="20.3343497402966022491455078125">
        <ele>637.4000244140625</ele>
        <time>2026-08-21T10:42:03.000Z</time>
        <extensions>
          <ns3:TrackPointExtension>
            <ns3:cad>0</ns3:cad>
          </ns3:TrackPointExtension>
        </extensions>
      </trkpt>
      <trkpt lat="68.99213072843849658966064453125" lon="20.33433725126087665557861328125">
        <ele>637.5999755859375</ele>
        <time>2026-08-21T10:42:10.000Z</time>
        <extensions>
          <ns3:TrackPointExtension>
            <ns3:cad>47</ns3:cad>
          </ns3:TrackPointExtension>
        </extensions>
      </trkpt>
      <trkpt lat="68.992082364857196807861328125" lon="20.3343567810952663421630859375">
        <ele>638</ele>
        <time>2026-08-21T10:42:15.000Z</time>
        <extensions>
          <ns3:TrackPointExtension>
            <ns3:cad>44</ns3:cad>
          </ns3:TrackPointExtension>
        </extensions>
      </trkpt>
      <trkpt lat="68.99203601293265819549560546875" lon="20.33434848301112651824951171875">
        <ele>638</ele>
        <time>2026-08-21T10:42:22.000Z</time>
        <extensions>
          <ns3:TrackPointExtension>
            <ns3:cad>0</ns3:cad>
          </ns3:TrackPointExtension>
        </extensions>
      </trkpt>
      <trkpt lat="68.9919725619256496429443359375" lon="20.3343537636101245880126953125">
        <ele>637</ele>
        <time>2026-08-21T10:42:29.000Z</time>
        <extensions>
          <ns3:TrackPointExtension>
            <ns3:cad>0</ns3:cad>
          </ns3:TrackPointExtension>
        </extensions>
      </trkpt>
      <trkpt lat="68.991922102868556976318359375" lon="20.334314368665218353271484375">
        <ele>636.20001220703125</ele>
        <time>2026-08-21T10:42:34.000Z</time>
        <extensions>
          <ns3:TrackPointExtension>
            <ns3:cad>0</ns3:cad>
          </ns3:TrackPointExtension>
        </extensions>
      </trkpt>
      <trkpt lat="68.99190969765186309814453125" lon="20.3343142010271549224853515625">
        <ele>636.20001220703125</ele>
        <time>2026-08-21T10:42:35.000Z</time>
        <extensions>
          <ns3:TrackPointExtension>
            <ns3:cad>0</ns3:cad>
          </ns3:TrackPointExtension>
        </extensions>
      </trkpt>
      <trkpt lat="68.99184540845453739166259765625" lon="20.33426835201680660247802734375">
        <ele>635.79998779296875</ele>
        <time>2026-08-21T10:42:41.000Z</time>
        <extensions>
          <ns3:TrackPointExtension>
            <ns3:cad>50</ns3:cad>
          </ns3:TrackPointExtension>
        </extensions>
      </trkpt>
      <trkpt lat="68.99185848422348499298095703125" lon="20.334260053932666778564453125">
        <ele>635.5999755859375</ele>
        <time>2026-08-21T10:42:44.000Z</time>
        <extensions>
          <ns3:TrackPointExtension>
            <ns3:cad>0</ns3:cad>
          </ns3:TrackPointExtension>
        </extensions>
      </trkpt>
      <trkpt lat="68.99185764603316783905029296875" lon="20.33426038920879364013671875">
        <ele>635.5999755859375</ele>
        <time>2026-08-21T10:42:46.000Z</time>
        <extensions>
          <ns3:TrackPointExtension>
            <ns3:cad>0</ns3:cad>
          </ns3:TrackPointExtension>
        </extensions>
      </trkpt>
      <trkpt lat="68.9918548800051212310791015625" lon="20.33427153714001178741455078125">
        <ele>635.5999755859375</ele>
        <time>2026-08-21T10:42:47.000Z</time>
        <extensions>
          <ns3:TrackPointExtension>
            <ns3:cad>0</ns3:cad>
          </ns3:TrackPointExtension>
        </extensions>
      </trkpt>
      <trkpt lat="68.991816826164722442626953125" lon="20.33422342501580715179443359375">
        <ele>635.4000244140625</ele>
        <time>2026-08-21T10:42:51.000Z</time>
        <extensions>
          <ns3:TrackPointExtension>
            <ns3:cad>0</ns3:cad>
          </ns3:TrackPointExtension>
        </extensions>
      </trkpt>
      <trkpt lat="68.99177617393434047698974609375" lon="20.33418528735637664794921875">
        <ele>635.20001220703125</ele>
        <time>2026-08-21T10:42:56.000Z</time>
        <extensions>
          <ns3:TrackPointExtension>
            <ns3:cad>48</ns3:cad>
          </ns3:TrackPointExtension>
        </extensions>
      </trkpt>
      <trkpt lat="68.99175941012799739837646484375" lon="20.33418369479477405548095703125">
        <ele>635</ele>
        <time>2026-08-21T10:42:58.000Z</time>
        <extensions>
          <ns3:TrackPointExtension>
            <ns3:cad>47</ns3:cad>
          </ns3:TrackPointExtension>
        </extensions>
      </trkpt>
      <trkpt lat="68.9916952885687351226806640625" lon="20.3341683559119701385498046875">
        <ele>634.20001220703125</ele>
        <time>2026-08-21T10:43:05.000Z</time>
        <extensions>
          <ns3:TrackPointExtension>
            <ns3:cad>49</ns3:cad>
          </ns3:TrackPointExtension>
        </extensions>
      </trkpt>
      <trkpt lat="68.99164675734937191009521484375" lon="20.33413164317607879638671875">
        <ele>633.20001220703125</ele>
        <time>2026-08-21T10:43:11.000Z</time>
        <extensions>
          <ns3:TrackPointExtension>
            <ns3:cad>50</ns3:cad>
          </ns3:TrackPointExtension>
        </extensions>
      </trkpt>
      <trkpt lat="68.9916232042014598846435546875" lon="20.334127284586429595947265625">
        <ele>633</ele>
        <time>2026-08-21T10:43:13.000Z</time>
        <extensions>
          <ns3:TrackPointExtension>
            <ns3:cad>0</ns3:cad>
          </ns3:TrackPointExtension>
        </extensions>
      </trkpt>
      <trkpt lat="68.9915796183049678802490234375" lon="20.33410884439945220947265625">
        <ele>633</ele>
        <time>2026-08-21T10:43:18.000Z</time>
        <extensions>
          <ns3:TrackPointExtension>
            <ns3:cad>0</ns3:cad>
          </ns3:TrackPointExtension>
        </extensions>
      </trkpt>
      <trkpt lat="68.9914998225867748260498046875" lon="20.33417112194001674652099609375">
        <ele>632.5999755859375</ele>
        <time>2026-08-21T10:43:25.000Z</time>
        <extensions>
          <ns3:TrackPointExtension>
            <ns3:cad>46</ns3:cad>
          </ns3:TrackPointExtension>
        </extensions>
      </trkpt>
      <trkpt lat="68.9914448373019695281982421875" lon="20.334201045334339141845703125">
        <ele>632.4000244140625</ele>
        <time>2026-08-21T10:43:31.000Z</time>
        <extensions>
          <ns3:TrackPointExtension>
            <ns3:cad>50</ns3:cad>
          </ns3:TrackPointExtension>
        </extensions>
      </trkpt>
      <trkpt lat="68.99138356558978557586669921875" lon="20.3342575393617153167724609375">
        <ele>632</ele>
        <time>2026-08-21T10:43:37.000Z</time>
        <extensions>
          <ns3:TrackPointExtension>
            <ns3:cad>50</ns3:cad>
          </ns3:TrackPointExtension>
        </extensions>
      </trkpt>
      <trkpt lat="68.99133972823619842529296875" lon="20.33429014496505260467529296875">
        <ele>631.5999755859375</ele>
        <time>2026-08-21T10:43:42.000Z</time>
        <extensions>
          <ns3:TrackPointExtension>
            <ns3:cad>50</ns3:cad>
          </ns3:TrackPointExtension>
        </extensions>
      </trkpt>
      <trkpt lat="68.99127141572535037994384765625" lon="20.33435569144785404205322265625">
        <ele>631</ele>
        <time>2026-08-21T10:43:49.000Z</time>
        <extensions>
          <ns3:TrackPointExtension>
            <ns3:cad>0</ns3:cad>
          </ns3:TrackPointExtension>
        </extensions>
      </trkpt>
      <trkpt lat="68.99120620451867580413818359375" lon="20.3343765623867511749267578125">
        <ele>630.5999755859375</ele>
        <time>2026-08-21T10:43:55.000Z</time>
        <extensions>
          <ns3:TrackPointExtension>
            <ns3:cad>48</ns3:cad>
          </ns3:TrackPointExtension>
        </extensions>
      </trkpt>
      <trkpt lat="68.991162367165088653564453125" lon="20.33440564759075641632080078125">
        <ele>630.4000244140625</ele>
        <time>2026-08-21T10:44:01.000Z</time>
        <extensions>
          <ns3:TrackPointExtension>
            <ns3:cad>50</ns3:cad>
          </ns3:TrackPointExtension>
        </extensions>
      </trkpt>
      <trkpt lat="68.99110109545290470123291015625" lon="20.33442392013967037200927734375">
        <ele>629.79998779296875</ele>
        <time>2026-08-21T10:44:07.000Z</time>
        <extensions>
          <ns3:TrackPointExtension>
            <ns3:cad>50</ns3:cad>
          </ns3:TrackPointExtension>
        </extensions>
      </trkpt>
      <trkpt lat="68.9910922944545745849609375" lon="20.33443012274801731109619140625">
        <ele>629.79998779296875</ele>
        <time>2026-08-21T10:44:08.000Z</time>
        <extensions>
          <ns3:TrackPointExtension>
            <ns3:cad>50</ns3:cad>
          </ns3:TrackPointExtension>
        </extensions>
      </trkpt>
      <trkpt lat="68.99103068746626377105712890625" lon="20.334459878504276275634765625">
        <ele>629.5999755859375</ele>
        <time>2026-08-21T10:44:13.000Z</time>
        <extensions>
          <ns3:TrackPointExtension>
            <ns3:cad>50</ns3:cad>
          </ns3:TrackPointExtension>
        </extensions>
      </trkpt>
      <trkpt lat="68.99097603745758533477783203125" lon="20.3344903886318206787109375">
        <ele>629.20001220703125</ele>
        <time>2026-08-21T10:44:18.000Z</time>
        <extensions>
          <ns3:TrackPointExtension>
            <ns3:cad>50</ns3:cad>
          </ns3:TrackPointExtension>
        </extensions>
      </trkpt>
      <trkpt lat="68.99092390201985836029052734375" lon="20.33453674055635929107666015625">
        <ele>629</ele>
        <time>2026-08-21T10:44:23.000Z</time>
        <extensions>
          <ns3:TrackPointExtension>
            <ns3:cad>48</ns3:cad>
          </ns3:TrackPointExtension>
        </extensions>
      </trkpt>
      <trkpt lat="68.990864641964435577392578125" lon="20.334569513797760009765625">
        <ele>629</ele>
        <time>2026-08-21T10:44:29.000Z</time>
        <extensions>
          <ns3:TrackPointExtension>
            <ns3:cad>48</ns3:cad>
          </ns3:TrackPointExtension>
        </extensions>
      </trkpt>
      <trkpt lat="68.99081527255475521087646484375" lon="20.33458032645285129547119140625">
        <ele>628.79998779296875</ele>
        <time>2026-08-21T10:44:33.000Z</time>
        <extensions>
          <ns3:TrackPointExtension>
            <ns3:cad>48</ns3:cad>
          </ns3:TrackPointExtension>
        </extensions>
      </trkpt>
      <trkpt lat="68.99078241549432277679443359375" lon="20.334578566253185272216796875">
        <ele>628.5999755859375</ele>
        <time>2026-08-21T10:44:36.000Z</time>
        <extensions>
          <ns3:TrackPointExtension>
            <ns3:cad>48</ns3:cad>
          </ns3:TrackPointExtension>
        </extensions>
      </trkpt>
      <trkpt lat="68.9907280169427394866943359375" lon="20.33461133949458599090576171875">
        <ele>628.79998779296875</ele>
        <time>2026-08-21T10:44:41.000Z</time>
        <extensions>
          <ns3:TrackPointExtension>
            <ns3:cad>0</ns3:cad>
          </ns3:TrackPointExtension>
        </extensions>
      </trkpt>
      <trkpt lat="68.9906767196953296661376953125" lon="20.33464000560343265533447265625">
        <ele>628.5999755859375</ele>
        <time>2026-08-21T10:44:46.000Z</time>
        <extensions>
          <ns3:TrackPointExtension>
            <ns3:cad>48</ns3:cad>
          </ns3:TrackPointExtension>
        </extensions>
      </trkpt>
      <trkpt lat="68.99061595089733600616455078125" lon="20.33472935669124126434326171875">
        <ele>628.5999755859375</ele>
        <time>2026-08-21T10:44:54.000Z</time>
        <extensions>
          <ns3:TrackPointExtension>
            <ns3:cad>50</ns3:cad>
          </ns3:TrackPointExtension>
        </extensions>
      </trkpt>
      <trkpt lat="68.99053934030234813690185546875" lon="20.334789454936981201171875">
        <ele>628</ele>
        <time>2026-08-21T10:45:02.000Z</time>
        <extensions>
          <ns3:TrackPointExtension>
            <ns3:cad>51</ns3:cad>
          </ns3:TrackPointExtension>
        </extensions>
      </trkpt>
      <trkpt lat="68.9904779009521007537841796875" lon="20.3348110802471637725830078125">
        <ele>628</ele>
        <time>2026-08-21T10:45:09.000Z</time>
        <extensions>
          <ns3:TrackPointExtension>
            <ns3:cad>49</ns3:cad>
          </ns3:TrackPointExtension>
        </extensions>
      </trkpt>
      <trkpt lat="68.990440182387828826904296875" lon="20.33483429811894893646240234375">
        <ele>627.79998779296875</ele>
        <time>2026-08-21T10:45:12.000Z</time>
        <extensions>
          <ns3:TrackPointExtension>
            <ns3:cad>0</ns3:cad>
          </ns3:TrackPointExtension>
        </extensions>
      </trkpt>
      <trkpt lat="68.990403972566127777099609375" lon="20.33487436361610889434814453125">
        <ele>627.5999755859375</ele>
        <time>2026-08-21T10:45:15.000Z</time>
        <extensions>
          <ns3:TrackPointExtension>
            <ns3:cad>50</ns3:cad>
          </ns3:TrackPointExtension>
        </extensions>
      </trkpt>
      <trkpt lat="68.99035158567130565643310546875" lon="20.33491878770291805267333984375">
        <ele>627.20001220703125</ele>
        <time>2026-08-21T10:45:20.000Z</time>
        <extensions>
          <ns3:TrackPointExtension>
            <ns3:cad>50</ns3:cad>
          </ns3:TrackPointExtension>
        </extensions>
      </trkpt>
      <trkpt lat="68.9903075806796550750732421875" lon="20.3349331207573413848876953125">
        <ele>627</ele>
        <time>2026-08-21T10:45:25.000Z</time>
        <extensions>
          <ns3:TrackPointExtension>
            <ns3:cad>49</ns3:cad>
          </ns3:TrackPointExtension>
        </extensions>
      </trkpt>
      <trkpt lat="68.99026106111705303192138671875" lon="20.334971845149993896484375">
        <ele>627</ele>
        <time>2026-08-21T10:45:29.000Z</time>
        <extensions>
          <ns3:TrackPointExtension>
            <ns3:cad>50</ns3:cad>
          </ns3:TrackPointExtension>
        </extensions>
      </trkpt>
      <trkpt lat="68.99020942859351634979248046875" lon="20.33506731502711772918701171875">
        <ele>627</ele>
        <time>2026-08-21T10:45:35.000Z</time>
        <extensions>
          <ns3:TrackPointExtension>
            <ns3:cad>49</ns3:cad>
          </ns3:TrackPointExtension>
        </extensions>
      </trkpt>
      <trkpt lat="68.99019702337682247161865234375" lon="20.33509631641209125518798828125">
        <ele>626.79998779296875</ele>
        <time>2026-08-21T10:45:37.000Z</time>
        <extensions>
          <ns3:TrackPointExtension>
            <ns3:cad>49</ns3:cad>
          </ns3:TrackPointExtension>
        </extensions>
      </trkpt>
      <trkpt lat="68.9901647530496120452880859375" lon="20.33519069664180278778076171875">
        <ele>626</ele>
        <time>2026-08-21T10:45:42.000Z</time>
        <extensions>
          <ns3:TrackPointExtension>
            <ns3:cad>47</ns3:cad>
          </ns3:TrackPointExtension>
        </extensions>
      </trkpt>
      <trkpt lat="68.99016014300286769866943359375" lon="20.33521123230457305908203125">
        <ele>625.79998779296875</ele>
        <time>2026-08-21T10:45:43.000Z</time>
        <extensions>
          <ns3:TrackPointExtension>
            <ns3:cad>47</ns3:cad>
          </ns3:TrackPointExtension>
        </extensions>
      </trkpt>
      <trkpt lat="68.99013097397983074188232421875" lon="20.33540728501975536346435546875">
        <ele>625.20001220703125</ele>
        <time>2026-08-21T10:45:49.000Z</time>
        <extensions>
          <ns3:TrackPointExtension>
            <ns3:cad>0</ns3:cad>
          </ns3:TrackPointExtension>
        </extensions>
      </trkpt>
      <trkpt lat="68.9901168085634708404541015625" lon="20.33552781678736209869384765625">
        <ele>624.79998779296875</ele>
        <time>2026-08-21T10:45:54.000Z</time>
        <extensions>
          <ns3:TrackPointExtension>
            <ns3:cad>0</ns3:cad>
          </ns3:TrackPointExtension>
        </extensions>
      </trkpt>
      <trkpt lat="68.990108259022235870361328125" lon="20.33557626418769359588623046875">
        <ele>624.5999755859375</ele>
        <time>2026-08-21T10:45:56.000Z</time>
        <extensions>
          <ns3:TrackPointExtension>
            <ns3:cad>0</ns3:cad>
          </ns3:TrackPointExtension>
        </extensions>
      </trkpt>
      <trkpt lat="68.9900703728199005126953125" lon="20.3356437385082244873046875">
        <ele>624</ele>
        <time>2026-08-21T10:46:02.000Z</time>
        <extensions>
          <ns3:TrackPointExtension>
            <ns3:cad>0</ns3:cad>
          </ns3:TrackPointExtension>
        </extensions>
      </trkpt>
      <trkpt lat="68.99002410471439361572265625" lon="20.33573635853826999664306640625">
        <ele>623.5999755859375</ele>
        <time>2026-08-21T10:46:06.000Z</time>
        <extensions>
          <ns3:TrackPointExtension>
            <ns3:cad>49</ns3:cad>
          </ns3:TrackPointExtension>
        </extensions>
      </trkpt>
      <trkpt lat="68.98999837227165699005126953125" lon="20.3357582353055477142333984375">
        <ele>623.20001220703125</ele>
        <time>2026-08-21T10:46:08.000Z</time>
        <extensions>
          <ns3:TrackPointExtension>
            <ns3:cad>49</ns3:cad>
          </ns3:TrackPointExtension>
        </extensions>
      </trkpt>
      <trkpt lat="68.98995126597583293914794921875" lon="20.33583928830921649932861328125">
        <ele>623.20001220703125</ele>
        <time>2026-08-21T10:46:13.000Z</time>
        <extensions>
          <ns3:TrackPointExtension>
            <ns3:cad>51</ns3:cad>
          </ns3:TrackPointExtension>
        </extensions>
      </trkpt>
      <trkpt lat="68.9898965321481227874755859375" lon="20.33594925887882709503173828125">
        <ele>623.4000244140625</ele>
        <time>2026-08-21T10:46:19.000Z</time>
        <extensions>
          <ns3:TrackPointExtension>
            <ns3:cad>49</ns3:cad>
          </ns3:TrackPointExtension>
        </extensions>
      </trkpt>
      <trkpt lat="68.989836014807224273681640625" lon="20.33603643067181110382080078125">
        <ele>624</ele>
        <time>2026-08-21T10:46:26.000Z</time>
        <extensions>
          <ns3:TrackPointExtension>
            <ns3:cad>47</ns3:cad>
          </ns3:TrackPointExtension>
        </extensions>
      </trkpt>
      <trkpt lat="68.98982034064829349517822265625" lon="20.33598815090954303741455078125">
        <ele>624.20001220703125</ele>
        <time>2026-08-21T10:46:32.000Z</time>
        <extensions>
          <ns3:TrackPointExtension>
            <ns3:cad>0</ns3:cad>
          </ns3:TrackPointExtension>
        </extensions>
      </trkpt>
      <trkpt lat="68.98982184939086437225341796875" lon="20.33611086197197437286376953125">
        <ele>624.20001220703125</ele>
        <time>2026-08-21T10:46:39.000Z</time>
        <extensions>
          <ns3:TrackPointExtension>
            <ns3:cad>0</ns3:cad>
          </ns3:TrackPointExtension>
        </extensions>
      </trkpt>
      <trkpt lat="68.9898291416466236114501953125" lon="20.3361117839813232421875">
        <ele>624.4000244140625</ele>
        <time>2026-08-21T10:46:45.000Z</time>
        <extensions>
          <ns3:TrackPointExtension>
            <ns3:cad>0</ns3:cad>
          </ns3:TrackPointExtension>
        </extensions>
      </trkpt>
      <trkpt lat="68.989821262657642364501953125" lon="20.3361372649669647216796875">
        <ele>624.4000244140625</ele>
        <time>2026-08-21T10:46:54.000Z</time>
        <extensions>
          <ns3:TrackPointExtension>
            <ns3:cad>0</ns3:cad>
          </ns3:TrackPointExtension>
        </extensions>
      </trkpt>
      <trkpt lat="68.9898301474750041961669921875" lon="20.33616551198065280914306640625">
        <ele>624.20001220703125</ele>
        <time>2026-08-21T10:47:03.000Z</time>
        <extensions>
          <ns3:TrackPointExtension>
            <ns3:cad>0</ns3:cad>
          </ns3:TrackPointExtension>
        </extensions>
      </trkpt>
      <trkpt lat="68.98984171450138092041015625" lon="20.336155705153942108154296875">
        <ele>624.20001220703125</ele>
        <time>2026-08-21T10:47:13.000Z</time>
        <extensions>
          <ns3:TrackPointExtension>
            <ns3:cad>0</ns3:cad>
          </ns3:TrackPointExtension>
        </extensions>
      </trkpt>
      <trkpt lat="68.98982964456081390380859375" lon="20.336143970489501953125">
        <ele>624.4000244140625</ele>
        <time>2026-08-21T10:47:19.000Z</time>
        <extensions>
          <ns3:TrackPointExtension>
            <ns3:cad>0</ns3:cad>
          </ns3:TrackPointExtension>
        </extensions>
      </trkpt>
      <trkpt lat="68.98983123712241649627685546875" lon="20.336112119257450103759765625">
        <ele>624.5999755859375</ele>
        <time>2026-08-21T10:47:22.000Z</time>
        <extensions>
          <ns3:TrackPointExtension>
            <ns3:cad>0</ns3:cad>
          </ns3:TrackPointExtension>
        </extensions>
      </trkpt>
      <trkpt lat="68.98982771672308444976806640625" lon="20.3361230157315731048583984375">
        <ele>624.5999755859375</ele>
        <time>2026-08-21T10:47:23.000Z</time>
        <extensions>
          <ns3:TrackPointExtension>
            <ns3:cad>0</ns3:cad>
          </ns3:TrackPointExtension>
        </extensions>
      </trkpt>
      <trkpt lat="68.98983693681657314300537109375" lon="20.3361924178898334503173828125">
        <ele>622.79998779296875</ele>
        <time>2026-08-21T10:55:42.000Z</time>
        <extensions>
          <ns3:TrackPointExtension>
            <ns3:cad>0</ns3:cad>
          </ns3:TrackPointExtension>
        </extensions>
      </trkpt>
      <trkpt lat="68.98983676917850971221923828125" lon="20.336179845035076141357421875">
        <ele>622.79998779296875</ele>
        <time>2026-08-21T10:55:43.000Z</time>
        <extensions>
          <ns3:TrackPointExtension>
            <ns3:cad>0</ns3:cad>
          </ns3:TrackPointExtension>
        </extensions>
      </trkpt>
      <trkpt lat="68.9897946082055568695068359375" lon="20.33612930215895175933837890625">
        <ele>623.20001220703125</ele>
        <time>2026-08-21T10:55:49.000Z</time>
        <extensions>
          <ns3:TrackPointExtension>
            <ns3:cad>0</ns3:cad>
          </ns3:TrackPointExtension>
        </extensions>
      </trkpt>
      <trkpt lat="68.989762254059314727783203125" lon="20.3362212516367435455322265625">
        <ele>623.79998779296875</ele>
        <time>2026-08-21T10:55:55.000Z</time>
        <extensions>
          <ns3:TrackPointExtension>
            <ns3:cad>0</ns3:cad>
          </ns3:TrackPointExtension>
        </extensions>
      </trkpt>
      <trkpt lat="68.98975714109838008880615234375" lon="20.33622485585510730743408203125">
        <ele>623.79998779296875</ele>
        <time>2026-08-21T10:55:56.000Z</time>
        <extensions>
          <ns3:TrackPointExtension>
            <ns3:cad>0</ns3:cad>
          </ns3:TrackPointExtension>
        </extensions>
      </trkpt>
      <trkpt lat="68.9897228591144084930419921875" lon="20.3363171406090259552001953125">
        <ele>624.20001220703125</ele>
        <time>2026-08-21T10:56:01.000Z</time>
        <extensions>
          <ns3:TrackPointExtension>
            <ns3:cad>41</ns3:cad>
          </ns3:TrackPointExtension>
        </extensions>
      </trkpt>
      <trkpt lat="68.989681117236614227294921875" lon="20.33639919944107532501220703125">
        <ele>624.79998779296875</ele>
        <time>2026-08-21T10:56:07.000Z</time>
        <extensions>
          <ns3:TrackPointExtension>
            <ns3:cad>0</ns3:cad>
          </ns3:TrackPointExtension>
        </extensions>
      </trkpt>
      <trkpt lat="68.98967114277184009552001953125" lon="20.33642090857028961181640625">
        <ele>624.79998779296875</ele>
        <time>2026-08-21T10:56:08.000Z</time>
        <extensions>
          <ns3:TrackPointExtension>
            <ns3:cad>0</ns3:cad>
          </ns3:TrackPointExtension>
        </extensions>
      </trkpt>
      <trkpt lat="68.98964281193912029266357421875" lon="20.33646374009549617767333984375">
        <ele>625.4000244140625</ele>
        <time>2026-08-21T10:56:12.000Z</time>
        <extensions>
          <ns3:TrackPointExtension>
            <ns3:cad>43</ns3:cad>
          </ns3:TrackPointExtension>
        </extensions>
      </trkpt>
      <trkpt lat="68.989610709249973297119140625" lon="20.33654588274657726287841796875">
        <ele>625.79998779296875</ele>
        <time>2026-08-21T10:56:18.000Z</time>
        <extensions>
          <ns3:TrackPointExtension>
            <ns3:cad>43</ns3:cad>
          </ns3:TrackPointExtension>
        </extensions>
      </trkpt>
      <trkpt lat="68.9895907603204250335693359375" lon="20.336584188044071197509765625">
        <ele>626</ele>
        <time>2026-08-21T10:56:21.000Z</time>
        <extensions>
          <ns3:TrackPointExtension>
            <ns3:cad>43</ns3:cad>
          </ns3:TrackPointExtension>
        </extensions>
      </trkpt>
      <trkpt lat="68.98957374505698680877685546875" lon="20.33662484027445316314697265625">
        <ele>626.20001220703125</ele>
        <time>2026-08-21T10:56:24.000Z</time>
        <extensions>
          <ns3:TrackPointExtension>
            <ns3:cad>44</ns3:cad>
          </ns3:TrackPointExtension>
        </extensions>
      </trkpt>
      <trkpt lat="68.98954323492944240570068359375" lon="20.336695499718189239501953125">
        <ele>626.5999755859375</ele>
        <time>2026-08-21T10:56:29.000Z</time>
        <extensions>
          <ns3:TrackPointExtension>
            <ns3:cad>45</ns3:cad>
          </ns3:TrackPointExtension>
        </extensions>
      </trkpt>
      <trkpt lat="68.98949763737618923187255859375" lon="20.336814187467098236083984375">
        <ele>627</ele>
        <time>2026-08-21T10:56:36.000Z</time>
        <extensions>
          <ns3:TrackPointExtension>
            <ns3:cad>0</ns3:cad>
          </ns3:TrackPointExtension>
        </extensions>
      </trkpt>
      <trkpt lat="68.98946025408804416656494140625" lon="20.3368856012821197509765625">
        <ele>627.4000244140625</ele>
        <time>2026-08-21T10:56:42.000Z</time>
        <extensions>
          <ns3:TrackPointExtension>
            <ns3:cad>0</ns3:cad>
          </ns3:TrackPointExtension>
        </extensions>
      </trkpt>
      <trkpt lat="68.989432342350482940673828125" lon="20.33697403036057949066162109375">
        <ele>628</ele>
        <time>2026-08-21T10:56:47.000Z</time>
        <extensions>
          <ns3:TrackPointExtension>
            <ns3:cad>0</ns3:cad>
          </ns3:TrackPointExtension>
        </extensions>
      </trkpt>
      <trkpt lat="68.9894133992493152618408203125" lon="20.33703111112117767333984375">
        <ele>628.20001220703125</ele>
        <time>2026-08-21T10:56:50.000Z</time>
        <extensions>
          <ns3:TrackPointExtension>
            <ns3:cad>0</ns3:cad>
          </ns3:TrackPointExtension>
        </extensions>
      </trkpt>
      <trkpt lat="68.9893882535398006439208984375" lon="20.3371352143585681915283203125">
        <ele>628.79998779296875</ele>
        <time>2026-08-21T10:56:57.000Z</time>
        <extensions>
          <ns3:TrackPointExtension>
            <ns3:cad>43</ns3:cad>
          </ns3:TrackPointExtension>
        </extensions>
      </trkpt>
      <trkpt lat="68.98937492631375789642333984375" lon="20.33717955462634563446044921875">
        <ele>629</ele>
        <time>2026-08-21T10:56:59.000Z</time>
        <extensions>
          <ns3:TrackPointExtension>
            <ns3:cad>0</ns3:cad>
          </ns3:TrackPointExtension>
        </extensions>
      </trkpt>
      <trkpt lat="68.98934550583362579345703125" lon="20.337176956236362457275390625">
        <ele>629.4000244140625</ele>
        <time>2026-08-21T10:57:03.000Z</time>
        <extensions>
          <ns3:TrackPointExtension>
            <ns3:cad>0</ns3:cad>
          </ns3:TrackPointExtension>
        </extensions>
      </trkpt>
      <trkpt lat="68.9892953820526599884033203125" lon="20.33719531260430812835693359375">
        <ele>629.4000244140625</ele>
        <time>2026-08-21T10:57:10.000Z</time>
        <extensions>
          <ns3:TrackPointExtension>
            <ns3:cad>0</ns3:cad>
          </ns3:TrackPointExtension>
        </extensions>
      </trkpt>
      <trkpt lat="68.98926042951643466949462890625" lon="20.33718206919729709625244140625">
        <ele>629.4000244140625</ele>
        <time>2026-08-21T10:57:15.000Z</time>
        <extensions>
          <ns3:TrackPointExtension>
            <ns3:cad>0</ns3:cad>
          </ns3:TrackPointExtension>
        </extensions>
      </trkpt>
      <trkpt lat="68.989234864711761474609375" lon="20.33717326819896697998046875">
        <ele>630.20001220703125</ele>
        <time>2026-08-21T10:57:20.000Z</time>
        <extensions>
          <ns3:TrackPointExtension>
            <ns3:cad>0</ns3:cad>
          </ns3:TrackPointExtension>
        </extensions>
      </trkpt>
      <trkpt lat="68.98919806815683841705322265625" lon="20.33717318437993526458740234375">
        <ele>630.5999755859375</ele>
        <time>2026-08-21T10:57:25.000Z</time>
        <extensions>
          <ns3:TrackPointExtension>
            <ns3:cad>0</ns3:cad>
          </ns3:TrackPointExtension>
        </extensions>
      </trkpt>
      <trkpt lat="68.989206366240978240966796875" lon="20.33717452548444271087646484375">
        <ele>630.79998779296875</ele>
        <time>2026-08-21T10:57:30.000Z</time>
        <extensions>
          <ns3:TrackPointExtension>
            <ns3:cad>0</ns3:cad>
          </ns3:TrackPointExtension>
        </extensions>
      </trkpt>
      <trkpt lat="68.98921114392578601837158203125" lon="20.3371565043926239013671875">
        <ele>630.4000244140625</ele>
        <time>2026-08-21T10:57:35.000Z</time>
        <extensions>
          <ns3:TrackPointExtension>
            <ns3:cad>0</ns3:cad>
          </ns3:TrackPointExtension>
        </extensions>
      </trkpt>
      <trkpt lat="68.98921969346702098846435546875" lon="20.337224900722503662109375">
        <ele>628.5999755859375</ele>
        <time>2026-08-21T11:02:28.000Z</time>
        <extensions>
          <ns3:TrackPointExtension>
            <ns3:cad>0</ns3:cad>
          </ns3:TrackPointExtension>
        </extensions>
      </trkpt>
      <trkpt lat="68.9892199449241161346435546875" lon="20.33724158070981502532958984375">
        <ele>628.5999755859375</ele>
        <time>2026-08-21T11:02:29.000Z</time>
        <extensions>
          <ns3:TrackPointExtension>
            <ns3:cad>0</ns3:cad>
          </ns3:TrackPointExtension>
        </extensions>
      </trkpt>
      <trkpt lat="68.98919186554849147796630859375" lon="20.33734082244336605072021484375">
        <ele>628.4000244140625</ele>
        <time>2026-08-21T11:02:36.000Z</time>
        <extensions>
          <ns3:TrackPointExtension>
            <ns3:cad>45</ns3:cad>
          </ns3:TrackPointExtension>
        </extensions>
      </trkpt>
      <trkpt lat="68.989169485867023468017578125" lon="20.33747560344636440277099609375">
        <ele>628</ele>
        <time>2026-08-21T11:02:42.000Z</time>
        <extensions>
          <ns3:TrackPointExtension>
            <ns3:cad>0</ns3:cad>
          </ns3:TrackPointExtension>
        </extensions>
      </trkpt>
      <trkpt lat="68.98915297351777553558349609375" lon="20.3374637849628925323486328125">
        <ele>627.5999755859375</ele>
        <time>2026-08-21T11:02:45.000Z</time>
        <extensions>
          <ns3:TrackPointExtension>
            <ns3:cad>0</ns3:cad>
          </ns3:TrackPointExtension>
        </extensions>
      </trkpt>
      <trkpt lat="68.98913771845400333404541015625" lon="20.33747375942766666412353515625">
        <ele>627.20001220703125</ele>
        <time>2026-08-21T11:02:47.000Z</time>
        <extensions>
          <ns3:TrackPointExtension>
            <ns3:cad>0</ns3:cad>
          </ns3:TrackPointExtension>
        </extensions>
      </trkpt>
      <trkpt lat="68.98912581615149974822998046875" lon="20.3374839015305042266845703125">
        <ele>626.5999755859375</ele>
        <time>2026-08-21T11:02:50.000Z</time>
        <extensions>
          <ns3:TrackPointExtension>
            <ns3:cad>0</ns3:cad>
          </ns3:TrackPointExtension>
        </extensions>
      </trkpt>
      <trkpt lat="68.9891103096306324005126953125" lon="20.33749110996723175048828125">
        <ele>626</ele>
        <time>2026-08-21T11:02:53.000Z</time>
        <extensions>
          <ns3:TrackPointExtension>
            <ns3:cad>0</ns3:cad>
          </ns3:TrackPointExtension>
        </extensions>
      </trkpt>
      <trkpt lat="68.9890989102423191070556640625" lon="20.33750494010746479034423828125">
        <ele>625.5999755859375</ele>
        <time>2026-08-21T11:02:55.000Z</time>
        <extensions>
          <ns3:TrackPointExtension>
            <ns3:cad>0</ns3:cad>
          </ns3:TrackPointExtension>
        </extensions>
      </trkpt>
      <trkpt lat="68.9890482835471630096435546875" lon="20.337569229304790496826171875">
        <ele>624.5999755859375</ele>
        <time>2026-08-21T11:03:00.000Z</time>
        <extensions>
          <ns3:TrackPointExtension>
            <ns3:cad>0</ns3:cad>
          </ns3:TrackPointExtension>
        </extensions>
      </trkpt>
      <trkpt lat="68.98903747089207172393798828125" lon="20.3375744260847568511962890625">
        <ele>624.5999755859375</ele>
        <time>2026-08-21T11:03:01.000Z</time>
        <extensions>
          <ns3:TrackPointExtension>
            <ns3:cad>0</ns3:cad>
          </ns3:TrackPointExtension>
        </extensions>
      </trkpt>
      <trkpt lat="68.98898634128272533416748046875" lon="20.33763083629310131072998046875">
        <ele>624.20001220703125</ele>
        <time>2026-08-21T11:03:05.000Z</time>
        <extensions>
          <ns3:TrackPointExtension>
            <ns3:cad>0</ns3:cad>
          </ns3:TrackPointExtension>
        </extensions>
      </trkpt>
      <trkpt lat="68.988923393189907073974609375" lon="20.33766218461096286773681640625">
        <ele>624.20001220703125</ele>
        <time>2026-08-21T11:03:12.000Z</time>
        <extensions>
          <ns3:TrackPointExtension>
            <ns3:cad>0</ns3:cad>
          </ns3:TrackPointExtension>
        </extensions>
      </trkpt>
      <trkpt lat="68.988859690725803375244140625" lon="20.33771733753383159637451171875">
        <ele>624.5999755859375</ele>
        <time>2026-08-21T11:03:19.000Z</time>
        <extensions>
          <ns3:TrackPointExtension>
            <ns3:cad>48</ns3:cad>
          </ns3:TrackPointExtension>
        </extensions>
      </trkpt>
      <trkpt lat="68.98880730383098125457763671875" lon="20.33770744688808917999267578125">
        <ele>625</ele>
        <time>2026-08-21T11:03:24.000Z</time>
        <extensions>
          <ns3:TrackPointExtension>
            <ns3:cad>0</ns3:cad>
          </ns3:TrackPointExtension>
        </extensions>
      </trkpt>
      <trkpt lat="68.9887453615665435791015625" lon="20.3377122245728969573974609375">
        <ele>625.4000244140625</ele>
        <time>2026-08-21T11:03:33.000Z</time>
        <extensions>
          <ns3:TrackPointExtension>
            <ns3:cad>0</ns3:cad>
          </ns3:TrackPointExtension>
        </extensions>
      </trkpt>
      <trkpt lat="68.98874259553849697113037109375" lon="20.3377209417521953582763671875">
        <ele>625.4000244140625</ele>
        <time>2026-08-21T11:03:39.000Z</time>
        <extensions>
          <ns3:TrackPointExtension>
            <ns3:cad>0</ns3:cad>
          </ns3:TrackPointExtension>
        </extensions>
      </trkpt>
      <trkpt lat="68.988703787326812744140625" lon="20.33778003416955471038818359375">
        <ele>625.20001220703125</ele>
        <time>2026-08-21T11:03:45.000Z</time>
        <extensions>
          <ns3:TrackPointExtension>
            <ns3:cad>0</ns3:cad>
          </ns3:TrackPointExtension>
        </extensions>
      </trkpt>
      <trkpt lat="68.9886684156954288482666015625" lon="20.33784608356654644012451171875">
        <ele>625.20001220703125</ele>
        <time>2026-08-21T11:03:51.000Z</time>
        <extensions>
          <ns3:TrackPointExtension>
            <ns3:cad>0</ns3:cad>
          </ns3:TrackPointExtension>
        </extensions>
      </trkpt>
      <trkpt lat="68.98861653171479701995849609375" lon="20.3379786014556884765625">
        <ele>625.20001220703125</ele>
        <time>2026-08-21T11:03:59.000Z</time>
        <extensions>
          <ns3:TrackPointExtension>
            <ns3:cad>0</ns3:cad>
          </ns3:TrackPointExtension>
        </extensions>
      </trkpt>
      <trkpt lat="68.98858400993049144744873046875" lon="20.3381065092980861663818359375">
        <ele>625.5999755859375</ele>
        <time>2026-08-21T11:04:04.000Z</time>
        <extensions>
          <ns3:TrackPointExtension>
            <ns3:cad>0</ns3:cad>
          </ns3:TrackPointExtension>
        </extensions>
      </trkpt>
      <trkpt lat="68.988574706017971038818359375" lon="20.33814716152846813201904296875">
        <ele>625.5999755859375</ele>
        <time>2026-08-21T11:04:06.000Z</time>
        <extensions>
          <ns3:TrackPointExtension>
            <ns3:cad>0</ns3:cad>
          </ns3:TrackPointExtension>
        </extensions>
      </trkpt>
      <trkpt lat="68.9885651506483554840087890625" lon="20.33814967609941959381103515625">
        <ele>625.5999755859375</ele>
        <time>2026-08-21T11:04:12.000Z</time>
        <extensions>
          <ns3:TrackPointExtension>
            <ns3:cad>0</ns3:cad>
          </ns3:TrackPointExtension>
        </extensions>
      </trkpt>
      <trkpt lat="68.98857763968408107757568359375" lon="20.33810533583164215087890625">
        <ele>625.4000244140625</ele>
        <time>2026-08-21T11:04:18.000Z</time>
        <extensions>
          <ns3:TrackPointExtension>
            <ns3:cad>0</ns3:cad>
          </ns3:TrackPointExtension>
        </extensions>
      </trkpt>
      <trkpt lat="68.98857261054217815399169921875" lon="20.3381547890603542327880859375">
        <ele>625.5999755859375</ele>
        <time>2026-08-21T11:04:23.000Z</time>
        <extensions>
          <ns3:TrackPointExtension>
            <ns3:cad>0</ns3:cad>
          </ns3:TrackPointExtension>
        </extensions>
      </trkpt>
      <trkpt lat="68.988558612763881683349609375" lon="20.3381676971912384033203125">
        <ele>625.5999755859375</ele>
        <time>2026-08-21T11:04:29.000Z</time>
        <extensions>
          <ns3:TrackPointExtension>
            <ns3:cad>0</ns3:cad>
          </ns3:TrackPointExtension>
        </extensions>
      </trkpt>
      <trkpt lat="68.9885906316339969635009765625" lon="20.338391326367855072021484375">
        <ele>625.20001220703125</ele>
        <time>2026-08-21T12:01:22.000Z</time>
        <extensions>
          <ns3:TrackPointExtension>
            <ns3:cad>0</ns3:cad>
          </ns3:TrackPointExtension>
        </extensions>
      </trkpt>
      <trkpt lat="68.98853925056755542755126953125" lon="20.3382888995110988616943359375">
        <ele>625.5999755859375</ele>
        <time>2026-08-21T12:01:25.000Z</time>
        <extensions>
          <ns3:TrackPointExtension>
            <ns3:cad>0</ns3:cad>
          </ns3:TrackPointExtension>
        </extensions>
      </trkpt>
      <trkpt lat="68.98855014704167842864990234375" lon="20.33834145404398441314697265625">
        <ele>625.79998779296875</ele>
        <time>2026-08-21T12:01:27.000Z</time>
        <extensions>
          <ns3:TrackPointExtension>
            <ns3:cad>0</ns3:cad>
          </ns3:TrackPointExtension>
        </extensions>
      </trkpt>
      <trkpt lat="68.9885500632226467132568359375" lon="20.33833826892077922821044921875">
        <ele>625.4000244140625</ele>
        <time>2026-08-21T12:01:29.000Z</time>
        <extensions>
          <ns3:TrackPointExtension>
            <ns3:cad>0</ns3:cad>
          </ns3:TrackPointExtension>
        </extensions>
      </trkpt>
      <trkpt lat="68.9885215647518634796142578125" lon="20.33838939853012561798095703125">
        <ele>625.20001220703125</ele>
        <time>2026-08-21T12:01:32.000Z</time>
        <extensions>
          <ns3:TrackPointExtension>
            <ns3:cad>0</ns3:cad>
          </ns3:TrackPointExtension>
        </extensions>
      </trkpt>
      <trkpt lat="68.98849046789109706878662109375" lon="20.33845813013613224029541015625">
        <ele>625.20001220703125</ele>
        <time>2026-08-21T12:01:36.000Z</time>
        <extensions>
          <ns3:TrackPointExtension>
            <ns3:cad>0</ns3:cad>
          </ns3:TrackPointExtension>
        </extensions>
      </trkpt>
      <trkpt lat="68.98842559196054935455322265625" lon="20.3385577909648418426513671875">
        <ele>625.20001220703125</ele>
        <time>2026-08-21T12:01:43.000Z</time>
        <extensions>
          <ns3:TrackPointExtension>
            <ns3:cad>52</ns3:cad>
          </ns3:TrackPointExtension>
        </extensions>
      </trkpt>
      <trkpt lat="68.98835987783968448638916015625" lon="20.3386137820780277252197265625">
        <ele>625.20001220703125</ele>
        <time>2026-08-21T12:01:49.000Z</time>
        <extensions>
          <ns3:TrackPointExtension>
            <ns3:cad>51</ns3:cad>
          </ns3:TrackPointExtension>
        </extensions>
      </trkpt>
      <trkpt lat="68.9882959239184856414794921875" lon="20.338672287762165069580078125">
        <ele>624.79998779296875</ele>
        <time>2026-08-21T12:01:55.000Z</time>
        <extensions>
          <ns3:TrackPointExtension>
            <ns3:cad>51</ns3:cad>
          </ns3:TrackPointExtension>
        </extensions>
      </trkpt>
      <trkpt lat="68.98828477598726749420166015625" lon="20.33868092112243175506591796875">
        <ele>625</ele>
        <time>2026-08-21T12:02:01.000Z</time>
        <extensions>
          <ns3:TrackPointExtension>
            <ns3:cad>0</ns3:cad>
          </ns3:TrackPointExtension>
        </extensions>
      </trkpt>
      <trkpt lat="68.9882411062717437744140625" lon="20.33872903324663639068603515625">
        <ele>624.79998779296875</ele>
        <time>2026-08-21T12:02:09.000Z</time>
        <extensions>
          <ns3:TrackPointExtension>
            <ns3:cad>0</ns3:cad>
          </ns3:TrackPointExtension>
        </extensions>
      </trkpt>
      <trkpt lat="68.9882221631705760955810546875" lon="20.33876876346766948699951171875">
        <ele>624.5999755859375</ele>
        <time>2026-08-21T12:02:12.000Z</time>
        <extensions>
          <ns3:TrackPointExtension>
            <ns3:cad>0</ns3:cad>
          </ns3:TrackPointExtension>
        </extensions>
      </trkpt>
      <trkpt lat="68.98821587674319744110107421875" lon="20.33878452144563198089599609375">
        <ele>624.5999755859375</ele>
        <time>2026-08-21T12:02:13.000Z</time>
        <extensions>
          <ns3:TrackPointExtension>
            <ns3:cad>0</ns3:cad>
          </ns3:TrackPointExtension>
        </extensions>
      </trkpt>
      <trkpt lat="68.98819676600396633148193359375" lon="20.33882492221891880035400390625">
        <ele>624.5999755859375</ele>
        <time>2026-08-21T12:02:15.000Z</time>
        <extensions>
          <ns3:TrackPointExtension>
            <ns3:cad>0</ns3:cad>
          </ns3:TrackPointExtension>
        </extensions>
      </trkpt>
      <trkpt lat="68.9881366677582263946533203125" lon="20.33890019170939922332763671875">
        <ele>625.20001220703125</ele>
        <time>2026-08-21T12:02:21.000Z</time>
        <extensions>
          <ns3:TrackPointExtension>
            <ns3:cad>0</ns3:cad>
          </ns3:TrackPointExtension>
        </extensions>
      </trkpt>
      <trkpt lat="68.98807682096958160400390625" lon="20.338979065418243408203125">
        <ele>625.4000244140625</ele>
        <time>2026-08-21T12:02:27.000Z</time>
        <extensions>
          <ns3:TrackPointExtension>
            <ns3:cad>47</ns3:cad>
          </ns3:TrackPointExtension>
        </extensions>
      </trkpt>
      <trkpt lat="68.9879889786243438720703125" lon="20.33904905430972576141357421875">
        <ele>624.79998779296875</ele>
        <time>2026-08-21T12:02:36.000Z</time>
        <extensions>
          <ns3:TrackPointExtension>
            <ns3:cad>47</ns3:cad>
          </ns3:TrackPointExtension>
        </extensions>
      </trkpt>
      <trkpt lat="68.98792049847543239593505859375" lon="20.33908844925463199615478515625">
        <ele>623.4000244140625</ele>
        <time>2026-08-21T12:02:44.000Z</time>
        <extensions>
          <ns3:TrackPointExtension>
            <ns3:cad>0</ns3:cad>
          </ns3:TrackPointExtension>
        </extensions>
      </trkpt>
      <trkpt lat="68.9878816902637481689453125" lon="20.3391371481120586395263671875">
        <ele>622.4000244140625</ele>
        <time>2026-08-21T12:02:50.000Z</time>
        <extensions>
          <ns3:TrackPointExtension>
            <ns3:cad>61</ns3:cad>
          </ns3:TrackPointExtension>
        </extensions>
      </trkpt>
      <trkpt lat="68.98783852346241474151611328125" lon="20.33916422165930271148681640625">
        <ele>621.20001220703125</ele>
        <time>2026-08-21T12:02:56.000Z</time>
        <extensions>
          <ns3:TrackPointExtension>
            <ns3:cad>0</ns3:cad>
          </ns3:TrackPointExtension>
        </extensions>
      </trkpt>
      <trkpt lat="68.98781991563737392425537109375" lon="20.339138321578502655029296875">
        <ele>620</ele>
        <time>2026-08-21T12:03:01.000Z</time>
        <extensions>
          <ns3:TrackPointExtension>
            <ns3:cad>0</ns3:cad>
          </ns3:TrackPointExtension>
        </extensions>
      </trkpt>
      <trkpt lat="68.98781287483870983123779296875" lon="20.33914561383426189422607421875">
        <ele>619.79998779296875</ele>
        <time>2026-08-21T12:03:02.000Z</time>
        <extensions>
          <ns3:TrackPointExtension>
            <ns3:cad>0</ns3:cad>
          </ns3:TrackPointExtension>
        </extensions>
      </trkpt>
      <trkpt lat="68.98779787123203277587890625" lon="20.3391257487237453460693359375">
        <ele>619</ele>
        <time>2026-08-21T12:03:05.000Z</time>
        <extensions>
          <ns3:TrackPointExtension>
            <ns3:cad>0</ns3:cad>
          </ns3:TrackPointExtension>
        </extensions>
      </trkpt>
      <trkpt lat="68.98779041133821010589599609375" lon="20.3391252458095550537109375">
        <ele>618.5999755859375</ele>
        <time>2026-08-21T12:03:06.000Z</time>
        <extensions>
          <ns3:TrackPointExtension>
            <ns3:cad>0</ns3:cad>
          </ns3:TrackPointExtension>
        </extensions>
      </trkpt>
      <trkpt lat="68.98776032030582427978515625" lon="20.3391388244926929473876953125">
        <ele>618</ele>
        <time>2026-08-21T12:03:09.000Z</time>
        <extensions>
          <ns3:TrackPointExtension>
            <ns3:cad>0</ns3:cad>
          </ns3:TrackPointExtension>
        </extensions>
      </trkpt>
      <trkpt lat="68.9877427183091640472412109375" lon="20.33916505984961986541748046875">
        <ele>617.4000244140625</ele>
        <time>2026-08-21T12:03:11.000Z</time>
        <extensions>
          <ns3:TrackPointExtension>
            <ns3:cad>0</ns3:cad>
          </ns3:TrackPointExtension>
        </extensions>
      </trkpt>
      <trkpt lat="68.98771564476191997528076171875" lon="20.33922289498150348663330078125">
        <ele>616.79998779296875</ele>
        <time>2026-08-21T12:03:14.000Z</time>
        <extensions>
          <ns3:TrackPointExtension>
            <ns3:cad>55</ns3:cad>
          </ns3:TrackPointExtension>
        </extensions>
      </trkpt>
      <trkpt lat="68.9876796863973140716552734375" lon="20.33927687443792819976806640625">
        <ele>616.79998779296875</ele>
        <time>2026-08-21T12:03:17.000Z</time>
        <extensions>
          <ns3:TrackPointExtension>
            <ns3:cad>55</ns3:cad>
          </ns3:TrackPointExtension>
        </extensions>
      </trkpt>
      <trkpt lat="68.98762579075992107391357421875" lon="20.33934661187231540679931640625">
        <ele>617</ele>
        <time>2026-08-21T12:03:23.000Z</time>
        <extensions>
          <ns3:TrackPointExtension>
            <ns3:cad>53</ns3:cad>
          </ns3:TrackPointExtension>
        </extensions>
      </trkpt>
      <trkpt lat="68.9875680394470691680908203125" lon="20.339413918554782867431640625">
        <ele>617.4000244140625</ele>
        <time>2026-08-21T12:03:30.000Z</time>
        <extensions>
          <ns3:TrackPointExtension>
            <ns3:cad>0</ns3:cad>
          </ns3:TrackPointExtension>
        </extensions>
      </trkpt>
      <trkpt lat="68.987510204315185546875" lon="20.3394563309848308563232421875">
        <ele>617.79998779296875</ele>
        <time>2026-08-21T12:03:36.000Z</time>
        <extensions>
          <ns3:TrackPointExtension>
            <ns3:cad>48</ns3:cad>
          </ns3:TrackPointExtension>
        </extensions>
      </trkpt>
      <trkpt lat="68.98743568919599056243896484375" lon="20.33952816389501094818115234375">
        <ele>617.4000244140625</ele>
        <time>2026-08-21T12:03:44.000Z</time>
        <extensions>
          <ns3:TrackPointExtension>
            <ns3:cad>51</ns3:cad>
          </ns3:TrackPointExtension>
        </extensions>
      </trkpt>
      <trkpt lat="68.98738757707178592681884765625" lon="20.33960225991904735565185546875">
        <ele>617.5999755859375</ele>
        <time>2026-08-21T12:03:50.000Z</time>
        <extensions>
          <ns3:TrackPointExtension>
            <ns3:cad>49</ns3:cad>
          </ns3:TrackPointExtension>
        </extensions>
      </trkpt>
      <trkpt lat="68.98732638917863368988037109375" lon="20.33967484720051288604736328125">
        <ele>617.4000244140625</ele>
        <time>2026-08-21T12:03:56.000Z</time>
        <extensions>
          <ns3:TrackPointExtension>
            <ns3:cad>0</ns3:cad>
          </ns3:TrackPointExtension>
        </extensions>
      </trkpt>
      <trkpt lat="68.98726620711386203765869140625" lon="20.3397367894649505615234375">
        <ele>617.5999755859375</ele>
        <time>2026-08-21T12:04:02.000Z</time>
        <extensions>
          <ns3:TrackPointExtension>
            <ns3:cad>47</ns3:cad>
          </ns3:TrackPointExtension>
        </extensions>
      </trkpt>
      <trkpt lat="68.98723234422504901885986328125" lon="20.3397708199918270111083984375">
        <ele>617.79998779296875</ele>
        <time>2026-08-21T12:04:05.000Z</time>
        <extensions>
          <ns3:TrackPointExtension>
            <ns3:cad>0</ns3:cad>
          </ns3:TrackPointExtension>
        </extensions>
      </trkpt>
      <trkpt lat="68.98721926845610141754150390625" lon="20.3397845663130283355712890625">
        <ele>618</ele>
        <time>2026-08-21T12:04:07.000Z</time>
        <extensions>
          <ns3:TrackPointExtension>
            <ns3:cad>49</ns3:cad>
          </ns3:TrackPointExtension>
        </extensions>
      </trkpt>
      <trkpt lat="68.98717266507446765899658203125" lon="20.339836366474628448486328125">
        <ele>618.4000244140625</ele>
        <time>2026-08-21T12:04:12.000Z</time>
        <extensions>
          <ns3:TrackPointExtension>
            <ns3:cad>50</ns3:cad>
          </ns3:TrackPointExtension>
        </extensions>
      </trkpt>
      <trkpt lat="68.98713377304375171661376953125" lon="20.3398757614195346832275390625">
        <ele>618.79998779296875</ele>
        <time>2026-08-21T12:04:17.000Z</time>
        <extensions>
          <ns3:TrackPointExtension>
            <ns3:cad>0</ns3:cad>
          </ns3:TrackPointExtension>
        </extensions>
      </trkpt>
      <trkpt lat="68.98708784021437168121337890625" lon="20.33989361487329006195068359375">
        <ele>618.79998779296875</ele>
        <time>2026-08-21T12:04:21.000Z</time>
        <extensions>
          <ns3:TrackPointExtension>
            <ns3:cad>0</ns3:cad>
          </ns3:TrackPointExtension>
        </extensions>
      </trkpt>
      <trkpt lat="68.98707945831120014190673828125" lon="20.33990509808063507080078125">
        <ele>619</ele>
        <time>2026-08-21T12:04:22.000Z</time>
        <extensions>
          <ns3:TrackPointExtension>
            <ns3:cad>0</ns3:cad>
          </ns3:TrackPointExtension>
        </extensions>
      </trkpt>
      <trkpt lat="68.9870292507112026214599609375" lon="20.33997877500951290130615234375">
        <ele>619</ele>
        <time>2026-08-21T12:04:27.000Z</time>
        <extensions>
          <ns3:TrackPointExtension>
            <ns3:cad>41</ns3:cad>
          </ns3:TrackPointExtension>
        </extensions>
      </trkpt>
      <trkpt lat="68.9869702421128749847412109375" lon="20.34005890600383281707763671875">
        <ele>618.79998779296875</ele>
        <time>2026-08-21T12:04:33.000Z</time>
        <extensions>
          <ns3:TrackPointExtension>
            <ns3:cad>49</ns3:cad>
          </ns3:TrackPointExtension>
        </extensions>
      </trkpt>
      <trkpt lat="68.98693746887147426605224609375" lon="20.34008623100817203521728515625">
        <ele>618.5999755859375</ele>
        <time>2026-08-21T12:04:37.000Z</time>
        <extensions>
          <ns3:TrackPointExtension>
            <ns3:cad>50</ns3:cad>
          </ns3:TrackPointExtension>
        </extensions>
      </trkpt>
      <trkpt lat="68.986915759742259979248046875" lon="20.34010165371000766754150390625">
        <ele>618.4000244140625</ele>
        <time>2026-08-21T12:04:39.000Z</time>
        <extensions>
          <ns3:TrackPointExtension>
            <ns3:cad>0</ns3:cad>
          </ns3:TrackPointExtension>
        </extensions>
      </trkpt>
      <trkpt lat="68.98684166371822357177734375" lon="20.3401436470448970794677734375">
        <ele>618.79998779296875</ele>
        <time>2026-08-21T12:04:46.000Z</time>
        <extensions>
          <ns3:TrackPointExtension>
            <ns3:cad>0</ns3:cad>
          </ns3:TrackPointExtension>
        </extensions>
      </trkpt>
      <trkpt lat="68.9867873489856719970703125" lon="20.34018429927527904510498046875">
        <ele>618.4000244140625</ele>
        <time>2026-08-21T12:04:51.000Z</time>
        <extensions>
          <ns3:TrackPointExtension>
            <ns3:cad>51</ns3:cad>
          </ns3:TrackPointExtension>
        </extensions>
      </trkpt>
      <trkpt lat="68.9867271669209003448486328125" lon="20.34025252796709537506103515625">
        <ele>618.4000244140625</ele>
        <time>2026-08-21T12:04:58.000Z</time>
        <extensions>
          <ns3:TrackPointExtension>
            <ns3:cad>50</ns3:cad>
          </ns3:TrackPointExtension>
        </extensions>
      </trkpt>
      <trkpt lat="68.98667293600738048553466796875" lon="20.340293683111667633056640625">
        <ele>618.4000244140625</ele>
        <time>2026-08-21T12:05:04.000Z</time>
        <extensions>
          <ns3:TrackPointExtension>
            <ns3:cad>48</ns3:cad>
          </ns3:TrackPointExtension>
        </extensions>
      </trkpt>
      <trkpt lat="68.9866574294865131378173828125" lon="20.3402881510555744171142578125">
        <ele>618.5999755859375</ele>
        <time>2026-08-21T12:05:06.000Z</time>
        <extensions>
          <ns3:TrackPointExtension>
            <ns3:cad>48</ns3:cad>
          </ns3:TrackPointExtension>
        </extensions>
      </trkpt>
      <trkpt lat="68.98660386912524700164794921875" lon="20.3403166495263576507568359375">
        <ele>618.5999755859375</ele>
        <time>2026-08-21T12:05:10.000Z</time>
        <extensions>
          <ns3:TrackPointExtension>
            <ns3:cad>50</ns3:cad>
          </ns3:TrackPointExtension>
        </extensions>
      </trkpt>
      <trkpt lat="68.9865591935813426971435546875" lon="20.340376831591129302978515625">
        <ele>618.5999755859375</ele>
        <time>2026-08-21T12:05:15.000Z</time>
        <extensions>
          <ns3:TrackPointExtension>
            <ns3:cad>0</ns3:cad>
          </ns3:TrackPointExtension>
        </extensions>
      </trkpt>
      <trkpt lat="68.98649624548852443695068359375" lon="20.34041463397443294525146484375">
        <ele>619</ele>
        <time>2026-08-21T12:05:20.000Z</time>
        <extensions>
          <ns3:TrackPointExtension>
            <ns3:cad>51</ns3:cad>
          </ns3:TrackPointExtension>
        </extensions>
      </trkpt>
      <trkpt lat="68.98642935790121555328369140625" lon="20.34048847854137420654296875">
        <ele>619.79998779296875</ele>
        <time>2026-08-21T12:05:27.000Z</time>
        <extensions>
          <ns3:TrackPointExtension>
            <ns3:cad>49</ns3:cad>
          </ns3:TrackPointExtension>
        </extensions>
      </trkpt>
      <trkpt lat="68.9864073134958744049072265625" lon="20.34048688597977161407470703125">
        <ele>620</ele>
        <time>2026-08-21T12:05:29.000Z</time>
        <extensions>
          <ns3:TrackPointExtension>
            <ns3:cad>47</ns3:cad>
          </ns3:TrackPointExtension>
        </extensions>
      </trkpt>
      <trkpt lat="68.986359871923923492431640625" lon="20.3405094332993030548095703125">
        <ele>620</ele>
        <time>2026-08-21T12:05:34.000Z</time>
        <extensions>
          <ns3:TrackPointExtension>
            <ns3:cad>48</ns3:cad>
          </ns3:TrackPointExtension>
        </extensions>
      </trkpt>
      <trkpt lat="68.986303545534610748291015625" lon="20.3405858762562274932861328125">
        <ele>620</ele>
        <time>2026-08-21T12:05:40.000Z</time>
        <extensions>
          <ns3:TrackPointExtension>
            <ns3:cad>48</ns3:cad>
          </ns3:TrackPointExtension>
        </extensions>
      </trkpt>
      <trkpt lat="68.98623925633728504180908203125" lon="20.3406579606235027313232421875">
        <ele>619.20001220703125</ele>
        <time>2026-08-21T12:05:47.000Z</time>
        <extensions>
          <ns3:TrackPointExtension>
            <ns3:cad>52</ns3:cad>
          </ns3:TrackPointExtension>
        </extensions>
      </trkpt>
      <trkpt lat="68.98622165434062480926513671875" lon="20.34066609106957912445068359375">
        <ele>618.79998779296875</ele>
        <time>2026-08-21T12:05:49.000Z</time>
        <extensions>
          <ns3:TrackPointExtension>
            <ns3:cad>52</ns3:cad>
          </ns3:TrackPointExtension>
        </extensions>
      </trkpt>
      <trkpt lat="68.98618091829121112823486328125" lon="20.34070498310029506683349609375">
        <ele>618.5999755859375</ele>
        <time>2026-08-21T12:05:53.000Z</time>
        <extensions>
          <ns3:TrackPointExtension>
            <ns3:cad>51</ns3:cad>
          </ns3:TrackPointExtension>
        </extensions>
      </trkpt>
      <trkpt lat="68.98611587472259998321533203125" lon="20.3407129459083080291748046875">
        <ele>618.79998779296875</ele>
        <time>2026-08-21T12:06:00.000Z</time>
        <extensions>
          <ns3:TrackPointExtension>
            <ns3:cad>47</ns3:cad>
          </ns3:TrackPointExtension>
        </extensions>
      </trkpt>
      <trkpt lat="68.98604110814630985260009765625" lon="20.340757705271244049072265625">
        <ele>619.5999755859375</ele>
        <time>2026-08-21T12:06:08.000Z</time>
        <extensions>
          <ns3:TrackPointExtension>
            <ns3:cad>48</ns3:cad>
          </ns3:TrackPointExtension>
        </extensions>
      </trkpt>
      <trkpt lat="68.98602618835866451263427734375" lon="20.340813361108303070068359375">
        <ele>619.5999755859375</ele>
        <time>2026-08-21T12:06:12.000Z</time>
        <extensions>
          <ns3:TrackPointExtension>
            <ns3:cad>50</ns3:cad>
          </ns3:TrackPointExtension>
        </extensions>
      </trkpt>
      <trkpt lat="68.9860334806144237518310546875" lon="20.34087010659277439117431640625">
        <ele>619.79998779296875</ele>
        <time>2026-08-21T12:06:14.000Z</time>
        <extensions>
          <ns3:TrackPointExtension>
            <ns3:cad>0</ns3:cad>
          </ns3:TrackPointExtension>
        </extensions>
      </trkpt>
      <trkpt lat="68.98603708483278751373291015625" lon="20.340911932289600372314453125">
        <ele>620</ele>
        <time>2026-08-21T12:06:16.000Z</time>
        <extensions>
          <ns3:TrackPointExtension>
            <ns3:cad>0</ns3:cad>
          </ns3:TrackPointExtension>
        </extensions>
      </trkpt>
      <trkpt lat="68.986016213893890380859375" lon="20.34089743159711360931396484375">
        <ele>619.79998779296875</ele>
        <time>2026-08-21T12:06:18.000Z</time>
        <extensions>
          <ns3:TrackPointExtension>
            <ns3:cad>0</ns3:cad>
          </ns3:TrackPointExtension>
        </extensions>
      </trkpt>
      <trkpt lat="68.98601193912327289581298828125" lon="20.34088033251464366912841796875">
        <ele>619.79998779296875</ele>
        <time>2026-08-21T12:06:19.000Z</time>
        <extensions>
          <ns3:TrackPointExtension>
            <ns3:cad>0</ns3:cad>
          </ns3:TrackPointExtension>
        </extensions>
      </trkpt>
      <trkpt lat="68.98597757332026958465576171875" lon="20.34086340107023715972900390625">
        <ele>619.5999755859375</ele>
        <time>2026-08-21T12:06:23.000Z</time>
        <extensions>
          <ns3:TrackPointExtension>
            <ns3:cad>0</ns3:cad>
          </ns3:TrackPointExtension>
        </extensions>
      </trkpt>
      <trkpt lat="68.98591630160808563232421875" lon="20.3408658318221569061279296875">
        <ele>619.5999755859375</ele>
        <time>2026-08-21T12:06:29.000Z</time>
        <extensions>
          <ns3:TrackPointExtension>
            <ns3:cad>45</ns3:cad>
          </ns3:TrackPointExtension>
        </extensions>
      </trkpt>
      <trkpt lat="68.985869027674198150634765625" lon="20.34088251180946826934814453125">
        <ele>619.4000244140625</ele>
        <time>2026-08-21T12:06:35.000Z</time>
        <extensions>
          <ns3:TrackPointExtension>
            <ns3:cad>50</ns3:cad>
          </ns3:TrackPointExtension>
        </extensions>
      </trkpt>
      <trkpt lat="68.98581043817102909088134765625" lon="20.3408792428672313690185546875">
        <ele>619.5999755859375</ele>
        <time>2026-08-21T12:06:40.000Z</time>
        <extensions>
          <ns3:TrackPointExtension>
            <ns3:cad>49</ns3:cad>
          </ns3:TrackPointExtension>
        </extensions>
      </trkpt>
      <trkpt lat="68.98576467297971248626708984375" lon="20.34087027423083782196044921875">
        <ele>619.79998779296875</ele>
        <time>2026-08-21T12:06:45.000Z</time>
        <extensions>
          <ns3:TrackPointExtension>
            <ns3:cad>49</ns3:cad>
          </ns3:TrackPointExtension>
        </extensions>
      </trkpt>
      <trkpt lat="68.98570038378238677978515625" lon="20.34090866334736347198486328125">
        <ele>619.5999755859375</ele>
        <time>2026-08-21T12:06:51.000Z</time>
        <extensions>
          <ns3:TrackPointExtension>
            <ns3:cad>51</ns3:cad>
          </ns3:TrackPointExtension>
        </extensions>
      </trkpt>
      <trkpt lat="68.98563508875668048858642578125" lon="20.3409620560705661773681640625">
        <ele>619.20001220703125</ele>
        <time>2026-08-21T12:06:57.000Z</time>
        <extensions>
          <ns3:TrackPointExtension>
            <ns3:cad>51</ns3:cad>
          </ns3:TrackPointExtension>
        </extensions>
      </trkpt>
      <trkpt lat="68.9855671115219593048095703125" lon="20.3410301171243190765380859375">
        <ele>619.20001220703125</ele>
        <time>2026-08-21T12:07:03.000Z</time>
        <extensions>
          <ns3:TrackPointExtension>
            <ns3:cad>51</ns3:cad>
          </ns3:TrackPointExtension>
        </extensions>
      </trkpt>
      <trkpt lat="68.98551338352262973785400390625" lon="20.3410703502595424652099609375">
        <ele>619</ele>
        <time>2026-08-21T12:07:09.000Z</time>
        <extensions>
          <ns3:TrackPointExtension>
            <ns3:cad>48</ns3:cad>
          </ns3:TrackPointExtension>
        </extensions>
      </trkpt>
      <trkpt lat="68.98545898497104644775390625" lon="20.3410965017974376678466796875">
        <ele>619</ele>
        <time>2026-08-21T12:07:14.000Z</time>
        <extensions>
          <ns3:TrackPointExtension>
            <ns3:cad>50</ns3:cad>
          </ns3:TrackPointExtension>
        </extensions>
      </trkpt>
      <trkpt lat="68.9854113757610321044921875" lon="20.34113916568458080291748046875">
        <ele>618.79998779296875</ele>
        <time>2026-08-21T12:07:19.000Z</time>
        <extensions>
          <ns3:TrackPointExtension>
            <ns3:cad>50</ns3:cad>
          </ns3:TrackPointExtension>
        </extensions>
      </trkpt>
      <trkpt lat="68.98540106602013111114501953125" lon="20.34114838577806949615478515625">
        <ele>618.79998779296875</ele>
        <time>2026-08-21T12:07:20.000Z</time>
        <extensions>
          <ns3:TrackPointExtension>
            <ns3:cad>49</ns3:cad>
          </ns3:TrackPointExtension>
        </extensions>
      </trkpt>
      <trkpt lat="68.98534742183983325958251953125" lon="20.34119800664484500885009765625">
        <ele>618.20001220703125</ele>
        <time>2026-08-21T12:07:25.000Z</time>
        <extensions>
          <ns3:TrackPointExtension>
            <ns3:cad>51</ns3:cad>
          </ns3:TrackPointExtension>
        </extensions>
      </trkpt>
      <trkpt lat="68.98528405465185642242431640625" lon="20.34128182567656040191650390625">
        <ele>618</ele>
        <time>2026-08-21T12:07:31.000Z</time>
        <extensions>
          <ns3:TrackPointExtension>
            <ns3:cad>50</ns3:cad>
          </ns3:TrackPointExtension>
        </extensions>
      </trkpt>
      <trkpt lat="68.98521951399743556976318359375" lon="20.341327004134654998779296875">
        <ele>618</ele>
        <time>2026-08-21T12:07:37.000Z</time>
        <extensions>
          <ns3:TrackPointExtension>
            <ns3:cad>50</ns3:cad>
          </ns3:TrackPointExtension>
        </extensions>
      </trkpt>
      <trkpt lat="68.9851627685129642486572265625" lon="20.34137536771595478057861328125">
        <ele>618.4000244140625</ele>
        <time>2026-08-21T12:07:43.000Z</time>
        <extensions>
          <ns3:TrackPointExtension>
            <ns3:cad>49</ns3:cad>
          </ns3:TrackPointExtension>
        </extensions>
      </trkpt>
      <trkpt lat="68.98509747348725795745849609375" lon="20.34142482094466686248779296875">
        <ele>618</ele>
        <time>2026-08-21T12:07:49.000Z</time>
        <extensions>
          <ns3:TrackPointExtension>
            <ns3:cad>51</ns3:cad>
          </ns3:TrackPointExtension>
        </extensions>
      </trkpt>
      <trkpt lat="68.985062353312969207763671875" lon="20.34143722616136074066162109375">
        <ele>617.79998779296875</ele>
        <time>2026-08-21T12:07:54.000Z</time>
        <extensions>
          <ns3:TrackPointExtension>
            <ns3:cad>50</ns3:cad>
          </ns3:TrackPointExtension>
        </extensions>
      </trkpt>
      <trkpt lat="68.985007368028163909912109375" lon="20.34146941266953945159912109375">
        <ele>617.5999755859375</ele>
        <time>2026-08-21T12:07:59.000Z</time>
        <extensions>
          <ns3:TrackPointExtension>
            <ns3:cad>49</ns3:cad>
          </ns3:TrackPointExtension>
        </extensions>
      </trkpt>
      <trkpt lat="68.98495196364820003509521484375" lon="20.34150780178606510162353515625">
        <ele>617.5999755859375</ele>
        <time>2026-08-21T12:08:04.000Z</time>
        <extensions>
          <ns3:TrackPointExtension>
            <ns3:cad>50</ns3:cad>
          </ns3:TrackPointExtension>
        </extensions>
      </trkpt>
      <trkpt lat="68.98489840328693389892578125" lon="20.34155071713030338287353515625">
        <ele>617.4000244140625</ele>
        <time>2026-08-21T12:08:09.000Z</time>
        <extensions>
          <ns3:TrackPointExtension>
            <ns3:cad>50</ns3:cad>
          </ns3:TrackPointExtension>
        </extensions>
      </trkpt>
      <trkpt lat="68.9848496206104755401611328125" lon="20.3416074626147747039794921875">
        <ele>617.4000244140625</ele>
        <time>2026-08-21T12:08:14.000Z</time>
        <extensions>
          <ns3:TrackPointExtension>
            <ns3:cad>49</ns3:cad>
          </ns3:TrackPointExtension>
        </extensions>
      </trkpt>
      <trkpt lat="68.9847855828702449798583984375" lon="20.34165699966251850128173828125">
        <ele>617.20001220703125</ele>
        <time>2026-08-21T12:08:20.000Z</time>
        <extensions>
          <ns3:TrackPointExtension>
            <ns3:cad>50</ns3:cad>
          </ns3:TrackPointExtension>
        </extensions>
      </trkpt>
      <trkpt lat="68.98474291898310184478759765625" lon="20.341694466769695281982421875">
        <ele>617.20001220703125</ele>
        <time>2026-08-21T12:08:25.000Z</time>
        <extensions>
          <ns3:TrackPointExtension>
            <ns3:cad>49</ns3:cad>
          </ns3:TrackPointExtension>
        </extensions>
      </trkpt>
      <trkpt lat="68.98467854596674442291259765625" lon="20.34175825305283069610595703125">
        <ele>617.4000244140625</ele>
        <time>2026-08-21T12:08:31.000Z</time>
        <extensions>
          <ns3:TrackPointExtension>
            <ns3:cad>48</ns3:cad>
          </ns3:TrackPointExtension>
        </extensions>
      </trkpt>
      <trkpt lat="68.9846202917397022247314453125" lon="20.34182782284915447235107421875">
        <ele>617.20001220703125</ele>
        <time>2026-08-21T12:08:37.000Z</time>
        <extensions>
          <ns3:TrackPointExtension>
            <ns3:cad>50</ns3:cad>
          </ns3:TrackPointExtension>
        </extensions>
      </trkpt>
      <trkpt lat="68.984576873481273651123046875" lon="20.341865457594394683837890625">
        <ele>617</ele>
        <time>2026-08-21T12:08:42.000Z</time>
        <extensions>
          <ns3:TrackPointExtension>
            <ns3:cad>0</ns3:cad>
          </ns3:TrackPointExtension>
        </extensions>
      </trkpt>
      <trkpt lat="68.98452431894838809967041015625" lon="20.34189621917903423309326171875">
        <ele>616.79998779296875</ele>
        <time>2026-08-21T12:08:47.000Z</time>
        <extensions>
          <ns3:TrackPointExtension>
            <ns3:cad>50</ns3:cad>
          </ns3:TrackPointExtension>
        </extensions>
      </trkpt>
      <trkpt lat="68.98448509164154529571533203125" lon="20.34193477593362331390380859375">
        <ele>616.5999755859375</ele>
        <time>2026-08-21T12:08:50.000Z</time>
        <extensions>
          <ns3:TrackPointExtension>
            <ns3:cad>0</ns3:cad>
          </ns3:TrackPointExtension>
        </extensions>
      </trkpt>
      <trkpt lat="68.98447385989129543304443359375" lon="20.3419554792344570159912109375">
        <ele>616.5999755859375</ele>
        <time>2026-08-21T12:08:52.000Z</time>
        <extensions>
          <ns3:TrackPointExtension>
            <ns3:cad>51</ns3:cad>
          </ns3:TrackPointExtension>
        </extensions>
      </trkpt>
      <trkpt lat="68.9844171144068241119384765625" lon="20.341981463134288787841796875">
        <ele>616.20001220703125</ele>
        <time>2026-08-21T12:08:57.000Z</time>
        <extensions>
          <ns3:TrackPointExtension>
            <ns3:cad>50</ns3:cad>
          </ns3:TrackPointExtension>
        </extensions>
      </trkpt>
      <trkpt lat="68.98435584269464015960693359375" lon="20.34200350753962993621826171875">
        <ele>616</ele>
        <time>2026-08-21T12:09:02.000Z</time>
        <extensions>
          <ns3:TrackPointExtension>
            <ns3:cad>0</ns3:cad>
          </ns3:TrackPointExtension>
        </extensions>
      </trkpt>
      <trkpt lat="68.98431711830198764801025390625" lon="20.342008285224437713623046875">
        <ele>616</ele>
        <time>2026-08-21T12:09:06.000Z</time>
        <extensions>
          <ns3:TrackPointExtension>
            <ns3:cad>50</ns3:cad>
          </ns3:TrackPointExtension>
        </extensions>
      </trkpt>
      <trkpt lat="68.98427034728229045867919921875" lon="20.34203770570456981658935546875">
        <ele>616.20001220703125</ele>
        <time>2026-08-21T12:09:11.000Z</time>
        <extensions>
          <ns3:TrackPointExtension>
            <ns3:cad>51</ns3:cad>
          </ns3:TrackPointExtension>
        </extensions>
      </trkpt>
      <trkpt lat="68.98420329205691814422607421875" lon="20.34205195493996143341064453125">
        <ele>616.20001220703125</ele>
        <time>2026-08-21T12:09:16.000Z</time>
        <extensions>
          <ns3:TrackPointExtension>
            <ns3:cad>51</ns3:cad>
          </ns3:TrackPointExtension>
        </extensions>
      </trkpt>
      <trkpt lat="68.98413975723087787628173828125" lon="20.3420781902968883514404296875">
        <ele>616.4000244140625</ele>
        <time>2026-08-21T12:09:21.000Z</time>
        <extensions>
          <ns3:TrackPointExtension>
            <ns3:cad>49</ns3:cad>
          </ns3:TrackPointExtension>
        </extensions>
      </trkpt>
      <trkpt lat="68.98405778221786022186279296875" lon="20.342125631868839263916015625">
        <ele>616.20001220703125</ele>
        <time>2026-08-21T12:09:29.000Z</time>
        <extensions>
          <ns3:TrackPointExtension>
            <ns3:cad>51</ns3:cad>
          </ns3:TrackPointExtension>
        </extensions>
      </trkpt>
      <trkpt lat="68.983990810811519622802734375" lon="20.3422069363296031951904296875">
        <ele>616</ele>
        <time>2026-08-21T12:09:37.000Z</time>
        <extensions>
          <ns3:TrackPointExtension>
            <ns3:cad>51</ns3:cad>
          </ns3:TrackPointExtension>
        </extensions>
      </trkpt>
      <trkpt lat="68.98391545750200748443603515625" lon="20.34231883473694324493408203125">
        <ele>615.79998779296875</ele>
        <time>2026-08-21T12:09:45.000Z</time>
        <extensions>
          <ns3:TrackPointExtension>
            <ns3:cad>52</ns3:cad>
          </ns3:TrackPointExtension>
        </extensions>
      </trkpt>
      <trkpt lat="68.98384924046695232391357421875" lon="20.3424994647502899169921875">
        <ele>616</ele>
        <time>2026-08-21T12:09:53.000Z</time>
        <extensions>
          <ns3:TrackPointExtension>
            <ns3:cad>51</ns3:cad>
          </ns3:TrackPointExtension>
        </extensions>
      </trkpt>
      <trkpt lat="68.9837861247360706329345703125" lon="20.34260801039636135101318359375">
        <ele>616.20001220703125</ele>
        <time>2026-08-21T12:10:00.000Z</time>
        <extensions>
          <ns3:TrackPointExtension>
            <ns3:cad>0</ns3:cad>
          </ns3:TrackPointExtension>
        </extensions>
      </trkpt>
      <trkpt lat="68.98372091352939605712890625" lon="20.34273088909685611724853515625">
        <ele>616</ele>
        <time>2026-08-21T12:10:07.000Z</time>
        <extensions>
          <ns3:TrackPointExtension>
            <ns3:cad>0</ns3:cad>
          </ns3:TrackPointExtension>
        </extensions>
      </trkpt>
      <trkpt lat="68.983724601566791534423828125" lon="20.342717729508876800537109375">
        <ele>616.20001220703125</ele>
        <time>2026-08-21T12:10:12.000Z</time>
        <extensions>
          <ns3:TrackPointExtension>
            <ns3:cad>0</ns3:cad>
          </ns3:TrackPointExtension>
        </extensions>
      </trkpt>
      <trkpt lat="68.9837053231894969940185546875" lon="20.3427487425506114959716796875">
        <ele>616.20001220703125</ele>
        <time>2026-08-21T12:10:19.000Z</time>
        <extensions>
          <ns3:TrackPointExtension>
            <ns3:cad>0</ns3:cad>
          </ns3:TrackPointExtension>
        </extensions>
      </trkpt>
      <trkpt lat="68.98369811475276947021484375" lon="20.34275921992957592010498046875">
        <ele>616.20001220703125</ele>
        <time>2026-08-21T12:10:24.000Z</time>
        <extensions>
          <ns3:TrackPointExtension>
            <ns3:cad>0</ns3:cad>
          </ns3:TrackPointExtension>
        </extensions>
      </trkpt>
      <trkpt lat="68.98369685746729373931884765625" lon="20.34279056824743747711181640625">
        <ele>616.20001220703125</ele>
        <time>2026-08-21T12:10:32.000Z</time>
        <extensions>
          <ns3:TrackPointExtension>
            <ns3:cad>0</ns3:cad>
          </ns3:TrackPointExtension>
        </extensions>
      </trkpt>
      <trkpt lat="68.98365310393273830413818359375" lon="20.3428660891950130462646484375">
        <ele>615.79998779296875</ele>
        <time>2026-08-21T12:10:38.000Z</time>
        <extensions>
          <ns3:TrackPointExtension>
            <ns3:cad>0</ns3:cad>
          </ns3:TrackPointExtension>
        </extensions>
      </trkpt>
      <trkpt lat="68.9836449734866619110107421875" lon="20.3428771533071994781494140625">
        <ele>615.5999755859375</ele>
        <time>2026-08-21T12:10:39.000Z</time>
        <extensions>
          <ns3:TrackPointExtension>
            <ns3:cad>0</ns3:cad>
          </ns3:TrackPointExtension>
        </extensions>
      </trkpt>
      <trkpt lat="68.9835936762392520904541015625" lon="20.3429281152784824371337890625">
        <ele>615.20001220703125</ele>
        <time>2026-08-21T12:10:45.000Z</time>
        <extensions>
          <ns3:TrackPointExtension>
            <ns3:cad>0</ns3:cad>
          </ns3:TrackPointExtension>
        </extensions>
      </trkpt>
      <trkpt lat="68.98357205092906951904296875" lon="20.34298419021070003509521484375">
        <ele>614.5999755859375</ele>
        <time>2026-08-21T12:10:48.000Z</time>
        <extensions>
          <ns3:TrackPointExtension>
            <ns3:cad>0</ns3:cad>
          </ns3:TrackPointExtension>
        </extensions>
      </trkpt>
      <trkpt lat="68.983542211353778839111328125" lon="20.34302727319300174713134765625">
        <ele>614.20001220703125</ele>
        <time>2026-08-21T12:10:51.000Z</time>
        <extensions>
          <ns3:TrackPointExtension>
            <ns3:cad>0</ns3:cad>
          </ns3:TrackPointExtension>
        </extensions>
      </trkpt>
      <trkpt lat="68.98349116556346416473388671875" lon="20.34312349744141101837158203125">
        <ele>613.5999755859375</ele>
        <time>2026-08-21T12:10:56.000Z</time>
        <extensions>
          <ns3:TrackPointExtension>
            <ns3:cad>0</ns3:cad>
          </ns3:TrackPointExtension>
        </extensions>
      </trkpt>
      <trkpt lat="68.983473479747772216796875" lon="20.3431577794253826141357421875">
        <ele>613.4000244140625</ele>
        <time>2026-08-21T12:10:58.000Z</time>
        <extensions>
          <ns3:TrackPointExtension>
            <ns3:cad>0</ns3:cad>
          </ns3:TrackPointExtension>
        </extensions>
      </trkpt>
      <trkpt lat="68.9834414608776569366455078125" lon="20.343222655355930328369140625">
        <ele>612.79998779296875</ele>
        <time>2026-08-21T12:11:03.000Z</time>
        <extensions>
          <ns3:TrackPointExtension>
            <ns3:cad>0</ns3:cad>
          </ns3:TrackPointExtension>
        </extensions>
      </trkpt>
      <trkpt lat="68.98341941647231578826904296875" lon="20.3432523272931575775146484375">
        <ele>612.5999755859375</ele>
        <time>2026-08-21T12:11:05.000Z</time>
        <extensions>
          <ns3:TrackPointExtension>
            <ns3:cad>50</ns3:cad>
          </ns3:TrackPointExtension>
        </extensions>
      </trkpt>
      <trkpt lat="68.9833834581077098846435546875" lon="20.34333103336393833160400390625">
        <ele>611.79998779296875</ele>
        <time>2026-08-21T12:11:10.000Z</time>
        <extensions>
          <ns3:TrackPointExtension>
            <ns3:cad>0</ns3:cad>
          </ns3:TrackPointExtension>
        </extensions>
      </trkpt>
      <trkpt lat="68.9833492599427700042724609375" lon="20.3433703444898128509521484375">
        <ele>611.4000244140625</ele>
        <time>2026-08-21T12:11:13.000Z</time>
        <extensions>
          <ns3:TrackPointExtension>
            <ns3:cad>0</ns3:cad>
          </ns3:TrackPointExtension>
        </extensions>
      </trkpt>
      <trkpt lat="68.98332872427999973297119140625" lon="20.343386940658092498779296875">
        <ele>611</ele>
        <time>2026-08-21T12:11:16.000Z</time>
        <extensions>
          <ns3:TrackPointExtension>
            <ns3:cad>0</ns3:cad>
          </ns3:TrackPointExtension>
        </extensions>
      </trkpt>
      <trkpt lat="68.983293436467647552490234375" lon="20.34341183491051197052001953125">
        <ele>610.4000244140625</ele>
        <time>2026-08-21T12:11:20.000Z</time>
        <extensions>
          <ns3:TrackPointExtension>
            <ns3:cad>0</ns3:cad>
          </ns3:TrackPointExtension>
        </extensions>
      </trkpt>
      <trkpt lat="68.98329041898250579833984375" lon="20.3434176184237003326416015625">
        <ele>610.20001220703125</ele>
        <time>2026-08-21T12:11:21.000Z</time>
        <extensions>
          <ns3:TrackPointExtension>
            <ns3:cad>0</ns3:cad>
          </ns3:TrackPointExtension>
        </extensions>
      </trkpt>
      <trkpt lat="68.9832946099340915679931640625" lon="20.3434541635215282440185546875">
        <ele>610.20001220703125</ele>
        <time>2026-08-21T12:11:24.000Z</time>
        <extensions>
          <ns3:TrackPointExtension>
            <ns3:cad>0</ns3:cad>
          </ns3:TrackPointExtension>
        </extensions>
      </trkpt>
      <trkpt lat="68.983275331556797027587890625" lon="20.343474112451076507568359375">
        <ele>610.20001220703125</ele>
        <time>2026-08-21T12:11:26.000Z</time>
        <extensions>
          <ns3:TrackPointExtension>
            <ns3:cad>0</ns3:cad>
          </ns3:TrackPointExtension>
        </extensions>
      </trkpt>
      <trkpt lat="68.98322462104260921478271484375" lon="20.3435909561812877655029296875">
        <ele>609.4000244140625</ele>
        <time>2026-08-21T12:11:33.000Z</time>
        <extensions>
          <ns3:TrackPointExtension>
            <ns3:cad>0</ns3:cad>
          </ns3:TrackPointExtension>
        </extensions>
      </trkpt>
      <trkpt lat="68.9831903390586376190185546875" lon="20.3436583466827869415283203125">
        <ele>609.4000244140625</ele>
        <time>2026-08-21T12:11:37.000Z</time>
        <extensions>
          <ns3:TrackPointExtension>
            <ns3:cad>0</ns3:cad>
          </ns3:TrackPointExtension>
        </extensions>
      </trkpt>
      <trkpt lat="68.9831702224910259246826171875" lon="20.3436903655529022216796875">
        <ele>609</ele>
        <time>2026-08-21T12:11:40.000Z</time>
        <extensions>
          <ns3:TrackPointExtension>
            <ns3:cad>0</ns3:cad>
          </ns3:TrackPointExtension>
        </extensions>
      </trkpt>
      <trkpt lat="68.98313526995480060577392578125" lon="20.34375398419797420501708984375">
        <ele>608.20001220703125</ele>
        <time>2026-08-21T12:11:45.000Z</time>
        <extensions>
          <ns3:TrackPointExtension>
            <ns3:cad>0</ns3:cad>
          </ns3:TrackPointExtension>
        </extensions>
      </trkpt>
      <trkpt lat="68.98311498574912548065185546875" lon="20.34378181211650371551513671875">
        <ele>607.79998779296875</ele>
        <time>2026-08-21T12:11:47.000Z</time>
        <extensions>
          <ns3:TrackPointExtension>
            <ns3:cad>0</ns3:cad>
          </ns3:TrackPointExtension>
        </extensions>
      </trkpt>
      <trkpt lat="68.9830786921083927154541015625" lon="20.34383897669613361358642578125">
        <ele>607.20001220703125</ele>
        <time>2026-08-21T12:11:50.000Z</time>
        <extensions>
          <ns3:TrackPointExtension>
            <ns3:cad>0</ns3:cad>
          </ns3:TrackPointExtension>
        </extensions>
      </trkpt>
      <trkpt lat="68.98302379064261913299560546875" lon="20.34389890730381011962890625">
        <ele>606.20001220703125</ele>
        <time>2026-08-21T12:11:56.000Z</time>
        <extensions>
          <ns3:TrackPointExtension>
            <ns3:cad>53</ns3:cad>
          </ns3:TrackPointExtension>
        </extensions>
      </trkpt>
      <trkpt lat="68.9829690568149089813232421875" lon="20.34403544850647449493408203125">
        <ele>605.20001220703125</ele>
        <time>2026-08-21T12:12:04.000Z</time>
        <extensions>
          <ns3:TrackPointExtension>
            <ns3:cad>0</ns3:cad>
          </ns3:TrackPointExtension>
        </extensions>
      </trkpt>
      <trkpt lat="68.9829553104937076568603515625" lon="20.34409378655254840850830078125">
        <ele>604</ele>
        <time>2026-08-21T12:12:09.000Z</time>
        <extensions>
          <ns3:TrackPointExtension>
            <ns3:cad>0</ns3:cad>
          </ns3:TrackPointExtension>
        </extensions>
      </trkpt>
      <trkpt lat="68.9829492755234241485595703125" lon="20.344119183719158172607421875">
        <ele>603.5999755859375</ele>
        <time>2026-08-21T12:12:11.000Z</time>
        <extensions>
          <ns3:TrackPointExtension>
            <ns3:cad>0</ns3:cad>
          </ns3:TrackPointExtension>
        </extensions>
      </trkpt>
      <trkpt lat="68.98293812759220600128173828125" lon="20.3441760130226612091064453125">
        <ele>603</ele>
        <time>2026-08-21T12:12:14.000Z</time>
        <extensions>
          <ns3:TrackPointExtension>
            <ns3:cad>0</ns3:cad>
          </ns3:TrackPointExtension>
        </extensions>
      </trkpt>
      <trkpt lat="68.982918597757816314697265625" lon="20.3442303277552127838134765625">
        <ele>602.4000244140625</ele>
        <time>2026-08-21T12:12:16.000Z</time>
        <extensions>
          <ns3:TrackPointExtension>
            <ns3:cad>0</ns3:cad>
          </ns3:TrackPointExtension>
        </extensions>
      </trkpt>
      <trkpt lat="68.98289487697184085845947265625" lon="20.3443698026239871978759765625">
        <ele>602</ele>
        <time>2026-08-21T12:12:22.000Z</time>
        <extensions>
          <ns3:TrackPointExtension>
            <ns3:cad>52</ns3:cad>
          </ns3:TrackPointExtension>
        </extensions>
      </trkpt>
      <trkpt lat="68.9828922785818576812744140625" lon="20.34439804963767528533935546875">
        <ele>601.79998779296875</ele>
        <time>2026-08-21T12:12:23.000Z</time>
        <extensions>
          <ns3:TrackPointExtension>
            <ns3:cad>51</ns3:cad>
          </ns3:TrackPointExtension>
        </extensions>
      </trkpt>
      <trkpt lat="68.9829090423882007598876953125" lon="20.34451103769242763519287109375">
        <ele>602</ele>
        <time>2026-08-21T12:12:30.000Z</time>
        <extensions>
          <ns3:TrackPointExtension>
            <ns3:cad>49</ns3:cad>
          </ns3:TrackPointExtension>
        </extensions>
      </trkpt>
      <trkpt lat="68.98290594108402729034423828125" lon="20.34449846483767032623291015625">
        <ele>602</ele>
        <time>2026-08-21T12:12:31.000Z</time>
        <extensions>
          <ns3:TrackPointExtension>
            <ns3:cad>0</ns3:cad>
          </ns3:TrackPointExtension>
        </extensions>
      </trkpt>
      <trkpt lat="68.9828446693718433380126953125" lon="20.34442286007106304168701171875">
        <ele>601.79998779296875</ele>
        <time>2026-08-21T12:12:38.000Z</time>
        <extensions>
          <ns3:TrackPointExtension>
            <ns3:cad>0</ns3:cad>
          </ns3:TrackPointExtension>
        </extensions>
      </trkpt>
      <trkpt lat="68.982795886695384979248046875" lon="20.34449796192348003387451171875">
        <ele>601.5999755859375</ele>
        <time>2026-08-21T12:12:44.000Z</time>
        <extensions>
          <ns3:TrackPointExtension>
            <ns3:cad>50</ns3:cad>
          </ns3:TrackPointExtension>
        </extensions>
      </trkpt>
      <trkpt lat="68.982763029634952545166015625" lon="20.34461346454918384552001953125">
        <ele>600.79998779296875</ele>
        <time>2026-08-21T12:12:50.000Z</time>
        <extensions>
          <ns3:TrackPointExtension>
            <ns3:cad>48</ns3:cad>
          </ns3:TrackPointExtension>
        </extensions>
      </trkpt>
      <trkpt lat="68.98275774903595447540283203125" lon="20.3446453996002674102783203125">
        <ele>600.79998779296875</ele>
        <time>2026-08-21T12:12:51.000Z</time>
        <extensions>
          <ns3:TrackPointExtension>
            <ns3:cad>48</ns3:cad>
          </ns3:TrackPointExtension>
        </extensions>
      </trkpt>
      <trkpt lat="68.98271106183528900146484375" lon="20.3447496704757213592529296875">
        <ele>600.5999755859375</ele>
        <time>2026-08-21T12:12:58.000Z</time>
        <extensions>
          <ns3:TrackPointExtension>
            <ns3:cad>52</ns3:cad>
          </ns3:TrackPointExtension>
        </extensions>
      </trkpt>
      <trkpt lat="68.98265129886567592620849609375" lon="20.3447865508496761322021484375">
        <ele>600.79998779296875</ele>
        <time>2026-08-21T12:13:04.000Z</time>
        <extensions>
          <ns3:TrackPointExtension>
            <ns3:cad>0</ns3:cad>
          </ns3:TrackPointExtension>
        </extensions>
      </trkpt>
      <trkpt lat="68.98259681649506092071533203125" lon="20.344849415123462677001953125">
        <ele>600.79998779296875</ele>
        <time>2026-08-21T12:13:10.000Z</time>
        <extensions>
          <ns3:TrackPointExtension>
            <ns3:cad>0</ns3:cad>
          </ns3:TrackPointExtension>
        </extensions>
      </trkpt>
      <trkpt lat="68.9825623668730258941650390625" lon="20.34487254917621612548828125">
        <ele>600.4000244140625</ele>
        <time>2026-08-21T12:13:15.000Z</time>
        <extensions>
          <ns3:TrackPointExtension>
            <ns3:cad>0</ns3:cad>
          </ns3:TrackPointExtension>
        </extensions>
      </trkpt>
      <trkpt lat="68.98249874822795391082763671875" lon="20.34492661245167255401611328125">
        <ele>600.79998779296875</ele>
        <time>2026-08-21T12:13:21.000Z</time>
        <extensions>
          <ns3:TrackPointExtension>
            <ns3:cad>46</ns3:cad>
          </ns3:TrackPointExtension>
        </extensions>
      </trkpt>
      <trkpt lat="68.982470668852329254150390625" lon="20.3449675999581813812255859375">
        <ele>601</ele>
        <time>2026-08-21T12:13:26.000Z</time>
        <extensions>
          <ns3:TrackPointExtension>
            <ns3:cad>0</ns3:cad>
          </ns3:TrackPointExtension>
        </extensions>
      </trkpt>
      <trkpt lat="68.98244082927703857421875" lon="20.34505921415984630584716796875">
        <ele>601.4000244140625</ele>
        <time>2026-08-21T12:13:31.000Z</time>
        <extensions>
          <ns3:TrackPointExtension>
            <ns3:cad>0</ns3:cad>
          </ns3:TrackPointExtension>
        </extensions>
      </trkpt>
      <trkpt lat="68.98241124115884304046630859375" lon="20.345065332949161529541015625">
        <ele>601.79998779296875</ele>
        <time>2026-08-21T12:13:36.000Z</time>
        <extensions>
          <ns3:TrackPointExtension>
            <ns3:cad>75</ns3:cad>
          </ns3:TrackPointExtension>
        </extensions>
      </trkpt>
      <trkpt lat="68.98240101523697376251220703125" lon="20.34507094882428646087646484375">
        <ele>601.79998779296875</ele>
        <time>2026-08-21T12:13:37.000Z</time>
        <extensions>
          <ns3:TrackPointExtension>
            <ns3:cad>75</ns3:cad>
          </ns3:TrackPointExtension>
        </extensions>
      </trkpt>
      <trkpt lat="68.982363380491733551025390625" lon="20.345165245234966278076171875">
        <ele>602.5999755859375</ele>
        <time>2026-08-21T12:13:44.000Z</time>
        <extensions>
          <ns3:TrackPointExtension>
            <ns3:cad>0</ns3:cad>
          </ns3:TrackPointExtension>
        </extensions>
      </trkpt>
      <trkpt lat="68.9823536574840545654296875" lon="20.34519114531576633453369140625">
        <ele>603</ele>
        <time>2026-08-21T12:13:46.000Z</time>
        <extensions>
          <ns3:TrackPointExtension>
            <ns3:cad>0</ns3:cad>
          </ns3:TrackPointExtension>
        </extensions>
      </trkpt>
      <trkpt lat="68.98232675157487392425537109375" lon="20.3452046401798725128173828125">
        <ele>603.5999755859375</ele>
        <time>2026-08-21T12:13:50.000Z</time>
        <extensions>
          <ns3:TrackPointExtension>
            <ns3:cad>75</ns3:cad>
          </ns3:TrackPointExtension>
        </extensions>
      </trkpt>
      <trkpt lat="68.98229339160025119781494140625" lon="20.34522182308137416839599609375">
        <ele>604</ele>
        <time>2026-08-21T12:13:54.000Z</time>
        <extensions>
          <ns3:TrackPointExtension>
            <ns3:cad>74</ns3:cad>
          </ns3:TrackPointExtension>
        </extensions>
      </trkpt>
      <trkpt lat="68.98227880708873271942138671875" lon="20.34521042369306087493896484375">
        <ele>604.4000244140625</ele>
        <time>2026-08-21T12:13:57.000Z</time>
        <extensions>
          <ns3:TrackPointExtension>
            <ns3:cad>0</ns3:cad>
          </ns3:TrackPointExtension>
        </extensions>
      </trkpt>
      <trkpt lat="68.98222784511744976043701171875" lon="20.34522249363362789154052734375">
        <ele>605</ele>
        <time>2026-08-21T12:14:02.000Z</time>
        <extensions>
          <ns3:TrackPointExtension>
            <ns3:cad>0</ns3:cad>
          </ns3:TrackPointExtension>
        </extensions>
      </trkpt>
      <trkpt lat="68.98221694864332675933837890625" lon="20.3452284447848796844482421875">
        <ele>605.20001220703125</ele>
        <time>2026-08-21T12:14:03.000Z</time>
        <extensions>
          <ns3:TrackPointExtension>
            <ns3:cad>0</ns3:cad>
          </ns3:TrackPointExtension>
        </extensions>
      </trkpt>
      <trkpt lat="68.98217956535518169403076171875" lon="20.34523204900324344635009765625">
        <ele>605.79998779296875</ele>
        <time>2026-08-21T12:14:09.000Z</time>
        <extensions>
          <ns3:TrackPointExtension>
            <ns3:cad>0</ns3:cad>
          </ns3:TrackPointExtension>
        </extensions>
      </trkpt>
      <trkpt lat="68.982122652232646942138671875" lon="20.3452629782259464263916015625">
        <ele>605.79998779296875</ele>
        <time>2026-08-21T12:14:15.000Z</time>
        <extensions>
          <ns3:TrackPointExtension>
            <ns3:cad>0</ns3:cad>
          </ns3:TrackPointExtension>
        </extensions>
      </trkpt>
      <trkpt lat="68.9820936508476734161376953125" lon="20.34528032876551151275634765625">
        <ele>606</ele>
        <time>2026-08-21T12:14:19.000Z</time>
        <extensions>
          <ns3:TrackPointExtension>
            <ns3:cad>0</ns3:cad>
          </ns3:TrackPointExtension>
        </extensions>
      </trkpt>
      <trkpt lat="68.98207881487905979156494140625" lon="20.34528435207903385162353515625">
        <ele>606.20001220703125</ele>
        <time>2026-08-21T12:14:21.000Z</time>
        <extensions>
          <ns3:TrackPointExtension>
            <ns3:cad>0</ns3:cad>
          </ns3:TrackPointExtension>
        </extensions>
      </trkpt>
      <trkpt lat="68.9820168726146221160888671875" lon="20.3453377448022365570068359375">
        <ele>606</ele>
        <time>2026-08-21T12:14:28.000Z</time>
        <extensions>
          <ns3:TrackPointExtension>
            <ns3:cad>0</ns3:cad>
          </ns3:TrackPointExtension>
        </extensions>
      </trkpt>
      <trkpt lat="68.98195794783532619476318359375" lon="20.34536029212176799774169921875">
        <ele>606.20001220703125</ele>
        <time>2026-08-21T12:14:34.000Z</time>
        <extensions>
          <ns3:TrackPointExtension>
            <ns3:cad>0</ns3:cad>
          </ns3:TrackPointExtension>
        </extensions>
      </trkpt>
      <trkpt lat="68.9818834327161312103271484375" lon="20.34539901651442050933837890625">
        <ele>606</ele>
        <time>2026-08-21T12:14:42.000Z</time>
        <extensions>
          <ns3:TrackPointExtension>
            <ns3:cad>0</ns3:cad>
          </ns3:TrackPointExtension>
        </extensions>
      </trkpt>
      <trkpt lat="68.981822915375232696533203125" lon="20.3454205580055713653564453125">
        <ele>605.20001220703125</ele>
        <time>2026-08-21T12:14:49.000Z</time>
        <extensions>
          <ns3:TrackPointExtension>
            <ns3:cad>54</ns3:cad>
          </ns3:TrackPointExtension>
        </extensions>
      </trkpt>
      <trkpt lat="68.98180455900728702545166015625" lon="20.34543287940323352813720703125">
        <ele>605</ele>
        <time>2026-08-21T12:14:51.000Z</time>
        <extensions>
          <ns3:TrackPointExtension>
            <ns3:cad>0</ns3:cad>
          </ns3:TrackPointExtension>
        </extensions>
      </trkpt>
      <trkpt lat="68.9817640744149684906005859375" lon="20.345432795584201812744140625">
        <ele>604.4000244140625</ele>
        <time>2026-08-21T12:14:56.000Z</time>
        <extensions>
          <ns3:TrackPointExtension>
            <ns3:cad>0</ns3:cad>
          </ns3:TrackPointExtension>
        </extensions>
      </trkpt>
      <trkpt lat="68.98172803223133087158203125" lon="20.34545366652309894561767578125">
        <ele>604</ele>
        <time>2026-08-21T12:14:59.000Z</time>
        <extensions>
          <ns3:TrackPointExtension>
            <ns3:cad>0</ns3:cad>
          </ns3:TrackPointExtension>
        </extensions>
      </trkpt>
      <trkpt lat="68.98168738000094890594482421875" lon="20.345462299883365631103515625">
        <ele>603.5999755859375</ele>
        <time>2026-08-21T12:15:03.000Z</time>
        <extensions>
          <ns3:TrackPointExtension>
            <ns3:cad>49</ns3:cad>
          </ns3:TrackPointExtension>
        </extensions>
      </trkpt>
      <trkpt lat="68.9816132001578807830810546875" lon="20.3454740345478057861328125">
        <ele>603.4000244140625</ele>
        <time>2026-08-21T12:15:10.000Z</time>
        <extensions>
          <ns3:TrackPointExtension>
            <ns3:cad>50</ns3:cad>
          </ns3:TrackPointExtension>
        </extensions>
      </trkpt>
      <trkpt lat="68.98155075497925281524658203125" lon="20.34546221606433391571044921875">
        <ele>602.79998779296875</ele>
        <time>2026-08-21T12:15:16.000Z</time>
        <extensions>
          <ns3:TrackPointExtension>
            <ns3:cad>51</ns3:cad>
          </ns3:TrackPointExtension>
        </extensions>
      </trkpt>
      <trkpt lat="68.9814871363341808319091796875" lon="20.34549155272543430328369140625">
        <ele>602.79998779296875</ele>
        <time>2026-08-21T12:15:22.000Z</time>
        <extensions>
          <ns3:TrackPointExtension>
            <ns3:cad>50</ns3:cad>
          </ns3:TrackPointExtension>
        </extensions>
      </trkpt>
      <trkpt lat="68.9814324863255023956298828125" lon="20.345528014004230499267578125">
        <ele>603.20001220703125</ele>
        <time>2026-08-21T12:15:28.000Z</time>
        <extensions>
          <ns3:TrackPointExtension>
            <ns3:cad>49</ns3:cad>
          </ns3:TrackPointExtension>
        </extensions>
      </trkpt>
      <trkpt lat="68.981368280947208404541015625" lon="20.34552675671875476837158203125">
        <ele>603.4000244140625</ele>
        <time>2026-08-21T12:15:34.000Z</time>
        <extensions>
          <ns3:TrackPointExtension>
            <ns3:cad>49</ns3:cad>
          </ns3:TrackPointExtension>
        </extensions>
      </trkpt>
      <trkpt lat="68.9813181571662425994873046875" lon="20.3455419279634952545166015625">
        <ele>603.4000244140625</ele>
        <time>2026-08-21T12:15:39.000Z</time>
        <extensions>
          <ns3:TrackPointExtension>
            <ns3:cad>0</ns3:cad>
          </ns3:TrackPointExtension>
        </extensions>
      </trkpt>
      <trkpt lat="68.9812682010233402252197265625" lon="20.3455741144716739654541015625">
        <ele>603.4000244140625</ele>
        <time>2026-08-21T12:15:44.000Z</time>
        <extensions>
          <ns3:TrackPointExtension>
            <ns3:cad>0</ns3:cad>
          </ns3:TrackPointExtension>
        </extensions>
      </trkpt>
      <trkpt lat="68.98120910860598087310791015625" lon="20.345630608499050140380859375">
        <ele>603.5999755859375</ele>
        <time>2026-08-21T12:15:49.000Z</time>
        <extensions>
          <ns3:TrackPointExtension>
            <ns3:cad>0</ns3:cad>
          </ns3:TrackPointExtension>
        </extensions>
      </trkpt>
      <trkpt lat="68.9811501838266849517822265625" lon="20.3456886112689971923828125">
        <ele>603.4000244140625</ele>
        <time>2026-08-21T12:15:55.000Z</time>
        <extensions>
          <ns3:TrackPointExtension>
            <ns3:cad>47</ns3:cad>
          </ns3:TrackPointExtension>
        </extensions>
      </trkpt>
      <trkpt lat="68.981085307896137237548828125" lon="20.34575994126498699188232421875">
        <ele>603.20001220703125</ele>
        <time>2026-08-21T12:16:02.000Z</time>
        <extensions>
          <ns3:TrackPointExtension>
            <ns3:cad>0</ns3:cad>
          </ns3:TrackPointExtension>
        </extensions>
      </trkpt>
      <trkpt lat="68.98101800121366977691650390625" lon="20.34581945277750492095947265625">
        <ele>603.20001220703125</ele>
        <time>2026-08-21T12:16:09.000Z</time>
        <extensions>
          <ns3:TrackPointExtension>
            <ns3:cad>49</ns3:cad>
          </ns3:TrackPointExtension>
        </extensions>
      </trkpt>
      <trkpt lat="68.98093049414455890655517578125" lon="20.34591567702591419219970703125">
        <ele>602.5999755859375</ele>
        <time>2026-08-21T12:16:16.000Z</time>
        <extensions>
          <ns3:TrackPointExtension>
            <ns3:cad>52</ns3:cad>
          </ns3:TrackPointExtension>
        </extensions>
      </trkpt>
      <trkpt lat="68.980877101421356201171875" lon="20.34597217105329036712646484375">
        <ele>602.5999755859375</ele>
        <time>2026-08-21T12:16:22.000Z</time>
        <extensions>
          <ns3:TrackPointExtension>
            <ns3:cad>0</ns3:cad>
          </ns3:TrackPointExtension>
        </extensions>
      </trkpt>
      <trkpt lat="68.9808274805545806884765625" lon="20.3459911979734897613525390625">
        <ele>602.20001220703125</ele>
        <time>2026-08-21T12:16:28.000Z</time>
        <extensions>
          <ns3:TrackPointExtension>
            <ns3:cad>0</ns3:cad>
          </ns3:TrackPointExtension>
        </extensions>
      </trkpt>
      <trkpt lat="68.980792276561260223388671875" lon="20.3460173495113849639892578125">
        <ele>601.5999755859375</ele>
        <time>2026-08-21T12:16:32.000Z</time>
        <extensions>
          <ns3:TrackPointExtension>
            <ns3:cad>50</ns3:cad>
          </ns3:TrackPointExtension>
        </extensions>
      </trkpt>
      <trkpt lat="68.980749361217021942138671875" lon="20.346054397523403167724609375">
        <ele>601.4000244140625</ele>
        <time>2026-08-21T12:16:36.000Z</time>
        <extensions>
          <ns3:TrackPointExtension>
            <ns3:cad>51</ns3:cad>
          </ns3:TrackPointExtension>
        </extensions>
      </trkpt>
      <trkpt lat="68.98067920468747615814208984375" lon="20.3461357019841670989990234375">
        <ele>601</ele>
        <time>2026-08-21T12:16:42.000Z</time>
        <extensions>
          <ns3:TrackPointExtension>
            <ns3:cad>52</ns3:cad>
          </ns3:TrackPointExtension>
        </extensions>
      </trkpt>
      <trkpt lat="68.98061147890985012054443359375" lon="20.3462706506252288818359375">
        <ele>601</ele>
        <time>2026-08-21T12:16:50.000Z</time>
        <extensions>
          <ns3:TrackPointExtension>
            <ns3:cad>49</ns3:cad>
          </ns3:TrackPointExtension>
        </extensions>
      </trkpt>
      <trkpt lat="68.98053646087646484375" lon="20.34640786238014698028564453125">
        <ele>601</ele>
        <time>2026-08-21T12:16:58.000Z</time>
        <extensions>
          <ns3:TrackPointExtension>
            <ns3:cad>50</ns3:cad>
          </ns3:TrackPointExtension>
        </extensions>
      </trkpt>
      <trkpt lat="68.98049279116094112396240234375" lon="20.3465484268963336944580078125">
        <ele>601.20001220703125</ele>
        <time>2026-08-21T12:17:04.000Z</time>
        <extensions>
          <ns3:TrackPointExtension>
            <ns3:cad>49</ns3:cad>
          </ns3:TrackPointExtension>
        </extensions>
      </trkpt>
      <trkpt lat="68.9804668910801410675048828125" lon="20.346674658358097076416015625">
        <ele>601.20001220703125</ele>
        <time>2026-08-21T12:17:09.000Z</time>
        <extensions>
          <ns3:TrackPointExtension>
            <ns3:cad>50</ns3:cad>
          </ns3:TrackPointExtension>
        </extensions>
      </trkpt>
      <trkpt lat="68.98041718639433383941650390625" lon="20.34686283208429813385009765625">
        <ele>601.4000244140625</ele>
        <time>2026-08-21T12:17:16.000Z</time>
        <extensions>
          <ns3:TrackPointExtension>
            <ns3:cad>49</ns3:cad>
          </ns3:TrackPointExtension>
        </extensions>
      </trkpt>
      <trkpt lat="68.9803797192871570587158203125" lon="20.34701638855040073394775390625">
        <ele>601.20001220703125</ele>
        <time>2026-08-21T12:17:22.000Z</time>
        <extensions>
          <ns3:TrackPointExtension>
            <ns3:cad>47</ns3:cad>
          </ns3:TrackPointExtension>
        </extensions>
      </trkpt>
      <trkpt lat="68.98034359328448772430419921875" lon="20.3471267782151699066162109375">
        <ele>600.5999755859375</ele>
        <time>2026-08-21T12:17:27.000Z</time>
        <extensions>
          <ns3:TrackPointExtension>
            <ns3:cad>0</ns3:cad>
          </ns3:TrackPointExtension>
        </extensions>
      </trkpt>
      <trkpt lat="68.980337642133235931396484375" lon="20.34715251065790653228759765625">
        <ele>600.5999755859375</ele>
        <time>2026-08-21T12:17:28.000Z</time>
        <extensions>
          <ns3:TrackPointExtension>
            <ns3:cad>0</ns3:cad>
          </ns3:TrackPointExtension>
        </extensions>
      </trkpt>
      <trkpt lat="68.9802902005612850189208984375" lon="20.34730439074337482452392578125">
        <ele>600.79998779296875</ele>
        <time>2026-08-21T12:17:35.000Z</time>
        <extensions>
          <ns3:TrackPointExtension>
            <ns3:cad>49</ns3:cad>
          </ns3:TrackPointExtension>
        </extensions>
      </trkpt>
      <trkpt lat="68.9802481234073638916015625" lon="20.34734797663986682891845703125">
        <ele>600.5999755859375</ele>
        <time>2026-08-21T12:17:40.000Z</time>
        <extensions>
          <ns3:TrackPointExtension>
            <ns3:cad>48</ns3:cad>
          </ns3:TrackPointExtension>
        </extensions>
      </trkpt>
      <trkpt lat="68.98017377592623233795166015625" lon="20.3474563546478748321533203125">
        <ele>600</ele>
        <time>2026-08-21T12:17:47.000Z</time>
        <extensions>
          <ns3:TrackPointExtension>
            <ns3:cad>0</ns3:cad>
          </ns3:TrackPointExtension>
        </extensions>
      </trkpt>
      <trkpt lat="68.980115354061126708984375" lon="20.3475160337984561920166015625">
        <ele>600</ele>
        <time>2026-08-21T12:17:53.000Z</time>
        <extensions>
          <ns3:TrackPointExtension>
            <ns3:cad>50</ns3:cad>
          </ns3:TrackPointExtension>
        </extensions>
      </trkpt>
      <trkpt lat="68.98007352836430072784423828125" lon="20.3475663252174854278564453125">
        <ele>599.79998779296875</ele>
        <time>2026-08-21T12:17:58.000Z</time>
        <extensions>
          <ns3:TrackPointExtension>
            <ns3:cad>47</ns3:cad>
          </ns3:TrackPointExtension>
        </extensions>
      </trkpt>
      <trkpt lat="68.9800511486828327178955078125" lon="20.3476028703153133392333984375">
        <ele>599.5999755859375</ele>
        <time>2026-08-21T12:18:02.000Z</time>
        <extensions>
          <ns3:TrackPointExtension>
            <ns3:cad>48</ns3:cad>
          </ns3:TrackPointExtension>
        </extensions>
      </trkpt>
      <trkpt lat="68.98003363050520420074462890625" lon="20.3476169519126415252685546875">
        <ele>599.5999755859375</ele>
        <time>2026-08-21T12:18:04.000Z</time>
        <extensions>
          <ns3:TrackPointExtension>
            <ns3:cad>0</ns3:cad>
          </ns3:TrackPointExtension>
        </extensions>
      </trkpt>
      <trkpt lat="68.9800281822681427001953125" lon="20.34763346426188945770263671875">
        <ele>599.5999755859375</ele>
        <time>2026-08-21T12:18:08.000Z</time>
        <extensions>
          <ns3:TrackPointExtension>
            <ns3:cad>0</ns3:cad>
          </ns3:TrackPointExtension>
        </extensions>
      </trkpt>
      <trkpt lat="68.980027176439762115478515625" lon="20.34764318726956844329833984375">
        <ele>599.5999755859375</ele>
        <time>2026-08-21T12:18:09.000Z</time>
        <extensions>
          <ns3:TrackPointExtension>
            <ns3:cad>0</ns3:cad>
          </ns3:TrackPointExtension>
        </extensions>
      </trkpt>
      <trkpt lat="68.980041928589344024658203125" lon="20.34760572016239166259765625">
        <ele>599.79998779296875</ele>
        <time>2026-08-21T12:18:17.000Z</time>
        <extensions>
          <ns3:TrackPointExtension>
            <ns3:cad>0</ns3:cad>
          </ns3:TrackPointExtension>
        </extensions>
      </trkpt>
      <trkpt lat="68.9800303615629673004150390625" lon="20.34759641624987125396728515625">
        <ele>599.5999755859375</ele>
        <time>2026-08-21T12:18:26.000Z</time>
        <extensions>
          <ns3:TrackPointExtension>
            <ns3:cad>0</ns3:cad>
          </ns3:TrackPointExtension>
        </extensions>
      </trkpt>
      <trkpt lat="68.98003648035228252410888671875" lon="20.3476199693977832794189453125">
        <ele>599.5999755859375</ele>
        <time>2026-08-21T12:18:32.000Z</time>
        <extensions>
          <ns3:TrackPointExtension>
            <ns3:cad>0</ns3:cad>
          </ns3:TrackPointExtension>
        </extensions>
      </trkpt>
      <trkpt lat="68.980039246380329132080078125" lon="20.34761150367558002471923828125">
        <ele>599.5999755859375</ele>
        <time>2026-08-21T12:18:40.000Z</time>
        <extensions>
          <ns3:TrackPointExtension>
            <ns3:cad>0</ns3:cad>
          </ns3:TrackPointExtension>
        </extensions>
      </trkpt>
      <trkpt lat="68.9800437726080417633056640625" lon="20.34764301963150501251220703125">
        <ele>599.4000244140625</ele>
        <time>2026-08-21T12:18:47.000Z</time>
        <extensions>
          <ns3:TrackPointExtension>
            <ns3:cad>0</ns3:cad>
          </ns3:TrackPointExtension>
        </extensions>
      </trkpt>
      <trkpt lat="68.9800013601779937744140625" lon="20.34765131771564483642578125">
        <ele>599.20001220703125</ele>
        <time>2026-08-21T12:18:54.000Z</time>
        <extensions>
          <ns3:TrackPointExtension>
            <ns3:cad>0</ns3:cad>
          </ns3:TrackPointExtension>
        </extensions>
      </trkpt>
      <trkpt lat="68.97993908263742923736572265625" lon="20.3477165289223194122314453125">
        <ele>598.5999755859375</ele>
        <time>2026-08-21T12:19:00.000Z</time>
        <extensions>
          <ns3:TrackPointExtension>
            <ns3:cad>49</ns3:cad>
          </ns3:TrackPointExtension>
        </extensions>
      </trkpt>
      <trkpt lat="68.97992785088717937469482421875" lon="20.3477316163480281829833984375">
        <ele>598.5999755859375</ele>
        <time>2026-08-21T12:19:01.000Z</time>
        <extensions>
          <ns3:TrackPointExtension>
            <ns3:cad>49</ns3:cad>
          </ns3:TrackPointExtension>
        </extensions>
      </trkpt>
      <trkpt lat="68.97986649535596370697021484375" lon="20.34779012203216552734375">
        <ele>598</ele>
        <time>2026-08-21T12:19:09.000Z</time>
        <extensions>
          <ns3:TrackPointExtension>
            <ns3:cad>48</ns3:cad>
          </ns3:TrackPointExtension>
        </extensions>
      </trkpt>
      <trkpt lat="68.9798479713499546051025390625" lon="20.34782507456839084625244140625">
        <ele>597.4000244140625</ele>
        <time>2026-08-21T12:19:12.000Z</time>
        <extensions>
          <ns3:TrackPointExtension>
            <ns3:cad>48</ns3:cad>
          </ns3:TrackPointExtension>
        </extensions>
      </trkpt>
      <trkpt lat="68.9798037149012088775634765625" lon="20.34788710065186023712158203125">
        <ele>596.4000244140625</ele>
        <time>2026-08-21T12:19:17.000Z</time>
        <extensions>
          <ns3:TrackPointExtension>
            <ns3:cad>48</ns3:cad>
          </ns3:TrackPointExtension>
        </extensions>
      </trkpt>
      <trkpt lat="68.97977312095463275909423828125" lon="20.34796521998941898345947265625">
        <ele>595.4000244140625</ele>
        <time>2026-08-21T12:19:23.000Z</time>
        <extensions>
          <ns3:TrackPointExtension>
            <ns3:cad>0</ns3:cad>
          </ns3:TrackPointExtension>
        </extensions>
      </trkpt>
      <trkpt lat="68.97976876236498355865478515625" lon="20.34798919223248958587646484375">
        <ele>595.20001220703125</ele>
        <time>2026-08-21T12:19:24.000Z</time>
        <extensions>
          <ns3:TrackPointExtension>
            <ns3:cad>0</ns3:cad>
          </ns3:TrackPointExtension>
        </extensions>
      </trkpt>
      <trkpt lat="68.97973783314228057861328125" lon="20.34806706011295318603515625">
        <ele>594.20001220703125</ele>
        <time>2026-08-21T12:19:28.000Z</time>
        <extensions>
          <ns3:TrackPointExtension>
            <ns3:cad>0</ns3:cad>
          </ns3:TrackPointExtension>
        </extensions>
      </trkpt>
      <trkpt lat="68.97972215898334980010986328125" lon="20.3481094725430011749267578125">
        <ele>594</ele>
        <time>2026-08-21T12:19:30.000Z</time>
        <extensions>
          <ns3:TrackPointExtension>
            <ns3:cad>0</ns3:cad>
          </ns3:TrackPointExtension>
        </extensions>
      </trkpt>
      <trkpt lat="68.9796887151896953582763671875" lon="20.34820410422980785369873046875">
        <ele>594.5999755859375</ele>
        <time>2026-08-21T12:19:35.000Z</time>
        <extensions>
          <ns3:TrackPointExtension>
            <ns3:cad>0</ns3:cad>
          </ns3:TrackPointExtension>
        </extensions>
      </trkpt>
      <trkpt lat="68.97965627722442150115966796875" lon="20.3482720814645290374755859375">
        <ele>595.4000244140625</ele>
        <time>2026-08-21T12:19:40.000Z</time>
        <extensions>
          <ns3:TrackPointExtension>
            <ns3:cad>47</ns3:cad>
          </ns3:TrackPointExtension>
        </extensions>
      </trkpt>
      <trkpt lat="68.97965258918702602386474609375" lon="20.3482901863753795623779296875">
        <ele>595.4000244140625</ele>
        <time>2026-08-21T12:19:41.000Z</time>
        <extensions>
          <ns3:TrackPointExtension>
            <ns3:cad>47</ns3:cad>
          </ns3:TrackPointExtension>
        </extensions>
      </trkpt>
      <trkpt lat="68.9796152897179126739501953125" lon="20.34840635955333709716796875">
        <ele>596</ele>
        <time>2026-08-21T12:19:47.000Z</time>
        <extensions>
          <ns3:TrackPointExtension>
            <ns3:cad>42</ns3:cad>
          </ns3:TrackPointExtension>
        </extensions>
      </trkpt>
      <trkpt lat="68.97956726141273975372314453125" lon="20.348572991788387298583984375">
        <ele>595.5999755859375</ele>
        <time>2026-08-21T12:19:55.000Z</time>
        <extensions>
          <ns3:TrackPointExtension>
            <ns3:cad>47</ns3:cad>
          </ns3:TrackPointExtension>
        </extensions>
      </trkpt>
      <trkpt lat="68.9795133657753467559814453125" lon="20.34874104894697666168212890625">
        <ele>595.20001220703125</ele>
        <time>2026-08-21T12:20:03.000Z</time>
        <extensions>
          <ns3:TrackPointExtension>
            <ns3:cad>0</ns3:cad>
          </ns3:TrackPointExtension>
        </extensions>
      </trkpt>
      <trkpt lat="68.97946667857468128204345703125" lon="20.3488635085523128509521484375">
        <ele>594.20001220703125</ele>
        <time>2026-08-21T12:20:10.000Z</time>
        <extensions>
          <ns3:TrackPointExtension>
            <ns3:cad>52</ns3:cad>
          </ns3:TrackPointExtension>
        </extensions>
      </trkpt>
      <trkpt lat="68.9794211648404598236083984375" lon="20.34902771003544330596923828125">
        <ele>593.20001220703125</ele>
        <time>2026-08-21T12:20:17.000Z</time>
        <extensions>
          <ns3:TrackPointExtension>
            <ns3:cad>51</ns3:cad>
          </ns3:TrackPointExtension>
        </extensions>
      </trkpt>
      <trkpt lat="68.97940599359571933746337890625" lon="20.34910180605947971343994140625">
        <ele>592.79998779296875</ele>
        <time>2026-08-21T12:20:20.000Z</time>
        <extensions>
          <ns3:TrackPointExtension>
            <ns3:cad>51</ns3:cad>
          </ns3:TrackPointExtension>
        </extensions>
      </trkpt>
      <trkpt lat="68.97938705049455165863037109375" lon="20.34914924763143062591552734375">
        <ele>592.4000244140625</ele>
        <time>2026-08-21T12:20:23.000Z</time>
        <extensions>
          <ns3:TrackPointExtension>
            <ns3:cad>48</ns3:cad>
          </ns3:TrackPointExtension>
        </extensions>
      </trkpt>
      <trkpt lat="68.979357294738292694091796875" lon="20.3492237627506256103515625">
        <ele>592</ele>
        <time>2026-08-21T12:20:26.000Z</time>
        <extensions>
          <ns3:TrackPointExtension>
            <ns3:cad>52</ns3:cad>
          </ns3:TrackPointExtension>
        </extensions>
      </trkpt>
      <trkpt lat="68.97934379987418651580810546875" lon="20.3492883034050464630126953125">
        <ele>592</ele>
        <time>2026-08-21T12:20:29.000Z</time>
        <extensions>
          <ns3:TrackPointExtension>
            <ns3:cad>52</ns3:cad>
          </ns3:TrackPointExtension>
        </extensions>
      </trkpt>
      <trkpt lat="68.97929317317903041839599609375" lon="20.349437333643436431884765625">
        <ele>591.5999755859375</ele>
        <time>2026-08-21T12:20:36.000Z</time>
        <extensions>
          <ns3:TrackPointExtension>
            <ns3:cad>50</ns3:cad>
          </ns3:TrackPointExtension>
        </extensions>
      </trkpt>
      <trkpt lat="68.97925076074898242950439453125" lon="20.34956146962940692901611328125">
        <ele>591.20001220703125</ele>
        <time>2026-08-21T12:20:42.000Z</time>
        <extensions>
          <ns3:TrackPointExtension>
            <ns3:cad>0</ns3:cad>
          </ns3:TrackPointExtension>
        </extensions>
      </trkpt>
      <trkpt lat="68.97919912822544574737548828125" lon="20.34971301443874835968017578125">
        <ele>591.20001220703125</ele>
        <time>2026-08-21T12:20:49.000Z</time>
        <extensions>
          <ns3:TrackPointExtension>
            <ns3:cad>49</ns3:cad>
          </ns3:TrackPointExtension>
        </extensions>
      </trkpt>
      <trkpt lat="68.97915177047252655029296875" lon="20.34983254037797451019287109375">
        <ele>591.4000244140625</ele>
        <time>2026-08-21T12:20:56.000Z</time>
        <extensions>
          <ns3:TrackPointExtension>
            <ns3:cad>49</ns3:cad>
          </ns3:TrackPointExtension>
        </extensions>
      </trkpt>
      <trkpt lat="68.9791033230721950531005859375" lon="20.34993521869182586669921875">
        <ele>591.4000244140625</ele>
        <time>2026-08-21T12:21:02.000Z</time>
        <extensions>
          <ns3:TrackPointExtension>
            <ns3:cad>0</ns3:cad>
          </ns3:TrackPointExtension>
        </extensions>
      </trkpt>
      <trkpt lat="68.9790580607950687408447265625" lon="20.35007025115191936492919921875">
        <ele>591.79998779296875</ele>
        <time>2026-08-21T12:21:08.000Z</time>
        <extensions>
          <ns3:TrackPointExtension>
            <ns3:cad>0</ns3:cad>
          </ns3:TrackPointExtension>
        </extensions>
      </trkpt>
      <trkpt lat="68.97901766002178192138671875" lon="20.3501818142831325531005859375">
        <ele>591.5999755859375</ele>
        <time>2026-08-21T12:21:13.000Z</time>
        <extensions>
          <ns3:TrackPointExtension>
            <ns3:cad>47</ns3:cad>
          </ns3:TrackPointExtension>
        </extensions>
      </trkpt>
      <trkpt lat="68.978975750505924224853515625" lon="20.35033545456826686859130859375">
        <ele>592</ele>
        <time>2026-08-21T12:21:20.000Z</time>
        <extensions>
          <ns3:TrackPointExtension>
            <ns3:cad>48</ns3:cad>
          </ns3:TrackPointExtension>
        </extensions>
      </trkpt>
      <trkpt lat="68.9789326675236225128173828125" lon="20.35046302713453769683837890625">
        <ele>592.20001220703125</ele>
        <time>2026-08-21T12:21:26.000Z</time>
        <extensions>
          <ns3:TrackPointExtension>
            <ns3:cad>48</ns3:cad>
          </ns3:TrackPointExtension>
        </extensions>
      </trkpt>
      <trkpt lat="68.97888866253197193145751953125" lon="20.350594036281108856201171875">
        <ele>592.20001220703125</ele>
        <time>2026-08-21T12:21:32.000Z</time>
        <extensions>
          <ns3:TrackPointExtension>
            <ns3:cad>48</ns3:cad>
          </ns3:TrackPointExtension>
        </extensions>
      </trkpt>
      <trkpt lat="68.97885010577738285064697265625" lon="20.35068280063569545745849609375">
        <ele>592.4000244140625</ele>
        <time>2026-08-21T12:21:37.000Z</time>
        <extensions>
          <ns3:TrackPointExtension>
            <ns3:cad>51</ns3:cad>
          </ns3:TrackPointExtension>
        </extensions>
      </trkpt>
      <trkpt lat="68.978812806308269500732421875" lon="20.35075664520263671875">
        <ele>592.4000244140625</ele>
        <time>2026-08-21T12:21:42.000Z</time>
        <extensions>
          <ns3:TrackPointExtension>
            <ns3:cad>47</ns3:cad>
          </ns3:TrackPointExtension>
        </extensions>
      </trkpt>
      <trkpt lat="68.978784643113613128662109375" lon="20.3508563898503780364990234375">
        <ele>592.4000244140625</ele>
        <time>2026-08-21T12:21:47.000Z</time>
        <extensions>
          <ns3:TrackPointExtension>
            <ns3:cad>52</ns3:cad>
          </ns3:TrackPointExtension>
        </extensions>
      </trkpt>
      <trkpt lat="68.97874399088323116302490234375" lon="20.35095043480396270751953125">
        <ele>592.5999755859375</ele>
        <time>2026-08-21T12:21:52.000Z</time>
        <extensions>
          <ns3:TrackPointExtension>
            <ns3:cad>48</ns3:cad>
          </ns3:TrackPointExtension>
        </extensions>
      </trkpt>
      <trkpt lat="68.97870250046253204345703125" lon="20.35107976756989955902099609375">
        <ele>593</ele>
        <time>2026-08-21T12:21:58.000Z</time>
        <extensions>
          <ns3:TrackPointExtension>
            <ns3:cad>0</ns3:cad>
          </ns3:TrackPointExtension>
        </extensions>
      </trkpt>
      <trkpt lat="68.978647850453853607177734375" lon="20.351233072578907012939453125">
        <ele>593.20001220703125</ele>
        <time>2026-08-21T12:22:05.000Z</time>
        <extensions>
          <ns3:TrackPointExtension>
            <ns3:cad>50</ns3:cad>
          </ns3:TrackPointExtension>
        </extensions>
      </trkpt>
      <trkpt lat="68.97859931923449039459228515625" lon="20.3513757325708866119384765625">
        <ele>593.5999755859375</ele>
        <time>2026-08-21T12:22:12.000Z</time>
        <extensions>
          <ns3:TrackPointExtension>
            <ns3:cad>48</ns3:cad>
          </ns3:TrackPointExtension>
        </extensions>
      </trkpt>
      <trkpt lat="68.9785692282021045684814453125" lon="20.35146868787705898284912109375">
        <ele>594.20001220703125</ele>
        <time>2026-08-21T12:22:17.000Z</time>
        <extensions>
          <ns3:TrackPointExtension>
            <ns3:cad>48</ns3:cad>
          </ns3:TrackPointExtension>
        </extensions>
      </trkpt>
      <trkpt lat="68.97855699062347412109375" lon="20.3514954261481761932373046875">
        <ele>594.4000244140625</ele>
        <time>2026-08-21T12:22:18.000Z</time>
        <extensions>
          <ns3:TrackPointExtension>
            <ns3:cad>48</ns3:cad>
          </ns3:TrackPointExtension>
        </extensions>
      </trkpt>
      <trkpt lat="68.97851097397506237030029296875" lon="20.3516178019344806671142578125">
        <ele>594.79998779296875</ele>
        <time>2026-08-21T12:22:24.000Z</time>
        <extensions>
          <ns3:TrackPointExtension>
            <ns3:cad>47</ns3:cad>
          </ns3:TrackPointExtension>
        </extensions>
      </trkpt>
      <trkpt lat="68.97848448716104030609130859375" lon="20.35168938338756561279296875">
        <ele>595.20001220703125</ele>
        <time>2026-08-21T12:22:28.000Z</time>
        <extensions>
          <ns3:TrackPointExtension>
            <ns3:cad>0</ns3:cad>
          </ns3:TrackPointExtension>
        </extensions>
      </trkpt>
      <trkpt lat="68.9784756861627101898193359375" lon="20.3517177142202854156494140625">
        <ele>595.4000244140625</ele>
        <time>2026-08-21T12:22:30.000Z</time>
        <extensions>
          <ns3:TrackPointExtension>
            <ns3:cad>47</ns3:cad>
          </ns3:TrackPointExtension>
        </extensions>
      </trkpt>
      <trkpt lat="68.97842329926788806915283203125" lon="20.3518496453762054443359375">
        <ele>595.5999755859375</ele>
        <time>2026-08-21T12:22:37.000Z</time>
        <extensions>
          <ns3:TrackPointExtension>
            <ns3:cad>0</ns3:cad>
          </ns3:TrackPointExtension>
        </extensions>
      </trkpt>
      <trkpt lat="68.9783620275557041168212890625" lon="20.351993478834629058837890625">
        <ele>595.5999755859375</ele>
        <time>2026-08-21T12:22:45.000Z</time>
        <extensions>
          <ns3:TrackPointExtension>
            <ns3:cad>0</ns3:cad>
          </ns3:TrackPointExtension>
        </extensions>
      </trkpt>
      <trkpt lat="68.9783093892037868499755859375" lon="20.352091379463672637939453125">
        <ele>596</ele>
        <time>2026-08-21T12:22:51.000Z</time>
        <extensions>
          <ns3:TrackPointExtension>
            <ns3:cad>50</ns3:cad>
          </ns3:TrackPointExtension>
        </extensions>
      </trkpt>
      <trkpt lat="68.97826286964118480682373046875" lon="20.352159775793552398681640625">
        <ele>595.79998779296875</ele>
        <time>2026-08-21T12:22:57.000Z</time>
        <extensions>
          <ns3:TrackPointExtension>
            <ns3:cad>50</ns3:cad>
          </ns3:TrackPointExtension>
        </extensions>
      </trkpt>
      <trkpt lat="68.97826840169727802276611328125" lon="20.35216748714447021484375">
        <ele>596</ele>
        <time>2026-08-21T12:23:03.000Z</time>
        <extensions>
          <ns3:TrackPointExtension>
            <ns3:cad>0</ns3:cad>
          </ns3:TrackPointExtension>
        </extensions>
      </trkpt>
      <trkpt lat="68.97825750522315502166748046875" lon="20.3521599434316158294677734375">
        <ele>596</ele>
        <time>2026-08-21T12:23:08.000Z</time>
        <extensions>
          <ns3:TrackPointExtension>
            <ns3:cad>0</ns3:cad>
          </ns3:TrackPointExtension>
        </extensions>
      </trkpt>
      <trkpt lat="68.97824258543550968170166015625" lon="20.35216488875448703765869140625">
        <ele>596</ele>
        <time>2026-08-21T12:23:15.000Z</time>
        <extensions>
          <ns3:TrackPointExtension>
            <ns3:cad>0</ns3:cad>
          </ns3:TrackPointExtension>
        </extensions>
      </trkpt>
      <trkpt lat="68.97823370061814785003662109375" lon="20.35220931284129619598388671875">
        <ele>596</ele>
        <time>2026-08-21T12:23:21.000Z</time>
        <extensions>
          <ns3:TrackPointExtension>
            <ns3:cad>0</ns3:cad>
          </ns3:TrackPointExtension>
        </extensions>
      </trkpt>
      <trkpt lat="68.97817703895270824432373046875" lon="20.35231090150773525238037109375">
        <ele>595.79998779296875</ele>
        <time>2026-08-21T12:23:27.000Z</time>
        <extensions>
          <ns3:TrackPointExtension>
            <ns3:cad>0</ns3:cad>
          </ns3:TrackPointExtension>
        </extensions>
      </trkpt>
      <trkpt lat="68.978133536875247955322265625" lon="20.352409221231937408447265625">
        <ele>595.5999755859375</ele>
        <time>2026-08-21T12:23:32.000Z</time>
        <extensions>
          <ns3:TrackPointExtension>
            <ns3:cad>50</ns3:cad>
          </ns3:TrackPointExtension>
        </extensions>
      </trkpt>
      <trkpt lat="68.97808349691331386566162109375" lon="20.35252195782959461212158203125">
        <ele>595.5999755859375</ele>
        <time>2026-08-21T12:23:38.000Z</time>
        <extensions>
          <ns3:TrackPointExtension>
            <ns3:cad>52</ns3:cad>
          </ns3:TrackPointExtension>
        </extensions>
      </trkpt>
      <trkpt lat="68.97803270258009433746337890625" lon="20.352615751326084136962890625">
        <ele>595.20001220703125</ele>
        <time>2026-08-21T12:23:44.000Z</time>
        <extensions>
          <ns3:TrackPointExtension>
            <ns3:cad>52</ns3:cad>
          </ns3:TrackPointExtension>
        </extensions>
      </trkpt>
      <trkpt lat="68.97798903286457061767578125" lon="20.3527057729661464691162109375">
        <ele>595.20001220703125</ele>
        <time>2026-08-21T12:23:50.000Z</time>
        <extensions>
          <ns3:TrackPointExtension>
            <ns3:cad>52</ns3:cad>
          </ns3:TrackPointExtension>
        </extensions>
      </trkpt>
      <trkpt lat="68.97793144918978214263916015625" lon="20.35279235802590847015380859375">
        <ele>595</ele>
        <time>2026-08-21T12:23:55.000Z</time>
        <extensions>
          <ns3:TrackPointExtension>
            <ns3:cad>52</ns3:cad>
          </ns3:TrackPointExtension>
        </extensions>
      </trkpt>
      <trkpt lat="68.97792642004787921905517578125" lon="20.352835692465305328369140625">
        <ele>594.79998779296875</ele>
        <time>2026-08-21T12:23:57.000Z</time>
        <extensions>
          <ns3:TrackPointExtension>
            <ns3:cad>52</ns3:cad>
          </ns3:TrackPointExtension>
        </extensions>
      </trkpt>
      <trkpt lat="68.97790781222283840179443359375" lon="20.35288137383759021759033203125">
        <ele>594.5999755859375</ele>
        <time>2026-08-21T12:23:59.000Z</time>
        <extensions>
          <ns3:TrackPointExtension>
            <ns3:cad>51</ns3:cad>
          </ns3:TrackPointExtension>
        </extensions>
      </trkpt>
      <trkpt lat="68.97787009365856647491455078125" lon="20.35302772186696529388427734375">
        <ele>594.5999755859375</ele>
        <time>2026-08-21T12:24:05.000Z</time>
        <extensions>
          <ns3:TrackPointExtension>
            <ns3:cad>50</ns3:cad>
          </ns3:TrackPointExtension>
        </extensions>
      </trkpt>
      <trkpt lat="68.97782566957175731658935546875" lon="20.35314708016812801361083984375">
        <ele>594.4000244140625</ele>
        <time>2026-08-21T12:24:12.000Z</time>
        <extensions>
          <ns3:TrackPointExtension>
            <ns3:cad>0</ns3:cad>
          </ns3:TrackPointExtension>
        </extensions>
      </trkpt>
      <trkpt lat="68.97780119441449642181396484375" lon="20.3532308153808116912841796875">
        <ele>594.20001220703125</ele>
        <time>2026-08-21T12:24:17.000Z</time>
        <extensions>
          <ns3:TrackPointExtension>
            <ns3:cad>0</ns3:cad>
          </ns3:TrackPointExtension>
        </extensions>
      </trkpt>
      <trkpt lat="68.977784179151058197021484375" lon="20.3532770834863185882568359375">
        <ele>594</ele>
        <time>2026-08-21T12:24:19.000Z</time>
        <extensions>
          <ns3:TrackPointExtension>
            <ns3:cad>0</ns3:cad>
          </ns3:TrackPointExtension>
        </extensions>
      </trkpt>
      <trkpt lat="68.977737240493297576904296875" lon="20.3533615730702877044677734375">
        <ele>593.4000244140625</ele>
        <time>2026-08-21T12:24:25.000Z</time>
        <extensions>
          <ns3:TrackPointExtension>
            <ns3:cad>0</ns3:cad>
          </ns3:TrackPointExtension>
        </extensions>
      </trkpt>
      <trkpt lat="68.97772215306758880615234375" lon="20.353390239179134368896484375">
        <ele>593</ele>
        <time>2026-08-21T12:24:27.000Z</time>
        <extensions>
          <ns3:TrackPointExtension>
            <ns3:cad>51</ns3:cad>
          </ns3:TrackPointExtension>
        </extensions>
      </trkpt>
      <trkpt lat="68.97768032737076282501220703125" lon="20.353490822017192840576171875">
        <ele>593.20001220703125</ele>
        <time>2026-08-21T12:24:32.000Z</time>
        <extensions>
          <ns3:TrackPointExtension>
            <ns3:cad>52</ns3:cad>
          </ns3:TrackPointExtension>
        </extensions>
      </trkpt>
      <trkpt lat="68.97762752138078212738037109375" lon="20.35358704626560211181640625">
        <ele>593.20001220703125</ele>
        <time>2026-08-21T12:24:38.000Z</time>
        <extensions>
          <ns3:TrackPointExtension>
            <ns3:cad>48</ns3:cad>
          </ns3:TrackPointExtension>
        </extensions>
      </trkpt>
      <trkpt lat="68.97756013087928295135498046875" lon="20.35374940373003482818603515625">
        <ele>593.5999755859375</ele>
        <time>2026-08-21T12:24:46.000Z</time>
        <extensions>
          <ns3:TrackPointExtension>
            <ns3:cad>50</ns3:cad>
          </ns3:TrackPointExtension>
        </extensions>
      </trkpt>
      <trkpt lat="68.977508582174777984619140625" lon="20.35386943258345127105712890625">
        <ele>593.4000244140625</ele>
        <time>2026-08-21T12:24:53.000Z</time>
        <extensions>
          <ns3:TrackPointExtension>
            <ns3:cad>50</ns3:cad>
          </ns3:TrackPointExtension>
        </extensions>
      </trkpt>
      <trkpt lat="68.97746273316442966461181640625" lon="20.35398141480982303619384765625">
        <ele>593.79998779296875</ele>
        <time>2026-08-21T12:24:59.000Z</time>
        <extensions>
          <ns3:TrackPointExtension>
            <ns3:cad>50</ns3:cad>
          </ns3:TrackPointExtension>
        </extensions>
      </trkpt>
      <trkpt lat="68.97741596214473247528076171875" lon="20.3541233204305171966552734375">
        <ele>593.4000244140625</ele>
        <time>2026-08-21T12:25:05.000Z</time>
        <extensions>
          <ns3:TrackPointExtension>
            <ns3:cad>52</ns3:cad>
          </ns3:TrackPointExtension>
        </extensions>
      </trkpt>
      <trkpt lat="68.977372460067272186279296875" lon="20.3542644716799259185791015625">
        <ele>593</ele>
        <time>2026-08-21T12:25:11.000Z</time>
        <extensions>
          <ns3:TrackPointExtension>
            <ns3:cad>51</ns3:cad>
          </ns3:TrackPointExtension>
        </extensions>
      </trkpt>
      <trkpt lat="68.977332226932048797607421875" lon="20.354408137500286102294921875">
        <ele>592.5999755859375</ele>
        <time>2026-08-21T12:25:17.000Z</time>
        <extensions>
          <ns3:TrackPointExtension>
            <ns3:cad>0</ns3:cad>
          </ns3:TrackPointExtension>
        </extensions>
      </trkpt>
      <trkpt lat="68.97729559801518917083740234375" lon="20.3545417450368404388427734375">
        <ele>592.5999755859375</ele>
        <time>2026-08-21T12:25:23.000Z</time>
        <extensions>
          <ns3:TrackPointExtension>
            <ns3:cad>51</ns3:cad>
          </ns3:TrackPointExtension>
        </extensions>
      </trkpt>
      <trkpt lat="68.97725050337612628936767578125" lon="20.35469555296003818511962890625">
        <ele>592.4000244140625</ele>
        <time>2026-08-21T12:25:30.000Z</time>
        <extensions>
          <ns3:TrackPointExtension>
            <ns3:cad>16</ns3:cad>
          </ns3:TrackPointExtension>
        </extensions>
      </trkpt>
      <trkpt lat="68.9772106893360614776611328125" lon="20.354825556278228759765625">
        <ele>592.4000244140625</ele>
        <time>2026-08-21T12:25:36.000Z</time>
        <extensions>
          <ns3:TrackPointExtension>
            <ns3:cad>48</ns3:cad>
          </ns3:TrackPointExtension>
        </extensions>
      </trkpt>
      <trkpt lat="68.97717238403856754302978515625" lon="20.3549383766949176788330078125">
        <ele>592.5999755859375</ele>
        <time>2026-08-21T12:25:42.000Z</time>
        <extensions>
          <ns3:TrackPointExtension>
            <ns3:cad>0</ns3:cad>
          </ns3:TrackPointExtension>
        </extensions>
      </trkpt>
      <trkpt lat="68.977130390703678131103515625" lon="20.3550503589212894439697265625">
        <ele>592.4000244140625</ele>
        <time>2026-08-21T12:25:47.000Z</time>
        <extensions>
          <ns3:TrackPointExtension>
            <ns3:cad>50</ns3:cad>
          </ns3:TrackPointExtension>
        </extensions>
      </trkpt>
      <trkpt lat="68.9770930074155330657958984375" lon="20.35520114935934543609619140625">
        <ele>592.4000244140625</ele>
        <time>2026-08-21T12:25:53.000Z</time>
        <extensions>
          <ns3:TrackPointExtension>
            <ns3:cad>50</ns3:cad>
          </ns3:TrackPointExtension>
        </extensions>
      </trkpt>
      <trkpt lat="68.97705017589032649993896484375" lon="20.355321429669857025146484375">
        <ele>592.79998779296875</ele>
        <time>2026-08-21T12:25:59.000Z</time>
        <extensions>
          <ns3:TrackPointExtension>
            <ns3:cad>48</ns3:cad>
          </ns3:TrackPointExtension>
        </extensions>
      </trkpt>
      <trkpt lat="68.976998962461948394775390625" lon="20.35546015016734600067138671875">
        <ele>592.5999755859375</ele>
        <time>2026-08-21T12:26:06.000Z</time>
        <extensions>
          <ns3:TrackPointExtension>
            <ns3:cad>48</ns3:cad>
          </ns3:TrackPointExtension>
        </extensions>
      </trkpt>
      <trkpt lat="68.976969458162784576416015625" lon="20.35555687732994556427001953125">
        <ele>592.79998779296875</ele>
        <time>2026-08-21T12:26:11.000Z</time>
        <extensions>
          <ns3:TrackPointExtension>
            <ns3:cad>48</ns3:cad>
          </ns3:TrackPointExtension>
        </extensions>
      </trkpt>
      <trkpt lat="68.976929895579814910888671875" lon="20.35566215403378009796142578125">
        <ele>593</ele>
        <time>2026-08-21T12:26:17.000Z</time>
        <extensions>
          <ns3:TrackPointExtension>
            <ns3:cad>49</ns3:cad>
          </ns3:TrackPointExtension>
        </extensions>
      </trkpt>
      <trkpt lat="68.97687985561788082122802734375" lon="20.35578117705881595611572265625">
        <ele>592.79998779296875</ele>
        <time>2026-08-21T12:26:24.000Z</time>
        <extensions>
          <ns3:TrackPointExtension>
            <ns3:cad>50</ns3:cad>
          </ns3:TrackPointExtension>
        </extensions>
      </trkpt>
      <trkpt lat="68.9768392033874988555908203125" lon="20.355896763503551483154296875">
        <ele>592.4000244140625</ele>
        <time>2026-08-21T12:26:30.000Z</time>
        <extensions>
          <ns3:TrackPointExtension>
            <ns3:cad>50</ns3:cad>
          </ns3:TrackPointExtension>
        </extensions>
      </trkpt>
      <trkpt lat="68.97681422531604766845703125" lon="20.35597664304077625274658203125">
        <ele>592</ele>
        <time>2026-08-21T12:26:33.000Z</time>
        <extensions>
          <ns3:TrackPointExtension>
            <ns3:cad>50</ns3:cad>
          </ns3:TrackPointExtension>
        </extensions>
      </trkpt>
      <trkpt lat="68.97677558474242687225341796875" lon="20.35608544014394283294677734375">
        <ele>591.79998779296875</ele>
        <time>2026-08-21T12:26:38.000Z</time>
        <extensions>
          <ns3:TrackPointExtension>
            <ns3:cad>51</ns3:cad>
          </ns3:TrackPointExtension>
        </extensions>
      </trkpt>
      <trkpt lat="68.9767290651798248291015625" lon="20.356231033802032470703125">
        <ele>591.5999755859375</ele>
        <time>2026-08-21T12:26:45.000Z</time>
        <extensions>
          <ns3:TrackPointExtension>
            <ns3:cad>51</ns3:cad>
          </ns3:TrackPointExtension>
        </extensions>
      </trkpt>
      <trkpt lat="68.976687490940093994140625" lon="20.35638459026813507080078125">
        <ele>591.4000244140625</ele>
        <time>2026-08-21T12:26:51.000Z</time>
        <extensions>
          <ns3:TrackPointExtension>
            <ns3:cad>51</ns3:cad>
          </ns3:TrackPointExtension>
        </extensions>
      </trkpt>
      <trkpt lat="68.976666368544101715087890625" lon="20.35649715922772884368896484375">
        <ele>591.20001220703125</ele>
        <time>2026-08-21T12:26:56.000Z</time>
        <extensions>
          <ns3:TrackPointExtension>
            <ns3:cad>50</ns3:cad>
          </ns3:TrackPointExtension>
        </extensions>
      </trkpt>
      <trkpt lat="68.97664256393909454345703125" lon="20.35654879175126552581787109375">
        <ele>591</ele>
        <time>2026-08-21T12:26:59.000Z</time>
        <extensions>
          <ns3:TrackPointExtension>
            <ns3:cad>51</ns3:cad>
          </ns3:TrackPointExtension>
        </extensions>
      </trkpt>
      <trkpt lat="68.976623453199863433837890625" lon="20.3566137515008449554443359375">
        <ele>590.79998779296875</ele>
        <time>2026-08-21T12:27:02.000Z</time>
        <extensions>
          <ns3:TrackPointExtension>
            <ns3:cad>50</ns3:cad>
          </ns3:TrackPointExtension>
        </extensions>
      </trkpt>
      <trkpt lat="68.97657291032373905181884765625" lon="20.35676571540534496307373046875">
        <ele>590.5999755859375</ele>
        <time>2026-08-21T12:27:09.000Z</time>
        <extensions>
          <ns3:TrackPointExtension>
            <ns3:cad>52</ns3:cad>
          </ns3:TrackPointExtension>
        </extensions>
      </trkpt>
      <trkpt lat="68.9765461720526218414306640625" lon="20.35691088996827602386474609375">
        <ele>590.20001220703125</ele>
        <time>2026-08-21T12:27:15.000Z</time>
        <extensions>
          <ns3:TrackPointExtension>
            <ns3:cad>50</ns3:cad>
          </ns3:TrackPointExtension>
        </extensions>
      </trkpt>
      <trkpt lat="68.97652924060821533203125" lon="20.3569912724196910858154296875">
        <ele>590</ele>
        <time>2026-08-21T12:27:18.000Z</time>
        <extensions>
          <ns3:TrackPointExtension>
            <ns3:cad>17</ns3:cad>
          </ns3:TrackPointExtension>
        </extensions>
      </trkpt>
      <trkpt lat="68.9765146560966968536376953125" lon="20.3570603393018245697021484375">
        <ele>589.79998779296875</ele>
        <time>2026-08-21T12:27:22.000Z</time>
        <extensions>
          <ns3:TrackPointExtension>
            <ns3:cad>17</ns3:cad>
          </ns3:TrackPointExtension>
        </extensions>
      </trkpt>
      <trkpt lat="68.97645707242190837860107421875" lon="20.35731389187276363372802734375">
        <ele>589.79998779296875</ele>
        <time>2026-08-21T12:27:31.000Z</time>
        <extensions>
          <ns3:TrackPointExtension>
            <ns3:cad>51</ns3:cad>
          </ns3:TrackPointExtension>
        </extensions>
      </trkpt>
      <trkpt lat="68.97641868330538272857666015625" lon="20.3574930131435394287109375">
        <ele>588.79998779296875</ele>
        <time>2026-08-21T12:27:38.000Z</time>
        <extensions>
          <ns3:TrackPointExtension>
            <ns3:cad>52</ns3:cad>
          </ns3:TrackPointExtension>
        </extensions>
      </trkpt>
      <trkpt lat="68.97637031972408294677734375" lon="20.35761304199695587158203125">
        <ele>587.79998779296875</ele>
        <time>2026-08-21T12:27:45.000Z</time>
        <extensions>
          <ns3:TrackPointExtension>
            <ns3:cad>0</ns3:cad>
          </ns3:TrackPointExtension>
        </extensions>
      </trkpt>
      <trkpt lat="68.9763292483985424041748046875" lon="20.3577255271375179290771484375">
        <ele>587</ele>
        <time>2026-08-21T12:27:51.000Z</time>
        <extensions>
          <ns3:TrackPointExtension>
            <ns3:cad>52</ns3:cad>
          </ns3:TrackPointExtension>
        </extensions>
      </trkpt>
      <trkpt lat="68.97629211656749248504638671875" lon="20.357865504920482635498046875">
        <ele>586.5999755859375</ele>
        <time>2026-08-21T12:27:57.000Z</time>
        <extensions>
          <ns3:TrackPointExtension>
            <ns3:cad>50</ns3:cad>
          </ns3:TrackPointExtension>
        </extensions>
      </trkpt>
      <trkpt lat="68.9762863330543041229248046875" lon="20.35789224319159984588623046875">
        <ele>586.5999755859375</ele>
        <time>2026-08-21T12:27:58.000Z</time>
        <extensions>
          <ns3:TrackPointExtension>
            <ns3:cad>50</ns3:cad>
          </ns3:TrackPointExtension>
        </extensions>
      </trkpt>
      <trkpt lat="68.97628842853009700775146484375" lon="20.35790674388408660888671875">
        <ele>586.20001220703125</ele>
        <time>2026-08-21T12:28:03.000Z</time>
        <extensions>
          <ns3:TrackPointExtension>
            <ns3:cad>51</ns3:cad>
          </ns3:TrackPointExtension>
        </extensions>
      </trkpt>
      <trkpt lat="68.97629119455814361572265625" lon="20.35793951712548732757568359375">
        <ele>586</ele>
        <time>2026-08-21T12:28:10.000Z</time>
        <extensions>
          <ns3:TrackPointExtension>
            <ns3:cad>0</ns3:cad>
          </ns3:TrackPointExtension>
        </extensions>
      </trkpt>
      <trkpt lat="68.97626881487667560577392578125" lon="20.358012355864048004150390625">
        <ele>585.79998779296875</ele>
        <time>2026-08-21T12:28:16.000Z</time>
        <extensions>
          <ns3:TrackPointExtension>
            <ns3:cad>0</ns3:cad>
          </ns3:TrackPointExtension>
        </extensions>
      </trkpt>
      <trkpt lat="68.9762635342776775360107421875" lon="20.35802417434751987457275390625">
        <ele>585.5999755859375</ele>
        <time>2026-08-21T12:28:17.000Z</time>
        <extensions>
          <ns3:TrackPointExtension>
            <ns3:cad>0</ns3:cad>
          </ns3:TrackPointExtension>
        </extensions>
      </trkpt>
      <trkpt lat="68.976230509579181671142578125" lon="20.358148477971553802490234375">
        <ele>585.20001220703125</ele>
        <time>2026-08-21T12:28:23.000Z</time>
        <extensions>
          <ns3:TrackPointExtension>
            <ns3:cad>53</ns3:cad>
          </ns3:TrackPointExtension>
        </extensions>
      </trkpt>
      <trkpt lat="68.97620276547968387603759765625" lon="20.35828786902129650115966796875">
        <ele>584.5999755859375</ele>
        <time>2026-08-21T12:28:29.000Z</time>
        <extensions>
          <ns3:TrackPointExtension>
            <ns3:cad>0</ns3:cad>
          </ns3:TrackPointExtension>
        </extensions>
      </trkpt>
      <trkpt lat="68.9761974848806858062744140625" lon="20.3583146072924137115478515625">
        <ele>584.4000244140625</ele>
        <time>2026-08-21T12:28:30.000Z</time>
        <extensions>
          <ns3:TrackPointExtension>
            <ns3:cad>0</ns3:cad>
          </ns3:TrackPointExtension>
        </extensions>
      </trkpt>
      <trkpt lat="68.97616437636315822601318359375" lon="20.35851585678756237030029296875">
        <ele>584.20001220703125</ele>
        <time>2026-08-21T12:28:38.000Z</time>
        <extensions>
          <ns3:TrackPointExtension>
            <ns3:cad>53</ns3:cad>
          </ns3:TrackPointExtension>
        </extensions>
      </trkpt>
      <trkpt lat="68.9761304296553134918212890625" lon="20.35868500359356403350830078125">
        <ele>583.79998779296875</ele>
        <time>2026-08-21T12:28:44.000Z</time>
        <extensions>
          <ns3:TrackPointExtension>
            <ns3:cad>50</ns3:cad>
          </ns3:TrackPointExtension>
        </extensions>
      </trkpt>
      <trkpt lat="68.97610570304095745086669921875" lon="20.3587182797491550445556640625">
        <ele>583.4000244140625</ele>
        <time>2026-08-21T12:28:47.000Z</time>
        <extensions>
          <ns3:TrackPointExtension>
            <ns3:cad>0</ns3:cad>
          </ns3:TrackPointExtension>
        </extensions>
      </trkpt>
      <trkpt lat="68.97609145380556583404541015625" lon="20.358753986656665802001953125">
        <ele>583</ele>
        <time>2026-08-21T12:28:50.000Z</time>
        <extensions>
          <ns3:TrackPointExtension>
            <ns3:cad>0</ns3:cad>
          </ns3:TrackPointExtension>
        </extensions>
      </trkpt>
      <trkpt lat="68.9760751090943813323974609375" lon="20.3588024340569972991943359375">
        <ele>582.4000244140625</ele>
        <time>2026-08-21T12:28:53.000Z</time>
        <extensions>
          <ns3:TrackPointExtension>
            <ns3:cad>0</ns3:cad>
          </ns3:TrackPointExtension>
        </extensions>
      </trkpt>
      <trkpt lat="68.97606329061090946197509765625" lon="20.35887745209038257598876953125">
        <ele>581.4000244140625</ele>
        <time>2026-08-21T12:28:58.000Z</time>
        <extensions>
          <ns3:TrackPointExtension>
            <ns3:cad>0</ns3:cad>
          </ns3:TrackPointExtension>
        </extensions>
      </trkpt>
      <trkpt lat="68.97606396116316318511962890625" lon="20.35888901911675930023193359375">
        <ele>581.20001220703125</ele>
        <time>2026-08-21T12:28:59.000Z</time>
        <extensions>
          <ns3:TrackPointExtension>
            <ns3:cad>0</ns3:cad>
          </ns3:TrackPointExtension>
        </extensions>
      </trkpt>
      <trkpt lat="68.9760342054069042205810546875" lon="20.359024889767169952392578125">
        <ele>580.20001220703125</ele>
        <time>2026-08-21T12:29:04.000Z</time>
        <extensions>
          <ns3:TrackPointExtension>
            <ns3:cad>0</ns3:cad>
          </ns3:TrackPointExtension>
        </extensions>
      </trkpt>
      <trkpt lat="68.97597762756049633026123046875" lon="20.3591967187821865081787109375">
        <ele>579.79998779296875</ele>
        <time>2026-08-21T12:29:12.000Z</time>
        <extensions>
          <ns3:TrackPointExtension>
            <ns3:cad>0</ns3:cad>
          </ns3:TrackPointExtension>
        </extensions>
      </trkpt>
      <trkpt lat="68.97593270055949687957763671875" lon="20.3593428991734981536865234375">
        <ele>579.4000244140625</ele>
        <time>2026-08-21T12:29:18.000Z</time>
        <extensions>
          <ns3:TrackPointExtension>
            <ns3:cad>50</ns3:cad>
          </ns3:TrackPointExtension>
        </extensions>
      </trkpt>
      <trkpt lat="68.97587955929338932037353515625" lon="20.3595269657671451568603515625">
        <ele>579.4000244140625</ele>
        <time>2026-08-21T12:29:27.000Z</time>
        <extensions>
          <ns3:TrackPointExtension>
            <ns3:cad>50</ns3:cad>
          </ns3:TrackPointExtension>
        </extensions>
      </trkpt>
      <trkpt lat="68.97582272998988628387451171875" lon="20.35969887860119342803955078125">
        <ele>579.5999755859375</ele>
        <time>2026-08-21T12:29:36.000Z</time>
        <extensions>
          <ns3:TrackPointExtension>
            <ns3:cad>51</ns3:cad>
          </ns3:TrackPointExtension>
        </extensions>
      </trkpt>
      <trkpt lat="68.97577813826501369476318359375" lon="20.3598072566092014312744140625">
        <ele>579.5999755859375</ele>
        <time>2026-08-21T12:29:42.000Z</time>
        <extensions>
          <ns3:TrackPointExtension>
            <ns3:cad>50</ns3:cad>
          </ns3:TrackPointExtension>
        </extensions>
      </trkpt>
      <trkpt lat="68.97572994232177734375" lon="20.35996005870401859283447265625">
        <ele>579.5999755859375</ele>
        <time>2026-08-21T12:29:49.000Z</time>
        <extensions>
          <ns3:TrackPointExtension>
            <ns3:cad>49</ns3:cad>
          </ns3:TrackPointExtension>
        </extensions>
      </trkpt>
      <trkpt lat="68.9756912179291248321533203125" lon="20.360106490552425384521484375">
        <ele>579.79998779296875</ele>
        <time>2026-08-21T12:29:55.000Z</time>
        <extensions>
          <ns3:TrackPointExtension>
            <ns3:cad>48</ns3:cad>
          </ns3:TrackPointExtension>
        </extensions>
      </trkpt>
      <trkpt lat="68.9756469614803791046142578125" lon="20.360251329839229583740234375">
        <ele>579.5999755859375</ele>
        <time>2026-08-21T12:30:01.000Z</time>
        <extensions>
          <ns3:TrackPointExtension>
            <ns3:cad>50</ns3:cad>
          </ns3:TrackPointExtension>
        </extensions>
      </trkpt>
      <trkpt lat="68.9756033755838871002197265625" lon="20.36036758683621883392333984375">
        <ele>579.79998779296875</ele>
        <time>2026-08-21T12:30:07.000Z</time>
        <extensions>
          <ns3:TrackPointExtension>
            <ns3:cad>49</ns3:cad>
          </ns3:TrackPointExtension>
        </extensions>
      </trkpt>
      <trkpt lat="68.975571356713771820068359375" lon="20.36048526875674724578857421875">
        <ele>579.79998779296875</ele>
        <time>2026-08-21T12:30:13.000Z</time>
        <extensions>
          <ns3:TrackPointExtension>
            <ns3:cad>49</ns3:cad>
          </ns3:TrackPointExtension>
        </extensions>
      </trkpt>
      <trkpt lat="68.9755125157535076141357421875" lon="20.36063320934772491455078125">
        <ele>579.79998779296875</ele>
        <time>2026-08-21T12:30:21.000Z</time>
        <extensions>
          <ns3:TrackPointExtension>
            <ns3:cad>48</ns3:cad>
          </ns3:TrackPointExtension>
        </extensions>
      </trkpt>
      <trkpt lat="68.97547203116118907928466796875" lon="20.36072800867259502410888671875">
        <ele>579.5999755859375</ele>
        <time>2026-08-21T12:30:27.000Z</time>
        <extensions>
          <ns3:TrackPointExtension>
            <ns3:cad>0</ns3:cad>
          </ns3:TrackPointExtension>
        </extensions>
      </trkpt>
      <trkpt lat="68.97543062455952167510986328125" lon="20.3608932159841060638427734375">
        <ele>579.4000244140625</ele>
        <time>2026-08-21T12:30:34.000Z</time>
        <extensions>
          <ns3:TrackPointExtension>
            <ns3:cad>48</ns3:cad>
          </ns3:TrackPointExtension>
        </extensions>
      </trkpt>
      <trkpt lat="68.97537111304700374603271484375" lon="20.361133776605129241943359375">
        <ele>579.79998779296875</ele>
        <time>2026-08-21T12:30:44.000Z</time>
        <extensions>
          <ns3:TrackPointExtension>
            <ns3:cad>48</ns3:cad>
          </ns3:TrackPointExtension>
        </extensions>
      </trkpt>
      <trkpt lat="68.9753435365855693817138671875" lon="20.36124064587056636810302734375">
        <ele>580</ele>
        <time>2026-08-21T12:30:51.000Z</time>
        <extensions>
          <ns3:TrackPointExtension>
            <ns3:cad>0</ns3:cad>
          </ns3:TrackPointExtension>
        </extensions>
      </trkpt>
      <trkpt lat="68.975303471088409423828125" lon="20.3613579086959362030029296875">
        <ele>580.20001220703125</ele>
        <time>2026-08-21T12:30:57.000Z</time>
        <extensions>
          <ns3:TrackPointExtension>
            <ns3:cad>50</ns3:cad>
          </ns3:TrackPointExtension>
        </extensions>
      </trkpt>
      <trkpt lat="68.9752618968486785888671875" lon="20.361457653343677520751953125">
        <ele>581</ele>
        <time>2026-08-21T12:31:04.000Z</time>
        <extensions>
          <ns3:TrackPointExtension>
            <ns3:cad>47</ns3:cad>
          </ns3:TrackPointExtension>
        </extensions>
      </trkpt>
      <trkpt lat="68.97524773143231868743896484375" lon="20.36150224506855010986328125">
        <ele>581.20001220703125</ele>
        <time>2026-08-21T12:31:06.000Z</time>
        <extensions>
          <ns3:TrackPointExtension>
            <ns3:cad>47</ns3:cad>
          </ns3:TrackPointExtension>
        </extensions>
      </trkpt>
      <trkpt lat="68.97522727958858013153076171875" lon="20.3615778498351573944091796875">
        <ele>581.5999755859375</ele>
        <time>2026-08-21T12:31:10.000Z</time>
        <extensions>
          <ns3:TrackPointExtension>
            <ns3:cad>44</ns3:cad>
          </ns3:TrackPointExtension>
        </extensions>
      </trkpt>
      <trkpt lat="68.9752013795077800750732421875" lon="20.36165387369692325592041015625">
        <ele>581.5999755859375</ele>
        <time>2026-08-21T12:31:14.000Z</time>
        <extensions>
          <ns3:TrackPointExtension>
            <ns3:cad>48</ns3:cad>
          </ns3:TrackPointExtension>
        </extensions>
      </trkpt>
      <trkpt lat="68.97516642697155475616455078125" lon="20.36178496666252613067626953125">
        <ele>581.79998779296875</ele>
        <time>2026-08-21T12:31:19.000Z</time>
        <extensions>
          <ns3:TrackPointExtension>
            <ns3:cad>47</ns3:cad>
          </ns3:TrackPointExtension>
        </extensions>
      </trkpt>
      <trkpt lat="68.9751266129314899444580078125" lon="20.36189787089824676513671875">
        <ele>581.5999755859375</ele>
        <time>2026-08-21T12:31:24.000Z</time>
        <extensions>
          <ns3:TrackPointExtension>
            <ns3:cad>48</ns3:cad>
          </ns3:TrackPointExtension>
        </extensions>
      </trkpt>
      <trkpt lat="68.97509115748107433319091796875" lon="20.3619932569563388824462890625">
        <ele>581.4000244140625</ele>
        <time>2026-08-21T12:31:30.000Z</time>
        <extensions>
          <ns3:TrackPointExtension>
            <ns3:cad>50</ns3:cad>
          </ns3:TrackPointExtension>
        </extensions>
      </trkpt>
      <trkpt lat="68.97502762265503406524658203125" lon="20.362121164798736572265625">
        <ele>581.4000244140625</ele>
        <time>2026-08-21T12:31:37.000Z</time>
        <extensions>
          <ns3:TrackPointExtension>
            <ns3:cad>49</ns3:cad>
          </ns3:TrackPointExtension>
        </extensions>
      </trkpt>
      <trkpt lat="68.9749539457261562347412109375" lon="20.36223071627318859100341796875">
        <ele>581</ele>
        <time>2026-08-21T12:31:46.000Z</time>
        <extensions>
          <ns3:TrackPointExtension>
            <ns3:cad>49</ns3:cad>
          </ns3:TrackPointExtension>
        </extensions>
      </trkpt>
      <trkpt lat="68.974899463355541229248046875" lon="20.3623545169830322265625">
        <ele>580.5999755859375</ele>
        <time>2026-08-21T12:31:53.000Z</time>
        <extensions>
          <ns3:TrackPointExtension>
            <ns3:cad>47</ns3:cad>
          </ns3:TrackPointExtension>
        </extensions>
      </trkpt>
      <trkpt lat="68.9748520217835903167724609375" lon="20.362501703202724456787109375">
        <ele>580.4000244140625</ele>
        <time>2026-08-21T12:32:01.000Z</time>
        <extensions>
          <ns3:TrackPointExtension>
            <ns3:cad>47</ns3:cad>
          </ns3:TrackPointExtension>
        </extensions>
      </trkpt>
      <trkpt lat="68.97485394962131977081298828125" lon="20.362523160874843597412109375">
        <ele>580.20001220703125</ele>
        <time>2026-08-21T12:32:02.000Z</time>
        <extensions>
          <ns3:TrackPointExtension>
            <ns3:cad>47</ns3:cad>
          </ns3:TrackPointExtension>
        </extensions>
      </trkpt>
      <trkpt lat="68.97485177032649517059326171875" lon="20.36258996464312076568603515625">
        <ele>579</ele>
        <time>2026-08-21T12:32:08.000Z</time>
        <extensions>
          <ns3:TrackPointExtension>
            <ns3:cad>0</ns3:cad>
          </ns3:TrackPointExtension>
        </extensions>
      </trkpt>
      <trkpt lat="68.97484171204268932342529296875" lon="20.36271083168685436248779296875">
        <ele>577.79998779296875</ele>
        <time>2026-08-21T12:32:14.000Z</time>
        <extensions>
          <ns3:TrackPointExtension>
            <ns3:cad>0</ns3:cad>
          </ns3:TrackPointExtension>
        </extensions>
      </trkpt>
      <trkpt lat="68.9748379401862621307373046875" lon="20.36272558383643627166748046875">
        <ele>577.5999755859375</ele>
        <time>2026-08-21T12:32:15.000Z</time>
        <extensions>
          <ns3:TrackPointExtension>
            <ns3:cad>0</ns3:cad>
          </ns3:TrackPointExtension>
        </extensions>
      </trkpt>
      <trkpt lat="68.97478739731013774871826171875" lon="20.3628314472734928131103515625">
        <ele>577</ele>
        <time>2026-08-21T12:32:21.000Z</time>
        <extensions>
          <ns3:TrackPointExtension>
            <ns3:cad>49</ns3:cad>
          </ns3:TrackPointExtension>
        </extensions>
      </trkpt>
      <trkpt lat="68.97477666847407817840576171875" lon="20.36285751499235630035400390625">
        <ele>576.79998779296875</ele>
        <time>2026-08-21T12:32:22.000Z</time>
        <extensions>
          <ns3:TrackPointExtension>
            <ns3:cad>49</ns3:cad>
          </ns3:TrackPointExtension>
        </extensions>
      </trkpt>
      <trkpt lat="68.9747614972293376922607421875" lon="20.36292473785579204559326171875">
        <ele>576.5999755859375</ele>
        <time>2026-08-21T12:32:26.000Z</time>
        <extensions>
          <ns3:TrackPointExtension>
            <ns3:cad>49</ns3:cad>
          </ns3:TrackPointExtension>
        </extensions>
      </trkpt>
      <trkpt lat="68.97475923411548137664794921875" lon="20.362944267690181732177734375">
        <ele>576.5999755859375</ele>
        <time>2026-08-21T12:32:27.000Z</time>
        <extensions>
          <ns3:TrackPointExtension>
            <ns3:cad>49</ns3:cad>
          </ns3:TrackPointExtension>
        </extensions>
      </trkpt>
      <trkpt lat="68.9747407101094722747802734375" lon="20.36309757269918918609619140625">
        <ele>577.5999755859375</ele>
        <time>2026-08-21T12:32:35.000Z</time>
        <extensions>
          <ns3:TrackPointExtension>
            <ns3:cad>45</ns3:cad>
          </ns3:TrackPointExtension>
        </extensions>
      </trkpt>
      <trkpt lat="68.9747360162436962127685546875" lon="20.36311383359134197235107421875">
        <ele>577.79998779296875</ele>
        <time>2026-08-21T12:32:36.000Z</time>
        <extensions>
          <ns3:TrackPointExtension>
            <ns3:cad>0</ns3:cad>
          </ns3:TrackPointExtension>
        </extensions>
      </trkpt>
      <trkpt lat="68.9747249521315097808837890625" lon="20.36318927071988582611083984375">
        <ele>579</ele>
        <time>2026-08-21T12:32:42.000Z</time>
        <extensions>
          <ns3:TrackPointExtension>
            <ns3:cad>0</ns3:cad>
          </ns3:TrackPointExtension>
        </extensions>
      </trkpt>
      <trkpt lat="68.9747085236012935638427734375" lon="20.36328197456896305084228515625">
        <ele>580</ele>
        <time>2026-08-21T12:32:48.000Z</time>
        <extensions>
          <ns3:TrackPointExtension>
            <ns3:cad>77</ns3:cad>
          </ns3:TrackPointExtension>
        </extensions>
      </trkpt>
      <trkpt lat="68.97466845810413360595703125" lon="20.363408960402011871337890625">
        <ele>580</ele>
        <time>2026-08-21T12:32:54.000Z</time>
        <extensions>
          <ns3:TrackPointExtension>
            <ns3:cad>0</ns3:cad>
          </ns3:TrackPointExtension>
        </extensions>
      </trkpt>
      <trkpt lat="68.9746283926069736480712890625" lon="20.36351717077195644378662109375">
        <ele>580.20001220703125</ele>
        <time>2026-08-21T12:33:01.000Z</time>
        <extensions>
          <ns3:TrackPointExtension>
            <ns3:cad>0</ns3:cad>
          </ns3:TrackPointExtension>
        </extensions>
      </trkpt>
      <trkpt lat="68.97458069957792758941650390625" lon="20.3636545501649379730224609375">
        <ele>580.4000244140625</ele>
        <time>2026-08-21T12:33:07.000Z</time>
        <extensions>
          <ns3:TrackPointExtension>
            <ns3:cad>0</ns3:cad>
          </ns3:TrackPointExtension>
        </extensions>
      </trkpt>
      <trkpt lat="68.974540047347545623779296875" lon="20.36375035531818866729736328125">
        <ele>580.20001220703125</ele>
        <time>2026-08-21T12:33:12.000Z</time>
        <extensions>
          <ns3:TrackPointExtension>
            <ns3:cad>0</ns3:cad>
          </ns3:TrackPointExtension>
        </extensions>
      </trkpt>
      <trkpt lat="68.9745076932013034820556640625" lon="20.3638257086277008056640625">
        <ele>580.20001220703125</ele>
        <time>2026-08-21T12:33:17.000Z</time>
        <extensions>
          <ns3:TrackPointExtension>
            <ns3:cad>48</ns3:cad>
          </ns3:TrackPointExtension>
        </extensions>
      </trkpt>
      <trkpt lat="68.97446704097092151641845703125" lon="20.36394146271049976348876953125">
        <ele>580.20001220703125</ele>
        <time>2026-08-21T12:33:23.000Z</time>
        <extensions>
          <ns3:TrackPointExtension>
            <ns3:cad>48</ns3:cad>
          </ns3:TrackPointExtension>
        </extensions>
      </trkpt>
      <trkpt lat="68.97444239817559719085693359375" lon="20.3640263713896274566650390625">
        <ele>580.5999755859375</ele>
        <time>2026-08-21T12:33:28.000Z</time>
        <extensions>
          <ns3:TrackPointExtension>
            <ns3:cad>48</ns3:cad>
          </ns3:TrackPointExtension>
        </extensions>
      </trkpt>
      <trkpt lat="68.97441842593252658843994140625" lon="20.3641531057655811309814453125">
        <ele>580.79998779296875</ele>
        <time>2026-08-21T12:33:33.000Z</time>
        <extensions>
          <ns3:TrackPointExtension>
            <ns3:cad>47</ns3:cad>
          </ns3:TrackPointExtension>
        </extensions>
      </trkpt>
      <trkpt lat="68.974385820329189300537109375" lon="20.36428092978894710540771484375">
        <ele>581</ele>
        <time>2026-08-21T12:33:39.000Z</time>
        <extensions>
          <ns3:TrackPointExtension>
            <ns3:cad>48</ns3:cad>
          </ns3:TrackPointExtension>
        </extensions>
      </trkpt>
      <trkpt lat="68.9743467606604099273681640625" lon="20.36443498916923999786376953125">
        <ele>580.5999755859375</ele>
        <time>2026-08-21T12:33:45.000Z</time>
        <extensions>
          <ns3:TrackPointExtension>
            <ns3:cad>49</ns3:cad>
          </ns3:TrackPointExtension>
        </extensions>
      </trkpt>
      <trkpt lat="68.9743185974657535552978515625" lon="20.36458586342632770538330078125">
        <ele>580.5999755859375</ele>
        <time>2026-08-21T12:33:51.000Z</time>
        <extensions>
          <ns3:TrackPointExtension>
            <ns3:cad>53</ns3:cad>
          </ns3:TrackPointExtension>
        </extensions>
      </trkpt>
      <trkpt lat="68.97430443204939365386962890625" lon="20.364701785147190093994140625">
        <ele>580.5999755859375</ele>
        <time>2026-08-21T12:33:55.000Z</time>
        <extensions>
          <ns3:TrackPointExtension>
            <ns3:cad>48</ns3:cad>
          </ns3:TrackPointExtension>
        </extensions>
      </trkpt>
      <trkpt lat="68.97429722361266613006591796875" lon="20.364813096821308135986328125">
        <ele>580.5999755859375</ele>
        <time>2026-08-21T12:33:59.000Z</time>
        <extensions>
          <ns3:TrackPointExtension>
            <ns3:cad>50</ns3:cad>
          </ns3:TrackPointExtension>
        </extensions>
      </trkpt>
      <trkpt lat="68.97428758442401885986328125" lon="20.36493010818958282470703125">
        <ele>580.4000244140625</ele>
        <time>2026-08-21T12:34:04.000Z</time>
        <extensions>
          <ns3:TrackPointExtension>
            <ns3:cad>50</ns3:cad>
          </ns3:TrackPointExtension>
        </extensions>
      </trkpt>
      <trkpt lat="68.9742542244493961334228515625" lon="20.36508710123598575592041015625">
        <ele>580.4000244140625</ele>
        <time>2026-08-21T12:34:10.000Z</time>
        <extensions>
          <ns3:TrackPointExtension>
            <ns3:cad>48</ns3:cad>
          </ns3:TrackPointExtension>
        </extensions>
      </trkpt>
      <trkpt lat="68.97420988418161869049072265625" lon="20.36523747257888317108154296875">
        <ele>580.4000244140625</ele>
        <time>2026-08-21T12:34:17.000Z</time>
        <extensions>
          <ns3:TrackPointExtension>
            <ns3:cad>48</ns3:cad>
          </ns3:TrackPointExtension>
        </extensions>
      </trkpt>
      <trkpt lat="68.9741566590964794158935546875" lon="20.3654056973755359649658203125">
        <ele>580.4000244140625</ele>
        <time>2026-08-21T12:34:25.000Z</time>
        <extensions>
          <ns3:TrackPointExtension>
            <ns3:cad>48</ns3:cad>
          </ns3:TrackPointExtension>
        </extensions>
      </trkpt>
      <trkpt lat="68.9741248078644275665283203125" lon="20.3655082918703556060791015625">
        <ele>580.20001220703125</ele>
        <time>2026-08-21T12:34:30.000Z</time>
        <extensions>
          <ns3:TrackPointExtension>
            <ns3:cad>48</ns3:cad>
          </ns3:TrackPointExtension>
        </extensions>
      </trkpt>
      <trkpt lat="68.97408935241401195526123046875" lon="20.36563284695148468017578125">
        <ele>579.79998779296875</ele>
        <time>2026-08-21T12:34:36.000Z</time>
        <extensions>
          <ns3:TrackPointExtension>
            <ns3:cad>48</ns3:cad>
          </ns3:TrackPointExtension>
        </extensions>
      </trkpt>
      <trkpt lat="68.97406420670449733734130859375" lon="20.3657448291778564453125">
        <ele>579.5999755859375</ele>
        <time>2026-08-21T12:34:41.000Z</time>
        <extensions>
          <ns3:TrackPointExtension>
            <ns3:cad>48</ns3:cad>
          </ns3:TrackPointExtension>
        </extensions>
      </trkpt>
      <trkpt lat="68.97401760332286357879638671875" lon="20.36587684415280818939208984375">
        <ele>579.5999755859375</ele>
        <time>2026-08-21T12:34:47.000Z</time>
        <extensions>
          <ns3:TrackPointExtension>
            <ns3:cad>49</ns3:cad>
          </ns3:TrackPointExtension>
        </extensions>
      </trkpt>
      <trkpt lat="68.9739762805402278900146484375" lon="20.36600642837584018707275390625">
        <ele>579.5999755859375</ele>
        <time>2026-08-21T12:34:53.000Z</time>
        <extensions>
          <ns3:TrackPointExtension>
            <ns3:cad>49</ns3:cad>
          </ns3:TrackPointExtension>
        </extensions>
      </trkpt>
      <trkpt lat="68.97393881343305110931396484375" lon="20.3661565482616424560546875">
        <ele>579.5999755859375</ele>
        <time>2026-08-21T12:34:59.000Z</time>
        <extensions>
          <ns3:TrackPointExtension>
            <ns3:cad>48</ns3:cad>
          </ns3:TrackPointExtension>
        </extensions>
      </trkpt>
      <trkpt lat="68.97389841265976428985595703125" lon="20.36628655157983303070068359375">
        <ele>579.79998779296875</ele>
        <time>2026-08-21T12:35:05.000Z</time>
        <extensions>
          <ns3:TrackPointExtension>
            <ns3:cad>48</ns3:cad>
          </ns3:TrackPointExtension>
        </extensions>
      </trkpt>
      <trkpt lat="68.973870165646076202392578125" lon="20.3664282895624637603759765625">
        <ele>579.79998779296875</ele>
        <time>2026-08-21T12:35:11.000Z</time>
        <extensions>
          <ns3:TrackPointExtension>
            <ns3:cad>48</ns3:cad>
          </ns3:TrackPointExtension>
        </extensions>
      </trkpt>
      <trkpt lat="68.97383554838597774505615234375" lon="20.3665838576853275299072265625">
        <ele>580.20001220703125</ele>
        <time>2026-08-21T12:35:18.000Z</time>
        <extensions>
          <ns3:TrackPointExtension>
            <ns3:cad>47</ns3:cad>
          </ns3:TrackPointExtension>
        </extensions>
      </trkpt>
      <trkpt lat="68.97378626279532909393310546875" lon="20.36671084351837635040283203125">
        <ele>580</ele>
        <time>2026-08-21T12:35:25.000Z</time>
        <extensions>
          <ns3:TrackPointExtension>
            <ns3:cad>49</ns3:cad>
          </ns3:TrackPointExtension>
        </extensions>
      </trkpt>
      <trkpt lat="68.97375139407813549041748046875" lon="20.36678577773272991180419921875">
        <ele>579.79998779296875</ele>
        <time>2026-08-21T12:35:31.000Z</time>
        <extensions>
          <ns3:TrackPointExtension>
            <ns3:cad>40</ns3:cad>
          </ns3:TrackPointExtension>
        </extensions>
      </trkpt>
      <trkpt lat="68.97375290282070636749267578125" lon="20.3668309561908245086669921875">
        <ele>580</ele>
        <time>2026-08-21T12:35:37.000Z</time>
        <extensions>
          <ns3:TrackPointExtension>
            <ns3:cad>0</ns3:cad>
          </ns3:TrackPointExtension>
        </extensions>
      </trkpt>
      <trkpt lat="68.9737784676253795623779296875" lon="20.36699716933071613311767578125">
        <ele>580.20001220703125</ele>
        <time>2026-08-21T12:35:44.000Z</time>
        <extensions>
          <ns3:TrackPointExtension>
            <ns3:cad>42</ns3:cad>
          </ns3:TrackPointExtension>
        </extensions>
      </trkpt>
      <trkpt lat="68.97380101494491100311279296875" lon="20.367160029709339141845703125">
        <ele>580.79998779296875</ele>
        <time>2026-08-21T12:35:51.000Z</time>
        <extensions>
          <ns3:TrackPointExtension>
            <ns3:cad>43</ns3:cad>
          </ns3:TrackPointExtension>
        </extensions>
      </trkpt>
      <trkpt lat="68.9738334529101848602294921875" lon="20.3672808967530727386474609375">
        <ele>581</ele>
        <time>2026-08-21T12:35:58.000Z</time>
        <extensions>
          <ns3:TrackPointExtension>
            <ns3:cad>47</ns3:cad>
          </ns3:TrackPointExtension>
        </extensions>
      </trkpt>
      <trkpt lat="68.97383705712854862213134765625" lon="20.3673610277473926544189453125">
        <ele>581</ele>
        <time>2026-08-21T12:36:01.000Z</time>
        <extensions>
          <ns3:TrackPointExtension>
            <ns3:cad>51</ns3:cad>
          </ns3:TrackPointExtension>
        </extensions>
      </trkpt>
      <trkpt lat="68.97386287339031696319580078125" lon="20.36743604578077793121337890625">
        <ele>581.5999755859375</ele>
        <time>2026-08-21T12:36:05.000Z</time>
        <extensions>
          <ns3:TrackPointExtension>
            <ns3:cad>45</ns3:cad>
          </ns3:TrackPointExtension>
        </extensions>
      </trkpt>
      <trkpt lat="68.97390461526811122894287109375" lon="20.36758817732334136962890625">
        <ele>582</ele>
        <time>2026-08-21T12:36:13.000Z</time>
        <extensions>
          <ns3:TrackPointExtension>
            <ns3:cad>48</ns3:cad>
          </ns3:TrackPointExtension>
        </extensions>
      </trkpt>
      <trkpt lat="68.97394451312720775604248046875" lon="20.367795042693614959716796875">
        <ele>582.20001220703125</ele>
        <time>2026-08-21T12:36:21.000Z</time>
        <extensions>
          <ns3:TrackPointExtension>
            <ns3:cad>47</ns3:cad>
          </ns3:TrackPointExtension>
        </extensions>
      </trkpt>
      <trkpt lat="68.9739621989428997039794921875" lon="20.36792722530663013458251953125">
        <ele>582.4000244140625</ele>
        <time>2026-08-21T12:36:26.000Z</time>
        <extensions>
          <ns3:TrackPointExtension>
            <ns3:cad>48</ns3:cad>
          </ns3:TrackPointExtension>
        </extensions>
      </trkpt>
      <trkpt lat="68.973982147872447967529296875" lon="20.36810760386288166046142578125">
        <ele>582.5999755859375</ele>
        <time>2026-08-21T12:36:32.000Z</time>
        <extensions>
          <ns3:TrackPointExtension>
            <ns3:cad>48</ns3:cad>
          </ns3:TrackPointExtension>
        </extensions>
      </trkpt>
      <trkpt lat="68.9740057848393917083740234375" lon="20.36827725358307361602783203125">
        <ele>582.79998779296875</ele>
        <time>2026-08-21T12:36:39.000Z</time>
        <extensions>
          <ns3:TrackPointExtension>
            <ns3:cad>49</ns3:cad>
          </ns3:TrackPointExtension>
        </extensions>
      </trkpt>
      <trkpt lat="68.9740334451198577880859375" lon="20.3684761561453342437744140625">
        <ele>583</ele>
        <time>2026-08-21T12:36:47.000Z</time>
        <extensions>
          <ns3:TrackPointExtension>
            <ns3:cad>48</ns3:cad>
          </ns3:TrackPointExtension>
        </extensions>
      </trkpt>
      <trkpt lat="68.97403889335691928863525390625" lon="20.36856475286185741424560546875">
        <ele>583</ele>
        <time>2026-08-21T12:36:50.000Z</time>
        <extensions>
          <ns3:TrackPointExtension>
            <ns3:cad>48</ns3:cad>
          </ns3:TrackPointExtension>
        </extensions>
      </trkpt>
      <trkpt lat="68.974056243896484375" lon="20.36860599182546138763427734375">
        <ele>583.20001220703125</ele>
        <time>2026-08-21T12:36:53.000Z</time>
        <extensions>
          <ns3:TrackPointExtension>
            <ns3:cad>47</ns3:cad>
          </ns3:TrackPointExtension>
        </extensions>
      </trkpt>
      <trkpt lat="68.9741100557148456573486328125" lon="20.36866650916635990142822265625">
        <ele>583.20001220703125</ele>
        <time>2026-08-21T12:36:59.000Z</time>
        <extensions>
          <ns3:TrackPointExtension>
            <ns3:cad>47</ns3:cad>
          </ns3:TrackPointExtension>
        </extensions>
      </trkpt>
      <trkpt lat="68.9741201139986515045166015625" lon="20.36866198293864727020263671875">
        <ele>583.20001220703125</ele>
        <time>2026-08-21T12:37:00.000Z</time>
        <extensions>
          <ns3:TrackPointExtension>
            <ns3:cad>47</ns3:cad>
          </ns3:TrackPointExtension>
        </extensions>
      </trkpt>
      <trkpt lat="68.97417602129280567169189453125" lon="20.3686639107763767242431640625">
        <ele>583.5999755859375</ele>
        <time>2026-08-21T12:37:07.000Z</time>
        <extensions>
          <ns3:TrackPointExtension>
            <ns3:cad>0</ns3:cad>
          </ns3:TrackPointExtension>
        </extensions>
      </trkpt>
      <trkpt lat="68.97417266853153705596923828125" lon="20.36866064183413982391357421875">
        <ele>583.5999755859375</ele>
        <time>2026-08-21T12:37:08.000Z</time>
        <extensions>
          <ns3:TrackPointExtension>
            <ns3:cad>0</ns3:cad>
          </ns3:TrackPointExtension>
        </extensions>
      </trkpt>
      <trkpt lat="68.9741435833275318145751953125" lon="20.36869567818939685821533203125">
        <ele>583.79998779296875</ele>
        <time>2026-08-21T12:37:15.000Z</time>
        <extensions>
          <ns3:TrackPointExtension>
            <ns3:cad>0</ns3:cad>
          </ns3:TrackPointExtension>
        </extensions>
      </trkpt>
      <trkpt lat="68.9741479419171810150146484375" lon="20.3686622343957424163818359375">
        <ele>583.5999755859375</ele>
        <time>2026-08-21T12:37:21.000Z</time>
        <extensions>
          <ns3:TrackPointExtension>
            <ns3:cad>0</ns3:cad>
          </ns3:TrackPointExtension>
        </extensions>
      </trkpt>
      <trkpt lat="68.9741536416113376617431640625" lon="20.3686697781085968017578125">
        <ele>583.4000244140625</ele>
        <time>2026-08-21T12:37:28.000Z</time>
        <extensions>
          <ns3:TrackPointExtension>
            <ns3:cad>0</ns3:cad>
          </ns3:TrackPointExtension>
        </extensions>
      </trkpt>
      <trkpt lat="68.97415339015424251556396484375" lon="20.36866064183413982391357421875">
        <ele>583.4000244140625</ele>
        <time>2026-08-21T12:37:30.000Z</time>
        <extensions>
          <ns3:TrackPointExtension>
            <ns3:cad>0</ns3:cad>
          </ns3:TrackPointExtension>
        </extensions>
      </trkpt>
      <trkpt lat="68.97387879900634288787841796875" lon="20.36717218346893787384033203125">
        <ele>581.5999755859375</ele>
        <time>2026-08-21T13:21:20.000Z</time>
        <extensions>
          <ns3:TrackPointExtension>
            <ns3:cad>48</ns3:cad>
          </ns3:TrackPointExtension>
        </extensions>
      </trkpt>
      <trkpt lat="68.9737920463085174560546875" lon="20.3671099059283733367919921875">
        <ele>581.5999755859375</ele>
        <time>2026-08-21T13:21:22.000Z</time>
        <extensions>
          <ns3:TrackPointExtension>
            <ns3:cad>47</ns3:cad>
          </ns3:TrackPointExtension>
        </extensions>
      </trkpt>
      <trkpt lat="68.97379137575626373291015625" lon="20.3670016117393970489501953125">
        <ele>581.4000244140625</ele>
        <time>2026-08-21T13:21:28.000Z</time>
        <extensions>
          <ns3:TrackPointExtension>
            <ns3:cad>49</ns3:cad>
          </ns3:TrackPointExtension>
        </extensions>
      </trkpt>
      <trkpt lat="68.9737794734537601470947265625" lon="20.36688066087663173675537109375">
        <ele>580.79998779296875</ele>
        <time>2026-08-21T13:21:33.000Z</time>
        <extensions>
          <ns3:TrackPointExtension>
            <ns3:cad>0</ns3:cad>
          </ns3:TrackPointExtension>
        </extensions>
      </trkpt>
      <trkpt lat="68.9737724326550960540771484375" lon="20.36686004139482975006103515625">
        <ele>580.79998779296875</ele>
        <time>2026-08-21T13:21:34.000Z</time>
        <extensions>
          <ns3:TrackPointExtension>
            <ns3:cad>0</ns3:cad>
          </ns3:TrackPointExtension>
        </extensions>
      </trkpt>
      <trkpt lat="68.97374385036528110504150390625" lon="20.36673263646662235260009765625">
        <ele>580.20001220703125</ele>
        <time>2026-08-21T13:21:40.000Z</time>
        <extensions>
          <ns3:TrackPointExtension>
            <ns3:cad>64</ns3:cad>
          </ns3:TrackPointExtension>
        </extensions>
      </trkpt>
      <trkpt lat="68.9737097360193729400634765625" lon="20.36666256375610828399658203125">
        <ele>580</ele>
        <time>2026-08-21T13:21:47.000Z</time>
        <extensions>
          <ns3:TrackPointExtension>
            <ns3:cad>0</ns3:cad>
          </ns3:TrackPointExtension>
        </extensions>
      </trkpt>
      <trkpt lat="68.973685093224048614501953125" lon="20.36658159457147121429443359375">
        <ele>579.79998779296875</ele>
        <time>2026-08-21T13:21:51.000Z</time>
        <extensions>
          <ns3:TrackPointExtension>
            <ns3:cad>0</ns3:cad>
          </ns3:TrackPointExtension>
        </extensions>
      </trkpt>
      <trkpt lat="68.9736688323318958282470703125" lon="20.3665013797581195831298828125">
        <ele>579.5999755859375</ele>
        <time>2026-08-21T13:21:54.000Z</time>
        <extensions>
          <ns3:TrackPointExtension>
            <ns3:cad>0</ns3:cad>
          </ns3:TrackPointExtension>
        </extensions>
      </trkpt>
      <trkpt lat="68.9736252464354038238525390625" lon="20.36631672643125057220458984375">
        <ele>579.20001220703125</ele>
        <time>2026-08-21T13:22:02.000Z</time>
        <extensions>
          <ns3:TrackPointExtension>
            <ns3:cad>45</ns3:cad>
          </ns3:TrackPointExtension>
        </extensions>
      </trkpt>
      <trkpt lat="68.9735980890691280364990234375" lon="20.366215892136096954345703125">
        <ele>579.20001220703125</ele>
        <time>2026-08-21T13:22:07.000Z</time>
        <extensions>
          <ns3:TrackPointExtension>
            <ns3:cad>0</ns3:cad>
          </ns3:TrackPointExtension>
        </extensions>
      </trkpt>
      <trkpt lat="68.97359632886946201324462890625" lon="20.36615051329135894775390625">
        <ele>579.20001220703125</ele>
        <time>2026-08-21T13:22:09.000Z</time>
        <extensions>
          <ns3:TrackPointExtension>
            <ns3:cad>48</ns3:cad>
          </ns3:TrackPointExtension>
        </extensions>
      </trkpt>
      <trkpt lat="68.97357772104442119598388671875" lon="20.366056300699710845947265625">
        <ele>579.20001220703125</ele>
        <time>2026-08-21T13:22:13.000Z</time>
        <extensions>
          <ns3:TrackPointExtension>
            <ns3:cad>48</ns3:cad>
          </ns3:TrackPointExtension>
        </extensions>
      </trkpt>
      <trkpt lat="68.97353564389050006866455078125" lon="20.3659817017614841461181640625">
        <ele>579.4000244140625</ele>
        <time>2026-08-21T13:22:18.000Z</time>
        <extensions>
          <ns3:TrackPointExtension>
            <ns3:cad>48</ns3:cad>
          </ns3:TrackPointExtension>
        </extensions>
      </trkpt>
      <trkpt lat="68.9735256694257259368896484375" lon="20.3659729845821857452392578125">
        <ele>579.4000244140625</ele>
        <time>2026-08-21T13:22:19.000Z</time>
        <extensions>
          <ns3:TrackPointExtension>
            <ns3:cad>48</ns3:cad>
          </ns3:TrackPointExtension>
        </extensions>
      </trkpt>
      <trkpt lat="68.9734626375138759613037109375" lon="20.36595429293811321258544921875">
        <ele>579.5999755859375</ele>
        <time>2026-08-21T13:22:25.000Z</time>
        <extensions>
          <ns3:TrackPointExtension>
            <ns3:cad>0</ns3:cad>
          </ns3:TrackPointExtension>
        </extensions>
      </trkpt>
      <trkpt lat="68.9733888767659664154052734375" lon="20.3659226931631565093994140625">
        <ele>579.79998779296875</ele>
        <time>2026-08-21T13:22:32.000Z</time>
        <extensions>
          <ns3:TrackPointExtension>
            <ns3:cad>0</ns3:cad>
          </ns3:TrackPointExtension>
        </extensions>
      </trkpt>
      <trkpt lat="68.97332810796797275543212890625" lon="20.36585412919521331787109375">
        <ele>579.5999755859375</ele>
        <time>2026-08-21T13:22:38.000Z</time>
        <extensions>
          <ns3:TrackPointExtension>
            <ns3:cad>47</ns3:cad>
          </ns3:TrackPointExtension>
        </extensions>
      </trkpt>
      <trkpt lat="68.97328284569084644317626953125" lon="20.3657547198235988616943359375">
        <ele>579.5999755859375</ele>
        <time>2026-08-21T13:22:44.000Z</time>
        <extensions>
          <ns3:TrackPointExtension>
            <ns3:cad>0</ns3:cad>
          </ns3:TrackPointExtension>
        </extensions>
      </trkpt>
      <trkpt lat="68.97326038219034671783447265625" lon="20.36566696129739284515380859375">
        <ele>579.4000244140625</ele>
        <time>2026-08-21T13:22:48.000Z</time>
        <extensions>
          <ns3:TrackPointExtension>
            <ns3:cad>0</ns3:cad>
          </ns3:TrackPointExtension>
        </extensions>
      </trkpt>
      <trkpt lat="68.9732621423900127410888671875" lon="20.36563410423696041107177734375">
        <ele>579.4000244140625</ele>
        <time>2026-08-21T13:22:49.000Z</time>
        <extensions>
          <ns3:TrackPointExtension>
            <ns3:cad>0</ns3:cad>
          </ns3:TrackPointExtension>
        </extensions>
      </trkpt>
      <trkpt lat="68.97326968610286712646484375" lon="20.3655481897294521331787109375">
        <ele>579</ele>
        <time>2026-08-21T13:22:53.000Z</time>
        <extensions>
          <ns3:TrackPointExtension>
            <ns3:cad>0</ns3:cad>
          </ns3:TrackPointExtension>
        </extensions>
      </trkpt>
      <trkpt lat="68.9732946641743183135986328125" lon="20.36547836847603321075439453125">
        <ele>579</ele>
        <time>2026-08-21T13:23:00.000Z</time>
        <extensions>
          <ns3:TrackPointExtension>
            <ns3:cad>0</ns3:cad>
          </ns3:TrackPointExtension>
        </extensions>
      </trkpt>
      <trkpt lat="68.97329424507915973663330078125" lon="20.36547484807670116424560546875">
        <ele>578.79998779296875</ele>
        <time>2026-08-21T13:23:06.000Z</time>
        <extensions>
          <ns3:TrackPointExtension>
            <ns3:cad>0</ns3:cad>
          </ns3:TrackPointExtension>
        </extensions>
      </trkpt>
    </trkseg>
  </trk>
</gpx>
