<?xml version="1.0" encoding="UTF-8"?>
<gpx creator="Garmin Connect" version="1.1"
  xsi:schemaLocation="http://www.topografix.com/GPX/1/1 http://www.topografix.com/GPX/11.xsd"
  xmlns:ns3="http://www.garmin.com/xmlschemas/TrackPointExtension/v1"
  xmlns="http://www.topografix.com/GPX/1/1"
  xmlns:xsi="http://www.w3.org/2001/XMLSchema-instance" xmlns:ns2="http://www.garmin.com/xmlschemas/GpxExtensions/v3">
  <metadata>
    <link href="connect.garmin.com">
      <text>Garmin Connect</text>
    </link>
    <time>2026-08-21T15:08:24.000Z</time>
  </metadata>
  <trk>
    <name>Kiruna Hiking</name>
    <type>hiking</type>
    <trkseg>
      <trkpt lat="68.97165960632264614105224609375" lon="20.370912440121173858642578125">
        <ele>576</ele>
        <time>2026-08-21T15:08:32.000Z</time>
        <extensions>
          <ns3:TrackPointExtension>
            <ns3:cad>0</ns3:cad>
          </ns3:TrackPointExtension>
        </extensions>
      </trkpt>
      <trkpt lat="68.97163462825119495391845703125" lon="20.37090129218995571136474609375">
        <ele>575.79998779296875</ele>
        <time>2026-08-21T15:08:36.000Z</time>
        <extensions>
          <ns3:TrackPointExtension>
            <ns3:cad>0</ns3:cad>
          </ns3:TrackPointExtension>
        </extensions>
      </trkpt>
      <trkpt lat="68.97158366627991199493408203125" lon="20.37096918560564517974853515625">
        <ele>576.20001220703125</ele>
        <time>2026-08-21T15:08:43.000Z</time>
        <extensions>
          <ns3:TrackPointExtension>
            <ns3:cad>40</ns3:cad>
          </ns3:TrackPointExtension>
        </extensions>
      </trkpt>
      <trkpt lat="68.97157612256705760955810546875" lon="20.3709907270967960357666015625">
        <ele>576.20001220703125</ele>
        <time>2026-08-21T15:08:44.000Z</time>
        <extensions>
          <ns3:TrackPointExtension>
            <ns3:cad>40</ns3:cad>
          </ns3:TrackPointExtension>
        </extensions>
      </trkpt>
      <trkpt lat="68.971542008221149444580078125" lon="20.3710048086941242218017578125">
        <ele>576.4000244140625</ele>
        <time>2026-08-21T15:08:48.000Z</time>
        <extensions>
          <ns3:TrackPointExtension>
            <ns3:cad>47</ns3:cad>
          </ns3:TrackPointExtension>
        </extensions>
      </trkpt>
      <trkpt lat="68.9714979194104671478271484375" lon="20.37109524942934513092041015625">
        <ele>576.20001220703125</ele>
        <time>2026-08-21T15:08:53.000Z</time>
        <extensions>
          <ns3:TrackPointExtension>
            <ns3:cad>46</ns3:cad>
          </ns3:TrackPointExtension>
        </extensions>
      </trkpt>
      <trkpt lat="68.97144134156405925750732421875" lon="20.371181331574916839599609375">
        <ele>576.4000244140625</ele>
        <time>2026-08-21T15:08:59.000Z</time>
        <extensions>
          <ns3:TrackPointExtension>
            <ns3:cad>47</ns3:cad>
          </ns3:TrackPointExtension>
        </extensions>
      </trkpt>
      <trkpt lat="68.9713735319674015045166015625" lon="20.37117697298526763916015625">
        <ele>576.4000244140625</ele>
        <time>2026-08-21T15:09:06.000Z</time>
        <extensions>
          <ns3:TrackPointExtension>
            <ns3:cad>47</ns3:cad>
          </ns3:TrackPointExtension>
        </extensions>
      </trkpt>
      <trkpt lat="68.9713566005229949951171875" lon="20.37119633518159389495849609375">
        <ele>576.4000244140625</ele>
        <time>2026-08-21T15:09:08.000Z</time>
        <extensions>
          <ns3:TrackPointExtension>
            <ns3:cad>47</ns3:cad>
          </ns3:TrackPointExtension>
        </extensions>
      </trkpt>
      <trkpt lat="68.9713212288916110992431640625" lon="20.3712224029004573822021484375">
        <ele>576.4000244140625</ele>
        <time>2026-08-21T15:09:11.000Z</time>
        <extensions>
          <ns3:TrackPointExtension>
            <ns3:cad>48</ns3:cad>
          </ns3:TrackPointExtension>
        </extensions>
      </trkpt>
      <trkpt lat="68.97128443233668804168701171875" lon="20.37131971679627895355224609375">
        <ele>576.4000244140625</ele>
        <time>2026-08-21T15:09:17.000Z</time>
        <extensions>
          <ns3:TrackPointExtension>
            <ns3:cad>49</ns3:cad>
          </ns3:TrackPointExtension>
        </extensions>
      </trkpt>
      <trkpt lat="68.97128476761281490325927734375" lon="20.37135525606572628021240234375">
        <ele>576.4000244140625</ele>
        <time>2026-08-21T15:09:18.000Z</time>
        <extensions>
          <ns3:TrackPointExtension>
            <ns3:cad>49</ns3:cad>
          </ns3:TrackPointExtension>
        </extensions>
      </trkpt>
      <trkpt lat="68.97128191776573657989501953125" lon="20.37146371789276599884033203125">
        <ele>576.4000244140625</ele>
        <time>2026-08-21T15:09:23.000Z</time>
        <extensions>
          <ns3:TrackPointExtension>
            <ns3:cad>44</ns3:cad>
          </ns3:TrackPointExtension>
        </extensions>
      </trkpt>
      <trkpt lat="68.97126213647425174713134765625" lon="20.37159933708608150482177734375">
        <ele>576.4000244140625</ele>
        <time>2026-08-21T15:09:28.000Z</time>
        <extensions>
          <ns3:TrackPointExtension>
            <ns3:cad>0</ns3:cad>
          </ns3:TrackPointExtension>
        </extensions>
      </trkpt>
      <trkpt lat="68.97121000103652477264404296875" lon="20.3716958127915859222412109375">
        <ele>577</ele>
        <time>2026-08-21T15:09:35.000Z</time>
        <extensions>
          <ns3:TrackPointExtension>
            <ns3:cad>45</ns3:cad>
          </ns3:TrackPointExtension>
        </extensions>
      </trkpt>
      <trkpt lat="68.97114227525889873504638671875" lon="20.3717811405658721923828125">
        <ele>577.5999755859375</ele>
        <time>2026-08-21T15:09:41.000Z</time>
        <extensions>
          <ns3:TrackPointExtension>
            <ns3:cad>48</ns3:cad>
          </ns3:TrackPointExtension>
        </extensions>
      </trkpt>
      <trkpt lat="68.971104808151721954345703125" lon="20.37183604203164577484130859375">
        <ele>577.20001220703125</ele>
        <time>2026-08-21T15:09:47.000Z</time>
        <extensions>
          <ns3:TrackPointExtension>
            <ns3:cad>46</ns3:cad>
          </ns3:TrackPointExtension>
        </extensions>
      </trkpt>
      <trkpt lat="68.9710929058492183685302734375" lon="20.37186588160693645477294921875">
        <ele>576.79998779296875</ele>
        <time>2026-08-21T15:09:49.000Z</time>
        <extensions>
          <ns3:TrackPointExtension>
            <ns3:cad>46</ns3:cad>
          </ns3:TrackPointExtension>
        </extensions>
      </trkpt>
      <trkpt lat="68.97106113843619823455810546875" lon="20.371941067278385162353515625">
        <ele>575.79998779296875</ele>
        <time>2026-08-21T15:09:53.000Z</time>
        <extensions>
          <ns3:TrackPointExtension>
            <ns3:cad>53</ns3:cad>
          </ns3:TrackPointExtension>
        </extensions>
      </trkpt>
      <trkpt lat="68.97105778567492961883544921875" lon="20.37192036397755146026611328125">
        <ele>575.5999755859375</ele>
        <time>2026-08-21T15:09:54.000Z</time>
        <extensions>
          <ns3:TrackPointExtension>
            <ns3:cad>0</ns3:cad>
          </ns3:TrackPointExtension>
        </extensions>
      </trkpt>
      <trkpt lat="68.971041776239871978759765625" lon="20.37188784219324588775634765625">
        <ele>575.4000244140625</ele>
        <time>2026-08-21T15:09:55.000Z</time>
        <extensions>
          <ns3:TrackPointExtension>
            <ns3:cad>0</ns3:cad>
          </ns3:TrackPointExtension>
        </extensions>
      </trkpt>
      <trkpt lat="68.97102274931967258453369140625" lon="20.37188507616519927978515625">
        <ele>575.20001220703125</ele>
        <time>2026-08-21T15:09:58.000Z</time>
        <extensions>
          <ns3:TrackPointExtension>
            <ns3:cad>0</ns3:cad>
          </ns3:TrackPointExtension>
        </extensions>
      </trkpt>
      <trkpt lat="68.9709909819066524505615234375" lon="20.37199110724031925201416015625">
        <ele>575.5999755859375</ele>
        <time>2026-08-21T15:10:04.000Z</time>
        <extensions>
          <ns3:TrackPointExtension>
            <ns3:cad>0</ns3:cad>
          </ns3:TrackPointExtension>
        </extensions>
      </trkpt>
      <trkpt lat="68.97097866050899028778076171875" lon="20.372006781399250030517578125">
        <ele>575.79998779296875</ele>
        <time>2026-08-21T15:10:06.000Z</time>
        <extensions>
          <ns3:TrackPointExtension>
            <ns3:cad>41</ns3:cad>
          </ns3:TrackPointExtension>
        </extensions>
      </trkpt>
      <trkpt lat="68.97095519118010997772216796875" lon="20.37206335924565792083740234375">
        <ele>576.20001220703125</ele>
        <time>2026-08-21T15:10:10.000Z</time>
        <extensions>
          <ns3:TrackPointExtension>
            <ns3:cad>75</ns3:cad>
          </ns3:TrackPointExtension>
        </extensions>
      </trkpt>
      <trkpt lat="68.97089735604822635650634765625" lon="20.372167043387889862060546875">
        <ele>576.5999755859375</ele>
        <time>2026-08-21T15:10:18.000Z</time>
        <extensions>
          <ns3:TrackPointExtension>
            <ns3:cad>42</ns3:cad>
          </ns3:TrackPointExtension>
        </extensions>
      </trkpt>
      <trkpt lat="68.97082577459514141082763671875" lon="20.3722128085792064666748046875">
        <ele>576.4000244140625</ele>
        <time>2026-08-21T15:10:25.000Z</time>
        <extensions>
          <ns3:TrackPointExtension>
            <ns3:cad>45</ns3:cad>
          </ns3:TrackPointExtension>
        </extensions>
      </trkpt>
      <trkpt lat="68.97076693363487720489501953125" lon="20.37227307446300983428955078125">
        <ele>576.20001220703125</ele>
        <time>2026-08-21T15:10:31.000Z</time>
        <extensions>
          <ns3:TrackPointExtension>
            <ns3:cad>46</ns3:cad>
          </ns3:TrackPointExtension>
        </extensions>
      </trkpt>
      <trkpt lat="68.97071479819715023040771484375" lon="20.3723551332950592041015625">
        <ele>576.20001220703125</ele>
        <time>2026-08-21T15:10:37.000Z</time>
        <extensions>
          <ns3:TrackPointExtension>
            <ns3:cad>48</ns3:cad>
          </ns3:TrackPointExtension>
        </extensions>
      </trkpt>
      <trkpt lat="68.97068269550800323486328125" lon="20.37232629954814910888671875">
        <ele>576.4000244140625</ele>
        <time>2026-08-21T15:10:43.000Z</time>
        <extensions>
          <ns3:TrackPointExtension>
            <ns3:cad>0</ns3:cad>
          </ns3:TrackPointExtension>
        </extensions>
      </trkpt>
      <trkpt lat="68.97066182456910610198974609375" lon="20.37234582938253879547119140625">
        <ele>576.20001220703125</ele>
        <time>2026-08-21T15:10:48.000Z</time>
        <extensions>
          <ns3:TrackPointExtension>
            <ns3:cad>0</ns3:cad>
          </ns3:TrackPointExtension>
        </extensions>
      </trkpt>
      <trkpt lat="68.97061170078814029693603515625" lon="20.372321605682373046875">
        <ele>575.4000244140625</ele>
        <time>2026-08-21T15:10:54.000Z</time>
        <extensions>
          <ns3:TrackPointExtension>
            <ns3:cad>43</ns3:cad>
          </ns3:TrackPointExtension>
        </extensions>
      </trkpt>
      <trkpt lat="68.9705494232475757598876953125" lon="20.37231850437819957733154296875">
        <ele>575</ele>
        <time>2026-08-21T15:11:02.000Z</time>
        <extensions>
          <ns3:TrackPointExtension>
            <ns3:cad>0</ns3:cad>
          </ns3:TrackPointExtension>
        </extensions>
      </trkpt>
      <trkpt lat="68.9705085195600986480712890625" lon="20.37230257876217365264892578125">
        <ele>574.79998779296875</ele>
        <time>2026-08-21T15:11:08.000Z</time>
        <extensions>
          <ns3:TrackPointExtension>
            <ns3:cad>0</ns3:cad>
          </ns3:TrackPointExtension>
        </extensions>
      </trkpt>
      <trkpt lat="68.970499970018863677978515625" lon="20.37230475805699825286865234375">
        <ele>574.79998779296875</ele>
        <time>2026-08-21T15:11:09.000Z</time>
        <extensions>
          <ns3:TrackPointExtension>
            <ns3:cad>0</ns3:cad>
          </ns3:TrackPointExtension>
        </extensions>
      </trkpt>
      <trkpt lat="68.97046216763556003570556640625" lon="20.37232973612844944000244140625">
        <ele>574.20001220703125</ele>
        <time>2026-08-21T15:11:15.000Z</time>
        <extensions>
          <ns3:TrackPointExtension>
            <ns3:cad>0</ns3:cad>
          </ns3:TrackPointExtension>
        </extensions>
      </trkpt>
      <trkpt lat="68.97043249569833278656005859375" lon="20.37238220684230327606201171875">
        <ele>573.79998779296875</ele>
        <time>2026-08-21T15:11:19.000Z</time>
        <extensions>
          <ns3:TrackPointExtension>
            <ns3:cad>0</ns3:cad>
          </ns3:TrackPointExtension>
        </extensions>
      </trkpt>
      <trkpt lat="68.97042646072804927825927734375" lon="20.3723623417317867279052734375">
        <ele>573.5999755859375</ele>
        <time>2026-08-21T15:11:20.000Z</time>
        <extensions>
          <ns3:TrackPointExtension>
            <ns3:cad>0</ns3:cad>
          </ns3:TrackPointExtension>
        </extensions>
      </trkpt>
      <trkpt lat="68.970394022762775421142578125" lon="20.372332669794559478759765625">
        <ele>573.4000244140625</ele>
        <time>2026-08-21T15:11:24.000Z</time>
        <extensions>
          <ns3:TrackPointExtension>
            <ns3:cad>0</ns3:cad>
          </ns3:TrackPointExtension>
        </extensions>
      </trkpt>
      <trkpt lat="68.97032755427062511444091796875" lon="20.3723707236349582672119140625">
        <ele>573.20001220703125</ele>
        <time>2026-08-21T15:11:31.000Z</time>
        <extensions>
          <ns3:TrackPointExtension>
            <ns3:cad>0</ns3:cad>
          </ns3:TrackPointExtension>
        </extensions>
      </trkpt>
      <trkpt lat="68.97026737220585346221923828125" lon="20.3723864816129207611083984375">
        <ele>573.5999755859375</ele>
        <time>2026-08-21T15:11:38.000Z</time>
        <extensions>
          <ns3:TrackPointExtension>
            <ns3:cad>43</ns3:cad>
          </ns3:TrackPointExtension>
        </extensions>
      </trkpt>
      <trkpt lat="68.97019830532371997833251953125" lon="20.37241439335048198699951171875">
        <ele>573.79998779296875</ele>
        <time>2026-08-21T15:11:45.000Z</time>
        <extensions>
          <ns3:TrackPointExtension>
            <ns3:cad>45</ns3:cad>
          </ns3:TrackPointExtension>
        </extensions>
      </trkpt>
      <trkpt lat="68.97013686597347259521484375" lon="20.372394360601902008056640625">
        <ele>573.79998779296875</ele>
        <time>2026-08-21T15:11:51.000Z</time>
        <extensions>
          <ns3:TrackPointExtension>
            <ns3:cad>50</ns3:cad>
          </ns3:TrackPointExtension>
        </extensions>
      </trkpt>
      <trkpt lat="68.97009235806763172149658203125" lon="20.37238455377519130706787109375">
        <ele>573.79998779296875</ele>
        <time>2026-08-21T15:11:56.000Z</time>
        <extensions>
          <ns3:TrackPointExtension>
            <ns3:cad>47</ns3:cad>
          </ns3:TrackPointExtension>
        </extensions>
      </trkpt>
      <trkpt lat="68.970043659210205078125" lon="20.37230676971375942230224609375">
        <ele>574.20001220703125</ele>
        <time>2026-08-21T15:12:01.000Z</time>
        <extensions>
          <ns3:TrackPointExtension>
            <ns3:cad>43</ns3:cad>
          </ns3:TrackPointExtension>
        </extensions>
      </trkpt>
      <trkpt lat="68.97001155652105808258056640625" lon="20.372265279293060302734375">
        <ele>574.79998779296875</ele>
        <time>2026-08-21T15:12:04.000Z</time>
        <extensions>
          <ns3:TrackPointExtension>
            <ns3:cad>44</ns3:cad>
          </ns3:TrackPointExtension>
        </extensions>
      </trkpt>
      <trkpt lat="68.96998959593474864959716796875" lon="20.37224105559289455413818359375">
        <ele>575</ele>
        <time>2026-08-21T15:12:06.000Z</time>
        <extensions>
          <ns3:TrackPointExtension>
            <ns3:cad>46</ns3:cad>
          </ns3:TrackPointExtension>
        </extensions>
      </trkpt>
      <trkpt lat="68.96994106471538543701171875" lon="20.37220316939055919647216796875">
        <ele>575.79998779296875</ele>
        <time>2026-08-21T15:12:11.000Z</time>
        <extensions>
          <ns3:TrackPointExtension>
            <ns3:cad>45</ns3:cad>
          </ns3:TrackPointExtension>
        </extensions>
      </trkpt>
      <trkpt lat="68.9699338562786579132080078125" lon="20.37219881080090999603271484375">
        <ele>576</ele>
        <time>2026-08-21T15:12:12.000Z</time>
        <extensions>
          <ns3:TrackPointExtension>
            <ns3:cad>45</ns3:cad>
          </ns3:TrackPointExtension>
        </extensions>
      </trkpt>
      <trkpt lat="68.96988071501255035400390625" lon="20.372224710881710052490234375">
        <ele>576</ele>
        <time>2026-08-21T15:12:17.000Z</time>
        <extensions>
          <ns3:TrackPointExtension>
            <ns3:cad>45</ns3:cad>
          </ns3:TrackPointExtension>
        </extensions>
      </trkpt>
      <trkpt lat="68.9698557369410991668701171875" lon="20.37216444499790668487548828125">
        <ele>576.5999755859375</ele>
        <time>2026-08-21T15:12:21.000Z</time>
        <extensions>
          <ns3:TrackPointExtension>
            <ns3:cad>44</ns3:cad>
          </ns3:TrackPointExtension>
        </extensions>
      </trkpt>
      <trkpt lat="68.9698299206793308258056640625" lon="20.37213385105133056640625">
        <ele>576.5999755859375</ele>
        <time>2026-08-21T15:12:23.000Z</time>
        <extensions>
          <ns3:TrackPointExtension>
            <ns3:cad>47</ns3:cad>
          </ns3:TrackPointExtension>
        </extensions>
      </trkpt>
      <trkpt lat="68.969769738614559173583984375" lon="20.3721112199127674102783203125">
        <ele>576.20001220703125</ele>
        <time>2026-08-21T15:12:28.000Z</time>
        <extensions>
          <ns3:TrackPointExtension>
            <ns3:cad>46</ns3:cad>
          </ns3:TrackPointExtension>
        </extensions>
      </trkpt>
      <trkpt lat="68.9697689004242420196533203125" lon="20.37211096845567226409912109375">
        <ele>576.20001220703125</ele>
        <time>2026-08-21T15:12:32.000Z</time>
        <extensions>
          <ns3:TrackPointExtension>
            <ns3:cad>0</ns3:cad>
          </ns3:TrackPointExtension>
        </extensions>
      </trkpt>
      <trkpt lat="68.96977233700454235076904296875" lon="20.3721108846366405487060546875">
        <ele>576.20001220703125</ele>
        <time>2026-08-21T15:12:33.000Z</time>
        <extensions>
          <ns3:TrackPointExtension>
            <ns3:cad>0</ns3:cad>
          </ns3:TrackPointExtension>
        </extensions>
      </trkpt>
      <trkpt lat="68.9697675593197345733642578125" lon="20.37211633287370204925537109375">
        <ele>576</ele>
        <time>2026-08-21T15:12:34.000Z</time>
        <extensions>
          <ns3:TrackPointExtension>
            <ns3:cad>0</ns3:cad>
          </ns3:TrackPointExtension>
        </extensions>
      </trkpt>
      <trkpt lat="68.96972590126097202301025390625" lon="20.3721196018159389495849609375">
        <ele>576.20001220703125</ele>
        <time>2026-08-21T15:12:38.000Z</time>
        <extensions>
          <ns3:TrackPointExtension>
            <ns3:cad>0</ns3:cad>
          </ns3:TrackPointExtension>
        </extensions>
      </trkpt>
      <trkpt lat="68.96966077387332916259765625" lon="20.37214265204966068267822265625">
        <ele>576</ele>
        <time>2026-08-21T15:12:43.000Z</time>
        <extensions>
          <ns3:TrackPointExtension>
            <ns3:cad>43</ns3:cad>
          </ns3:TrackPointExtension>
        </extensions>
      </trkpt>
      <trkpt lat="68.96963261067867279052734375" lon="20.37211482413113117218017578125">
        <ele>576.4000244140625</ele>
        <time>2026-08-21T15:12:47.000Z</time>
        <extensions>
          <ns3:TrackPointExtension>
            <ns3:cad>0</ns3:cad>
          </ns3:TrackPointExtension>
        </extensions>
      </trkpt>
      <trkpt lat="68.96955926902592182159423828125" lon="20.372157655656337738037109375">
        <ele>576.79998779296875</ele>
        <time>2026-08-21T15:12:54.000Z</time>
        <extensions>
          <ns3:TrackPointExtension>
            <ns3:cad>45</ns3:cad>
          </ns3:TrackPointExtension>
        </extensions>
      </trkpt>
      <trkpt lat="68.96947042085230350494384765625" lon="20.37219529040157794952392578125">
        <ele>576.79998779296875</ele>
        <time>2026-08-21T15:13:01.000Z</time>
        <extensions>
          <ns3:TrackPointExtension>
            <ns3:cad>47</ns3:cad>
          </ns3:TrackPointExtension>
        </extensions>
      </trkpt>
      <trkpt lat="68.96941677667200565338134765625" lon="20.37220895290374755859375">
        <ele>577</ele>
        <time>2026-08-21T15:13:06.000Z</time>
        <extensions>
          <ns3:TrackPointExtension>
            <ns3:cad>47</ns3:cad>
          </ns3:TrackPointExtension>
        </extensions>
      </trkpt>
      <trkpt lat="68.9694021083414554595947265625" lon="20.37219847552478313446044921875">
        <ele>577</ele>
        <time>2026-08-21T15:13:08.000Z</time>
        <extensions>
          <ns3:TrackPointExtension>
            <ns3:cad>46</ns3:cad>
          </ns3:TrackPointExtension>
        </extensions>
      </trkpt>
      <trkpt lat="68.96936061792075634002685546875" lon="20.37217936478555202484130859375">
        <ele>577.20001220703125</ele>
        <time>2026-08-21T15:13:12.000Z</time>
        <extensions>
          <ns3:TrackPointExtension>
            <ns3:cad>45</ns3:cad>
          </ns3:TrackPointExtension>
        </extensions>
      </trkpt>
      <trkpt lat="68.96929490379989147186279296875" lon="20.3721217811107635498046875">
        <ele>577.20001220703125</ele>
        <time>2026-08-21T15:13:19.000Z</time>
        <extensions>
          <ns3:TrackPointExtension>
            <ns3:cad>44</ns3:cad>
          </ns3:TrackPointExtension>
        </extensions>
      </trkpt>
      <trkpt lat="68.96924310363829135894775390625" lon="20.372069813311100006103515625">
        <ele>577</ele>
        <time>2026-08-21T15:13:24.000Z</time>
        <extensions>
          <ns3:TrackPointExtension>
            <ns3:cad>46</ns3:cad>
          </ns3:TrackPointExtension>
        </extensions>
      </trkpt>
      <trkpt lat="68.96923706866800785064697265625" lon="20.37203402258455753326416015625">
        <ele>577</ele>
        <time>2026-08-21T15:13:25.000Z</time>
        <extensions>
          <ns3:TrackPointExtension>
            <ns3:cad>46</ns3:cad>
          </ns3:TrackPointExtension>
        </extensions>
      </trkpt>
      <trkpt lat="68.96920404396951198577880859375" lon="20.37193729542195796966552734375">
        <ele>577</ele>
        <time>2026-08-21T15:13:30.000Z</time>
        <extensions>
          <ns3:TrackPointExtension>
            <ns3:cad>46</ns3:cad>
          </ns3:TrackPointExtension>
        </extensions>
      </trkpt>
      <trkpt lat="68.96915090270340442657470703125" lon="20.3719286620616912841796875">
        <ele>576.4000244140625</ele>
        <time>2026-08-21T15:13:35.000Z</time>
        <extensions>
          <ns3:TrackPointExtension>
            <ns3:cad>47</ns3:cad>
          </ns3:TrackPointExtension>
        </extensions>
      </trkpt>
      <trkpt lat="68.96911226212978363037109375" lon="20.37186085246503353118896484375">
        <ele>576</ele>
        <time>2026-08-21T15:13:39.000Z</time>
        <extensions>
          <ns3:TrackPointExtension>
            <ns3:cad>50</ns3:cad>
          </ns3:TrackPointExtension>
        </extensions>
      </trkpt>
      <trkpt lat="68.96910413168370723724365234375" lon="20.3718359582126140594482421875">
        <ele>576</ele>
        <time>2026-08-21T15:13:40.000Z</time>
        <extensions>
          <ns3:TrackPointExtension>
            <ns3:cad>46</ns3:cad>
          </ns3:TrackPointExtension>
        </extensions>
      </trkpt>
      <trkpt lat="68.969099186360836029052734375" lon="20.3718121536076068878173828125">
        <ele>576</ele>
        <time>2026-08-21T15:13:41.000Z</time>
        <extensions>
          <ns3:TrackPointExtension>
            <ns3:cad>46</ns3:cad>
          </ns3:TrackPointExtension>
        </extensions>
      </trkpt>
      <trkpt lat="68.9690718613564968109130859375" lon="20.37174233235418796539306640625">
        <ele>574.79998779296875</ele>
        <time>2026-08-21T15:13:46.000Z</time>
        <extensions>
          <ns3:TrackPointExtension>
            <ns3:cad>43</ns3:cad>
          </ns3:TrackPointExtension>
        </extensions>
      </trkpt>
      <trkpt lat="68.96904462017118930816650390625" lon="20.3716545738279819488525390625">
        <ele>573.79998779296875</ele>
        <time>2026-08-21T15:13:50.000Z</time>
        <extensions>
          <ns3:TrackPointExtension>
            <ns3:cad>55</ns3:cad>
          </ns3:TrackPointExtension>
        </extensions>
      </trkpt>
      <trkpt lat="68.96902852691709995269775390625" lon="20.3716311044991016387939453125">
        <ele>573.4000244140625</ele>
        <time>2026-08-21T15:13:52.000Z</time>
        <extensions>
          <ns3:TrackPointExtension>
            <ns3:cad>54</ns3:cad>
          </ns3:TrackPointExtension>
        </extensions>
      </trkpt>
      <trkpt lat="68.96901142783463001251220703125" lon="20.371593721210956573486328125">
        <ele>572.5999755859375</ele>
        <time>2026-08-21T15:13:55.000Z</time>
        <extensions>
          <ns3:TrackPointExtension>
            <ns3:cad>56</ns3:cad>
          </ns3:TrackPointExtension>
        </extensions>
      </trkpt>
      <trkpt lat="68.9689882099628448486328125" lon="20.3715536557137966156005859375">
        <ele>571.79998779296875</ele>
        <time>2026-08-21T15:13:58.000Z</time>
        <extensions>
          <ns3:TrackPointExtension>
            <ns3:cad>57</ns3:cad>
          </ns3:TrackPointExtension>
        </extensions>
      </trkpt>
      <trkpt lat="68.96896935068070888519287109375" lon="20.37153764627873897552490234375">
        <ele>571.5999755859375</ele>
        <time>2026-08-21T15:14:00.000Z</time>
        <extensions>
          <ns3:TrackPointExtension>
            <ns3:cad>47</ns3:cad>
          </ns3:TrackPointExtension>
        </extensions>
      </trkpt>
      <trkpt lat="68.96892140619456768035888671875" lon="20.3714755363762378692626953125">
        <ele>571</ele>
        <time>2026-08-21T15:14:04.000Z</time>
        <extensions>
          <ns3:TrackPointExtension>
            <ns3:cad>47</ns3:cad>
          </ns3:TrackPointExtension>
        </extensions>
      </trkpt>
      <trkpt lat="68.96888905204832553863525390625" lon="20.3714148513972759246826171875">
        <ele>570.79998779296875</ele>
        <time>2026-08-21T15:14:10.000Z</time>
        <extensions>
          <ns3:TrackPointExtension>
            <ns3:cad>0</ns3:cad>
          </ns3:TrackPointExtension>
        </extensions>
      </trkpt>
      <trkpt lat="68.9688908122479915618896484375" lon="20.37141560576856136322021484375">
        <ele>570.79998779296875</ele>
        <time>2026-08-21T15:14:14.000Z</time>
        <extensions>
          <ns3:TrackPointExtension>
            <ns3:cad>0</ns3:cad>
          </ns3:TrackPointExtension>
        </extensions>
      </trkpt>
      <trkpt lat="68.96889240480959415435791015625" lon="20.3714168630540370941162109375">
        <ele>570.79998779296875</ele>
        <time>2026-08-21T15:14:18.000Z</time>
        <extensions>
          <ns3:TrackPointExtension>
            <ns3:cad>0</ns3:cad>
          </ns3:TrackPointExtension>
        </extensions>
      </trkpt>
      <trkpt lat="68.96889961324632167816162109375" lon="20.37142599932849407196044921875">
        <ele>570.79998779296875</ele>
        <time>2026-08-21T15:14:21.000Z</time>
        <extensions>
          <ns3:TrackPointExtension>
            <ns3:cad>0</ns3:cad>
          </ns3:TrackPointExtension>
        </extensions>
      </trkpt>
      <trkpt lat="68.968900702893733978271484375" lon="20.37141594104468822479248046875">
        <ele>570.79998779296875</ele>
        <time>2026-08-21T15:14:25.000Z</time>
        <extensions>
          <ns3:TrackPointExtension>
            <ns3:cad>0</ns3:cad>
          </ns3:TrackPointExtension>
        </extensions>
      </trkpt>
      <trkpt lat="68.9688532613217830657958984375" lon="20.3713895380496978759765625">
        <ele>570.5999755859375</ele>
        <time>2026-08-21T15:14:30.000Z</time>
        <extensions>
          <ns3:TrackPointExtension>
            <ns3:cad>0</ns3:cad>
          </ns3:TrackPointExtension>
        </extensions>
      </trkpt>
      <trkpt lat="68.968805484473705291748046875" lon="20.3713300265371799468994140625">
        <ele>570.5999755859375</ele>
        <time>2026-08-21T15:14:35.000Z</time>
        <extensions>
          <ns3:TrackPointExtension>
            <ns3:cad>45</ns3:cad>
          </ns3:TrackPointExtension>
        </extensions>
      </trkpt>
      <trkpt lat="68.96874521858990192413330078125" lon="20.371247716248035430908203125">
        <ele>570.5999755859375</ele>
        <time>2026-08-21T15:14:41.000Z</time>
        <extensions>
          <ns3:TrackPointExtension>
            <ns3:cad>48</ns3:cad>
          </ns3:TrackPointExtension>
        </extensions>
      </trkpt>
      <trkpt lat="68.96871102042496204376220703125" lon="20.3711469657719135284423828125">
        <ele>570.20001220703125</ele>
        <time>2026-08-21T15:14:46.000Z</time>
        <extensions>
          <ns3:TrackPointExtension>
            <ns3:cad>48</ns3:cad>
          </ns3:TrackPointExtension>
        </extensions>
      </trkpt>
      <trkpt lat="68.96869408898055553436279296875" lon="20.371143780648708343505859375">
        <ele>569.5999755859375</ele>
        <time>2026-08-21T15:14:49.000Z</time>
        <extensions>
          <ns3:TrackPointExtension>
            <ns3:cad>48</ns3:cad>
          </ns3:TrackPointExtension>
        </extensions>
      </trkpt>
      <trkpt lat="68.96868788637220859527587890625" lon="20.371162891387939453125">
        <ele>569.20001220703125</ele>
        <time>2026-08-21T15:14:51.000Z</time>
        <extensions>
          <ns3:TrackPointExtension>
            <ns3:cad>46</ns3:cad>
          </ns3:TrackPointExtension>
        </extensions>
      </trkpt>
      <trkpt lat="68.9686769060790538787841796875" lon="20.3711657412350177764892578125">
        <ele>569</ele>
        <time>2026-08-21T15:14:52.000Z</time>
        <extensions>
          <ns3:TrackPointExtension>
            <ns3:cad>46</ns3:cad>
          </ns3:TrackPointExtension>
        </extensions>
      </trkpt>
      <trkpt lat="68.96866626106202602386474609375" lon="20.371143780648708343505859375">
        <ele>568.5999755859375</ele>
        <time>2026-08-21T15:14:54.000Z</time>
        <extensions>
          <ns3:TrackPointExtension>
            <ns3:cad>53</ns3:cad>
          </ns3:TrackPointExtension>
        </extensions>
      </trkpt>
      <trkpt lat="68.9686470665037631988525390625" lon="20.37115626968443393707275390625">
        <ele>568.4000244140625</ele>
        <time>2026-08-21T15:14:56.000Z</time>
        <extensions>
          <ns3:TrackPointExtension>
            <ns3:cad>53</ns3:cad>
          </ns3:TrackPointExtension>
        </extensions>
      </trkpt>
      <trkpt lat="68.96864212118089199066162109375" lon="20.37117118947207927703857421875">
        <ele>568.20001220703125</ele>
        <time>2026-08-21T15:14:57.000Z</time>
        <extensions>
          <ns3:TrackPointExtension>
            <ns3:cad>53</ns3:cad>
          </ns3:TrackPointExtension>
        </extensions>
      </trkpt>
      <trkpt lat="68.96860188804566860198974609375" lon="20.3712113387882709503173828125">
        <ele>567.5999755859375</ele>
        <time>2026-08-21T15:15:01.000Z</time>
        <extensions>
          <ns3:TrackPointExtension>
            <ns3:cad>46</ns3:cad>
          </ns3:TrackPointExtension>
        </extensions>
      </trkpt>
      <trkpt lat="68.9685992896556854248046875" lon="20.3712250851094722747802734375">
        <ele>567.4000244140625</ele>
        <time>2026-08-21T15:15:02.000Z</time>
        <extensions>
          <ns3:TrackPointExtension>
            <ns3:cad>45</ns3:cad>
          </ns3:TrackPointExtension>
        </extensions>
      </trkpt>
      <trkpt lat="68.968560732901096343994140625" lon="20.3712720237672328948974609375">
        <ele>567</ele>
        <time>2026-08-21T15:15:06.000Z</time>
        <extensions>
          <ns3:TrackPointExtension>
            <ns3:cad>45</ns3:cad>
          </ns3:TrackPointExtension>
        </extensions>
      </trkpt>
      <trkpt lat="68.968546651303768157958984375" lon="20.3713224828243255615234375">
        <ele>566.79998779296875</ele>
        <time>2026-08-21T15:15:09.000Z</time>
        <extensions>
          <ns3:TrackPointExtension>
            <ns3:cad>45</ns3:cad>
          </ns3:TrackPointExtension>
        </extensions>
      </trkpt>
      <trkpt lat="68.968533240258693695068359375" lon="20.37134318612515926361083984375">
        <ele>566.4000244140625</ele>
        <time>2026-08-21T15:15:11.000Z</time>
        <extensions>
          <ns3:TrackPointExtension>
            <ns3:cad>45</ns3:cad>
          </ns3:TrackPointExtension>
        </extensions>
      </trkpt>
      <trkpt lat="68.968476243317127227783203125" lon="20.37141300737857818603515625">
        <ele>565.5999755859375</ele>
        <time>2026-08-21T15:15:17.000Z</time>
        <extensions>
          <ns3:TrackPointExtension>
            <ns3:cad>50</ns3:cad>
          </ns3:TrackPointExtension>
        </extensions>
      </trkpt>
      <trkpt lat="68.96845017559826374053955078125" lon="20.3714262507855892181396484375">
        <ele>565.4000244140625</ele>
        <time>2026-08-21T15:15:21.000Z</time>
        <extensions>
          <ns3:TrackPointExtension>
            <ns3:cad>47</ns3:cad>
          </ns3:TrackPointExtension>
        </extensions>
      </trkpt>
      <trkpt lat="68.9684271253645420074462890625" lon="20.37141812033951282501220703125">
        <ele>565</ele>
        <time>2026-08-21T15:15:23.000Z</time>
        <extensions>
          <ns3:TrackPointExtension>
            <ns3:cad>48</ns3:cad>
          </ns3:TrackPointExtension>
        </extensions>
      </trkpt>
      <trkpt lat="68.96837909705936908721923828125" lon="20.37141543813049793243408203125">
        <ele>564.4000244140625</ele>
        <time>2026-08-21T15:15:29.000Z</time>
        <extensions>
          <ns3:TrackPointExtension>
            <ns3:cad>0</ns3:cad>
          </ns3:TrackPointExtension>
        </extensions>
      </trkpt>
      <trkpt lat="68.96836250089108943939208984375" lon="20.37143840454518795013427734375">
        <ele>564.4000244140625</ele>
        <time>2026-08-21T15:15:30.000Z</time>
        <extensions>
          <ns3:TrackPointExtension>
            <ns3:cad>0</ns3:cad>
          </ns3:TrackPointExtension>
        </extensions>
      </trkpt>
      <trkpt lat="68.96834850311279296875" lon="20.37143270485103130340576171875">
        <ele>564</ele>
        <time>2026-08-21T15:15:33.000Z</time>
        <extensions>
          <ns3:TrackPointExtension>
            <ns3:cad>45</ns3:cad>
          </ns3:TrackPointExtension>
        </extensions>
      </trkpt>
      <trkpt lat="68.9683377742767333984375" lon="20.37142281420528888702392578125">
        <ele>563.79998779296875</ele>
        <time>2026-08-21T15:15:34.000Z</time>
        <extensions>
          <ns3:TrackPointExtension>
            <ns3:cad>48</ns3:cad>
          </ns3:TrackPointExtension>
        </extensions>
      </trkpt>
      <trkpt lat="68.9682970382273197174072265625" lon="20.3714825771749019622802734375">
        <ele>563.20001220703125</ele>
        <time>2026-08-21T15:15:38.000Z</time>
        <extensions>
          <ns3:TrackPointExtension>
            <ns3:cad>48</ns3:cad>
          </ns3:TrackPointExtension>
        </extensions>
      </trkpt>
      <trkpt lat="68.968256302177906036376953125" lon="20.3715687431395053863525390625">
        <ele>562.79998779296875</ele>
        <time>2026-08-21T15:15:45.000Z</time>
        <extensions>
          <ns3:TrackPointExtension>
            <ns3:cad>0</ns3:cad>
          </ns3:TrackPointExtension>
        </extensions>
      </trkpt>
      <trkpt lat="68.96824029274284839630126953125" lon="20.3715657256543636322021484375">
        <ele>562.79998779296875</ele>
        <time>2026-08-21T15:15:47.000Z</time>
        <extensions>
          <ns3:TrackPointExtension>
            <ns3:cad>44</ns3:cad>
          </ns3:TrackPointExtension>
        </extensions>
      </trkpt>
      <trkpt lat="68.968206681311130523681640625" lon="20.37151032127439975738525390625">
        <ele>562.4000244140625</ele>
        <time>2026-08-21T15:15:51.000Z</time>
        <extensions>
          <ns3:TrackPointExtension>
            <ns3:cad>44</ns3:cad>
          </ns3:TrackPointExtension>
        </extensions>
      </trkpt>
      <trkpt lat="68.96820307709276676177978515625" lon="20.3714933060109615325927734375">
        <ele>562.20001220703125</ele>
        <time>2026-08-21T15:15:52.000Z</time>
        <extensions>
          <ns3:TrackPointExtension>
            <ns3:cad>44</ns3:cad>
          </ns3:TrackPointExtension>
        </extensions>
      </trkpt>
      <trkpt lat="68.96817885339260101318359375" lon="20.37136112339794635772705078125">
        <ele>561.5999755859375</ele>
        <time>2026-08-21T15:15:57.000Z</time>
        <extensions>
          <ns3:TrackPointExtension>
            <ns3:cad>47</ns3:cad>
          </ns3:TrackPointExtension>
        </extensions>
      </trkpt>
      <trkpt lat="68.9681337587535381317138671875" lon="20.37130706012248992919921875">
        <ele>561.20001220703125</ele>
        <time>2026-08-21T15:16:03.000Z</time>
        <extensions>
          <ns3:TrackPointExtension>
            <ns3:cad>0</ns3:cad>
          </ns3:TrackPointExtension>
        </extensions>
      </trkpt>
      <trkpt lat="68.9680931903421878814697265625" lon="20.37125249393284320831298828125">
        <ele>560.4000244140625</ele>
        <time>2026-08-21T15:16:09.000Z</time>
        <extensions>
          <ns3:TrackPointExtension>
            <ns3:cad>46</ns3:cad>
          </ns3:TrackPointExtension>
        </extensions>
      </trkpt>
      <trkpt lat="68.9680475927889347076416015625" lon="20.371233634650707244873046875">
        <ele>560.20001220703125</ele>
        <time>2026-08-21T15:16:15.000Z</time>
        <extensions>
          <ns3:TrackPointExtension>
            <ns3:cad>0</ns3:cad>
          </ns3:TrackPointExtension>
        </extensions>
      </trkpt>
      <trkpt lat="68.9680449105799198150634765625" lon="20.37121427245438098907470703125">
        <ele>560</ele>
        <time>2026-08-21T15:16:16.000Z</time>
        <extensions>
          <ns3:TrackPointExtension>
            <ns3:cad>0</ns3:cad>
          </ns3:TrackPointExtension>
        </extensions>
      </trkpt>
      <trkpt lat="68.96803644485771656036376953125" lon="20.371173955500125885009765625">
        <ele>559.5999755859375</ele>
        <time>2026-08-21T15:16:21.000Z</time>
        <extensions>
          <ns3:TrackPointExtension>
            <ns3:cad>0</ns3:cad>
          </ns3:TrackPointExtension>
        </extensions>
      </trkpt>
      <trkpt lat="68.96804817952215671539306640625" lon="20.37114989943802356719970703125">
        <ele>559.4000244140625</ele>
        <time>2026-08-21T15:16:29.000Z</time>
        <extensions>
          <ns3:TrackPointExtension>
            <ns3:cad>0</ns3:cad>
          </ns3:TrackPointExtension>
        </extensions>
      </trkpt>
      <trkpt lat="68.96806309930980205535888671875" lon="20.371088795363903045654296875">
        <ele>559</ele>
        <time>2026-08-21T15:16:32.000Z</time>
        <extensions>
          <ns3:TrackPointExtension>
            <ns3:cad>0</ns3:cad>
          </ns3:TrackPointExtension>
        </extensions>
      </trkpt>
      <trkpt lat="68.9680601656436920166015625" lon="20.3710447065532207489013671875">
        <ele>558.5999755859375</ele>
        <time>2026-08-21T15:16:35.000Z</time>
        <extensions>
          <ns3:TrackPointExtension>
            <ns3:cad>0</ns3:cad>
          </ns3:TrackPointExtension>
        </extensions>
      </trkpt>
      <trkpt lat="68.9680509455502033233642578125" lon="20.37098729051649570465087890625">
        <ele>558</ele>
        <time>2026-08-21T15:16:37.000Z</time>
        <extensions>
          <ns3:TrackPointExtension>
            <ns3:cad>0</ns3:cad>
          </ns3:TrackPointExtension>
        </extensions>
      </trkpt>
      <trkpt lat="68.96802219562232494354248046875" lon="20.371003635227680206298828125">
        <ele>557</ele>
        <time>2026-08-21T15:16:41.000Z</time>
        <extensions>
          <ns3:TrackPointExtension>
            <ns3:cad>58</ns3:cad>
          </ns3:TrackPointExtension>
        </extensions>
      </trkpt>
      <trkpt lat="68.96799352951347827911376953125" lon="20.37094655446708202362060546875">
        <ele>555.79998779296875</ele>
        <time>2026-08-21T15:16:47.000Z</time>
        <extensions>
          <ns3:TrackPointExtension>
            <ns3:cad>0</ns3:cad>
          </ns3:TrackPointExtension>
        </extensions>
      </trkpt>
      <trkpt lat="68.967967964708805084228515625" lon="20.3709639050066471099853515625">
        <ele>554.79998779296875</ele>
        <time>2026-08-21T15:16:53.000Z</time>
        <extensions>
          <ns3:TrackPointExtension>
            <ns3:cad>49</ns3:cad>
          </ns3:TrackPointExtension>
        </extensions>
      </trkpt>
      <trkpt lat="68.9679651148617267608642578125" lon="20.3709659166634082794189453125">
        <ele>554.5999755859375</ele>
        <time>2026-08-21T15:16:54.000Z</time>
        <extensions>
          <ns3:TrackPointExtension>
            <ns3:cad>49</ns3:cad>
          </ns3:TrackPointExtension>
        </extensions>
      </trkpt>
      <trkpt lat="68.9679265581071376800537109375" lon="20.370947979390621185302734375">
        <ele>553.5999755859375</ele>
        <time>2026-08-21T15:17:01.000Z</time>
        <extensions>
          <ns3:TrackPointExtension>
            <ns3:cad>80</ns3:cad>
          </ns3:TrackPointExtension>
        </extensions>
      </trkpt>
      <trkpt lat="68.96789076738059520721435546875" lon="20.371047221124172210693359375">
        <ele>552.79998779296875</ele>
        <time>2026-08-21T15:17:08.000Z</time>
        <extensions>
          <ns3:TrackPointExtension>
            <ns3:cad>41</ns3:cad>
          </ns3:TrackPointExtension>
        </extensions>
      </trkpt>
      <trkpt lat="68.96788976155221462249755859375" lon="20.371060632169246673583984375">
        <ele>552.5999755859375</ele>
        <time>2026-08-21T15:17:09.000Z</time>
        <extensions>
          <ns3:TrackPointExtension>
            <ns3:cad>41</ns3:cad>
          </ns3:TrackPointExtension>
        </extensions>
      </trkpt>
      <trkpt lat="68.9678722433745861053466796875" lon="20.37115409038960933685302734375">
        <ele>551.5999755859375</ele>
        <time>2026-08-21T15:17:14.000Z</time>
        <extensions>
          <ns3:TrackPointExtension>
            <ns3:cad>46</ns3:cad>
          </ns3:TrackPointExtension>
        </extensions>
      </trkpt>
      <trkpt lat="68.96786662749946117401123046875" lon="20.37116833962500095367431640625">
        <ele>551.5999755859375</ele>
        <time>2026-08-21T15:17:15.000Z</time>
        <extensions>
          <ns3:TrackPointExtension>
            <ns3:cad>47</ns3:cad>
          </ns3:TrackPointExtension>
        </extensions>
      </trkpt>
      <trkpt lat="68.967829830944538116455078125" lon="20.37121242843568325042724609375">
        <ele>550.79998779296875</ele>
        <time>2026-08-21T15:17:24.000Z</time>
        <extensions>
          <ns3:TrackPointExtension>
            <ns3:cad>0</ns3:cad>
          </ns3:TrackPointExtension>
        </extensions>
      </trkpt>
      <trkpt lat="68.9678253047168254852294921875" lon="20.37118426524102687835693359375">
        <ele>550.79998779296875</ele>
        <time>2026-08-21T15:17:31.000Z</time>
        <extensions>
          <ns3:TrackPointExtension>
            <ns3:cad>0</ns3:cad>
          </ns3:TrackPointExtension>
        </extensions>
      </trkpt>
      <trkpt lat="68.96784315817058086395263671875" lon="20.3712230734527111053466796875">
        <ele>550.5999755859375</ele>
        <time>2026-08-21T15:17:39.000Z</time>
        <extensions>
          <ns3:TrackPointExtension>
            <ns3:cad>0</ns3:cad>
          </ns3:TrackPointExtension>
        </extensions>
      </trkpt>
      <trkpt lat="68.967840559780597686767578125" lon="20.37122785113751888275146484375">
        <ele>550.5999755859375</ele>
        <time>2026-08-21T15:17:47.000Z</time>
        <extensions>
          <ns3:TrackPointExtension>
            <ns3:cad>0</ns3:cad>
          </ns3:TrackPointExtension>
        </extensions>
      </trkpt>
      <trkpt lat="68.9678657054901123046875" lon="20.371229946613311767578125">
        <ele>550.5999755859375</ele>
        <time>2026-08-21T15:17:57.000Z</time>
        <extensions>
          <ns3:TrackPointExtension>
            <ns3:cad>0</ns3:cad>
          </ns3:TrackPointExtension>
        </extensions>
      </trkpt>
      <trkpt lat="68.9678662084043025970458984375" lon="20.37122500129044055938720703125">
        <ele>550.4000244140625</ele>
        <time>2026-08-21T15:17:58.000Z</time>
        <extensions>
          <ns3:TrackPointExtension>
            <ns3:cad>0</ns3:cad>
          </ns3:TrackPointExtension>
        </extensions>
      </trkpt>
      <trkpt lat="68.967842571437358856201171875" lon="20.37118677981197834014892578125">
        <ele>550.4000244140625</ele>
        <time>2026-08-21T15:18:06.000Z</time>
        <extensions>
          <ns3:TrackPointExtension>
            <ns3:cad>0</ns3:cad>
          </ns3:TrackPointExtension>
        </extensions>
      </trkpt>
      <trkpt lat="68.96782505325973033905029296875" lon="20.3711851872503757476806640625">
        <ele>550.4000244140625</ele>
        <time>2026-08-21T15:18:14.000Z</time>
        <extensions>
          <ns3:TrackPointExtension>
            <ns3:cad>0</ns3:cad>
          </ns3:TrackPointExtension>
        </extensions>
      </trkpt>
      <trkpt lat="68.9678447507321834564208984375" lon="20.371134392917156219482421875">
        <ele>550.5999755859375</ele>
        <time>2026-08-21T15:18:22.000Z</time>
        <extensions>
          <ns3:TrackPointExtension>
            <ns3:cad>0</ns3:cad>
          </ns3:TrackPointExtension>
        </extensions>
      </trkpt>
      <trkpt lat="68.967839889228343963623046875" lon="20.37114989943802356719970703125">
        <ele>550.4000244140625</ele>
        <time>2026-08-21T15:18:29.000Z</time>
        <extensions>
          <ns3:TrackPointExtension>
            <ns3:cad>0</ns3:cad>
          </ns3:TrackPointExtension>
        </extensions>
      </trkpt>
      <trkpt lat="68.96782136522233486175537109375" lon="20.37116951309144496917724609375">
        <ele>550</ele>
        <time>2026-08-21T15:18:34.000Z</time>
        <extensions>
          <ns3:TrackPointExtension>
            <ns3:cad>0</ns3:cad>
          </ns3:TrackPointExtension>
        </extensions>
      </trkpt>
      <trkpt lat="68.96781197749078273773193359375" lon="20.3711794875562191009521484375">
        <ele>550.20001220703125</ele>
        <time>2026-08-21T15:18:41.000Z</time>
        <extensions>
          <ns3:TrackPointExtension>
            <ns3:cad>0</ns3:cad>
          </ns3:TrackPointExtension>
        </extensions>
      </trkpt>
      <trkpt lat="68.96783460862934589385986328125" lon="20.37117571569979190826416015625">
        <ele>550.4000244140625</ele>
        <time>2026-08-21T15:18:49.000Z</time>
        <extensions>
          <ns3:TrackPointExtension>
            <ns3:cad>0</ns3:cad>
          </ns3:TrackPointExtension>
        </extensions>
      </trkpt>
      <trkpt lat="68.96782471798360347747802734375" lon="20.37116113118827342987060546875">
        <ele>550.4000244140625</ele>
        <time>2026-08-21T15:18:57.000Z</time>
        <extensions>
          <ns3:TrackPointExtension>
            <ns3:cad>0</ns3:cad>
          </ns3:TrackPointExtension>
        </extensions>
      </trkpt>
      <trkpt lat="68.9678232930600643157958984375" lon="20.37117454223334789276123046875">
        <ele>550.4000244140625</ele>
        <time>2026-08-21T15:19:05.000Z</time>
        <extensions>
          <ns3:TrackPointExtension>
            <ns3:cad>0</ns3:cad>
          </ns3:TrackPointExtension>
        </extensions>
      </trkpt>
      <trkpt lat="68.9678320102393627166748046875" lon="20.37116867490112781524658203125">
        <ele>550.20001220703125</ele>
        <time>2026-08-21T15:19:12.000Z</time>
        <extensions>
          <ns3:TrackPointExtension>
            <ns3:cad>0</ns3:cad>
          </ns3:TrackPointExtension>
        </extensions>
      </trkpt>
      <trkpt lat="68.967831842601299285888671875" lon="20.371145792305469512939453125">
        <ele>550.20001220703125</ele>
        <time>2026-08-21T15:19:18.000Z</time>
        <extensions>
          <ns3:TrackPointExtension>
            <ns3:cad>0</ns3:cad>
          </ns3:TrackPointExtension>
        </extensions>
      </trkpt>
      <trkpt lat="68.96786226890981197357177734375" lon="20.37105225026607513427734375">
        <ele>550.5999755859375</ele>
        <time>2026-08-21T15:19:26.000Z</time>
        <extensions>
          <ns3:TrackPointExtension>
            <ns3:cad>0</ns3:cad>
          </ns3:TrackPointExtension>
        </extensions>
      </trkpt>
      <trkpt lat="68.967886827886104583740234375" lon="20.37099785171449184417724609375">
        <ele>551.4000244140625</ele>
        <time>2026-08-21T15:19:33.000Z</time>
        <extensions>
          <ns3:TrackPointExtension>
            <ns3:cad>0</ns3:cad>
          </ns3:TrackPointExtension>
        </extensions>
      </trkpt>
      <trkpt lat="68.967877440154552459716796875" lon="20.37089844234287738800048828125">
        <ele>551.5999755859375</ele>
        <time>2026-08-21T15:19:40.000Z</time>
        <extensions>
          <ns3:TrackPointExtension>
            <ns3:cad>72</ns3:cad>
          </ns3:TrackPointExtension>
        </extensions>
      </trkpt>
      <trkpt lat="68.96787785924971103668212890625" lon="20.37083406932651996612548828125">
        <ele>551.20001220703125</ele>
        <time>2026-08-21T15:19:47.000Z</time>
        <extensions>
          <ns3:TrackPointExtension>
            <ns3:cad>0</ns3:cad>
          </ns3:TrackPointExtension>
        </extensions>
      </trkpt>
      <trkpt lat="68.96788070909678936004638671875" lon="20.37084572017192840576171875">
        <ele>551.20001220703125</ele>
        <time>2026-08-21T15:19:54.000Z</time>
        <extensions>
          <ns3:TrackPointExtension>
            <ns3:cad>0</ns3:cad>
          </ns3:TrackPointExtension>
        </extensions>
      </trkpt>
      <trkpt lat="68.96787936799228191375732421875" lon="20.3708130307495594024658203125">
        <ele>551</ele>
        <time>2026-08-21T15:20:00.000Z</time>
        <extensions>
          <ns3:TrackPointExtension>
            <ns3:cad>0</ns3:cad>
          </ns3:TrackPointExtension>
        </extensions>
      </trkpt>
      <trkpt lat="68.96787450648844242095947265625" lon="20.37082635797560214996337890625">
        <ele>551</ele>
        <time>2026-08-21T15:20:07.000Z</time>
        <extensions>
          <ns3:TrackPointExtension>
            <ns3:cad>0</ns3:cad>
          </ns3:TrackPointExtension>
        </extensions>
      </trkpt>
      <trkpt lat="68.96787576377391815185546875" lon="20.37081512622535228729248046875">
        <ele>551</ele>
        <time>2026-08-21T15:20:16.000Z</time>
        <extensions>
          <ns3:TrackPointExtension>
            <ns3:cad>0</ns3:cad>
          </ns3:TrackPointExtension>
        </extensions>
      </trkpt>
      <trkpt lat="68.96790417842566967010498046875" lon="20.37077891640365123748779296875">
        <ele>551.20001220703125</ele>
        <time>2026-08-21T15:20:25.000Z</time>
        <extensions>
          <ns3:TrackPointExtension>
            <ns3:cad>0</ns3:cad>
          </ns3:TrackPointExtension>
        </extensions>
      </trkpt>
      <trkpt lat="68.96793552674353122711181640625" lon="20.37068202160298824310302734375">
        <ele>552</ele>
        <time>2026-08-21T15:20:30.000Z</time>
        <extensions>
          <ns3:TrackPointExtension>
            <ns3:cad>76</ns3:cad>
          </ns3:TrackPointExtension>
        </extensions>
      </trkpt>
      <trkpt lat="68.96795564331114292144775390625" lon="20.3705971129238605499267578125">
        <ele>552.5999755859375</ele>
        <time>2026-08-21T15:20:35.000Z</time>
        <extensions>
          <ns3:TrackPointExtension>
            <ns3:cad>80</ns3:cad>
          </ns3:TrackPointExtension>
        </extensions>
      </trkpt>
      <trkpt lat="68.9679537154734134674072265625" lon="20.3705907426774501800537109375">
        <ele>552.79998779296875</ele>
        <time>2026-08-21T15:20:36.000Z</time>
        <extensions>
          <ns3:TrackPointExtension>
            <ns3:cad>73</ns3:cad>
          </ns3:TrackPointExtension>
        </extensions>
      </trkpt>
      <trkpt lat="68.96793435327708721160888671875" lon="20.37047415040433406829833984375">
        <ele>553.20001220703125</ele>
        <time>2026-08-21T15:20:43.000Z</time>
        <extensions>
          <ns3:TrackPointExtension>
            <ns3:cad>0</ns3:cad>
          </ns3:TrackPointExtension>
        </extensions>
      </trkpt>
      <trkpt lat="68.9679017476737499237060546875" lon="20.370410867035388946533203125">
        <ele>553</ele>
        <time>2026-08-21T15:20:49.000Z</time>
        <extensions>
          <ns3:TrackPointExtension>
            <ns3:cad>68</ns3:cad>
          </ns3:TrackPointExtension>
        </extensions>
      </trkpt>
      <trkpt lat="68.9678554795682430267333984375" lon="20.370335765182971954345703125">
        <ele>552.79998779296875</ele>
        <time>2026-08-21T15:20:56.000Z</time>
        <extensions>
          <ns3:TrackPointExtension>
            <ns3:cad>78</ns3:cad>
          </ns3:TrackPointExtension>
        </extensions>
      </trkpt>
      <trkpt lat="68.9678504504263401031494140625" lon="20.37028790451586246490478515625">
        <ele>553</ele>
        <time>2026-08-21T15:21:02.000Z</time>
        <extensions>
          <ns3:TrackPointExtension>
            <ns3:cad>0</ns3:cad>
          </ns3:TrackPointExtension>
        </extensions>
      </trkpt>
      <trkpt lat="68.96784064359962940216064453125" lon="20.370235182344913482666015625">
        <ele>552.5999755859375</ele>
        <time>2026-08-21T15:21:08.000Z</time>
        <extensions>
          <ns3:TrackPointExtension>
            <ns3:cad>0</ns3:cad>
          </ns3:TrackPointExtension>
        </extensions>
      </trkpt>
      <trkpt lat="68.96783712320029735565185546875" lon="20.37024951539933681488037109375">
        <ele>552.79998779296875</ele>
        <time>2026-08-21T15:21:14.000Z</time>
        <extensions>
          <ns3:TrackPointExtension>
            <ns3:cad>0</ns3:cad>
          </ns3:TrackPointExtension>
        </extensions>
      </trkpt>
      <trkpt lat="68.96782941184937953948974609375" lon="20.3702179156243801116943359375">
        <ele>552.5999755859375</ele>
        <time>2026-08-21T15:21:24.000Z</time>
        <extensions>
          <ns3:TrackPointExtension>
            <ns3:cad>0</ns3:cad>
          </ns3:TrackPointExtension>
        </extensions>
      </trkpt>
      <trkpt lat="68.967836201190948486328125" lon="20.37021028809249401092529296875">
        <ele>552.79998779296875</ele>
        <time>2026-08-21T15:21:32.000Z</time>
        <extensions>
          <ns3:TrackPointExtension>
            <ns3:cad>0</ns3:cad>
          </ns3:TrackPointExtension>
        </extensions>
      </trkpt>
      <trkpt lat="68.967841565608978271484375" lon="20.37025135941803455352783203125">
        <ele>552.79998779296875</ele>
        <time>2026-08-21T15:21:42.000Z</time>
        <extensions>
          <ns3:TrackPointExtension>
            <ns3:cad>0</ns3:cad>
          </ns3:TrackPointExtension>
        </extensions>
      </trkpt>
      <trkpt lat="68.96784114651381969451904296875" lon="20.37024490535259246826171875">
        <ele>552.79998779296875</ele>
        <time>2026-08-21T15:21:50.000Z</time>
        <extensions>
          <ns3:TrackPointExtension>
            <ns3:cad>0</ns3:cad>
          </ns3:TrackPointExtension>
        </extensions>
      </trkpt>
      <trkpt lat="68.96784885786473751068115234375" lon="20.370236523449420928955078125">
        <ele>552.79998779296875</ele>
        <time>2026-08-21T15:21:55.000Z</time>
        <extensions>
          <ns3:TrackPointExtension>
            <ns3:cad>0</ns3:cad>
          </ns3:TrackPointExtension>
        </extensions>
      </trkpt>
      <trkpt lat="68.9678437449038028717041015625" lon="20.37024364806711673736572265625">
        <ele>553</ele>
        <time>2026-08-21T15:22:03.000Z</time>
        <extensions>
          <ns3:TrackPointExtension>
            <ns3:cad>0</ns3:cad>
          </ns3:TrackPointExtension>
        </extensions>
      </trkpt>
      <trkpt lat="68.967852629721164703369140625" lon="20.37027700804173946380615234375">
        <ele>552.79998779296875</ele>
        <time>2026-08-21T15:22:10.000Z</time>
        <extensions>
          <ns3:TrackPointExtension>
            <ns3:cad>0</ns3:cad>
          </ns3:TrackPointExtension>
        </extensions>
      </trkpt>
      <trkpt lat="68.96786126308143138885498046875" lon="20.37027767859399318695068359375">
        <ele>552.79998779296875</ele>
        <time>2026-08-21T15:22:18.000Z</time>
        <extensions>
          <ns3:TrackPointExtension>
            <ns3:cad>0</ns3:cad>
          </ns3:TrackPointExtension>
        </extensions>
      </trkpt>
      <trkpt lat="68.96785154007375240325927734375" lon="20.370276756584644317626953125">
        <ele>552.79998779296875</ele>
        <time>2026-08-21T15:22:25.000Z</time>
        <extensions>
          <ns3:TrackPointExtension>
            <ns3:cad>0</ns3:cad>
          </ns3:TrackPointExtension>
        </extensions>
      </trkpt>
      <trkpt lat="68.96785975433886051177978515625" lon="20.370337106287479400634765625">
        <ele>552.79998779296875</ele>
        <time>2026-08-21T15:22:33.000Z</time>
        <extensions>
          <ns3:TrackPointExtension>
            <ns3:cad>0</ns3:cad>
          </ns3:TrackPointExtension>
        </extensions>
      </trkpt>
      <trkpt lat="68.96786780096590518951416015625" lon="20.370363257825374603271484375">
        <ele>552.79998779296875</ele>
        <time>2026-08-21T15:22:42.000Z</time>
        <extensions>
          <ns3:TrackPointExtension>
            <ns3:cad>0</ns3:cad>
          </ns3:TrackPointExtension>
        </extensions>
      </trkpt>
      <trkpt lat="68.96791557781398296356201171875" lon="20.37041547708213329315185546875">
        <ele>552.79998779296875</ele>
        <time>2026-08-21T15:22:47.000Z</time>
        <extensions>
          <ns3:TrackPointExtension>
            <ns3:cad>71</ns3:cad>
          </ns3:TrackPointExtension>
        </extensions>
      </trkpt>
      <trkpt lat="68.9679501950740814208984375" lon="20.37059920839965343475341796875">
        <ele>553.20001220703125</ele>
        <time>2026-08-21T15:22:54.000Z</time>
        <extensions>
          <ns3:TrackPointExtension>
            <ns3:cad>0</ns3:cad>
          </ns3:TrackPointExtension>
        </extensions>
      </trkpt>
      <trkpt lat="68.96793477237224578857421875" lon="20.3707369230687618255615234375">
        <ele>552.5999755859375</ele>
        <time>2026-08-21T15:23:02.000Z</time>
        <extensions>
          <ns3:TrackPointExtension>
            <ns3:cad>76</ns3:cad>
          </ns3:TrackPointExtension>
        </extensions>
      </trkpt>
      <trkpt lat="68.9678947068750858306884765625" lon="20.370847396552562713623046875">
        <ele>552</ele>
        <time>2026-08-21T15:23:08.000Z</time>
        <extensions>
          <ns3:TrackPointExtension>
            <ns3:cad>47</ns3:cad>
          </ns3:TrackPointExtension>
        </extensions>
      </trkpt>
      <trkpt lat="68.967872746288776397705078125" lon="20.370843373239040374755859375">
        <ele>551.5999755859375</ele>
        <time>2026-08-21T15:23:10.000Z</time>
        <extensions>
          <ns3:TrackPointExtension>
            <ns3:cad>47</ns3:cad>
          </ns3:TrackPointExtension>
        </extensions>
      </trkpt>
      <trkpt lat="68.96787132136523723602294921875" lon="20.3708945028483867645263671875">
        <ele>551</ele>
        <time>2026-08-21T15:23:13.000Z</time>
        <extensions>
          <ns3:TrackPointExtension>
            <ns3:cad>44</ns3:cad>
          </ns3:TrackPointExtension>
        </extensions>
      </trkpt>
      <trkpt lat="68.96787785924971103668212890625" lon="20.37092258222401142120361328125">
        <ele>551</ele>
        <time>2026-08-21T15:23:14.000Z</time>
        <extensions>
          <ns3:TrackPointExtension>
            <ns3:cad>44</ns3:cad>
          </ns3:TrackPointExtension>
        </extensions>
      </trkpt>
      <trkpt lat="68.96789864636957645416259765625" lon="20.37093096412718296051025390625">
        <ele>551.79998779296875</ele>
        <time>2026-08-21T15:23:18.000Z</time>
        <extensions>
          <ns3:TrackPointExtension>
            <ns3:cad>78</ns3:cad>
          </ns3:TrackPointExtension>
        </extensions>
      </trkpt>
      <trkpt lat="68.9679154939949512481689453125" lon="20.37092174403369426727294921875">
        <ele>552</ele>
        <time>2026-08-21T15:23:20.000Z</time>
        <extensions>
          <ns3:TrackPointExtension>
            <ns3:cad>77</ns3:cad>
          </ns3:TrackPointExtension>
        </extensions>
      </trkpt>
      <trkpt lat="68.96795346401631832122802734375" lon="20.3709094226360321044921875">
        <ele>552.5999755859375</ele>
        <time>2026-08-21T15:23:26.000Z</time>
        <extensions>
          <ns3:TrackPointExtension>
            <ns3:cad>77</ns3:cad>
          </ns3:TrackPointExtension>
        </extensions>
      </trkpt>
      <trkpt lat="68.96797140128910541534423828125" lon="20.3709079138934612274169921875">
        <ele>553</ele>
        <time>2026-08-21T15:23:28.000Z</time>
        <extensions>
          <ns3:TrackPointExtension>
            <ns3:cad>41</ns3:cad>
          </ns3:TrackPointExtension>
        </extensions>
      </trkpt>
      <trkpt lat="68.96798841655254364013671875" lon="20.370976813137531280517578125">
        <ele>553.79998779296875</ele>
        <time>2026-08-21T15:23:31.000Z</time>
        <extensions>
          <ns3:TrackPointExtension>
            <ns3:cad>78</ns3:cad>
          </ns3:TrackPointExtension>
        </extensions>
      </trkpt>
      <trkpt lat="68.96799604408442974090576171875" lon="20.37098729051649570465087890625">
        <ele>554.20001220703125</ele>
        <time>2026-08-21T15:23:33.000Z</time>
        <extensions>
          <ns3:TrackPointExtension>
            <ns3:cad>40</ns3:cad>
          </ns3:TrackPointExtension>
        </extensions>
      </trkpt>
      <trkpt lat="68.96802068687975406646728515625" lon="20.3709940798580646514892578125">
        <ele>554.79998779296875</ele>
        <time>2026-08-21T15:23:36.000Z</time>
        <extensions>
          <ns3:TrackPointExtension>
            <ns3:cad>77</ns3:cad>
          </ns3:TrackPointExtension>
        </extensions>
      </trkpt>
      <trkpt lat="68.96804382093250751495361328125" lon="20.3709903918206691741943359375">
        <ele>555.20001220703125</ele>
        <time>2026-08-21T15:23:38.000Z</time>
        <extensions>
          <ns3:TrackPointExtension>
            <ns3:cad>77</ns3:cad>
          </ns3:TrackPointExtension>
        </extensions>
      </trkpt>
      <trkpt lat="68.96804784424602985382080078125" lon="20.37101310677826404571533203125">
        <ele>555.4000244140625</ele>
        <time>2026-08-21T15:23:39.000Z</time>
        <extensions>
          <ns3:TrackPointExtension>
            <ns3:cad>43</ns3:cad>
          </ns3:TrackPointExtension>
        </extensions>
      </trkpt>
      <trkpt lat="68.96805471740663051605224609375" lon="20.37103791721165180206298828125">
        <ele>556</ele>
        <time>2026-08-21T15:23:41.000Z</time>
        <extensions>
          <ns3:TrackPointExtension>
            <ns3:cad>41</ns3:cad>
          </ns3:TrackPointExtension>
        </extensions>
      </trkpt>
      <trkpt lat="68.96806351840496063232421875" lon="20.37109156139194965362548828125">
        <ele>556.5999755859375</ele>
        <time>2026-08-21T15:23:44.000Z</time>
        <extensions>
          <ns3:TrackPointExtension>
            <ns3:cad>41</ns3:cad>
          </ns3:TrackPointExtension>
        </extensions>
      </trkpt>
      <trkpt lat="68.96805857308208942413330078125" lon="20.3711211495101451873779296875">
        <ele>557.20001220703125</ele>
        <time>2026-08-21T15:23:46.000Z</time>
        <extensions>
          <ns3:TrackPointExtension>
            <ns3:cad>0</ns3:cad>
          </ns3:TrackPointExtension>
        </extensions>
      </trkpt>
      <trkpt lat="68.968057148158550262451171875" lon="20.3711825050413608551025390625">
        <ele>557.79998779296875</ele>
        <time>2026-08-21T15:23:50.000Z</time>
        <extensions>
          <ns3:TrackPointExtension>
            <ns3:cad>42</ns3:cad>
          </ns3:TrackPointExtension>
        </extensions>
      </trkpt>
      <trkpt lat="68.9680918492376804351806640625" lon="20.37121226079761981964111328125">
        <ele>558.20001220703125</ele>
        <time>2026-08-21T15:23:57.000Z</time>
        <extensions>
          <ns3:TrackPointExtension>
            <ns3:cad>42</ns3:cad>
          </ns3:TrackPointExtension>
        </extensions>
      </trkpt>
      <trkpt lat="68.96810534410178661346435546875" lon="20.37123187445104122161865234375">
        <ele>558.20001220703125</ele>
        <time>2026-08-21T15:23:58.000Z</time>
        <extensions>
          <ns3:TrackPointExtension>
            <ns3:cad>42</ns3:cad>
          </ns3:TrackPointExtension>
        </extensions>
      </trkpt>
      <trkpt lat="68.9681486785411834716796875" lon="20.3712780587375164031982421875">
        <ele>558.5999755859375</ele>
        <time>2026-08-21T15:24:03.000Z</time>
        <extensions>
          <ns3:TrackPointExtension>
            <ns3:cad>42</ns3:cad>
          </ns3:TrackPointExtension>
        </extensions>
      </trkpt>
      <trkpt lat="68.9681830443441867828369140625" lon="20.371391884982585906982421875">
        <ele>559.4000244140625</ele>
        <time>2026-08-21T15:24:08.000Z</time>
        <extensions>
          <ns3:TrackPointExtension>
            <ns3:cad>42</ns3:cad>
          </ns3:TrackPointExtension>
        </extensions>
      </trkpt>
      <trkpt lat="68.9681863971054553985595703125" lon="20.37141292355954647064208984375">
        <ele>559.4000244140625</ele>
        <time>2026-08-21T15:24:09.000Z</time>
        <extensions>
          <ns3:TrackPointExtension>
            <ns3:cad>41</ns3:cad>
          </ns3:TrackPointExtension>
        </extensions>
      </trkpt>
      <trkpt lat="68.9682145603001117706298828125" lon="20.3714782185852527618408203125">
        <ele>559.79998779296875</ele>
        <time>2026-08-21T15:24:13.000Z</time>
        <extensions>
          <ns3:TrackPointExtension>
            <ns3:cad>42</ns3:cad>
          </ns3:TrackPointExtension>
        </extensions>
      </trkpt>
      <trkpt lat="68.96822352893650531768798828125" lon="20.3715161047875881195068359375">
        <ele>560</ele>
        <time>2026-08-21T15:24:15.000Z</time>
        <extensions>
          <ns3:TrackPointExtension>
            <ns3:cad>79</ns3:cad>
          </ns3:TrackPointExtension>
        </extensions>
      </trkpt>
      <trkpt lat="68.96825336851179599761962890625" lon="20.3715073876082897186279296875">
        <ele>560.4000244140625</ele>
        <time>2026-08-21T15:24:21.000Z</time>
        <extensions>
          <ns3:TrackPointExtension>
            <ns3:cad>41</ns3:cad>
          </ns3:TrackPointExtension>
        </extensions>
      </trkpt>
      <trkpt lat="68.9682635106146335601806640625" lon="20.37148970179259777069091796875">
        <ele>560.5999755859375</ele>
        <time>2026-08-21T15:24:22.000Z</time>
        <extensions>
          <ns3:TrackPointExtension>
            <ns3:cad>40</ns3:cad>
          </ns3:TrackPointExtension>
        </extensions>
      </trkpt>
      <trkpt lat="68.96830650977790355682373046875" lon="20.37144259549677371978759765625">
        <ele>560.79998779296875</ele>
        <time>2026-08-21T15:24:28.000Z</time>
        <extensions>
          <ns3:TrackPointExtension>
            <ns3:cad>41</ns3:cad>
          </ns3:TrackPointExtension>
        </extensions>
      </trkpt>
      <trkpt lat="68.96836970932781696319580078125" lon="20.37142566405236721038818359375">
        <ele>561.4000244140625</ele>
        <time>2026-08-21T15:24:35.000Z</time>
        <extensions>
          <ns3:TrackPointExtension>
            <ns3:cad>42</ns3:cad>
          </ns3:TrackPointExtension>
        </extensions>
      </trkpt>
      <trkpt lat="68.9683775044977664947509765625" lon="20.37141627632081508636474609375">
        <ele>561.5999755859375</ele>
        <time>2026-08-21T15:24:36.000Z</time>
        <extensions>
          <ns3:TrackPointExtension>
            <ns3:cad>42</ns3:cad>
          </ns3:TrackPointExtension>
        </extensions>
      </trkpt>
      <trkpt lat="68.96838613785803318023681640625" lon="20.37139984779059886932373046875">
        <ele>561.79998779296875</ele>
        <time>2026-08-21T15:24:37.000Z</time>
        <extensions>
          <ns3:TrackPointExtension>
            <ns3:cad>42</ns3:cad>
          </ns3:TrackPointExtension>
        </extensions>
      </trkpt>
      <trkpt lat="68.96841916255652904510498046875" lon="20.37140068598091602325439453125">
        <ele>562.20001220703125</ele>
        <time>2026-08-21T15:24:40.000Z</time>
        <extensions>
          <ns3:TrackPointExtension>
            <ns3:cad>42</ns3:cad>
          </ns3:TrackPointExtension>
        </extensions>
      </trkpt>
      <trkpt lat="68.968425281345844268798828125" lon="20.37143253721296787261962890625">
        <ele>562.4000244140625</ele>
        <time>2026-08-21T15:24:41.000Z</time>
        <extensions>
          <ns3:TrackPointExtension>
            <ns3:cad>42</ns3:cad>
          </ns3:TrackPointExtension>
        </extensions>
      </trkpt>
      <trkpt lat="68.968440033495426177978515625" lon="20.37143890745937824249267578125">
        <ele>562.5999755859375</ele>
        <time>2026-08-21T15:24:43.000Z</time>
        <extensions>
          <ns3:TrackPointExtension>
            <ns3:cad>42</ns3:cad>
          </ns3:TrackPointExtension>
        </extensions>
      </trkpt>
      <trkpt lat="68.9684475772082805633544921875" lon="20.37143220193684101104736328125">
        <ele>562.79998779296875</ele>
        <time>2026-08-21T15:24:44.000Z</time>
        <extensions>
          <ns3:TrackPointExtension>
            <ns3:cad>42</ns3:cad>
          </ns3:TrackPointExtension>
        </extensions>
      </trkpt>
      <trkpt lat="68.96847330965101718902587890625" lon="20.37142105400562286376953125">
        <ele>562.79998779296875</ele>
        <time>2026-08-21T15:24:47.000Z</time>
        <extensions>
          <ns3:TrackPointExtension>
            <ns3:cad>43</ns3:cad>
          </ns3:TrackPointExtension>
        </extensions>
      </trkpt>
      <trkpt lat="68.968526534736156463623046875" lon="20.37133798934519290924072265625">
        <ele>563.5999755859375</ele>
        <time>2026-08-21T15:24:53.000Z</time>
        <extensions>
          <ns3:TrackPointExtension>
            <ns3:cad>43</ns3:cad>
          </ns3:TrackPointExtension>
        </extensions>
      </trkpt>
      <trkpt lat="68.968533910810947418212890625" lon="20.37131871096789836883544921875">
        <ele>563.79998779296875</ele>
        <time>2026-08-21T15:24:54.000Z</time>
        <extensions>
          <ns3:TrackPointExtension>
            <ns3:cad>44</ns3:cad>
          </ns3:TrackPointExtension>
        </extensions>
      </trkpt>
      <trkpt lat="68.9685733057558536529541015625" lon="20.37125802598893642425537109375">
        <ele>564.79998779296875</ele>
        <time>2026-08-21T15:24:59.000Z</time>
        <extensions>
          <ns3:TrackPointExtension>
            <ns3:cad>44</ns3:cad>
          </ns3:TrackPointExtension>
        </extensions>
      </trkpt>
      <trkpt lat="68.96858126856386661529541015625" lon="20.37124134600162506103515625">
        <ele>565</ele>
        <time>2026-08-21T15:25:00.000Z</time>
        <extensions>
          <ns3:TrackPointExtension>
            <ns3:cad>44</ns3:cad>
          </ns3:TrackPointExtension>
        </extensions>
      </trkpt>
      <trkpt lat="68.96864061243832111358642578125" lon="20.37116364575922489166259765625">
        <ele>566</ele>
        <time>2026-08-21T15:25:08.000Z</time>
        <extensions>
          <ns3:TrackPointExtension>
            <ns3:cad>42</ns3:cad>
          </ns3:TrackPointExtension>
        </extensions>
      </trkpt>
      <trkpt lat="68.96869442425668239593505859375" lon="20.37118057720363140106201171875">
        <ele>567</ele>
        <time>2026-08-21T15:25:14.000Z</time>
        <extensions>
          <ns3:TrackPointExtension>
            <ns3:cad>43</ns3:cad>
          </ns3:TrackPointExtension>
        </extensions>
      </trkpt>
      <trkpt lat="68.96872225217521190643310546875" lon="20.3712415136396884918212890625">
        <ele>568.20001220703125</ele>
        <time>2026-08-21T15:25:18.000Z</time>
        <extensions>
          <ns3:TrackPointExtension>
            <ns3:cad>0</ns3:cad>
          </ns3:TrackPointExtension>
        </extensions>
      </trkpt>
      <trkpt lat="68.9687312208116054534912109375" lon="20.37126841954886913299560546875">
        <ele>568.4000244140625</ele>
        <time>2026-08-21T15:25:19.000Z</time>
        <extensions>
          <ns3:TrackPointExtension>
            <ns3:cad>0</ns3:cad>
          </ns3:TrackPointExtension>
        </extensions>
      </trkpt>
      <trkpt lat="68.968747146427631378173828125" lon="20.3712844289839267730712890625">
        <ele>568.5999755859375</ele>
        <time>2026-08-21T15:25:21.000Z</time>
        <extensions>
          <ns3:TrackPointExtension>
            <ns3:cad>0</ns3:cad>
          </ns3:TrackPointExtension>
        </extensions>
      </trkpt>
      <trkpt lat="68.9687717892229557037353515625" lon="20.3713172860443592071533203125">
        <ele>568.5999755859375</ele>
        <time>2026-08-21T15:25:24.000Z</time>
        <extensions>
          <ns3:TrackPointExtension>
            <ns3:cad>41</ns3:cad>
          </ns3:TrackPointExtension>
        </extensions>
      </trkpt>
      <trkpt lat="68.96882367320358753204345703125" lon="20.3713783062994480133056640625">
        <ele>568.4000244140625</ele>
        <time>2026-08-21T15:25:30.000Z</time>
        <extensions>
          <ns3:TrackPointExtension>
            <ns3:cad>42</ns3:cad>
          </ns3:TrackPointExtension>
        </extensions>
      </trkpt>
      <trkpt lat="68.96889357827603816986083984375" lon="20.3714440204203128814697265625">
        <ele>568.5999755859375</ele>
        <time>2026-08-21T15:25:38.000Z</time>
        <extensions>
          <ns3:TrackPointExtension>
            <ns3:cad>47</ns3:cad>
          </ns3:TrackPointExtension>
        </extensions>
      </trkpt>
      <trkpt lat="68.96895292215049266815185546875" lon="20.3715137578547000885009765625">
        <ele>569</ele>
        <time>2026-08-21T15:25:44.000Z</time>
        <extensions>
          <ns3:TrackPointExtension>
            <ns3:cad>48</ns3:cad>
          </ns3:TrackPointExtension>
        </extensions>
      </trkpt>
      <trkpt lat="68.96897991187870502471923828125" lon="20.37154066376388072967529296875">
        <ele>569.20001220703125</ele>
        <time>2026-08-21T15:25:47.000Z</time>
        <extensions>
          <ns3:TrackPointExtension>
            <ns3:cad>48</ns3:cad>
          </ns3:TrackPointExtension>
        </extensions>
      </trkpt>
      <trkpt lat="68.96899692714214324951171875" lon="20.371571592986583709716796875">
        <ele>569.4000244140625</ele>
        <time>2026-08-21T15:25:49.000Z</time>
        <extensions>
          <ns3:TrackPointExtension>
            <ns3:cad>47</ns3:cad>
          </ns3:TrackPointExtension>
        </extensions>
      </trkpt>
      <trkpt lat="68.96902777254581451416015625" lon="20.37165415473282337188720703125">
        <ele>570.20001220703125</ele>
        <time>2026-08-21T15:25:55.000Z</time>
        <extensions>
          <ns3:TrackPointExtension>
            <ns3:cad>43</ns3:cad>
          </ns3:TrackPointExtension>
        </extensions>
      </trkpt>
      <trkpt lat="68.96903053857386112213134765625" lon="20.37167184054851531982421875">
        <ele>570.4000244140625</ele>
        <time>2026-08-21T15:25:56.000Z</time>
        <extensions>
          <ns3:TrackPointExtension>
            <ns3:cad>44</ns3:cad>
          </ns3:TrackPointExtension>
        </extensions>
      </trkpt>
      <trkpt lat="68.9690463803708553314208984375" lon="20.3717172704637050628662109375">
        <ele>571.20001220703125</ele>
        <time>2026-08-21T15:25:59.000Z</time>
        <extensions>
          <ns3:TrackPointExtension>
            <ns3:cad>47</ns3:cad>
          </ns3:TrackPointExtension>
        </extensions>
      </trkpt>
      <trkpt lat="68.9690490625798702239990234375" lon="20.3717407397925853729248046875">
        <ele>571.4000244140625</ele>
        <time>2026-08-21T15:26:00.000Z</time>
        <extensions>
          <ns3:TrackPointExtension>
            <ns3:cad>47</ns3:cad>
          </ns3:TrackPointExtension>
        </extensions>
      </trkpt>
      <trkpt lat="68.9690534211695194244384765625" lon="20.37174920551478862762451171875">
        <ele>571.5999755859375</ele>
        <time>2026-08-21T15:26:01.000Z</time>
        <extensions>
          <ns3:TrackPointExtension>
            <ns3:cad>47</ns3:cad>
          </ns3:TrackPointExtension>
        </extensions>
      </trkpt>
      <trkpt lat="68.96906138397753238677978515625" lon="20.37176026962697505950927734375">
        <ele>571.79998779296875</ele>
        <time>2026-08-21T15:26:02.000Z</time>
        <extensions>
          <ns3:TrackPointExtension>
            <ns3:cad>46</ns3:cad>
          </ns3:TrackPointExtension>
        </extensions>
      </trkpt>
      <trkpt lat="68.96908451803028583526611328125" lon="20.37179564125835895538330078125">
        <ele>572.4000244140625</ele>
        <time>2026-08-21T15:26:05.000Z</time>
        <extensions>
          <ns3:TrackPointExtension>
            <ns3:cad>43</ns3:cad>
          </ns3:TrackPointExtension>
        </extensions>
      </trkpt>
      <trkpt lat="68.96909122355282306671142578125" lon="20.371815674006938934326171875">
        <ele>572.5999755859375</ele>
        <time>2026-08-21T15:26:06.000Z</time>
        <extensions>
          <ns3:TrackPointExtension>
            <ns3:cad>43</ns3:cad>
          </ns3:TrackPointExtension>
        </extensions>
      </trkpt>
      <trkpt lat="68.969112597405910491943359375" lon="20.37187912501394748687744140625">
        <ele>573.5999755859375</ele>
        <time>2026-08-21T15:26:10.000Z</time>
        <extensions>
          <ns3:TrackPointExtension>
            <ns3:cad>45</ns3:cad>
          </ns3:TrackPointExtension>
        </extensions>
      </trkpt>
      <trkpt lat="68.96912173368036746978759765625" lon="20.37190007977187633514404296875">
        <ele>574</ele>
        <time>2026-08-21T15:26:11.000Z</time>
        <extensions>
          <ns3:TrackPointExtension>
            <ns3:cad>45</ns3:cad>
          </ns3:TrackPointExtension>
        </extensions>
      </trkpt>
      <trkpt lat="68.96914847195148468017578125" lon="20.371895469725131988525390625">
        <ele>574.4000244140625</ele>
        <time>2026-08-21T15:26:14.000Z</time>
        <extensions>
          <ns3:TrackPointExtension>
            <ns3:cad>45</ns3:cad>
          </ns3:TrackPointExtension>
        </extensions>
      </trkpt>
      <trkpt lat="68.9691727794706821441650390625" lon="20.37187862209975719451904296875">
        <ele>574.5999755859375</ele>
        <time>2026-08-21T15:26:17.000Z</time>
        <extensions>
          <ns3:TrackPointExtension>
            <ns3:cad>45</ns3:cad>
          </ns3:TrackPointExtension>
        </extensions>
      </trkpt>
      <trkpt lat="68.9691768027842044830322265625" lon="20.371874012053012847900390625">
        <ele>574.79998779296875</ele>
        <time>2026-08-21T15:26:18.000Z</time>
        <extensions>
          <ns3:TrackPointExtension>
            <ns3:cad>45</ns3:cad>
          </ns3:TrackPointExtension>
        </extensions>
      </trkpt>
      <trkpt lat="68.96920211613178253173828125" lon="20.371888764202594757080078125">
        <ele>574.5999755859375</ele>
        <time>2026-08-21T15:26:22.000Z</time>
        <extensions>
          <ns3:TrackPointExtension>
            <ns3:cad>47</ns3:cad>
          </ns3:TrackPointExtension>
        </extensions>
      </trkpt>
      <trkpt lat="68.9691985957324504852294921875" lon="20.37188096903264522552490234375">
        <ele>574.5999755859375</ele>
        <time>2026-08-21T15:26:26.000Z</time>
        <extensions>
          <ns3:TrackPointExtension>
            <ns3:cad>0</ns3:cad>
          </ns3:TrackPointExtension>
        </extensions>
      </trkpt>
      <trkpt lat="68.969233967363834381103515625" lon="20.37187007255852222442626953125">
        <ele>574.79998779296875</ele>
        <time>2026-08-21T15:26:32.000Z</time>
        <extensions>
          <ns3:TrackPointExtension>
            <ns3:cad>0</ns3:cad>
          </ns3:TrackPointExtension>
        </extensions>
      </trkpt>
      <trkpt lat="68.9692837558686733245849609375" lon="20.371921621263027191162109375">
        <ele>575.4000244140625</ele>
        <time>2026-08-21T15:26:38.000Z</time>
        <extensions>
          <ns3:TrackPointExtension>
            <ns3:cad>46</ns3:cad>
          </ns3:TrackPointExtension>
        </extensions>
      </trkpt>
      <trkpt lat="68.96932910196483135223388671875" lon="20.371972583234310150146484375">
        <ele>575.4000244140625</ele>
        <time>2026-08-21T15:26:43.000Z</time>
        <extensions>
          <ns3:TrackPointExtension>
            <ns3:cad>46</ns3:cad>
          </ns3:TrackPointExtension>
        </extensions>
      </trkpt>
      <trkpt lat="68.96937738172709941864013671875" lon="20.37196964956820011138916015625">
        <ele>575.5999755859375</ele>
        <time>2026-08-21T15:26:47.000Z</time>
        <extensions>
          <ns3:TrackPointExtension>
            <ns3:cad>48</ns3:cad>
          </ns3:TrackPointExtension>
        </extensions>
      </trkpt>
      <trkpt lat="68.9694051258265972137451171875" lon="20.37200485356152057647705078125">
        <ele>575.5999755859375</ele>
        <time>2026-08-21T15:26:49.000Z</time>
        <extensions>
          <ns3:TrackPointExtension>
            <ns3:cad>48</ns3:cad>
          </ns3:TrackPointExtension>
        </extensions>
      </trkpt>
      <trkpt lat="68.96943421103060245513916015625" lon="20.372014828026294708251953125">
        <ele>575.79998779296875</ele>
        <time>2026-08-21T15:26:52.000Z</time>
        <extensions>
          <ns3:TrackPointExtension>
            <ns3:cad>48</ns3:cad>
          </ns3:TrackPointExtension>
        </extensions>
      </trkpt>
      <trkpt lat="68.96945960819721221923828125" lon="20.37205807864665985107421875">
        <ele>575.79998779296875</ele>
        <time>2026-08-21T15:26:54.000Z</time>
        <extensions>
          <ns3:TrackPointExtension>
            <ns3:cad>47</ns3:cad>
          </ns3:TrackPointExtension>
        </extensions>
      </trkpt>
      <trkpt lat="68.969498835504055023193359375" lon="20.37212085910141468048095703125">
        <ele>575.20001220703125</ele>
        <time>2026-08-21T15:26:59.000Z</time>
        <extensions>
          <ns3:TrackPointExtension>
            <ns3:cad>49</ns3:cad>
          </ns3:TrackPointExtension>
        </extensions>
      </trkpt>
      <trkpt lat="68.96953294984996318817138671875" lon="20.37218020297586917877197265625">
        <ele>575</ele>
        <time>2026-08-21T15:27:04.000Z</time>
        <extensions>
          <ns3:TrackPointExtension>
            <ns3:cad>49</ns3:cad>
          </ns3:TrackPointExtension>
        </extensions>
      </trkpt>
      <trkpt lat="68.96957435645163059234619140625" lon="20.372153632342815399169921875">
        <ele>574.5999755859375</ele>
        <time>2026-08-21T15:27:08.000Z</time>
        <extensions>
          <ns3:TrackPointExtension>
            <ns3:cad>50</ns3:cad>
          </ns3:TrackPointExtension>
        </extensions>
      </trkpt>
      <trkpt lat="68.9695965684950351715087890625" lon="20.37215522490441799163818359375">
        <ele>574.5999755859375</ele>
        <time>2026-08-21T15:27:10.000Z</time>
        <extensions>
          <ns3:TrackPointExtension>
            <ns3:cad>50</ns3:cad>
          </ns3:TrackPointExtension>
        </extensions>
      </trkpt>
      <trkpt lat="68.96968516521155834197998046875" lon="20.37211767397820949554443359375">
        <ele>574.20001220703125</ele>
        <time>2026-08-21T15:27:18.000Z</time>
        <extensions>
          <ns3:TrackPointExtension>
            <ns3:cad>50</ns3:cad>
          </ns3:TrackPointExtension>
        </extensions>
      </trkpt>
      <trkpt lat="68.96974098868668079376220703125" lon="20.3721125610172748565673828125">
        <ele>574.4000244140625</ele>
        <time>2026-08-21T15:27:24.000Z</time>
        <extensions>
          <ns3:TrackPointExtension>
            <ns3:cad>48</ns3:cad>
          </ns3:TrackPointExtension>
        </extensions>
      </trkpt>
      <trkpt lat="68.96979396231472492218017578125" lon="20.3721110522747039794921875">
        <ele>574.5999755859375</ele>
        <time>2026-08-21T15:27:28.000Z</time>
        <extensions>
          <ns3:TrackPointExtension>
            <ns3:cad>46</ns3:cad>
          </ns3:TrackPointExtension>
        </extensions>
      </trkpt>
      <trkpt lat="68.969818688929080963134765625" lon="20.3721232898533344268798828125">
        <ele>574.5999755859375</ele>
        <time>2026-08-21T15:27:31.000Z</time>
        <extensions>
          <ns3:TrackPointExtension>
            <ns3:cad>48</ns3:cad>
          </ns3:TrackPointExtension>
        </extensions>
      </trkpt>
      <trkpt lat="68.96983486600220203399658203125" lon="20.3721444122493267059326171875">
        <ele>574.5999755859375</ele>
        <time>2026-08-21T15:27:33.000Z</time>
        <extensions>
          <ns3:TrackPointExtension>
            <ns3:cad>48</ns3:cad>
          </ns3:TrackPointExtension>
        </extensions>
      </trkpt>
      <trkpt lat="68.9699189364910125732421875" lon="20.37226402200758457183837890625">
        <ele>574.4000244140625</ele>
        <time>2026-08-21T15:27:41.000Z</time>
        <extensions>
          <ns3:TrackPointExtension>
            <ns3:cad>50</ns3:cad>
          </ns3:TrackPointExtension>
        </extensions>
      </trkpt>
      <trkpt lat="68.9699900150299072265625" lon="20.37229319103062152862548828125">
        <ele>574.20001220703125</ele>
        <time>2026-08-21T15:27:48.000Z</time>
        <extensions>
          <ns3:TrackPointExtension>
            <ns3:cad>48</ns3:cad>
          </ns3:TrackPointExtension>
        </extensions>
      </trkpt>
      <trkpt lat="68.9700170047581195831298828125" lon="20.37231783382594585418701171875">
        <ele>573.5999755859375</ele>
        <time>2026-08-21T15:27:51.000Z</time>
        <extensions>
          <ns3:TrackPointExtension>
            <ns3:cad>55</ns3:cad>
          </ns3:TrackPointExtension>
        </extensions>
      </trkpt>
      <trkpt lat="68.970038630068302154541015625" lon="20.37233660928905010223388671875">
        <ele>573.20001220703125</ele>
        <time>2026-08-21T15:27:53.000Z</time>
        <extensions>
          <ns3:TrackPointExtension>
            <ns3:cad>54</ns3:cad>
          </ns3:TrackPointExtension>
        </extensions>
      </trkpt>
      <trkpt lat="68.97007651627063751220703125" lon="20.372381620109081268310546875">
        <ele>572.5999755859375</ele>
        <time>2026-08-21T15:27:58.000Z</time>
        <extensions>
          <ns3:TrackPointExtension>
            <ns3:cad>51</ns3:cad>
          </ns3:TrackPointExtension>
        </extensions>
      </trkpt>
      <trkpt lat="68.9700924418866634368896484375" lon="20.3723851405084133148193359375">
        <ele>572.5999755859375</ele>
        <time>2026-08-21T15:27:59.000Z</time>
        <extensions>
          <ns3:TrackPointExtension>
            <ns3:cad>51</ns3:cad>
          </ns3:TrackPointExtension>
        </extensions>
      </trkpt>
      <trkpt lat="68.9701360277831554412841796875" lon="20.37237298674881458282470703125">
        <ele>572</ele>
        <time>2026-08-21T15:28:04.000Z</time>
        <extensions>
          <ns3:TrackPointExtension>
            <ns3:cad>51</ns3:cad>
          </ns3:TrackPointExtension>
        </extensions>
      </trkpt>
      <trkpt lat="68.97019193507730960845947265625" lon="20.37240810692310333251953125">
        <ele>571.5999755859375</ele>
        <time>2026-08-21T15:28:09.000Z</time>
        <extensions>
          <ns3:TrackPointExtension>
            <ns3:cad>51</ns3:cad>
          </ns3:TrackPointExtension>
        </extensions>
      </trkpt>
      <trkpt lat="68.970265276730060577392578125" lon="20.37237382493913173675537109375">
        <ele>572</ele>
        <time>2026-08-21T15:28:16.000Z</time>
        <extensions>
          <ns3:TrackPointExtension>
            <ns3:cad>48</ns3:cad>
          </ns3:TrackPointExtension>
        </extensions>
      </trkpt>
      <trkpt lat="68.97030291147530078887939453125" lon="20.37235069088637828826904296875">
        <ele>571.79998779296875</ele>
        <time>2026-08-21T15:28:20.000Z</time>
        <extensions>
          <ns3:TrackPointExtension>
            <ns3:cad>48</ns3:cad>
          </ns3:TrackPointExtension>
        </extensions>
      </trkpt>
      <trkpt lat="68.97032705135643482208251953125" lon="20.37233074195683002471923828125">
        <ele>571.5999755859375</ele>
        <time>2026-08-21T15:28:22.000Z</time>
        <extensions>
          <ns3:TrackPointExtension>
            <ns3:cad>49</ns3:cad>
          </ns3:TrackPointExtension>
        </extensions>
      </trkpt>
      <trkpt lat="68.9703454077243804931640625" lon="20.37235186435282230377197265625">
        <ele>571.4000244140625</ele>
        <time>2026-08-21T15:28:24.000Z</time>
        <extensions>
          <ns3:TrackPointExtension>
            <ns3:cad>49</ns3:cad>
          </ns3:TrackPointExtension>
        </extensions>
      </trkpt>
      <trkpt lat="68.9703837968409061431884765625" lon="20.3723283112049102783203125">
        <ele>571.4000244140625</ele>
        <time>2026-08-21T15:28:28.000Z</time>
        <extensions>
          <ns3:TrackPointExtension>
            <ns3:cad>47</ns3:cad>
          </ns3:TrackPointExtension>
        </extensions>
      </trkpt>
      <trkpt lat="68.9704367704689502716064453125" lon="20.3723579831421375274658203125">
        <ele>571.4000244140625</ele>
        <time>2026-08-21T15:28:34.000Z</time>
        <extensions>
          <ns3:TrackPointExtension>
            <ns3:cad>45</ns3:cad>
          </ns3:TrackPointExtension>
        </extensions>
      </trkpt>
      <trkpt lat="68.970509357750415802001953125" lon="20.37233375944197177886962890625">
        <ele>572</ele>
        <time>2026-08-21T15:28:41.000Z</time>
        <extensions>
          <ns3:TrackPointExtension>
            <ns3:cad>44</ns3:cad>
          </ns3:TrackPointExtension>
        </extensions>
      </trkpt>
      <trkpt lat="68.97053341381251811981201171875" lon="20.37232051603496074676513671875">
        <ele>572.5999755859375</ele>
        <time>2026-08-21T15:28:44.000Z</time>
        <extensions>
          <ns3:TrackPointExtension>
            <ns3:cad>0</ns3:cad>
          </ns3:TrackPointExtension>
        </extensions>
      </trkpt>
      <trkpt lat="68.9705645106732845306396484375" lon="20.372319258749485015869140625">
        <ele>573</ele>
        <time>2026-08-21T15:28:48.000Z</time>
        <extensions>
          <ns3:TrackPointExtension>
            <ns3:cad>51</ns3:cad>
          </ns3:TrackPointExtension>
        </extensions>
      </trkpt>
      <trkpt lat="68.97059443406760692596435546875" lon="20.37231934256851673126220703125">
        <ele>573.20001220703125</ele>
        <time>2026-08-21T15:28:51.000Z</time>
        <extensions>
          <ns3:TrackPointExtension>
            <ns3:cad>0</ns3:cad>
          </ns3:TrackPointExtension>
        </extensions>
      </trkpt>
      <trkpt lat="68.97062444128096103668212890625" lon="20.37236108444631099700927734375">
        <ele>573.4000244140625</ele>
        <time>2026-08-21T15:28:54.000Z</time>
        <extensions>
          <ns3:TrackPointExtension>
            <ns3:cad>19</ns3:cad>
          </ns3:TrackPointExtension>
        </extensions>
      </trkpt>
      <trkpt lat="68.9706570468842983245849609375" lon="20.37235471419990062713623046875">
        <ele>573.5999755859375</ele>
        <time>2026-08-21T15:28:57.000Z</time>
        <extensions>
          <ns3:TrackPointExtension>
            <ns3:cad>47</ns3:cad>
          </ns3:TrackPointExtension>
        </extensions>
      </trkpt>
      <trkpt lat="68.97067875601351261138916015625" lon="20.3723673708736896514892578125">
        <ele>574</ele>
        <time>2026-08-21T15:29:00.000Z</time>
        <extensions>
          <ns3:TrackPointExtension>
            <ns3:cad>47</ns3:cad>
          </ns3:TrackPointExtension>
        </extensions>
      </trkpt>
      <trkpt lat="68.9707267843186855316162109375" lon="20.37238857708871364593505859375">
        <ele>574.5999755859375</ele>
        <time>2026-08-21T15:29:05.000Z</time>
        <extensions>
          <ns3:TrackPointExtension>
            <ns3:cad>48</ns3:cad>
          </ns3:TrackPointExtension>
        </extensions>
      </trkpt>
      <trkpt lat="68.970772884786128997802734375" lon="20.37229453213512897491455078125">
        <ele>574.5999755859375</ele>
        <time>2026-08-21T15:29:10.000Z</time>
        <extensions>
          <ns3:TrackPointExtension>
            <ns3:cad>49</ns3:cad>
          </ns3:TrackPointExtension>
        </extensions>
      </trkpt>
      <trkpt lat="68.970827870070934295654296875" lon="20.37222915329039096832275390625">
        <ele>574.79998779296875</ele>
        <time>2026-08-21T15:29:15.000Z</time>
        <extensions>
          <ns3:TrackPointExtension>
            <ns3:cad>49</ns3:cad>
          </ns3:TrackPointExtension>
        </extensions>
      </trkpt>
      <trkpt lat="68.97083683870732784271240234375" lon="20.3722124733030796051025390625">
        <ele>574.79998779296875</ele>
        <time>2026-08-21T15:29:16.000Z</time>
        <extensions>
          <ns3:TrackPointExtension>
            <ns3:cad>49</ns3:cad>
          </ns3:TrackPointExtension>
        </extensions>
      </trkpt>
      <trkpt lat="68.97088654339313507080078125" lon="20.37216134369373321533203125">
        <ele>574.79998779296875</ele>
        <time>2026-08-21T15:29:21.000Z</time>
        <extensions>
          <ns3:TrackPointExtension>
            <ns3:cad>50</ns3:cad>
          </ns3:TrackPointExtension>
        </extensions>
      </trkpt>
      <trkpt lat="68.97093825973570346832275390625" lon="20.37211935035884380340576171875">
        <ele>574.5999755859375</ele>
        <time>2026-08-21T15:29:26.000Z</time>
        <extensions>
          <ns3:TrackPointExtension>
            <ns3:cad>47</ns3:cad>
          </ns3:TrackPointExtension>
        </extensions>
      </trkpt>
      <trkpt lat="68.970949240028858184814453125" lon="20.372057072818279266357421875">
        <ele>574.5999755859375</ele>
        <time>2026-08-21T15:29:29.000Z</time>
        <extensions>
          <ns3:TrackPointExtension>
            <ns3:cad>48</ns3:cad>
          </ns3:TrackPointExtension>
        </extensions>
      </trkpt>
      <trkpt lat="68.9709678478538990020751953125" lon="20.3720123134553432464599609375">
        <ele>574.5999755859375</ele>
        <time>2026-08-21T15:29:31.000Z</time>
        <extensions>
          <ns3:TrackPointExtension>
            <ns3:cad>48</ns3:cad>
          </ns3:TrackPointExtension>
        </extensions>
      </trkpt>
      <trkpt lat="68.97098721005022525787353515625" lon="20.37195355631411075592041015625">
        <ele>574.20001220703125</ele>
        <time>2026-08-21T15:29:35.000Z</time>
        <extensions>
          <ns3:TrackPointExtension>
            <ns3:cad>49</ns3:cad>
          </ns3:TrackPointExtension>
        </extensions>
      </trkpt>
      <trkpt lat="68.97100699134171009063720703125" lon="20.37191013805568218231201171875">
        <ele>574</ele>
        <time>2026-08-21T15:29:37.000Z</time>
        <extensions>
          <ns3:TrackPointExtension>
            <ns3:cad>49</ns3:cad>
          </ns3:TrackPointExtension>
        </extensions>
      </trkpt>
      <trkpt lat="68.97103699855506420135498046875" lon="20.3718936257064342498779296875">
        <ele>573.5999755859375</ele>
        <time>2026-08-21T15:29:40.000Z</time>
        <extensions>
          <ns3:TrackPointExtension>
            <ns3:cad>49</ns3:cad>
          </ns3:TrackPointExtension>
        </extensions>
      </trkpt>
      <trkpt lat="68.97104521282017230987548828125" lon="20.37190997041761875152587890625">
        <ele>573.4000244140625</ele>
        <time>2026-08-21T15:29:41.000Z</time>
        <extensions>
          <ns3:TrackPointExtension>
            <ns3:cad>50</ns3:cad>
          </ns3:TrackPointExtension>
        </extensions>
      </trkpt>
      <trkpt lat="68.971056528389453887939453125" lon="20.371927320957183837890625">
        <ele>573.4000244140625</ele>
        <time>2026-08-21T15:29:42.000Z</time>
        <extensions>
          <ns3:TrackPointExtension>
            <ns3:cad>50</ns3:cad>
          </ns3:TrackPointExtension>
        </extensions>
      </trkpt>
      <trkpt lat="68.97107320837676525115966796875" lon="20.37190594710409641265869140625">
        <ele>573.4000244140625</ele>
        <time>2026-08-21T15:29:44.000Z</time>
        <extensions>
          <ns3:TrackPointExtension>
            <ns3:cad>49</ns3:cad>
          </ns3:TrackPointExtension>
        </extensions>
      </trkpt>
      <trkpt lat="68.9711046405136585235595703125" lon="20.37183637730777263641357421875">
        <ele>573.79998779296875</ele>
        <time>2026-08-21T15:29:47.000Z</time>
        <extensions>
          <ns3:TrackPointExtension>
            <ns3:cad>49</ns3:cad>
          </ns3:TrackPointExtension>
        </extensions>
      </trkpt>
      <trkpt lat="68.97112634964287281036376953125" lon="20.3718195296823978424072265625">
        <ele>574.79998779296875</ele>
        <time>2026-08-21T15:29:51.000Z</time>
        <extensions>
          <ns3:TrackPointExtension>
            <ns3:cad>48</ns3:cad>
          </ns3:TrackPointExtension>
        </extensions>
      </trkpt>
      <trkpt lat="68.9711348153650760650634765625" lon="20.3718133270740509033203125">
        <ele>575</ele>
        <time>2026-08-21T15:29:52.000Z</time>
        <extensions>
          <ns3:TrackPointExtension>
            <ns3:cad>48</ns3:cad>
          </ns3:TrackPointExtension>
        </extensions>
      </trkpt>
      <trkpt lat="68.97118301130831241607666015625" lon="20.3717497922480106353759765625">
        <ele>575.79998779296875</ele>
        <time>2026-08-21T15:29:58.000Z</time>
        <extensions>
          <ns3:TrackPointExtension>
            <ns3:cad>44</ns3:cad>
          </ns3:TrackPointExtension>
        </extensions>
      </trkpt>
      <trkpt lat="68.97120195440948009490966796875" lon="20.37173478864133358001708984375">
        <ele>576</ele>
        <time>2026-08-21T15:30:00.000Z</time>
        <extensions>
          <ns3:TrackPointExtension>
            <ns3:cad>47</ns3:cad>
          </ns3:TrackPointExtension>
        </extensions>
      </trkpt>
      <trkpt lat="68.97124721668660640716552734375" lon="20.37164325825870037078857421875">
        <ele>575.20001220703125</ele>
        <time>2026-08-21T15:30:05.000Z</time>
        <extensions>
          <ns3:TrackPointExtension>
            <ns3:cad>49</ns3:cad>
          </ns3:TrackPointExtension>
        </extensions>
      </trkpt>
      <trkpt lat="68.971267081797122955322265625" lon="20.37154468707740306854248046875">
        <ele>574.79998779296875</ele>
        <time>2026-08-21T15:30:08.000Z</time>
        <extensions>
          <ns3:TrackPointExtension>
            <ns3:cad>52</ns3:cad>
          </ns3:TrackPointExtension>
        </extensions>
      </trkpt>
      <trkpt lat="68.9712729491293430328369140625" lon="20.37145550362765789031982421875">
        <ele>574.5999755859375</ele>
        <time>2026-08-21T15:30:11.000Z</time>
        <extensions>
          <ns3:TrackPointExtension>
            <ns3:cad>51</ns3:cad>
          </ns3:TrackPointExtension>
        </extensions>
      </trkpt>
      <trkpt lat="68.971279151737689971923828125" lon="20.37133446894586086273193359375">
        <ele>574.79998779296875</ele>
        <time>2026-08-21T15:30:16.000Z</time>
        <extensions>
          <ns3:TrackPointExtension>
            <ns3:cad>50</ns3:cad>
          </ns3:TrackPointExtension>
        </extensions>
      </trkpt>
      <trkpt lat="68.97130052559077739715576171875" lon="20.371256768703460693359375">
        <ele>574.4000244140625</ele>
        <time>2026-08-21T15:30:19.000Z</time>
        <extensions>
          <ns3:TrackPointExtension>
            <ns3:cad>47</ns3:cad>
          </ns3:TrackPointExtension>
        </extensions>
      </trkpt>
      <trkpt lat="68.9713158644735813140869140625" lon="20.37124495021998882293701171875">
        <ele>574.5999755859375</ele>
        <time>2026-08-21T15:30:21.000Z</time>
        <extensions>
          <ns3:TrackPointExtension>
            <ns3:cad>47</ns3:cad>
          </ns3:TrackPointExtension>
        </extensions>
      </trkpt>
      <trkpt lat="68.9713644795119762420654296875" lon="20.37120505236089229583740234375">
        <ele>574.79998779296875</ele>
        <time>2026-08-21T15:30:26.000Z</time>
        <extensions>
          <ns3:TrackPointExtension>
            <ns3:cad>49</ns3:cad>
          </ns3:TrackPointExtension>
        </extensions>
      </trkpt>
      <trkpt lat="68.97137713618576526641845703125" lon="20.3712123446166515350341796875">
        <ele>574.79998779296875</ele>
        <time>2026-08-21T15:30:27.000Z</time>
        <extensions>
          <ns3:TrackPointExtension>
            <ns3:cad>49</ns3:cad>
          </ns3:TrackPointExtension>
        </extensions>
      </trkpt>
      <trkpt lat="68.971422649919986724853515625" lon="20.37123505957424640655517578125">
        <ele>574.79998779296875</ele>
        <time>2026-08-21T15:30:31.000Z</time>
        <extensions>
          <ns3:TrackPointExtension>
            <ns3:cad>49</ns3:cad>
          </ns3:TrackPointExtension>
        </extensions>
      </trkpt>
      <trkpt lat="68.9714808203279972076416015625" lon="20.37116490304470062255859375">
        <ele>574.79998779296875</ele>
        <time>2026-08-21T15:30:37.000Z</time>
        <extensions>
          <ns3:TrackPointExtension>
            <ns3:cad>50</ns3:cad>
          </ns3:TrackPointExtension>
        </extensions>
      </trkpt>
      <trkpt lat="68.97151929326355457305908203125" lon="20.37107504904270172119140625">
        <ele>574.79998779296875</ele>
        <time>2026-08-21T15:30:42.000Z</time>
        <extensions>
          <ns3:TrackPointExtension>
            <ns3:cad>49</ns3:cad>
          </ns3:TrackPointExtension>
        </extensions>
      </trkpt>
      <trkpt lat="68.971560783684253692626953125" lon="20.371041186153888702392578125">
        <ele>574.5999755859375</ele>
        <time>2026-08-21T15:30:47.000Z</time>
        <extensions>
          <ns3:TrackPointExtension>
            <ns3:cad>48</ns3:cad>
          </ns3:TrackPointExtension>
        </extensions>
      </trkpt>
      <trkpt lat="68.97164116613566875457763671875" lon="20.37097790278494358062744140625">
        <ele>574.20001220703125</ele>
        <time>2026-08-21T15:30:54.000Z</time>
        <extensions>
          <ns3:TrackPointExtension>
            <ns3:cad>51</ns3:cad>
          </ns3:TrackPointExtension>
        </extensions>
      </trkpt>
      <trkpt lat="68.97169531323015689849853515625" lon="20.3708774037659168243408203125">
        <ele>574.4000244140625</ele>
        <time>2026-08-21T15:30:59.000Z</time>
        <extensions>
          <ns3:TrackPointExtension>
            <ns3:cad>50</ns3:cad>
          </ns3:TrackPointExtension>
        </extensions>
      </trkpt>
      <trkpt lat="68.9717647992074489593505859375" lon="20.37087866105139255523681640625">
        <ele>574.79998779296875</ele>
        <time>2026-08-21T15:31:07.000Z</time>
        <extensions>
          <ns3:TrackPointExtension>
            <ns3:cad>0</ns3:cad>
          </ns3:TrackPointExtension>
        </extensions>
      </trkpt>
      <trkpt lat="68.97177309729158878326416015625" lon="20.3708532638847827911376953125">
        <ele>575.79998779296875</ele>
        <time>2026-08-21T15:31:10.000Z</time>
        <extensions>
          <ns3:TrackPointExtension>
            <ns3:cad>0</ns3:cad>
          </ns3:TrackPointExtension>
        </extensions>
      </trkpt>
      <trkpt lat="68.97179958410561084747314453125" lon="20.37079215981066226959228515625">
        <ele>577</ele>
        <time>2026-08-21T15:31:15.000Z</time>
        <extensions>
          <ns3:TrackPointExtension>
            <ns3:cad>75</ns3:cad>
          </ns3:TrackPointExtension>
        </extensions>
      </trkpt>
      <trkpt lat="68.97180276922881603240966796875" lon="20.37080808542668819427490234375">
        <ele>577</ele>
        <time>2026-08-21T15:31:16.000Z</time>
        <extensions>
          <ns3:TrackPointExtension>
            <ns3:cad>75</ns3:cad>
          </ns3:TrackPointExtension>
        </extensions>
      </trkpt>
      <trkpt lat="68.9718285016715526580810546875" lon="20.3707178123295307159423828125">
        <ele>576.79998779296875</ele>
        <time>2026-08-21T15:31:21.000Z</time>
        <extensions>
          <ns3:TrackPointExtension>
            <ns3:cad>0</ns3:cad>
          </ns3:TrackPointExtension>
        </extensions>
      </trkpt>
      <trkpt lat="68.9718881808221340179443359375" lon="20.370597280561923980712890625">
        <ele>577.20001220703125</ele>
        <time>2026-08-21T15:31:27.000Z</time>
        <extensions>
          <ns3:TrackPointExtension>
            <ns3:cad>49</ns3:cad>
          </ns3:TrackPointExtension>
        </extensions>
      </trkpt>
      <trkpt lat="68.97193117998540401458740234375" lon="20.37053600884974002838134765625">
        <ele>577.79998779296875</ele>
        <time>2026-08-21T15:31:32.000Z</time>
        <extensions>
          <ns3:TrackPointExtension>
            <ns3:cad>49</ns3:cad>
          </ns3:TrackPointExtension>
        </extensions>
      </trkpt>
      <trkpt lat="68.9719813875854015350341796875" lon="20.3704425506293773651123046875">
        <ele>577.79998779296875</ele>
        <time>2026-08-21T15:31:37.000Z</time>
        <extensions>
          <ns3:TrackPointExtension>
            <ns3:cad>48</ns3:cad>
          </ns3:TrackPointExtension>
        </extensions>
      </trkpt>
      <trkpt lat="68.972016088664531707763671875" lon="20.37042084150016307830810546875">
        <ele>577.79998779296875</ele>
        <time>2026-08-21T15:31:41.000Z</time>
        <extensions>
          <ns3:TrackPointExtension>
            <ns3:cad>50</ns3:cad>
          </ns3:TrackPointExtension>
        </extensions>
      </trkpt>
      <trkpt lat="68.9720688946545124053955078125" lon="20.3703805245459079742431640625">
        <ele>578</ele>
        <time>2026-08-21T15:31:46.000Z</time>
        <extensions>
          <ns3:TrackPointExtension>
            <ns3:cad>48</ns3:cad>
          </ns3:TrackPointExtension>
        </extensions>
      </trkpt>
      <trkpt lat="68.97210963070392608642578125" lon="20.37027885206043720245361328125">
        <ele>578</ele>
        <time>2026-08-21T15:31:51.000Z</time>
        <extensions>
          <ns3:TrackPointExtension>
            <ns3:cad>48</ns3:cad>
          </ns3:TrackPointExtension>
        </extensions>
      </trkpt>
      <trkpt lat="68.97216721437871456146240234375" lon="20.3702460788190364837646484375">
        <ele>577.5999755859375</ele>
        <time>2026-08-21T15:31:56.000Z</time>
        <extensions>
          <ns3:TrackPointExtension>
            <ns3:cad>51</ns3:cad>
          </ns3:TrackPointExtension>
        </extensions>
      </trkpt>
      <trkpt lat="68.97220694459974765777587890625" lon="20.37021833471953868865966796875">
        <ele>577.20001220703125</ele>
        <time>2026-08-21T15:32:00.000Z</time>
        <extensions>
          <ns3:TrackPointExtension>
            <ns3:cad>51</ns3:cad>
          </ns3:TrackPointExtension>
        </extensions>
      </trkpt>
      <trkpt lat="68.97222722880542278289794921875" lon="20.370205678045749664306640625">
        <ele>576.79998779296875</ele>
        <time>2026-08-21T15:32:02.000Z</time>
        <extensions>
          <ns3:TrackPointExtension>
            <ns3:cad>47</ns3:cad>
          </ns3:TrackPointExtension>
        </extensions>
      </trkpt>
      <trkpt lat="68.97224918939173221588134765625" lon="20.370247252285480499267578125">
        <ele>576.5999755859375</ele>
        <time>2026-08-21T15:32:04.000Z</time>
        <extensions>
          <ns3:TrackPointExtension>
            <ns3:cad>48</ns3:cad>
          </ns3:TrackPointExtension>
        </extensions>
      </trkpt>
      <trkpt lat="68.97225120104849338531494140625" lon="20.3702772594988346099853515625">
        <ele>576.4000244140625</ele>
        <time>2026-08-21T15:32:05.000Z</time>
        <extensions>
          <ns3:TrackPointExtension>
            <ns3:cad>47</ns3:cad>
          </ns3:TrackPointExtension>
        </extensions>
      </trkpt>
      <trkpt lat="68.97226628847420215606689453125" lon="20.37028052844107151031494140625">
        <ele>576</ele>
        <time>2026-08-21T15:32:08.000Z</time>
        <extensions>
          <ns3:TrackPointExtension>
            <ns3:cad>48</ns3:cad>
          </ns3:TrackPointExtension>
        </extensions>
      </trkpt>
      <trkpt lat="68.97229696623980998992919921875" lon="20.37019737996160984039306640625">
        <ele>575.5999755859375</ele>
        <time>2026-08-21T15:32:11.000Z</time>
        <extensions>
          <ns3:TrackPointExtension>
            <ns3:cad>46</ns3:cad>
          </ns3:TrackPointExtension>
        </extensions>
      </trkpt>
      <trkpt lat="68.97231205366551876068115234375" lon="20.3702018223702907562255859375">
        <ele>575.5999755859375</ele>
        <time>2026-08-21T15:32:13.000Z</time>
        <extensions>
          <ns3:TrackPointExtension>
            <ns3:cad>48</ns3:cad>
          </ns3:TrackPointExtension>
        </extensions>
      </trkpt>
      <trkpt lat="68.972335271537303924560546875" lon="20.3702360205352306365966796875">
        <ele>575.5999755859375</ele>
        <time>2026-08-21T15:32:15.000Z</time>
        <extensions>
          <ns3:TrackPointExtension>
            <ns3:cad>43</ns3:cad>
          </ns3:TrackPointExtension>
        </extensions>
      </trkpt>
      <trkpt lat="68.97235907614231109619140625" lon="20.37026443518698215484619140625">
        <ele>574.5999755859375</ele>
        <time>2026-08-21T15:32:19.000Z</time>
        <extensions>
          <ns3:TrackPointExtension>
            <ns3:cad>47</ns3:cad>
          </ns3:TrackPointExtension>
        </extensions>
      </trkpt>
      <trkpt lat="68.972374834120273590087890625" lon="20.3702668659389019012451171875">
        <ele>574</ele>
        <time>2026-08-21T15:32:21.000Z</time>
        <extensions>
          <ns3:TrackPointExtension>
            <ns3:cad>47</ns3:cad>
          </ns3:TrackPointExtension>
        </extensions>
      </trkpt>
      <trkpt lat="68.97238899953663349151611328125" lon="20.3702899999916553497314453125">
        <ele>573.4000244140625</ele>
        <time>2026-08-21T15:32:23.000Z</time>
        <extensions>
          <ns3:TrackPointExtension>
            <ns3:cad>0</ns3:cad>
          </ns3:TrackPointExtension>
        </extensions>
      </trkpt>
      <trkpt lat="68.97241297177970409393310546875" lon="20.37027080543339252471923828125">
        <ele>572.5999755859375</ele>
        <time>2026-08-21T15:32:26.000Z</time>
        <extensions>
          <ns3:TrackPointExtension>
            <ns3:cad>0</ns3:cad>
          </ns3:TrackPointExtension>
        </extensions>
      </trkpt>
      <trkpt lat="68.9724293164908885955810546875" lon="20.37026879377663135528564453125">
        <ele>572.5999755859375</ele>
        <time>2026-08-21T15:32:27.000Z</time>
        <extensions>
          <ns3:TrackPointExtension>
            <ns3:cad>0</ns3:cad>
          </ns3:TrackPointExtension>
        </extensions>
      </trkpt>
      <trkpt lat="68.97245069034397602081298828125" lon="20.37024448625743389129638671875">
        <ele>572</ele>
        <time>2026-08-21T15:32:29.000Z</time>
        <extensions>
          <ns3:TrackPointExtension>
            <ns3:cad>50</ns3:cad>
          </ns3:TrackPointExtension>
        </extensions>
      </trkpt>
      <trkpt lat="68.9724589884281158447265625" lon="20.370215065777301788330078125">
        <ele>571.4000244140625</ele>
        <time>2026-08-21T15:32:32.000Z</time>
        <extensions>
          <ns3:TrackPointExtension>
            <ns3:cad>50</ns3:cad>
          </ns3:TrackPointExtension>
        </extensions>
      </trkpt>
      <trkpt lat="68.9724611677229404449462890625" lon="20.370223782956600189208984375">
        <ele>571</ele>
        <time>2026-08-21T15:32:36.000Z</time>
        <extensions>
          <ns3:TrackPointExtension>
            <ns3:cad>0</ns3:cad>
          </ns3:TrackPointExtension>
        </extensions>
      </trkpt>
      <trkpt lat="68.97245706059038639068603515625" lon="20.370226800441741943359375">
        <ele>570.79998779296875</ele>
        <time>2026-08-21T15:32:38.000Z</time>
        <extensions>
          <ns3:TrackPointExtension>
            <ns3:cad>0</ns3:cad>
          </ns3:TrackPointExtension>
        </extensions>
      </trkpt>
      <trkpt lat="68.9724910072982311248779296875" lon="20.37022789008915424346923828125">
        <ele>570.5999755859375</ele>
        <time>2026-08-21T15:32:45.000Z</time>
        <extensions>
          <ns3:TrackPointExtension>
            <ns3:cad>48</ns3:cad>
          </ns3:TrackPointExtension>
        </extensions>
      </trkpt>
      <trkpt lat="68.9725094474852085113525390625" lon="20.37015697918832302093505859375">
        <ele>570.5999755859375</ele>
        <time>2026-08-21T15:32:50.000Z</time>
        <extensions>
          <ns3:TrackPointExtension>
            <ns3:cad>0</ns3:cad>
          </ns3:TrackPointExtension>
        </extensions>
      </trkpt>
      <trkpt lat="68.9725188352167606353759765625" lon="20.3701679594814777374267578125">
        <ele>570.79998779296875</ele>
        <time>2026-08-21T15:32:56.000Z</time>
        <extensions>
          <ns3:TrackPointExtension>
            <ns3:cad>0</ns3:cad>
          </ns3:TrackPointExtension>
        </extensions>
      </trkpt>
      <trkpt lat="68.97252026014029979705810546875" lon="20.37013803608715534210205078125">
        <ele>570.79998779296875</ele>
        <time>2026-08-21T15:33:06.000Z</time>
        <extensions>
          <ns3:TrackPointExtension>
            <ns3:cad>0</ns3:cad>
          </ns3:TrackPointExtension>
        </extensions>
      </trkpt>
      <trkpt lat="68.972539119422435760498046875" lon="20.37004248239099979400634765625">
        <ele>570.79998779296875</ele>
        <time>2026-08-21T15:33:11.000Z</time>
        <extensions>
          <ns3:TrackPointExtension>
            <ns3:cad>0</ns3:cad>
          </ns3:TrackPointExtension>
        </extensions>
      </trkpt>
      <trkpt lat="68.9725738205015659332275390625" lon="20.36993837915360927581787109375">
        <ele>571</ele>
        <time>2026-08-21T15:33:16.000Z</time>
        <extensions>
          <ns3:TrackPointExtension>
            <ns3:cad>48</ns3:cad>
          </ns3:TrackPointExtension>
        </extensions>
      </trkpt>
      <trkpt lat="68.9725724793970584869384765625" lon="20.369914658367633819580078125">
        <ele>571</ele>
        <time>2026-08-21T15:33:17.000Z</time>
        <extensions>
          <ns3:TrackPointExtension>
            <ns3:cad>48</ns3:cad>
          </ns3:TrackPointExtension>
        </extensions>
      </trkpt>
      <trkpt lat="68.97258094511926174163818359375" lon="20.3698890097439289093017578125">
        <ele>570.79998779296875</ele>
        <time>2026-08-21T15:33:21.000Z</time>
        <extensions>
          <ns3:TrackPointExtension>
            <ns3:cad>0</ns3:cad>
          </ns3:TrackPointExtension>
        </extensions>
      </trkpt>
      <trkpt lat="68.972598128020763397216796875" lon="20.36981164477765560150146484375">
        <ele>571</ele>
        <time>2026-08-21T15:33:26.000Z</time>
        <extensions>
          <ns3:TrackPointExtension>
            <ns3:cad>0</ns3:cad>
          </ns3:TrackPointExtension>
        </extensions>
      </trkpt>
      <trkpt lat="68.97260743193328380584716796875" lon="20.36982245743274688720703125">
        <ele>571</ele>
        <time>2026-08-21T15:33:27.000Z</time>
        <extensions>
          <ns3:TrackPointExtension>
            <ns3:cad>0</ns3:cad>
          </ns3:TrackPointExtension>
        </extensions>
      </trkpt>
      <trkpt lat="68.9726137183606624603271484375" lon="20.36981902085244655609130859375">
        <ele>571</ele>
        <time>2026-08-21T15:33:30.000Z</time>
        <extensions>
          <ns3:TrackPointExtension>
            <ns3:cad>0</ns3:cad>
          </ns3:TrackPointExtension>
        </extensions>
      </trkpt>
      <trkpt lat="68.97267666645348072052001953125" lon="20.36970435641705989837646484375">
        <ele>572</ele>
        <time>2026-08-21T15:33:37.000Z</time>
        <extensions>
          <ns3:TrackPointExtension>
            <ns3:cad>50</ns3:cad>
          </ns3:TrackPointExtension>
        </extensions>
      </trkpt>
      <trkpt lat="68.9727153070271015167236328125" lon="20.3696201182901859283447265625">
        <ele>573.20001220703125</ele>
        <time>2026-08-21T15:33:43.000Z</time>
        <extensions>
          <ns3:TrackPointExtension>
            <ns3:cad>46</ns3:cad>
          </ns3:TrackPointExtension>
        </extensions>
      </trkpt>
      <trkpt lat="68.97272251546382904052734375" lon="20.369591452181339263916015625">
        <ele>573.4000244140625</ele>
        <time>2026-08-21T15:33:44.000Z</time>
        <extensions>
          <ns3:TrackPointExtension>
            <ns3:cad>45</ns3:cad>
          </ns3:TrackPointExtension>
        </extensions>
      </trkpt>
      <trkpt lat="68.972746990621089935302734375" lon="20.3695259056985378265380859375">
        <ele>574.20001220703125</ele>
        <time>2026-08-21T15:33:48.000Z</time>
        <extensions>
          <ns3:TrackPointExtension>
            <ns3:cad>46</ns3:cad>
          </ns3:TrackPointExtension>
        </extensions>
      </trkpt>
      <trkpt lat="68.97278730757534503936767578125" lon="20.3694554977118968963623046875">
        <ele>575.20001220703125</ele>
        <time>2026-08-21T15:33:52.000Z</time>
        <extensions>
          <ns3:TrackPointExtension>
            <ns3:cad>46</ns3:cad>
          </ns3:TrackPointExtension>
        </extensions>
      </trkpt>
      <trkpt lat="68.97279418073594570159912109375" lon="20.3694350458681583404541015625">
        <ele>575.4000244140625</ele>
        <time>2026-08-21T15:33:53.000Z</time>
        <extensions>
          <ns3:TrackPointExtension>
            <ns3:cad>45</ns3:cad>
          </ns3:TrackPointExtension>
        </extensions>
      </trkpt>
      <trkpt lat="68.97281094454228878021240234375" lon="20.36936606280505657196044921875">
        <ele>576.4000244140625</ele>
        <time>2026-08-21T15:33:58.000Z</time>
        <extensions>
          <ns3:TrackPointExtension>
            <ns3:cad>45</ns3:cad>
          </ns3:TrackPointExtension>
        </extensions>
      </trkpt>
      <trkpt lat="68.97281647659838199615478515625" lon="20.369312502443790435791015625">
        <ele>577.5999755859375</ele>
        <time>2026-08-21T15:34:02.000Z</time>
        <extensions>
          <ns3:TrackPointExtension>
            <ns3:cad>47</ns3:cad>
          </ns3:TrackPointExtension>
        </extensions>
      </trkpt>
      <trkpt lat="68.9728282950818538665771484375" lon="20.369305126368999481201171875">
        <ele>578.4000244140625</ele>
        <time>2026-08-21T15:34:05.000Z</time>
        <extensions>
          <ns3:TrackPointExtension>
            <ns3:cad>45</ns3:cad>
          </ns3:TrackPointExtension>
        </extensions>
      </trkpt>
      <trkpt lat="68.9728370122611522674560546875" lon="20.3693006001412868499755859375">
        <ele>578.79998779296875</ele>
        <time>2026-08-21T15:34:06.000Z</time>
        <extensions>
          <ns3:TrackPointExtension>
            <ns3:cad>45</ns3:cad>
          </ns3:TrackPointExtension>
        </extensions>
      </trkpt>
      <trkpt lat="68.9728631637990474700927734375" lon="20.36929246969521045684814453125">
        <ele>579.79998779296875</ele>
        <time>2026-08-21T15:34:10.000Z</time>
        <extensions>
          <ns3:TrackPointExtension>
            <ns3:cad>46</ns3:cad>
          </ns3:TrackPointExtension>
        </extensions>
      </trkpt>
      <trkpt lat="68.9728762395679950714111328125" lon="20.36927537061274051666259765625">
        <ele>580</ele>
        <time>2026-08-21T15:34:11.000Z</time>
        <extensions>
          <ns3:TrackPointExtension>
            <ns3:cad>46</ns3:cad>
          </ns3:TrackPointExtension>
        </extensions>
      </trkpt>
      <trkpt lat="68.97292544133961200714111328125" lon="20.36925022490322589874267578125">
        <ele>580.20001220703125</ele>
        <time>2026-08-21T15:34:16.000Z</time>
        <extensions>
          <ns3:TrackPointExtension>
            <ns3:cad>45</ns3:cad>
          </ns3:TrackPointExtension>
        </extensions>
      </trkpt>
      <trkpt lat="68.97297573275864124298095703125" lon="20.3691752068698406219482421875">
        <ele>580.5999755859375</ele>
        <time>2026-08-21T15:34:21.000Z</time>
        <extensions>
          <ns3:TrackPointExtension>
            <ns3:cad>49</ns3:cad>
          </ns3:TrackPointExtension>
        </extensions>
      </trkpt>
      <trkpt lat="68.97298377938568592071533203125" lon="20.3691498935222625732421875">
        <ele>580.79998779296875</ele>
        <time>2026-08-21T15:34:22.000Z</time>
        <extensions>
          <ns3:TrackPointExtension>
            <ns3:cad>49</ns3:cad>
          </ns3:TrackPointExtension>
        </extensions>
      </trkpt>
      <trkpt lat="68.9730046503245830535888671875" lon="20.369052328169345855712890625">
        <ele>581.5999755859375</ele>
        <time>2026-08-21T15:34:26.000Z</time>
        <extensions>
          <ns3:TrackPointExtension>
            <ns3:cad>48</ns3:cad>
          </ns3:TrackPointExtension>
        </extensions>
      </trkpt>
      <trkpt lat="68.9730168879032135009765625" lon="20.36900832317769527435302734375">
        <ele>581.79998779296875</ele>
        <time>2026-08-21T15:34:28.000Z</time>
        <extensions>
          <ns3:TrackPointExtension>
            <ns3:cad>48</ns3:cad>
          </ns3:TrackPointExtension>
        </extensions>
      </trkpt>
      <trkpt lat="68.97303759120404720306396484375" lon="20.36894671618938446044921875">
        <ele>582.20001220703125</ele>
        <time>2026-08-21T15:34:31.000Z</time>
        <extensions>
          <ns3:TrackPointExtension>
            <ns3:cad>48</ns3:cad>
          </ns3:TrackPointExtension>
        </extensions>
      </trkpt>
      <trkpt lat="68.97305284626781940460205078125" lon="20.3688794933259487152099609375">
        <ele>583</ele>
        <time>2026-08-21T15:34:34.000Z</time>
        <extensions>
          <ns3:TrackPointExtension>
            <ns3:cad>48</ns3:cad>
          </ns3:TrackPointExtension>
        </extensions>
      </trkpt>
      <trkpt lat="68.97308151237666606903076171875" lon="20.36876658909022808074951171875">
        <ele>583.20001220703125</ele>
        <time>2026-08-21T15:34:38.000Z</time>
        <extensions>
          <ns3:TrackPointExtension>
            <ns3:cad>48</ns3:cad>
          </ns3:TrackPointExtension>
        </extensions>
      </trkpt>
      <trkpt lat="68.97314085625112056732177734375" lon="20.3686692751944065093994140625">
        <ele>583.5999755859375</ele>
        <time>2026-08-21T15:34:44.000Z</time>
        <extensions>
          <ns3:TrackPointExtension>
            <ns3:cad>49</ns3:cad>
          </ns3:TrackPointExtension>
        </extensions>
      </trkpt>
      <trkpt lat="68.9731753058731555938720703125" lon="20.36859459243714809417724609375">
        <ele>583.5999755859375</ele>
        <time>2026-08-21T15:34:48.000Z</time>
        <extensions>
          <ns3:TrackPointExtension>
            <ns3:cad>50</ns3:cad>
          </ns3:TrackPointExtension>
        </extensions>
      </trkpt>
      <trkpt lat="68.973220400512218475341796875" lon="20.36852158606052398681640625">
        <ele>584</ele>
        <time>2026-08-21T15:34:53.000Z</time>
        <extensions>
          <ns3:TrackPointExtension>
            <ns3:cad>48</ns3:cad>
          </ns3:TrackPointExtension>
        </extensions>
      </trkpt>
      <trkpt lat="68.97322853095829486846923828125" lon="20.3685026429593563079833984375">
        <ele>584.20001220703125</ele>
        <time>2026-08-21T15:34:54.000Z</time>
        <extensions>
          <ns3:TrackPointExtension>
            <ns3:cad>48</ns3:cad>
          </ns3:TrackPointExtension>
        </extensions>
      </trkpt>
      <trkpt lat="68.97324294783174991607666015625" lon="20.36837649531662464141845703125">
        <ele>585.20001220703125</ele>
        <time>2026-08-21T15:34:59.000Z</time>
        <extensions>
          <ns3:TrackPointExtension>
            <ns3:cad>48</ns3:cad>
          </ns3:TrackPointExtension>
        </extensions>
      </trkpt>
      <trkpt lat="68.97321964614093303680419921875" lon="20.36825562827289104461669921875">
        <ele>585.20001220703125</ele>
        <time>2026-08-21T15:35:04.000Z</time>
        <extensions>
          <ns3:TrackPointExtension>
            <ns3:cad>48</ns3:cad>
          </ns3:TrackPointExtension>
        </extensions>
      </trkpt>
      <trkpt lat="68.97321511991322040557861328125" lon="20.36811196245253086090087890625">
        <ele>584.79998779296875</ele>
        <time>2026-08-21T15:35:09.000Z</time>
        <extensions>
          <ns3:TrackPointExtension>
            <ns3:cad>52</ns3:cad>
          </ns3:TrackPointExtension>
        </extensions>
      </trkpt>
      <trkpt lat="68.9732314646244049072265625" lon="20.367963351309299468994140625">
        <ele>584.5999755859375</ele>
        <time>2026-08-21T15:35:14.000Z</time>
        <extensions>
          <ns3:TrackPointExtension>
            <ns3:cad>50</ns3:cad>
          </ns3:TrackPointExtension>
        </extensions>
      </trkpt>
      <trkpt lat="68.97324043326079845428466796875" lon="20.3678699769079685211181640625">
        <ele>584</ele>
        <time>2026-08-21T15:35:17.000Z</time>
        <extensions>
          <ns3:TrackPointExtension>
            <ns3:cad>49</ns3:cad>
          </ns3:TrackPointExtension>
        </extensions>
      </trkpt>
      <trkpt lat="68.973247893154621124267578125" lon="20.3677980601787567138671875">
        <ele>583.79998779296875</ele>
        <time>2026-08-21T15:35:19.000Z</time>
        <extensions>
          <ns3:TrackPointExtension>
            <ns3:cad>50</ns3:cad>
          </ns3:TrackPointExtension>
        </extensions>
      </trkpt>
      <trkpt lat="68.97324512712657451629638671875" lon="20.36766168661415576934814453125">
        <ele>583.20001220703125</ele>
        <time>2026-08-21T15:35:24.000Z</time>
        <extensions>
          <ns3:TrackPointExtension>
            <ns3:cad>52</ns3:cad>
          </ns3:TrackPointExtension>
        </extensions>
      </trkpt>
      <trkpt lat="68.97323909215629100799560546875" lon="20.36753176711499691009521484375">
        <ele>583.20001220703125</ele>
        <time>2026-08-21T15:35:30.000Z</time>
        <extensions>
          <ns3:TrackPointExtension>
            <ns3:cad>44</ns3:cad>
          </ns3:TrackPointExtension>
        </extensions>
      </trkpt>
      <trkpt lat="68.9732234179973602294921875" lon="20.36739095114171504974365234375">
        <ele>583.20001220703125</ele>
        <time>2026-08-21T15:35:34.000Z</time>
        <extensions>
          <ns3:TrackPointExtension>
            <ns3:cad>47</ns3:cad>
          </ns3:TrackPointExtension>
        </extensions>
      </trkpt>
      <trkpt lat="68.97320388816297054290771484375" lon="20.367242507636547088623046875">
        <ele>583.4000244140625</ele>
        <time>2026-08-21T15:35:39.000Z</time>
        <extensions>
          <ns3:TrackPointExtension>
            <ns3:cad>50</ns3:cad>
          </ns3:TrackPointExtension>
        </extensions>
      </trkpt>
      <trkpt lat="68.9731930755078792572021484375" lon="20.3670830838382244110107421875">
        <ele>583.20001220703125</ele>
        <time>2026-08-21T15:35:44.000Z</time>
        <extensions>
          <ns3:TrackPointExtension>
            <ns3:cad>49</ns3:cad>
          </ns3:TrackPointExtension>
        </extensions>
      </trkpt>
      <trkpt lat="68.97319030947983264923095703125" lon="20.3670606203377246856689453125">
        <ele>583</ele>
        <time>2026-08-21T15:35:46.000Z</time>
        <extensions>
          <ns3:TrackPointExtension>
            <ns3:cad>47</ns3:cad>
          </ns3:TrackPointExtension>
        </extensions>
      </trkpt>
      <trkpt lat="68.97318997420370578765869140625" lon="20.36699968390166759490966796875">
        <ele>583</ele>
        <time>2026-08-21T15:35:48.000Z</time>
        <extensions>
          <ns3:TrackPointExtension>
            <ns3:cad>48</ns3:cad>
          </ns3:TrackPointExtension>
        </extensions>
      </trkpt>
      <trkpt lat="68.97319332696497440338134765625" lon="20.3668504022061824798583984375">
        <ele>583</ele>
        <time>2026-08-21T15:35:53.000Z</time>
        <extensions>
          <ns3:TrackPointExtension>
            <ns3:cad>48</ns3:cad>
          </ns3:TrackPointExtension>
        </extensions>
      </trkpt>
      <trkpt lat="68.973202966153621673583984375" lon="20.36670036613941192626953125">
        <ele>583.20001220703125</ele>
        <time>2026-08-21T15:35:59.000Z</time>
        <extensions>
          <ns3:TrackPointExtension>
            <ns3:cad>45</ns3:cad>
          </ns3:TrackPointExtension>
        </extensions>
      </trkpt>
      <trkpt lat="68.97321076132357120513916015625" lon="20.366567261517047882080078125">
        <ele>583.4000244140625</ele>
        <time>2026-08-21T15:36:03.000Z</time>
        <extensions>
          <ns3:TrackPointExtension>
            <ns3:cad>46</ns3:cad>
          </ns3:TrackPointExtension>
        </extensions>
      </trkpt>
      <trkpt lat="68.9731954224407672882080078125" lon="20.3664282895624637603759765625">
        <ele>583.4000244140625</ele>
        <time>2026-08-21T15:36:08.000Z</time>
        <extensions>
          <ns3:TrackPointExtension>
            <ns3:cad>49</ns3:cad>
          </ns3:TrackPointExtension>
        </extensions>
      </trkpt>
      <trkpt lat="68.97319785319268703460693359375" lon="20.36631412804126739501953125">
        <ele>583.5999755859375</ele>
        <time>2026-08-21T15:36:12.000Z</time>
        <extensions>
          <ns3:TrackPointExtension>
            <ns3:cad>49</ns3:cad>
          </ns3:TrackPointExtension>
        </extensions>
      </trkpt>
      <trkpt lat="68.97319634445011615753173828125" lon="20.3661614097654819488525390625">
        <ele>583.79998779296875</ele>
        <time>2026-08-21T15:36:17.000Z</time>
        <extensions>
          <ns3:TrackPointExtension>
            <ns3:cad>48</ns3:cad>
          </ns3:TrackPointExtension>
        </extensions>
      </trkpt>
      <trkpt lat="68.97318008355796337127685546875" lon="20.366024784743785858154296875">
        <ele>584</ele>
        <time>2026-08-21T15:36:22.000Z</time>
        <extensions>
          <ns3:TrackPointExtension>
            <ns3:cad>47</ns3:cad>
          </ns3:TrackPointExtension>
        </extensions>
      </trkpt>
      <trkpt lat="68.97319014184176921844482421875" lon="20.36599762737751007080078125">
        <ele>584</ele>
        <time>2026-08-21T15:36:23.000Z</time>
        <extensions>
          <ns3:TrackPointExtension>
            <ns3:cad>46</ns3:cad>
          </ns3:TrackPointExtension>
        </extensions>
      </trkpt>
      <trkpt lat="68.9731992781162261962890625" lon="20.36596653051674365997314453125">
        <ele>584.20001220703125</ele>
        <time>2026-08-21T15:36:24.000Z</time>
        <extensions>
          <ns3:TrackPointExtension>
            <ns3:cad>46</ns3:cad>
          </ns3:TrackPointExtension>
        </extensions>
      </trkpt>
      <trkpt lat="68.97319936193525791168212890625" lon="20.36593752913177013397216796875">
        <ele>584.20001220703125</ele>
        <time>2026-08-21T15:36:26.000Z</time>
        <extensions>
          <ns3:TrackPointExtension>
            <ns3:cad>44</ns3:cad>
          </ns3:TrackPointExtension>
        </extensions>
      </trkpt>
      <trkpt lat="68.97321914322674274444580078125" lon="20.36582730710506439208984375">
        <ele>584</ele>
        <time>2026-08-21T15:36:30.000Z</time>
        <extensions>
          <ns3:TrackPointExtension>
            <ns3:cad>42</ns3:cad>
          </ns3:TrackPointExtension>
        </extensions>
      </trkpt>
      <trkpt lat="68.973257280886173248291015625" lon="20.36565623246133327484130859375">
        <ele>584</ele>
        <time>2026-08-21T15:36:37.000Z</time>
        <extensions>
          <ns3:TrackPointExtension>
            <ns3:cad>41</ns3:cad>
          </ns3:TrackPointExtension>
        </extensions>
      </trkpt>
      <trkpt lat="68.97327278740704059600830078125" lon="20.36561817862093448638916015625">
        <ele>583.79998779296875</ele>
        <time>2026-08-21T15:36:40.000Z</time>
        <extensions>
          <ns3:TrackPointExtension>
            <ns3:cad>43</ns3:cad>
          </ns3:TrackPointExtension>
        </extensions>
      </trkpt>
    </trkseg>
  </trk>
</gpx>
