<?xml version="1.0" encoding="UTF-8"?>
<gpx creator="Garmin Connect" version="1.1"
  xsi:schemaLocation="http://www.topografix.com/GPX/1/1 http://www.topografix.com/GPX/11.xsd"
  xmlns:ns3="http://www.garmin.com/xmlschemas/TrackPointExtension/v1"
  xmlns="http://www.topografix.com/GPX/1/1"
  xmlns:xsi="http://www.w3.org/2001/XMLSchema-instance" xmlns:ns2="http://www.garmin.com/xmlschemas/GpxExtensions/v3">
  <metadata>
    <link href="connect.garmin.com">
      <text>Garmin Connect</text>
    </link>
    <time>2026-08-22T07:42:51.000Z</time>
  </metadata>
  <trk>
    <name>Kiruna Hiking</name>
    <type>hiking</type>
    <trkseg>
      <trkpt lat="68.9735256694257259368896484375" lon="20.3659703023731708526611328125">
        <ele>585.4000244140625</ele>
        <time>2026-08-22T07:43:31.000Z</time>
        <extensions>
          <ns3:TrackPointExtension>
            <ns3:cad>48</ns3:cad>
          </ns3:TrackPointExtension>
        </extensions>
      </trkpt>
      <trkpt lat="68.9736674912273883819580078125" lon="20.36650079302489757537841796875">
        <ele>585.4000244140625</ele>
        <time>2026-08-22T07:43:56.000Z</time>
        <extensions>
          <ns3:TrackPointExtension>
            <ns3:cad>47</ns3:cad>
          </ns3:TrackPointExtension>
        </extensions>
      </trkpt>
      <trkpt lat="68.9736954867839813232421875" lon="20.36658327095210552215576171875">
        <ele>585.4000244140625</ele>
        <time>2026-08-22T07:44:00.000Z</time>
        <extensions>
          <ns3:TrackPointExtension>
            <ns3:cad>43</ns3:cad>
          </ns3:TrackPointExtension>
        </extensions>
      </trkpt>
      <trkpt lat="68.97372297942638397216796875" lon="20.36665921099483966827392578125">
        <ele>585.5999755859375</ele>
        <time>2026-08-22T07:44:05.000Z</time>
        <extensions>
          <ns3:TrackPointExtension>
            <ns3:cad>0</ns3:cad>
          </ns3:TrackPointExtension>
        </extensions>
      </trkpt>
      <trkpt lat="68.97375047206878662109375" lon="20.36675057373940944671630859375">
        <ele>586</ele>
        <time>2026-08-22T07:44:10.000Z</time>
        <extensions>
          <ns3:TrackPointExtension>
            <ns3:cad>46</ns3:cad>
          </ns3:TrackPointExtension>
        </extensions>
      </trkpt>
      <trkpt lat="68.97375608794391155242919921875" lon="20.3667709417641162872314453125">
        <ele>586</ele>
        <time>2026-08-22T07:44:11.000Z</time>
        <extensions>
          <ns3:TrackPointExtension>
            <ns3:cad>46</ns3:cad>
          </ns3:TrackPointExtension>
        </extensions>
      </trkpt>
      <trkpt lat="68.97376614622771739959716796875" lon="20.36681570112705230712890625">
        <ele>586.4000244140625</ele>
        <time>2026-08-22T07:44:14.000Z</time>
        <extensions>
          <ns3:TrackPointExtension>
            <ns3:cad>0</ns3:cad>
          </ns3:TrackPointExtension>
        </extensions>
      </trkpt>
      <trkpt lat="68.97376849316060543060302734375" lon="20.36682198755443096160888671875">
        <ele>586.4000244140625</ele>
        <time>2026-08-22T07:44:15.000Z</time>
        <extensions>
          <ns3:TrackPointExtension>
            <ns3:cad>0</ns3:cad>
          </ns3:TrackPointExtension>
        </extensions>
      </trkpt>
      <trkpt lat="68.97377033717930316925048828125" lon="20.36682601086795330047607421875">
        <ele>586.4000244140625</ele>
        <time>2026-08-22T07:44:16.000Z</time>
        <extensions>
          <ns3:TrackPointExtension>
            <ns3:cad>0</ns3:cad>
          </ns3:TrackPointExtension>
        </extensions>
      </trkpt>
      <trkpt lat="68.97378726862370967864990234375" lon="20.36692676134407520294189453125">
        <ele>586.4000244140625</ele>
        <time>2026-08-22T07:44:22.000Z</time>
        <extensions>
          <ns3:TrackPointExtension>
            <ns3:cad>0</ns3:cad>
          </ns3:TrackPointExtension>
        </extensions>
      </trkpt>
      <trkpt lat="68.973801769316196441650390625" lon="20.3670465387403964996337890625">
        <ele>587</ele>
        <time>2026-08-22T07:44:27.000Z</time>
        <extensions>
          <ns3:TrackPointExtension>
            <ns3:cad>0</ns3:cad>
          </ns3:TrackPointExtension>
        </extensions>
      </trkpt>
      <trkpt lat="68.9738099835813045501708984375" lon="20.367126502096652984619140625">
        <ele>587.4000244140625</ele>
        <time>2026-08-22T07:44:30.000Z</time>
        <extensions>
          <ns3:TrackPointExtension>
            <ns3:cad>41</ns3:cad>
          </ns3:TrackPointExtension>
        </extensions>
      </trkpt>
      <trkpt lat="68.973812162876129150390625" lon="20.3671511448919773101806640625">
        <ele>587.4000244140625</ele>
        <time>2026-08-22T07:44:31.000Z</time>
        <extensions>
          <ns3:TrackPointExtension>
            <ns3:cad>41</ns3:cad>
          </ns3:TrackPointExtension>
        </extensions>
      </trkpt>
      <trkpt lat="68.97381551563739776611328125" lon="20.36717352457344532012939453125">
        <ele>587.5999755859375</ele>
        <time>2026-08-22T07:44:32.000Z</time>
        <extensions>
          <ns3:TrackPointExtension>
            <ns3:cad>43</ns3:cad>
          </ns3:TrackPointExtension>
        </extensions>
      </trkpt>
      <trkpt lat="68.973846696317195892333984375" lon="20.3673194535076618194580078125">
        <ele>587.5999755859375</ele>
        <time>2026-08-22T07:44:39.000Z</time>
        <extensions>
          <ns3:TrackPointExtension>
            <ns3:cad>0</ns3:cad>
          </ns3:TrackPointExtension>
        </extensions>
      </trkpt>
      <trkpt lat="68.9738914556801319122314453125" lon="20.36748851649463176727294921875">
        <ele>588.20001220703125</ele>
        <time>2026-08-22T07:44:47.000Z</time>
        <extensions>
          <ns3:TrackPointExtension>
            <ns3:cad>43</ns3:cad>
          </ns3:TrackPointExtension>
        </extensions>
      </trkpt>
      <trkpt lat="68.97390377707779407501220703125" lon="20.36752774380147457122802734375">
        <ele>588.4000244140625</ele>
        <time>2026-08-22T07:44:49.000Z</time>
        <extensions>
          <ns3:TrackPointExtension>
            <ns3:cad>42</ns3:cad>
          </ns3:TrackPointExtension>
        </extensions>
      </trkpt>
      <trkpt lat="68.97393847815692424774169921875" lon="20.3676383011043071746826171875">
        <ele>588.79998779296875</ele>
        <time>2026-08-22T07:44:55.000Z</time>
        <extensions>
          <ns3:TrackPointExtension>
            <ns3:cad>41</ns3:cad>
          </ns3:TrackPointExtension>
        </extensions>
      </trkpt>
      <trkpt lat="68.97396312095224857330322265625" lon="20.36779378540813922882080078125">
        <ele>589</ele>
        <time>2026-08-22T07:45:01.000Z</time>
        <extensions>
          <ns3:TrackPointExtension>
            <ns3:cad>0</ns3:cad>
          </ns3:TrackPointExtension>
        </extensions>
      </trkpt>
      <trkpt lat="68.97398306988179683685302734375" lon="20.36797231994569301605224609375">
        <ele>589.20001220703125</ele>
        <time>2026-08-22T07:45:08.000Z</time>
        <extensions>
          <ns3:TrackPointExtension>
            <ns3:cad>0</ns3:cad>
          </ns3:TrackPointExtension>
        </extensions>
      </trkpt>
      <trkpt lat="68.97400100715458393096923828125" lon="20.368096791207790374755859375">
        <ele>589.20001220703125</ele>
        <time>2026-08-22T07:45:13.000Z</time>
        <extensions>
          <ns3:TrackPointExtension>
            <ns3:cad>0</ns3:cad>
          </ns3:TrackPointExtension>
        </extensions>
      </trkpt>
      <trkpt lat="68.974008299410343170166015625" lon="20.36815001629292964935302734375">
        <ele>589.4000244140625</ele>
        <time>2026-08-22T07:45:15.000Z</time>
        <extensions>
          <ns3:TrackPointExtension>
            <ns3:cad>0</ns3:cad>
          </ns3:TrackPointExtension>
        </extensions>
      </trkpt>
      <trkpt lat="68.97402246482670307159423828125" lon="20.36826007068157196044921875">
        <ele>589.5999755859375</ele>
        <time>2026-08-22T07:45:19.000Z</time>
        <extensions>
          <ns3:TrackPointExtension>
            <ns3:cad>0</ns3:cad>
          </ns3:TrackPointExtension>
        </extensions>
      </trkpt>
      <trkpt lat="68.9740440063178539276123046875" lon="20.3683658502995967864990234375">
        <ele>589.5999755859375</ele>
        <time>2026-08-22T07:45:24.000Z</time>
        <extensions>
          <ns3:TrackPointExtension>
            <ns3:cad>0</ns3:cad>
          </ns3:TrackPointExtension>
        </extensions>
      </trkpt>
      <trkpt lat="68.97406722418963909149169921875" lon="20.368520915508270263671875">
        <ele>589.79998779296875</ele>
        <time>2026-08-22T07:45:30.000Z</time>
        <extensions>
          <ns3:TrackPointExtension>
            <ns3:cad>0</ns3:cad>
          </ns3:TrackPointExtension>
        </extensions>
      </trkpt>
      <trkpt lat="68.97408197633922100067138671875" lon="20.36859157495200634002685546875">
        <ele>589.79998779296875</ele>
        <time>2026-08-22T07:45:34.000Z</time>
        <extensions>
          <ns3:TrackPointExtension>
            <ns3:cad>47</ns3:cad>
          </ns3:TrackPointExtension>
        </extensions>
      </trkpt>
      <trkpt lat="68.9740949682891368865966796875" lon="20.36862443201243877410888671875">
        <ele>589.79998779296875</ele>
        <time>2026-08-22T07:45:36.000Z</time>
        <extensions>
          <ns3:TrackPointExtension>
            <ns3:cad>47</ns3:cad>
          </ns3:TrackPointExtension>
        </extensions>
      </trkpt>
      <trkpt lat="68.97411768324673175811767578125" lon="20.3686402738094329833984375">
        <ele>590</ele>
        <time>2026-08-22T07:45:39.000Z</time>
        <extensions>
          <ns3:TrackPointExtension>
            <ns3:cad>46</ns3:cad>
          </ns3:TrackPointExtension>
        </extensions>
      </trkpt>
      <trkpt lat="68.9741352014243602752685546875" lon="20.36859945394098758697509765625">
        <ele>590.20001220703125</ele>
        <time>2026-08-22T07:45:41.000Z</time>
        <extensions>
          <ns3:TrackPointExtension>
            <ns3:cad>47</ns3:cad>
          </ns3:TrackPointExtension>
        </extensions>
      </trkpt>
      <trkpt lat="68.97415037266910076141357421875" lon="20.368568189442157745361328125">
        <ele>590.4000244140625</ele>
        <time>2026-08-22T07:45:45.000Z</time>
        <extensions>
          <ns3:TrackPointExtension>
            <ns3:cad>47</ns3:cad>
          </ns3:TrackPointExtension>
        </extensions>
      </trkpt>
      <trkpt lat="68.97415372543036937713623046875" lon="20.3685753978788852691650390625">
        <ele>590.4000244140625</ele>
        <time>2026-08-22T07:45:47.000Z</time>
        <extensions>
          <ns3:TrackPointExtension>
            <ns3:cad>0</ns3:cad>
          </ns3:TrackPointExtension>
        </extensions>
      </trkpt>
      <trkpt lat="68.97415573708713054656982421875" lon="20.36857883445918560028076171875">
        <ele>590.5999755859375</ele>
        <time>2026-08-22T07:45:50.000Z</time>
        <extensions>
          <ns3:TrackPointExtension>
            <ns3:cad>0</ns3:cad>
          </ns3:TrackPointExtension>
        </extensions>
      </trkpt>
      <trkpt lat="68.97414986975491046905517578125" lon="20.36857648752629756927490234375">
        <ele>590.79998779296875</ele>
        <time>2026-08-22T07:45:53.000Z</time>
        <extensions>
          <ns3:TrackPointExtension>
            <ns3:cad>0</ns3:cad>
          </ns3:TrackPointExtension>
        </extensions>
      </trkpt>
      <trkpt lat="68.974131010472774505615234375" lon="20.36859937012195587158203125">
        <ele>590.4000244140625</ele>
        <time>2026-08-22T07:46:00.000Z</time>
        <extensions>
          <ns3:TrackPointExtension>
            <ns3:cad>0</ns3:cad>
          </ns3:TrackPointExtension>
        </extensions>
      </trkpt>
      <trkpt lat="68.97412723861634731292724609375" lon="20.36861479282379150390625">
        <ele>590.20001220703125</ele>
        <time>2026-08-22T07:46:08.000Z</time>
        <extensions>
          <ns3:TrackPointExtension>
            <ns3:cad>0</ns3:cad>
          </ns3:TrackPointExtension>
        </extensions>
      </trkpt>
      <trkpt lat="68.97410293109714984893798828125" lon="20.3686323948204517364501953125">
        <ele>590.20001220703125</ele>
        <time>2026-08-22T07:46:12.000Z</time>
        <extensions>
          <ns3:TrackPointExtension>
            <ns3:cad>18</ns3:cad>
          </ns3:TrackPointExtension>
        </extensions>
      </trkpt>
      <trkpt lat="68.97412053309381008148193359375" lon="20.36867505870759487152099609375">
        <ele>589.5999755859375</ele>
        <time>2026-08-22T08:02:51.000Z</time>
        <extensions>
          <ns3:TrackPointExtension>
            <ns3:cad>0</ns3:cad>
          </ns3:TrackPointExtension>
        </extensions>
      </trkpt>
      <trkpt lat="68.97413411177694797515869140625" lon="20.36871512420475482940673828125">
        <ele>589.5999755859375</ele>
        <time>2026-08-22T08:02:55.000Z</time>
        <extensions>
          <ns3:TrackPointExtension>
            <ns3:cad>0</ns3:cad>
          </ns3:TrackPointExtension>
        </extensions>
      </trkpt>
      <trkpt lat="68.974161855876445770263671875" lon="20.3688033856451511383056640625">
        <ele>589.79998779296875</ele>
        <time>2026-08-22T08:03:01.000Z</time>
        <extensions>
          <ns3:TrackPointExtension>
            <ns3:cad>0</ns3:cad>
          </ns3:TrackPointExtension>
        </extensions>
      </trkpt>
      <trkpt lat="68.97418876178562641143798828125" lon="20.36894193850457668304443359375">
        <ele>589.5999755859375</ele>
        <time>2026-08-22T08:03:08.000Z</time>
        <extensions>
          <ns3:TrackPointExtension>
            <ns3:cad>43</ns3:cad>
          </ns3:TrackPointExtension>
        </extensions>
      </trkpt>
      <trkpt lat="68.97419630549848079681396484375" lon="20.369042940437793731689453125">
        <ele>588.79998779296875</ele>
        <time>2026-08-22T08:03:14.000Z</time>
        <extensions>
          <ns3:TrackPointExtension>
            <ns3:cad>44</ns3:cad>
          </ns3:TrackPointExtension>
        </extensions>
      </trkpt>
      <trkpt lat="68.9741992391645908355712890625" lon="20.36905274726450443267822265625">
        <ele>588.5999755859375</ele>
        <time>2026-08-22T08:03:15.000Z</time>
        <extensions>
          <ns3:TrackPointExtension>
            <ns3:cad>45</ns3:cad>
          </ns3:TrackPointExtension>
        </extensions>
      </trkpt>
      <trkpt lat="68.97421139292418956756591796875" lon="20.36912030540406703948974609375">
        <ele>587.5999755859375</ele>
        <time>2026-08-22T08:03:20.000Z</time>
        <extensions>
          <ns3:TrackPointExtension>
            <ns3:cad>46</ns3:cad>
          </ns3:TrackPointExtension>
        </extensions>
      </trkpt>
      <trkpt lat="68.97421156056225299835205078125" lon="20.36912935785949230194091796875">
        <ele>587.20001220703125</ele>
        <time>2026-08-22T08:03:22.000Z</time>
        <extensions>
          <ns3:TrackPointExtension>
            <ns3:cad>46</ns3:cad>
          </ns3:TrackPointExtension>
        </extensions>
      </trkpt>
      <trkpt lat="68.97421441040933132171630859375" lon="20.3691899590194225311279296875">
        <ele>587</ele>
        <time>2026-08-22T08:03:28.000Z</time>
        <extensions>
          <ns3:TrackPointExtension>
            <ns3:cad>0</ns3:cad>
          </ns3:TrackPointExtension>
        </extensions>
      </trkpt>
      <trkpt lat="68.9742153324186801910400390625" lon="20.36931862123310565948486328125">
        <ele>586.5999755859375</ele>
        <time>2026-08-22T08:03:36.000Z</time>
        <extensions>
          <ns3:TrackPointExtension>
            <ns3:cad>0</ns3:cad>
          </ns3:TrackPointExtension>
        </extensions>
      </trkpt>
      <trkpt lat="68.97421575151383876800537109375" lon="20.3694953955709934234619140625">
        <ele>585.79998779296875</ele>
        <time>2026-08-22T08:03:42.000Z</time>
        <extensions>
          <ns3:TrackPointExtension>
            <ns3:cad>45</ns3:cad>
          </ns3:TrackPointExtension>
        </extensions>
      </trkpt>
      <trkpt lat="68.97420787252485752105712890625" lon="20.36956504918634891510009765625">
        <ele>585.4000244140625</ele>
        <time>2026-08-22T08:03:45.000Z</time>
        <extensions>
          <ns3:TrackPointExtension>
            <ns3:cad>48</ns3:cad>
          </ns3:TrackPointExtension>
        </extensions>
      </trkpt>
      <trkpt lat="68.97420736961066722869873046875" lon="20.36962321959435939788818359375">
        <ele>585.20001220703125</ele>
        <time>2026-08-22T08:03:47.000Z</time>
        <extensions>
          <ns3:TrackPointExtension>
            <ns3:cad>49</ns3:cad>
          </ns3:TrackPointExtension>
        </extensions>
      </trkpt>
      <trkpt lat="68.9742099680006504058837890625" lon="20.369788594543933868408203125">
        <ele>584.79998779296875</ele>
        <time>2026-08-22T08:03:53.000Z</time>
        <extensions>
          <ns3:TrackPointExtension>
            <ns3:cad>50</ns3:cad>
          </ns3:TrackPointExtension>
        </extensions>
      </trkpt>
      <trkpt lat="68.9742046035826206207275390625" lon="20.3699473477900028228759765625">
        <ele>585.4000244140625</ele>
        <time>2026-08-22T08:04:00.000Z</time>
        <extensions>
          <ns3:TrackPointExtension>
            <ns3:cad>46</ns3:cad>
          </ns3:TrackPointExtension>
        </extensions>
      </trkpt>
      <trkpt lat="68.9741916954517364501953125" lon="20.370180867612361907958984375">
        <ele>586.20001220703125</ele>
        <time>2026-08-22T08:04:08.000Z</time>
        <extensions>
          <ns3:TrackPointExtension>
            <ns3:cad>47</ns3:cad>
          </ns3:TrackPointExtension>
        </extensions>
      </trkpt>
      <trkpt lat="68.97418431937694549560546875" lon="20.3702353499829769134521484375">
        <ele>586.20001220703125</ele>
        <time>2026-08-22T08:04:10.000Z</time>
        <extensions>
          <ns3:TrackPointExtension>
            <ns3:cad>47</ns3:cad>
          </ns3:TrackPointExtension>
        </extensions>
      </trkpt>
      <trkpt lat="68.97418675012886524200439453125" lon="20.37029586732387542724609375">
        <ele>586</ele>
        <time>2026-08-22T08:04:13.000Z</time>
        <extensions>
          <ns3:TrackPointExtension>
            <ns3:cad>47</ns3:cad>
          </ns3:TrackPointExtension>
        </extensions>
      </trkpt>
      <trkpt lat="68.9741918630897998809814453125" lon="20.37032403051853179931640625">
        <ele>585.79998779296875</ele>
        <time>2026-08-22T08:04:14.000Z</time>
        <extensions>
          <ns3:TrackPointExtension>
            <ns3:cad>47</ns3:cad>
          </ns3:TrackPointExtension>
        </extensions>
      </trkpt>
      <trkpt lat="68.97421181201934814453125" lon="20.37042595446109771728515625">
        <ele>586</ele>
        <time>2026-08-22T08:04:19.000Z</time>
        <extensions>
          <ns3:TrackPointExtension>
            <ns3:cad>49</ns3:cad>
          </ns3:TrackPointExtension>
        </extensions>
      </trkpt>
      <trkpt lat="68.97422078065574169158935546875" lon="20.370456464588642120361328125">
        <ele>586.20001220703125</ele>
        <time>2026-08-22T08:04:21.000Z</time>
        <extensions>
          <ns3:TrackPointExtension>
            <ns3:cad>47</ns3:cad>
          </ns3:TrackPointExtension>
        </extensions>
      </trkpt>
      <trkpt lat="68.974225223064422607421875" lon="20.3704616613686084747314453125">
        <ele>586.4000244140625</ele>
        <time>2026-08-22T08:04:26.000Z</time>
        <extensions>
          <ns3:TrackPointExtension>
            <ns3:cad>0</ns3:cad>
          </ns3:TrackPointExtension>
        </extensions>
      </trkpt>
      <trkpt lat="68.97421625442802906036376953125" lon="20.370435677468776702880859375">
        <ele>586.4000244140625</ele>
        <time>2026-08-22T08:04:35.000Z</time>
        <extensions>
          <ns3:TrackPointExtension>
            <ns3:cad>0</ns3:cad>
          </ns3:TrackPointExtension>
        </extensions>
      </trkpt>
      <trkpt lat="68.9742158353328704833984375" lon="20.37047968246042728424072265625">
        <ele>586.4000244140625</ele>
        <time>2026-08-22T08:04:39.000Z</time>
        <extensions>
          <ns3:TrackPointExtension>
            <ns3:cad>0</ns3:cad>
          </ns3:TrackPointExtension>
        </extensions>
      </trkpt>
      <trkpt lat="68.97423201240599155426025390625" lon="20.37050114013254642486572265625">
        <ele>586.4000244140625</ele>
        <time>2026-08-22T08:04:45.000Z</time>
        <extensions>
          <ns3:TrackPointExtension>
            <ns3:cad>0</ns3:cad>
          </ns3:TrackPointExtension>
        </extensions>
      </trkpt>
      <trkpt lat="68.97424198687076568603515625" lon="20.37051455117762088775634765625">
        <ele>586.4000244140625</ele>
        <time>2026-08-22T08:04:55.000Z</time>
        <extensions>
          <ns3:TrackPointExtension>
            <ns3:cad>0</ns3:cad>
          </ns3:TrackPointExtension>
        </extensions>
      </trkpt>
      <trkpt lat="68.974230922758579254150390625" lon="20.37052108906209468841552734375">
        <ele>586.20001220703125</ele>
        <time>2026-08-22T08:05:05.000Z</time>
        <extensions>
          <ns3:TrackPointExtension>
            <ns3:cad>0</ns3:cad>
          </ns3:TrackPointExtension>
        </extensions>
      </trkpt>
      <trkpt lat="68.9742307551205158233642578125" lon="20.37048269994556903839111328125">
        <ele>586.4000244140625</ele>
        <time>2026-08-22T08:05:14.000Z</time>
        <extensions>
          <ns3:TrackPointExtension>
            <ns3:cad>0</ns3:cad>
          </ns3:TrackPointExtension>
        </extensions>
      </trkpt>
      <trkpt lat="68.97423016838729381561279296875" lon="20.3704459033906459808349609375">
        <ele>586.4000244140625</ele>
        <time>2026-08-22T08:05:22.000Z</time>
        <extensions>
          <ns3:TrackPointExtension>
            <ns3:cad>0</ns3:cad>
          </ns3:TrackPointExtension>
        </extensions>
      </trkpt>
      <trkpt lat="68.97422245703637599945068359375" lon="20.37045520730316638946533203125">
        <ele>586.20001220703125</ele>
        <time>2026-08-22T08:05:31.000Z</time>
        <extensions>
          <ns3:TrackPointExtension>
            <ns3:cad>0</ns3:cad>
          </ns3:TrackPointExtension>
        </extensions>
      </trkpt>
      <trkpt lat="68.9742314256727695465087890625" lon="20.37050616927444934844970703125">
        <ele>586</ele>
        <time>2026-08-22T08:05:39.000Z</time>
        <extensions>
          <ns3:TrackPointExtension>
            <ns3:cad>0</ns3:cad>
          </ns3:TrackPointExtension>
        </extensions>
      </trkpt>
      <trkpt lat="68.97422027774155139923095703125" lon="20.370583869516849517822265625">
        <ele>586.20001220703125</ele>
        <time>2026-08-22T08:05:43.000Z</time>
        <extensions>
          <ns3:TrackPointExtension>
            <ns3:cad>0</ns3:cad>
          </ns3:TrackPointExtension>
        </extensions>
      </trkpt>
      <trkpt lat="68.97422346286475658416748046875" lon="20.3707141242921352386474609375">
        <ele>586</ele>
        <time>2026-08-22T08:05:48.000Z</time>
        <extensions>
          <ns3:TrackPointExtension>
            <ns3:cad>0</ns3:cad>
          </ns3:TrackPointExtension>
        </extensions>
      </trkpt>
      <trkpt lat="68.9742297492921352386474609375" lon="20.37087731994688510894775390625">
        <ele>586</ele>
        <time>2026-08-22T08:05:54.000Z</time>
        <extensions>
          <ns3:TrackPointExtension>
            <ns3:cad>0</ns3:cad>
          </ns3:TrackPointExtension>
        </extensions>
      </trkpt>
      <trkpt lat="68.9742434956133365631103515625" lon="20.37106256000697612762451171875">
        <ele>586</ele>
        <time>2026-08-22T08:06:00.000Z</time>
        <extensions>
          <ns3:TrackPointExtension>
            <ns3:cad>51</ns3:cad>
          </ns3:TrackPointExtension>
        </extensions>
      </trkpt>
      <trkpt lat="68.97426612675189971923828125" lon="20.37124176509678363800048828125">
        <ele>586</ele>
        <time>2026-08-22T08:06:06.000Z</time>
        <extensions>
          <ns3:TrackPointExtension>
            <ns3:cad>50</ns3:cad>
          </ns3:TrackPointExtension>
        </extensions>
      </trkpt>
      <trkpt lat="68.97427425719797611236572265625" lon="20.37126121111214160919189453125">
        <ele>586</ele>
        <time>2026-08-22T08:06:07.000Z</time>
        <extensions>
          <ns3:TrackPointExtension>
            <ns3:cad>50</ns3:cad>
          </ns3:TrackPointExtension>
        </extensions>
      </trkpt>
      <trkpt lat="68.974299989640712738037109375" lon="20.37132390774786472320556640625">
        <ele>585.79998779296875</ele>
        <time>2026-08-22T08:06:11.000Z</time>
        <extensions>
          <ns3:TrackPointExtension>
            <ns3:cad>50</ns3:cad>
          </ns3:TrackPointExtension>
        </extensions>
      </trkpt>
      <trkpt lat="68.9743538014590740203857421875" lon="20.3714752011001110076904296875">
        <ele>585.5999755859375</ele>
        <time>2026-08-22T08:06:18.000Z</time>
        <extensions>
          <ns3:TrackPointExtension>
            <ns3:cad>50</ns3:cad>
          </ns3:TrackPointExtension>
        </extensions>
      </trkpt>
      <trkpt lat="68.97436981089413166046142578125" lon="20.37151065655052661895751953125">
        <ele>585.4000244140625</ele>
        <time>2026-08-22T08:06:20.000Z</time>
        <extensions>
          <ns3:TrackPointExtension>
            <ns3:cad>50</ns3:cad>
          </ns3:TrackPointExtension>
        </extensions>
      </trkpt>
      <trkpt lat="68.974399566650390625" lon="20.371597073972225189208984375">
        <ele>585.20001220703125</ele>
        <time>2026-08-22T08:06:24.000Z</time>
        <extensions>
          <ns3:TrackPointExtension>
            <ns3:cad>49</ns3:cad>
          </ns3:TrackPointExtension>
        </extensions>
      </trkpt>
      <trkpt lat="68.9744620956480503082275390625" lon="20.37176680751144886016845703125">
        <ele>584.5999755859375</ele>
        <time>2026-08-22T08:06:32.000Z</time>
        <extensions>
          <ns3:TrackPointExtension>
            <ns3:cad>53</ns3:cad>
          </ns3:TrackPointExtension>
        </extensions>
      </trkpt>
      <trkpt lat="68.9745127223432064056396484375" lon="20.371878705918788909912109375">
        <ele>584.4000244140625</ele>
        <time>2026-08-22T08:06:38.000Z</time>
        <extensions>
          <ns3:TrackPointExtension>
            <ns3:cad>53</ns3:cad>
          </ns3:TrackPointExtension>
        </extensions>
      </trkpt>
      <trkpt lat="68.974558822810649871826171875" lon="20.372025556862354278564453125">
        <ele>584.20001220703125</ele>
        <time>2026-08-22T08:06:45.000Z</time>
        <extensions>
          <ns3:TrackPointExtension>
            <ns3:cad>50</ns3:cad>
          </ns3:TrackPointExtension>
        </extensions>
      </trkpt>
      <trkpt lat="68.9745985530316829681396484375" lon="20.372138880193233489990234375">
        <ele>583.79998779296875</ele>
        <time>2026-08-22T08:06:51.000Z</time>
        <extensions>
          <ns3:TrackPointExtension>
            <ns3:cad>0</ns3:cad>
          </ns3:TrackPointExtension>
        </extensions>
      </trkpt>
      <trkpt lat="68.97463065572082996368408203125" lon="20.37222043611109256744384765625">
        <ele>583.5999755859375</ele>
        <time>2026-08-22T08:06:56.000Z</time>
        <extensions>
          <ns3:TrackPointExtension>
            <ns3:cad>0</ns3:cad>
          </ns3:TrackPointExtension>
        </extensions>
      </trkpt>
      <trkpt lat="68.97463635541498661041259765625" lon="20.37223300896584987640380859375">
        <ele>583.4000244140625</ele>
        <time>2026-08-22T08:06:57.000Z</time>
        <extensions>
          <ns3:TrackPointExtension>
            <ns3:cad>0</ns3:cad>
          </ns3:TrackPointExtension>
        </extensions>
      </trkpt>
      <trkpt lat="68.9746646024286746978759765625" lon="20.37230425514280796051025390625">
        <ele>582.20001220703125</ele>
        <time>2026-08-22T08:07:03.000Z</time>
        <extensions>
          <ns3:TrackPointExtension>
            <ns3:cad>0</ns3:cad>
          </ns3:TrackPointExtension>
        </extensions>
      </trkpt>
      <trkpt lat="68.97466921247541904449462890625" lon="20.3723110444843769073486328125">
        <ele>582</ele>
        <time>2026-08-22T08:07:04.000Z</time>
        <extensions>
          <ns3:TrackPointExtension>
            <ns3:cad>0</ns3:cad>
          </ns3:TrackPointExtension>
        </extensions>
      </trkpt>
      <trkpt lat="68.974699638783931732177734375" lon="20.3724042512476444244384765625">
        <ele>581.20001220703125</ele>
        <time>2026-08-22T08:07:09.000Z</time>
        <extensions>
          <ns3:TrackPointExtension>
            <ns3:cad>0</ns3:cad>
          </ns3:TrackPointExtension>
        </extensions>
      </trkpt>
      <trkpt lat="68.97470944561064243316650390625" lon="20.372450351715087890625">
        <ele>580.79998779296875</ele>
        <time>2026-08-22T08:07:11.000Z</time>
        <extensions>
          <ns3:TrackPointExtension>
            <ns3:cad>0</ns3:cad>
          </ns3:TrackPointExtension>
        </extensions>
      </trkpt>
      <trkpt lat="68.97475671954452991485595703125" lon="20.37257046438753604888916015625">
        <ele>581</ele>
        <time>2026-08-22T08:07:18.000Z</time>
        <extensions>
          <ns3:TrackPointExtension>
            <ns3:cad>47</ns3:cad>
          </ns3:TrackPointExtension>
        </extensions>
      </trkpt>
      <trkpt lat="68.97476895712316036224365234375" lon="20.37265227176249027252197265625">
        <ele>581.79998779296875</ele>
        <time>2026-08-22T08:07:23.000Z</time>
        <extensions>
          <ns3:TrackPointExtension>
            <ns3:cad>48</ns3:cad>
          </ns3:TrackPointExtension>
        </extensions>
      </trkpt>
      <trkpt lat="68.97477448917925357818603515625" lon="20.3726761601865291595458984375">
        <ele>582.20001220703125</ele>
        <time>2026-08-22T08:07:25.000Z</time>
        <extensions>
          <ns3:TrackPointExtension>
            <ns3:cad>44</ns3:cad>
          </ns3:TrackPointExtension>
        </extensions>
      </trkpt>
      <trkpt lat="68.9747866429388523101806640625" lon="20.3727184049785137176513671875">
        <ele>582.79998779296875</ele>
        <time>2026-08-22T08:07:28.000Z</time>
        <extensions>
          <ns3:TrackPointExtension>
            <ns3:cad>44</ns3:cad>
          </ns3:TrackPointExtension>
        </extensions>
      </trkpt>
      <trkpt lat="68.9748086035251617431640625" lon="20.37275369279086589813232421875">
        <ele>583.4000244140625</ele>
        <time>2026-08-22T08:07:32.000Z</time>
        <extensions>
          <ns3:TrackPointExtension>
            <ns3:cad>0</ns3:cad>
          </ns3:TrackPointExtension>
        </extensions>
      </trkpt>
      <trkpt lat="68.97482880391180515289306640625" lon="20.37280297838151454925537109375">
        <ele>583.79998779296875</ele>
        <time>2026-08-22T08:07:35.000Z</time>
        <extensions>
          <ns3:TrackPointExtension>
            <ns3:cad>42</ns3:cad>
          </ns3:TrackPointExtension>
        </extensions>
      </trkpt>
      <trkpt lat="68.97488496266305446624755859375" lon="20.372914038598537445068359375">
        <ele>584</ele>
        <time>2026-08-22T08:07:42.000Z</time>
        <extensions>
          <ns3:TrackPointExtension>
            <ns3:cad>44</ns3:cad>
          </ns3:TrackPointExtension>
        </extensions>
      </trkpt>
      <trkpt lat="68.9749073423445224761962890625" lon="20.37299106828868389129638671875">
        <ele>584</ele>
        <time>2026-08-22T08:07:47.000Z</time>
        <extensions>
          <ns3:TrackPointExtension>
            <ns3:cad>44</ns3:cad>
          </ns3:TrackPointExtension>
        </extensions>
      </trkpt>
      <trkpt lat="68.97494313307106494903564453125" lon="20.37309047766029834747314453125">
        <ele>584.4000244140625</ele>
        <time>2026-08-22T08:07:53.000Z</time>
        <extensions>
          <ns3:TrackPointExtension>
            <ns3:cad>45</ns3:cad>
          </ns3:TrackPointExtension>
        </extensions>
      </trkpt>
      <trkpt lat="68.97494749166071414947509765625" lon="20.37310623563826084136962890625">
        <ele>584.5999755859375</ele>
        <time>2026-08-22T08:07:54.000Z</time>
        <extensions>
          <ns3:TrackPointExtension>
            <ns3:cad>45</ns3:cad>
          </ns3:TrackPointExtension>
        </extensions>
      </trkpt>
      <trkpt lat="68.97499158047139644622802734375" lon="20.37320832721889019012451171875">
        <ele>585.20001220703125</ele>
        <time>2026-08-22T08:08:01.000Z</time>
        <extensions>
          <ns3:TrackPointExtension>
            <ns3:cad>43</ns3:cad>
          </ns3:TrackPointExtension>
        </extensions>
      </trkpt>
      <trkpt lat="68.9750059135258197784423828125" lon="20.37325006909668445587158203125">
        <ele>585.4000244140625</ele>
        <time>2026-08-22T08:08:04.000Z</time>
        <extensions>
          <ns3:TrackPointExtension>
            <ns3:cad>41</ns3:cad>
          </ns3:TrackPointExtension>
        </extensions>
      </trkpt>
      <trkpt lat="68.975032903254032135009765625" lon="20.37330488674342632293701171875">
        <ele>585.79998779296875</ele>
        <time>2026-08-22T08:08:09.000Z</time>
        <extensions>
          <ns3:TrackPointExtension>
            <ns3:cad>0</ns3:cad>
          </ns3:TrackPointExtension>
        </extensions>
      </trkpt>
      <trkpt lat="68.975065760314464569091796875" lon="20.37341821007430553436279296875">
        <ele>586.4000244140625</ele>
        <time>2026-08-22T08:08:15.000Z</time>
        <extensions>
          <ns3:TrackPointExtension>
            <ns3:cad>40</ns3:cad>
          </ns3:TrackPointExtension>
        </extensions>
      </trkpt>
      <trkpt lat="68.9750709570944309234619140625" lon="20.3734429366886615753173828125">
        <ele>586.4000244140625</ele>
        <time>2026-08-22T08:08:16.000Z</time>
        <extensions>
          <ns3:TrackPointExtension>
            <ns3:cad>40</ns3:cad>
          </ns3:TrackPointExtension>
        </extensions>
      </trkpt>
      <trkpt lat="68.97509015165269374847412109375" lon="20.37350018508732318878173828125">
        <ele>586.79998779296875</ele>
        <time>2026-08-22T08:08:19.000Z</time>
        <extensions>
          <ns3:TrackPointExtension>
            <ns3:cad>0</ns3:cad>
          </ns3:TrackPointExtension>
        </extensions>
      </trkpt>
      <trkpt lat="68.97510431706905364990234375" lon="20.37353354506194591522216796875">
        <ele>587</ele>
        <time>2026-08-22T08:08:21.000Z</time>
        <extensions>
          <ns3:TrackPointExtension>
            <ns3:cad>0</ns3:cad>
          </ns3:TrackPointExtension>
        </extensions>
      </trkpt>
      <trkpt lat="68.97514144890010356903076171875" lon="20.3736259974539279937744140625">
        <ele>587.4000244140625</ele>
        <time>2026-08-22T08:08:28.000Z</time>
        <extensions>
          <ns3:TrackPointExtension>
            <ns3:cad>0</ns3:cad>
          </ns3:TrackPointExtension>
        </extensions>
      </trkpt>
      <trkpt lat="68.975158967077732086181640625" lon="20.37368140183389186859130859375">
        <ele>587.4000244140625</ele>
        <time>2026-08-22T08:08:31.000Z</time>
        <extensions>
          <ns3:TrackPointExtension>
            <ns3:cad>0</ns3:cad>
          </ns3:TrackPointExtension>
        </extensions>
      </trkpt>
      <trkpt lat="68.97517698816955089569091796875" lon="20.3737284243106842041015625">
        <ele>587.5999755859375</ele>
        <time>2026-08-22T08:08:34.000Z</time>
        <extensions>
          <ns3:TrackPointExtension>
            <ns3:cad>0</ns3:cad>
          </ns3:TrackPointExtension>
        </extensions>
      </trkpt>
      <trkpt lat="68.97521738894283771514892578125" lon="20.37384233437478542327880859375">
        <ele>588.20001220703125</ele>
        <time>2026-08-22T08:08:40.000Z</time>
        <extensions>
          <ns3:TrackPointExtension>
            <ns3:cad>0</ns3:cad>
          </ns3:TrackPointExtension>
        </extensions>
      </trkpt>
      <trkpt lat="68.9752536825835704803466796875" lon="20.3739331103861331939697265625">
        <ele>588.4000244140625</ele>
        <time>2026-08-22T08:08:46.000Z</time>
        <extensions>
          <ns3:TrackPointExtension>
            <ns3:cad>44</ns3:cad>
          </ns3:TrackPointExtension>
        </extensions>
      </trkpt>
      <trkpt lat="68.97527891211211681365966796875" lon="20.3739817254245281219482421875">
        <ele>588.5999755859375</ele>
        <time>2026-08-22T08:08:49.000Z</time>
        <extensions>
          <ns3:TrackPointExtension>
            <ns3:cad>44</ns3:cad>
          </ns3:TrackPointExtension>
        </extensions>
      </trkpt>
      <trkpt lat="68.97530606947839260101318359375" lon="20.37406763993203639984130859375">
        <ele>588.5999755859375</ele>
        <time>2026-08-22T08:08:53.000Z</time>
        <extensions>
          <ns3:TrackPointExtension>
            <ns3:cad>44</ns3:cad>
          </ns3:TrackPointExtension>
        </extensions>
      </trkpt>
      <trkpt lat="68.97534261457622051239013671875" lon="20.3741952963173389434814453125">
        <ele>588.79998779296875</ele>
        <time>2026-08-22T08:08:59.000Z</time>
        <extensions>
          <ns3:TrackPointExtension>
            <ns3:cad>44</ns3:cad>
          </ns3:TrackPointExtension>
        </extensions>
      </trkpt>
      <trkpt lat="68.97537195123732089996337890625" lon="20.37428833544254302978515625">
        <ele>589.20001220703125</ele>
        <time>2026-08-22T08:09:04.000Z</time>
        <extensions>
          <ns3:TrackPointExtension>
            <ns3:cad>44</ns3:cad>
          </ns3:TrackPointExtension>
        </extensions>
      </trkpt>
      <trkpt lat="68.97540816105902194976806640625" lon="20.374391935765743255615234375">
        <ele>589.4000244140625</ele>
        <time>2026-08-22T08:09:10.000Z</time>
        <extensions>
          <ns3:TrackPointExtension>
            <ns3:cad>46</ns3:cad>
          </ns3:TrackPointExtension>
        </extensions>
      </trkpt>
      <trkpt lat="68.97542777471244335174560546875" lon="20.3744608350098133087158203125">
        <ele>589.5999755859375</ele>
        <time>2026-08-22T08:09:13.000Z</time>
        <extensions>
          <ns3:TrackPointExtension>
            <ns3:cad>45</ns3:cad>
          </ns3:TrackPointExtension>
        </extensions>
      </trkpt>
      <trkpt lat="68.9754625596106052398681640625" lon="20.37452830933034420013427734375">
        <ele>589.5999755859375</ele>
        <time>2026-08-22T08:09:17.000Z</time>
        <extensions>
          <ns3:TrackPointExtension>
            <ns3:cad>45</ns3:cad>
          </ns3:TrackPointExtension>
        </extensions>
      </trkpt>
      <trkpt lat="68.975507654249668121337890625" lon="20.374625958502292633056640625">
        <ele>589.5999755859375</ele>
        <time>2026-08-22T08:09:23.000Z</time>
        <extensions>
          <ns3:TrackPointExtension>
            <ns3:cad>47</ns3:cad>
          </ns3:TrackPointExtension>
        </extensions>
      </trkpt>
      <trkpt lat="68.97553573362529277801513671875" lon="20.37471606396138668060302734375">
        <ele>589.5999755859375</ele>
        <time>2026-08-22T08:09:27.000Z</time>
        <extensions>
          <ns3:TrackPointExtension>
            <ns3:cad>0</ns3:cad>
          </ns3:TrackPointExtension>
        </extensions>
      </trkpt>
      <trkpt lat="68.97558619268238544464111328125" lon="20.3748321533203125">
        <ele>589.20001220703125</ele>
        <time>2026-08-22T08:09:35.000Z</time>
        <extensions>
          <ns3:TrackPointExtension>
            <ns3:cad>48</ns3:cad>
          </ns3:TrackPointExtension>
        </extensions>
      </trkpt>
      <trkpt lat="68.97561033256351947784423828125" lon="20.3748913295567035675048828125">
        <ele>588.4000244140625</ele>
        <time>2026-08-22T08:09:41.000Z</time>
        <extensions>
          <ns3:TrackPointExtension>
            <ns3:cad>46</ns3:cad>
          </ns3:TrackPointExtension>
        </extensions>
      </trkpt>
      <trkpt lat="68.9756137691438198089599609375" lon="20.37490080110728740692138671875">
        <ele>588.20001220703125</ele>
        <time>2026-08-22T08:09:42.000Z</time>
        <extensions>
          <ns3:TrackPointExtension>
            <ns3:cad>0</ns3:cad>
          </ns3:TrackPointExtension>
        </extensions>
      </trkpt>
      <trkpt lat="68.9756318740546703338623046875" lon="20.37494656629860401153564453125">
        <ele>587.20001220703125</ele>
        <time>2026-08-22T08:09:47.000Z</time>
        <extensions>
          <ns3:TrackPointExtension>
            <ns3:cad>46</ns3:cad>
          </ns3:TrackPointExtension>
        </extensions>
      </trkpt>
      <trkpt lat="68.9756476320326328277587890625" lon="20.37499920465052127838134765625">
        <ele>586.79998779296875</ele>
        <time>2026-08-22T08:09:50.000Z</time>
        <extensions>
          <ns3:TrackPointExtension>
            <ns3:cad>0</ns3:cad>
          </ns3:TrackPointExtension>
        </extensions>
      </trkpt>
      <trkpt lat="68.9756841771304607391357421875" lon="20.375089980661869049072265625">
        <ele>586.20001220703125</ele>
        <time>2026-08-22T08:09:54.000Z</time>
        <extensions>
          <ns3:TrackPointExtension>
            <ns3:cad>0</ns3:cad>
          </ns3:TrackPointExtension>
        </extensions>
      </trkpt>
      <trkpt lat="68.9757017791271209716796875" lon="20.37512929178774356842041015625">
        <ele>586.20001220703125</ele>
        <time>2026-08-22T08:09:57.000Z</time>
        <extensions>
          <ns3:TrackPointExtension>
            <ns3:cad>0</ns3:cad>
          </ns3:TrackPointExtension>
        </extensions>
      </trkpt>
      <trkpt lat="68.9757254160940647125244140625" lon="20.37517421878874301910400390625">
        <ele>587.20001220703125</ele>
        <time>2026-08-22T08:10:03.000Z</time>
        <extensions>
          <ns3:TrackPointExtension>
            <ns3:cad>0</ns3:cad>
          </ns3:TrackPointExtension>
        </extensions>
      </trkpt>
      <trkpt lat="68.975728265941143035888671875" lon="20.3751746378839015960693359375">
        <ele>587.20001220703125</ele>
        <time>2026-08-22T08:10:04.000Z</time>
        <extensions>
          <ns3:TrackPointExtension>
            <ns3:cad>0</ns3:cad>
          </ns3:TrackPointExtension>
        </extensions>
      </trkpt>
      <trkpt lat="68.9757500588893890380859375" lon="20.375226438045501708984375">
        <ele>588.20001220703125</ele>
        <time>2026-08-22T08:10:10.000Z</time>
        <extensions>
          <ns3:TrackPointExtension>
            <ns3:cad>0</ns3:cad>
          </ns3:TrackPointExtension>
        </extensions>
      </trkpt>
      <trkpt lat="68.97574729286134243011474609375" lon="20.37523649632930755615234375">
        <ele>588.4000244140625</ele>
        <time>2026-08-22T08:10:11.000Z</time>
        <extensions>
          <ns3:TrackPointExtension>
            <ns3:cad>0</ns3:cad>
          </ns3:TrackPointExtension>
        </extensions>
      </trkpt>
      <trkpt lat="68.975759111344814300537109375" lon="20.3753028810024261474609375">
        <ele>589</ele>
        <time>2026-08-22T08:10:16.000Z</time>
        <extensions>
          <ns3:TrackPointExtension>
            <ns3:cad>0</ns3:cad>
          </ns3:TrackPointExtension>
        </extensions>
      </trkpt>
      <trkpt lat="68.97578350268304347991943359375" lon="20.37535585463047027587890625">
        <ele>589.4000244140625</ele>
        <time>2026-08-22T08:10:22.000Z</time>
        <extensions>
          <ns3:TrackPointExtension>
            <ns3:cad>0</ns3:cad>
          </ns3:TrackPointExtension>
        </extensions>
      </trkpt>
      <trkpt lat="68.97580437362194061279296875" lon="20.3754066489636898040771484375">
        <ele>590</ele>
        <time>2026-08-22T08:10:28.000Z</time>
        <extensions>
          <ns3:TrackPointExtension>
            <ns3:cad>0</ns3:cad>
          </ns3:TrackPointExtension>
        </extensions>
      </trkpt>
      <trkpt lat="68.97582113742828369140625" lon="20.37545803003013134002685546875">
        <ele>590.4000244140625</ele>
        <time>2026-08-22T08:10:33.000Z</time>
        <extensions>
          <ns3:TrackPointExtension>
            <ns3:cad>0</ns3:cad>
          </ns3:TrackPointExtension>
        </extensions>
      </trkpt>
      <trkpt lat="68.9758273400366306304931640625" lon="20.375462807714939117431640625">
        <ele>590.5999755859375</ele>
        <time>2026-08-22T08:10:34.000Z</time>
        <extensions>
          <ns3:TrackPointExtension>
            <ns3:cad>0</ns3:cad>
          </ns3:TrackPointExtension>
        </extensions>
      </trkpt>
      <trkpt lat="68.97586614824831485748291015625" lon="20.37550815381109714508056640625">
        <ele>591.20001220703125</ele>
        <time>2026-08-22T08:10:41.000Z</time>
        <extensions>
          <ns3:TrackPointExtension>
            <ns3:cad>0</ns3:cad>
          </ns3:TrackPointExtension>
        </extensions>
      </trkpt>
      <trkpt lat="68.9758756197988986968994140625" lon="20.37553044967353343963623046875">
        <ele>591.5999755859375</ele>
        <time>2026-08-22T08:10:44.000Z</time>
        <extensions>
          <ns3:TrackPointExtension>
            <ns3:cad>0</ns3:cad>
          </ns3:TrackPointExtension>
        </extensions>
      </trkpt>
      <trkpt lat="68.9758910425007343292236328125" lon="20.37553782574832439422607421875">
        <ele>591.79998779296875</ele>
        <time>2026-08-22T08:10:48.000Z</time>
        <extensions>
          <ns3:TrackPointExtension>
            <ns3:cad>0</ns3:cad>
          </ns3:TrackPointExtension>
        </extensions>
      </trkpt>
      <trkpt lat="68.9759378135204315185546875" lon="20.37554620765149593353271484375">
        <ele>592.5999755859375</ele>
        <time>2026-08-22T08:10:54.000Z</time>
        <extensions>
          <ns3:TrackPointExtension>
            <ns3:cad>0</ns3:cad>
          </ns3:TrackPointExtension>
        </extensions>
      </trkpt>
      <trkpt lat="68.97598030976951122283935546875" lon="20.375567413866519927978515625">
        <ele>593</ele>
        <time>2026-08-22T08:11:00.000Z</time>
        <extensions>
          <ns3:TrackPointExtension>
            <ns3:cad>0</ns3:cad>
          </ns3:TrackPointExtension>
        </extensions>
      </trkpt>
      <trkpt lat="68.97602959536015987396240234375" lon="20.3756155259907245635986328125">
        <ele>593.20001220703125</ele>
        <time>2026-08-22T08:11:08.000Z</time>
        <extensions>
          <ns3:TrackPointExtension>
            <ns3:cad>0</ns3:cad>
          </ns3:TrackPointExtension>
        </extensions>
      </trkpt>
      <trkpt lat="68.97605516016483306884765625" lon="20.375625751912593841552734375">
        <ele>593.5999755859375</ele>
        <time>2026-08-22T08:11:13.000Z</time>
        <extensions>
          <ns3:TrackPointExtension>
            <ns3:cad>0</ns3:cad>
          </ns3:TrackPointExtension>
        </extensions>
      </trkpt>
      <trkpt lat="68.97606111131608486175537109375" lon="20.37562432698905467987060546875">
        <ele>593.5999755859375</ele>
        <time>2026-08-22T08:11:14.000Z</time>
        <extensions>
          <ns3:TrackPointExtension>
            <ns3:cad>0</ns3:cad>
          </ns3:TrackPointExtension>
        </extensions>
      </trkpt>
      <trkpt lat="68.976103775203227996826171875" lon="20.3756265901029109954833984375">
        <ele>594.20001220703125</ele>
        <time>2026-08-22T08:11:21.000Z</time>
        <extensions>
          <ns3:TrackPointExtension>
            <ns3:cad>0</ns3:cad>
          </ns3:TrackPointExtension>
        </extensions>
      </trkpt>
      <trkpt lat="68.976127244532108306884765625" lon="20.37563639692962169647216796875">
        <ele>594.5999755859375</ele>
        <time>2026-08-22T08:11:25.000Z</time>
        <extensions>
          <ns3:TrackPointExtension>
            <ns3:cad>0</ns3:cad>
          </ns3:TrackPointExtension>
        </extensions>
      </trkpt>
      <trkpt lat="68.97614258341491222381591796875" lon="20.375651232898235321044921875">
        <ele>595.20001220703125</ele>
        <time>2026-08-22T08:11:28.000Z</time>
        <extensions>
          <ns3:TrackPointExtension>
            <ns3:cad>54</ns3:cad>
          </ns3:TrackPointExtension>
        </extensions>
      </trkpt>
      <trkpt lat="68.97617141716182231903076171875" lon="20.3756768815219402313232421875">
        <ele>595.79998779296875</ele>
        <time>2026-08-22T08:11:33.000Z</time>
        <extensions>
          <ns3:TrackPointExtension>
            <ns3:cad>0</ns3:cad>
          </ns3:TrackPointExtension>
        </extensions>
      </trkpt>
      <trkpt lat="68.97617963142693042755126953125" lon="20.37568987347185611724853515625">
        <ele>596</ele>
        <time>2026-08-22T08:11:35.000Z</time>
        <extensions>
          <ns3:TrackPointExtension>
            <ns3:cad>0</ns3:cad>
          </ns3:TrackPointExtension>
        </extensions>
      </trkpt>
      <trkpt lat="68.97619555704295635223388671875" lon="20.375696159899234771728515625">
        <ele>596.5999755859375</ele>
        <time>2026-08-22T08:11:40.000Z</time>
        <extensions>
          <ns3:TrackPointExtension>
            <ns3:cad>0</ns3:cad>
          </ns3:TrackPointExtension>
        </extensions>
      </trkpt>
      <trkpt lat="68.97619890980422496795654296875" lon="20.37570194341242313385009765625">
        <ele>596.79998779296875</ele>
        <time>2026-08-22T08:11:41.000Z</time>
        <extensions>
          <ns3:TrackPointExtension>
            <ns3:cad>0</ns3:cad>
          </ns3:TrackPointExtension>
        </extensions>
      </trkpt>
      <trkpt lat="68.9762206189334392547607421875" lon="20.375751815736293792724609375">
        <ele>597.4000244140625</ele>
        <time>2026-08-22T08:11:46.000Z</time>
        <extensions>
          <ns3:TrackPointExtension>
            <ns3:cad>0</ns3:cad>
          </ns3:TrackPointExtension>
        </extensions>
      </trkpt>
      <trkpt lat="68.9762350358068943023681640625" lon="20.375808142125606536865234375">
        <ele>598</ele>
        <time>2026-08-22T08:11:52.000Z</time>
        <extensions>
          <ns3:TrackPointExtension>
            <ns3:cad>0</ns3:cad>
          </ns3:TrackPointExtension>
        </extensions>
      </trkpt>
      <trkpt lat="68.9762380532920360565185546875" lon="20.375816188752651214599609375">
        <ele>598.20001220703125</ele>
        <time>2026-08-22T08:11:54.000Z</time>
        <extensions>
          <ns3:TrackPointExtension>
            <ns3:cad>0</ns3:cad>
          </ns3:TrackPointExtension>
        </extensions>
      </trkpt>
      <trkpt lat="68.97624970413744449615478515625" lon="20.37587678991258144378662109375">
        <ele>599</ele>
        <time>2026-08-22T08:12:00.000Z</time>
        <extensions>
          <ns3:TrackPointExtension>
            <ns3:cad>0</ns3:cad>
          </ns3:TrackPointExtension>
        </extensions>
      </trkpt>
      <trkpt lat="68.97626915015280246734619140625" lon="20.37592909298837184906005859375">
        <ele>599.5999755859375</ele>
        <time>2026-08-22T08:12:08.000Z</time>
        <extensions>
          <ns3:TrackPointExtension>
            <ns3:cad>0</ns3:cad>
          </ns3:TrackPointExtension>
        </extensions>
      </trkpt>
      <trkpt lat="68.97628608159720897674560546875" lon="20.3759705834090709686279296875">
        <ele>600</ele>
        <time>2026-08-22T08:12:13.000Z</time>
        <extensions>
          <ns3:TrackPointExtension>
            <ns3:cad>0</ns3:cad>
          </ns3:TrackPointExtension>
        </extensions>
      </trkpt>
      <trkpt lat="68.976288847625255584716796875" lon="20.37597854621708393096923828125">
        <ele>600.20001220703125</ele>
        <time>2026-08-22T08:12:14.000Z</time>
        <extensions>
          <ns3:TrackPointExtension>
            <ns3:cad>0</ns3:cad>
          </ns3:TrackPointExtension>
        </extensions>
      </trkpt>
      <trkpt lat="68.97630653344094753265380859375" lon="20.37600838579237461090087890625">
        <ele>600.79998779296875</ele>
        <time>2026-08-22T08:12:19.000Z</time>
        <extensions>
          <ns3:TrackPointExtension>
            <ns3:cad>0</ns3:cad>
          </ns3:TrackPointExtension>
        </extensions>
      </trkpt>
      <trkpt lat="68.9763185195624828338623046875" lon="20.37601944990456104278564453125">
        <ele>601</ele>
        <time>2026-08-22T08:12:21.000Z</time>
        <extensions>
          <ns3:TrackPointExtension>
            <ns3:cad>0</ns3:cad>
          </ns3:TrackPointExtension>
        </extensions>
      </trkpt>
      <trkpt lat="68.9763440005481243133544921875" lon="20.376048199832439422607421875">
        <ele>601.79998779296875</ele>
        <time>2026-08-22T08:12:27.000Z</time>
        <extensions>
          <ns3:TrackPointExtension>
            <ns3:cad>0</ns3:cad>
          </ns3:TrackPointExtension>
        </extensions>
      </trkpt>
      <trkpt lat="68.97634944878518581390380859375" lon="20.3760458528995513916015625">
        <ele>602.20001220703125</ele>
        <time>2026-08-22T08:12:29.000Z</time>
        <extensions>
          <ns3:TrackPointExtension>
            <ns3:cad>0</ns3:cad>
          </ns3:TrackPointExtension>
        </extensions>
      </trkpt>
      <trkpt lat="68.9763631112873554229736328125" lon="20.376071669161319732666015625">
        <ele>602.5999755859375</ele>
        <time>2026-08-22T08:12:34.000Z</time>
        <extensions>
          <ns3:TrackPointExtension>
            <ns3:cad>0</ns3:cad>
          </ns3:TrackPointExtension>
        </extensions>
      </trkpt>
      <trkpt lat="68.97637895308434963226318359375" lon="20.37607342936098575592041015625">
        <ele>603.20001220703125</ele>
        <time>2026-08-22T08:12:38.000Z</time>
        <extensions>
          <ns3:TrackPointExtension>
            <ns3:cad>0</ns3:cad>
          </ns3:TrackPointExtension>
        </extensions>
      </trkpt>
      <trkpt lat="68.9763922803103923797607421875" lon="20.37607611157000064849853515625">
        <ele>603.5999755859375</ele>
        <time>2026-08-22T08:12:41.000Z</time>
        <extensions>
          <ns3:TrackPointExtension>
            <ns3:cad>0</ns3:cad>
          </ns3:TrackPointExtension>
        </extensions>
      </trkpt>
      <trkpt lat="68.9764278195798397064208984375" lon="20.37609304301440715789794921875">
        <ele>604.20001220703125</ele>
        <time>2026-08-22T08:12:47.000Z</time>
        <extensions>
          <ns3:TrackPointExtension>
            <ns3:cad>61</ns3:cad>
          </ns3:TrackPointExtension>
        </extensions>
      </trkpt>
      <trkpt lat="68.9764626882970333099365234375" lon="20.37612120620906352996826171875">
        <ele>604.5999755859375</ele>
        <time>2026-08-22T08:12:53.000Z</time>
        <extensions>
          <ns3:TrackPointExtension>
            <ns3:cad>0</ns3:cad>
          </ns3:TrackPointExtension>
        </extensions>
      </trkpt>
      <trkpt lat="68.97648691199719905853271484375" lon="20.3761397302150726318359375">
        <ele>605.20001220703125</ele>
        <time>2026-08-22T08:12:58.000Z</time>
        <extensions>
          <ns3:TrackPointExtension>
            <ns3:cad>0</ns3:cad>
          </ns3:TrackPointExtension>
        </extensions>
      </trkpt>
      <trkpt lat="68.9764928631484508514404296875" lon="20.37614417262375354766845703125">
        <ele>605.4000244140625</ele>
        <time>2026-08-22T08:12:59.000Z</time>
        <extensions>
          <ns3:TrackPointExtension>
            <ns3:cad>0</ns3:cad>
          </ns3:TrackPointExtension>
        </extensions>
      </trkpt>
      <trkpt lat="68.9765284024178981781005859375" lon="20.37619161419570446014404296875">
        <ele>605.79998779296875</ele>
        <time>2026-08-22T08:13:04.000Z</time>
        <extensions>
          <ns3:TrackPointExtension>
            <ns3:cad>0</ns3:cad>
          </ns3:TrackPointExtension>
        </extensions>
      </trkpt>
      <trkpt lat="68.97658967413008213043212890625" lon="20.3762455098330974578857421875">
        <ele>606</ele>
        <time>2026-08-22T08:13:10.000Z</time>
        <extensions>
          <ns3:TrackPointExtension>
            <ns3:cad>0</ns3:cad>
          </ns3:TrackPointExtension>
        </extensions>
      </trkpt>
      <trkpt lat="68.976612389087677001953125" lon="20.37628917954862117767333984375">
        <ele>606.20001220703125</ele>
        <time>2026-08-22T08:13:14.000Z</time>
        <extensions>
          <ns3:TrackPointExtension>
            <ns3:cad>0</ns3:cad>
          </ns3:TrackPointExtension>
        </extensions>
      </trkpt>
      <trkpt lat="68.976630158722400665283203125" lon="20.37630376406013965606689453125">
        <ele>606.4000244140625</ele>
        <time>2026-08-22T08:13:17.000Z</time>
        <extensions>
          <ns3:TrackPointExtension>
            <ns3:cad>0</ns3:cad>
          </ns3:TrackPointExtension>
        </extensions>
      </trkpt>
      <trkpt lat="68.9766915142536163330078125" lon="20.3763548098504543304443359375">
        <ele>606.5999755859375</ele>
        <time>2026-08-22T08:13:25.000Z</time>
        <extensions>
          <ns3:TrackPointExtension>
            <ns3:cad>0</ns3:cad>
          </ns3:TrackPointExtension>
        </extensions>
      </trkpt>
      <trkpt lat="68.976742811501026153564453125" lon="20.376408286392688751220703125">
        <ele>606.79998779296875</ele>
        <time>2026-08-22T08:13:32.000Z</time>
        <extensions>
          <ns3:TrackPointExtension>
            <ns3:cad>0</ns3:cad>
          </ns3:TrackPointExtension>
        </extensions>
      </trkpt>
      <trkpt lat="68.9767999760806560516357421875" lon="20.37642471492290496826171875">
        <ele>607</ele>
        <time>2026-08-22T08:13:39.000Z</time>
        <extensions>
          <ns3:TrackPointExtension>
            <ns3:cad>0</ns3:cad>
          </ns3:TrackPointExtension>
        </extensions>
      </trkpt>
      <trkpt lat="68.97681933827698230743408203125" lon="20.37642781622707843780517578125">
        <ele>607.20001220703125</ele>
        <time>2026-08-22T08:13:42.000Z</time>
        <extensions>
          <ns3:TrackPointExtension>
            <ns3:cad>0</ns3:cad>
          </ns3:TrackPointExtension>
        </extensions>
      </trkpt>
      <trkpt lat="68.9768549613654613494873046875" lon="20.3764347732067108154296875">
        <ele>607.5999755859375</ele>
        <time>2026-08-22T08:13:46.000Z</time>
        <extensions>
          <ns3:TrackPointExtension>
            <ns3:cad>0</ns3:cad>
          </ns3:TrackPointExtension>
        </extensions>
      </trkpt>
      <trkpt lat="68.9768894948065280914306640625" lon="20.3764657862484455108642578125">
        <ele>608.20001220703125</ele>
        <time>2026-08-22T08:13:52.000Z</time>
        <extensions>
          <ns3:TrackPointExtension>
            <ns3:cad>0</ns3:cad>
          </ns3:TrackPointExtension>
        </extensions>
      </trkpt>
      <trkpt lat="68.9768953621387481689453125" lon="20.37647291086614131927490234375">
        <ele>608.4000244140625</ele>
        <time>2026-08-22T08:13:53.000Z</time>
        <extensions>
          <ns3:TrackPointExtension>
            <ns3:cad>0</ns3:cad>
          </ns3:TrackPointExtension>
        </extensions>
      </trkpt>
      <trkpt lat="68.9769337512552738189697265625" lon="20.37647995166480541229248046875">
        <ele>608.79998779296875</ele>
        <time>2026-08-22T08:13:58.000Z</time>
        <extensions>
          <ns3:TrackPointExtension>
            <ns3:cad>0</ns3:cad>
          </ns3:TrackPointExtension>
        </extensions>
      </trkpt>
      <trkpt lat="68.9769811928272247314453125" lon="20.37650895304977893829345703125">
        <ele>609.20001220703125</ele>
        <time>2026-08-22T08:14:04.000Z</time>
        <extensions>
          <ns3:TrackPointExtension>
            <ns3:cad>0</ns3:cad>
          </ns3:TrackPointExtension>
        </extensions>
      </trkpt>
      <trkpt lat="68.976990245282649993896484375" lon="20.37652504630386829376220703125">
        <ele>609.4000244140625</ele>
        <time>2026-08-22T08:14:06.000Z</time>
        <extensions>
          <ns3:TrackPointExtension>
            <ns3:cad>0</ns3:cad>
          </ns3:TrackPointExtension>
        </extensions>
      </trkpt>
      <trkpt lat="68.97701731882989406585693359375" lon="20.37654600106179714202880859375">
        <ele>609.79998779296875</ele>
        <time>2026-08-22T08:14:11.000Z</time>
        <extensions>
          <ns3:TrackPointExtension>
            <ns3:cad>0</ns3:cad>
          </ns3:TrackPointExtension>
        </extensions>
      </trkpt>
      <trkpt lat="68.97706777788698673248291015625" lon="20.37656284868717193603515625">
        <ele>610.4000244140625</ele>
        <time>2026-08-22T08:14:17.000Z</time>
        <extensions>
          <ns3:TrackPointExtension>
            <ns3:cad>71</ns3:cad>
          </ns3:TrackPointExtension>
        </extensions>
      </trkpt>
      <trkpt lat="68.97707448340952396392822265625" lon="20.376571230590343475341796875">
        <ele>610.4000244140625</ele>
        <time>2026-08-22T08:14:18.000Z</time>
        <extensions>
          <ns3:TrackPointExtension>
            <ns3:cad>0</ns3:cad>
          </ns3:TrackPointExtension>
        </extensions>
      </trkpt>
      <trkpt lat="68.977110274136066436767578125" lon="20.37665496580302715301513671875">
        <ele>611</ele>
        <time>2026-08-22T08:14:23.000Z</time>
        <extensions>
          <ns3:TrackPointExtension>
            <ns3:cad>0</ns3:cad>
          </ns3:TrackPointExtension>
        </extensions>
      </trkpt>
      <trkpt lat="68.97713131271302700042724609375" lon="20.37668933160603046417236328125">
        <ele>611.4000244140625</ele>
        <time>2026-08-22T08:14:27.000Z</time>
        <extensions>
          <ns3:TrackPointExtension>
            <ns3:cad>0</ns3:cad>
          </ns3:TrackPointExtension>
        </extensions>
      </trkpt>
      <trkpt lat="68.97713902406394481658935546875" lon="20.37670140154659748077392578125">
        <ele>611.5999755859375</ele>
        <time>2026-08-22T08:14:28.000Z</time>
        <extensions>
          <ns3:TrackPointExtension>
            <ns3:cad>0</ns3:cad>
          </ns3:TrackPointExtension>
        </extensions>
      </trkpt>
      <trkpt lat="68.97718059830367565155029296875" lon="20.37677717395126819610595703125">
        <ele>612</ele>
        <time>2026-08-22T08:14:34.000Z</time>
        <extensions>
          <ns3:TrackPointExtension>
            <ns3:cad>0</ns3:cad>
          </ns3:TrackPointExtension>
        </extensions>
      </trkpt>
      <trkpt lat="68.97721789777278900146484375" lon="20.37686283700168132781982421875">
        <ele>612.4000244140625</ele>
        <time>2026-08-22T08:14:41.000Z</time>
        <extensions>
          <ns3:TrackPointExtension>
            <ns3:cad>0</ns3:cad>
          </ns3:TrackPointExtension>
        </extensions>
      </trkpt>
      <trkpt lat="68.97722351364791393280029296875" lon="20.37689167074859142303466796875">
        <ele>612.4000244140625</ele>
        <time>2026-08-22T08:14:43.000Z</time>
        <extensions>
          <ns3:TrackPointExtension>
            <ns3:cad>0</ns3:cad>
          </ns3:TrackPointExtension>
        </extensions>
      </trkpt>
      <trkpt lat="68.977238349616527557373046875" lon="20.3769157268106937408447265625">
        <ele>612.79998779296875</ele>
        <time>2026-08-22T08:14:46.000Z</time>
        <extensions>
          <ns3:TrackPointExtension>
            <ns3:cad>0</ns3:cad>
          </ns3:TrackPointExtension>
        </extensions>
      </trkpt>
      <trkpt lat="68.9772723801434040069580078125" lon="20.3769599832594394683837890625">
        <ele>613.5999755859375</ele>
        <time>2026-08-22T08:14:53.000Z</time>
        <extensions>
          <ns3:TrackPointExtension>
            <ns3:cad>0</ns3:cad>
          </ns3:TrackPointExtension>
        </extensions>
      </trkpt>
      <trkpt lat="68.97727749310433864593505859375" lon="20.3769666887819766998291015625">
        <ele>613.79998779296875</ele>
        <time>2026-08-22T08:14:54.000Z</time>
        <extensions>
          <ns3:TrackPointExtension>
            <ns3:cad>0</ns3:cad>
          </ns3:TrackPointExtension>
        </extensions>
      </trkpt>
      <trkpt lat="68.97731085307896137237548828125" lon="20.3770186565816402435302734375">
        <ele>614.5999755859375</ele>
        <time>2026-08-22T08:15:01.000Z</time>
        <extensions>
          <ns3:TrackPointExtension>
            <ns3:cad>0</ns3:cad>
          </ns3:TrackPointExtension>
        </extensions>
      </trkpt>
      <trkpt lat="68.97731713950634002685546875" lon="20.37702796049416065216064453125">
        <ele>614.5999755859375</ele>
        <time>2026-08-22T08:15:02.000Z</time>
        <extensions>
          <ns3:TrackPointExtension>
            <ns3:cad>0</ns3:cad>
          </ns3:TrackPointExtension>
        </extensions>
      </trkpt>
      <trkpt lat="68.97734655998647212982177734375" lon="20.37710792385041713714599609375">
        <ele>615.20001220703125</ele>
        <time>2026-08-22T08:15:08.000Z</time>
        <extensions>
          <ns3:TrackPointExtension>
            <ns3:cad>0</ns3:cad>
          </ns3:TrackPointExtension>
        </extensions>
      </trkpt>
      <trkpt lat="68.9773692749440670013427734375" lon="20.3771641664206981658935546875">
        <ele>615.4000244140625</ele>
        <time>2026-08-22T08:15:14.000Z</time>
        <extensions>
          <ns3:TrackPointExtension>
            <ns3:cad>0</ns3:cad>
          </ns3:TrackPointExtension>
        </extensions>
      </trkpt>
      <trkpt lat="68.97738394327461719512939453125" lon="20.3771980293095111846923828125">
        <ele>615.79998779296875</ele>
        <time>2026-08-22T08:15:17.000Z</time>
        <extensions>
          <ns3:TrackPointExtension>
            <ns3:cad>0</ns3:cad>
          </ns3:TrackPointExtension>
        </extensions>
      </trkpt>
      <trkpt lat="68.97738863714039325714111328125" lon="20.37721588276326656341552734375">
        <ele>616</ele>
        <time>2026-08-22T08:15:20.000Z</time>
        <extensions>
          <ns3:TrackPointExtension>
            <ns3:cad>0</ns3:cad>
          </ns3:TrackPointExtension>
        </extensions>
      </trkpt>
      <trkpt lat="68.97740841843187808990478515625" lon="20.37730506621301174163818359375">
        <ele>616.5999755859375</ele>
        <time>2026-08-22T08:15:26.000Z</time>
        <extensions>
          <ns3:TrackPointExtension>
            <ns3:cad>0</ns3:cad>
          </ns3:TrackPointExtension>
        </extensions>
      </trkpt>
      <trkpt lat="68.9774103462696075439453125" lon="20.3773130290210247039794921875">
        <ele>616.79998779296875</ele>
        <time>2026-08-22T08:15:27.000Z</time>
        <extensions>
          <ns3:TrackPointExtension>
            <ns3:cad>0</ns3:cad>
          </ns3:TrackPointExtension>
        </extensions>
      </trkpt>
      <trkpt lat="68.97741763852536678314208984375" lon="20.37735971622169017791748046875">
        <ele>617.4000244140625</ele>
        <time>2026-08-22T08:15:32.000Z</time>
        <extensions>
          <ns3:TrackPointExtension>
            <ns3:cad>0</ns3:cad>
          </ns3:TrackPointExtension>
        </extensions>
      </trkpt>
      <trkpt lat="68.97742283530533313751220703125" lon="20.37739290855824947357177734375">
        <ele>617.79998779296875</ele>
        <time>2026-08-22T08:15:36.000Z</time>
        <extensions>
          <ns3:TrackPointExtension>
            <ns3:cad>0</ns3:cad>
          </ns3:TrackPointExtension>
        </extensions>
      </trkpt>
      <trkpt lat="68.97744429297745227813720703125" lon="20.37745761685073375701904296875">
        <ele>618.20001220703125</ele>
        <time>2026-08-22T08:15:40.000Z</time>
        <extensions>
          <ns3:TrackPointExtension>
            <ns3:cad>0</ns3:cad>
          </ns3:TrackPointExtension>
        </extensions>
      </trkpt>
      <trkpt lat="68.977464996278285980224609375" lon="20.37755350582301616668701171875">
        <ele>618.5999755859375</ele>
        <time>2026-08-22T08:15:46.000Z</time>
        <extensions>
          <ns3:TrackPointExtension>
            <ns3:cad>0</ns3:cad>
          </ns3:TrackPointExtension>
        </extensions>
      </trkpt>
      <trkpt lat="68.977483101189136505126953125" lon="20.377633385360240936279296875">
        <ele>619</ele>
        <time>2026-08-22T08:15:51.000Z</time>
        <extensions>
          <ns3:TrackPointExtension>
            <ns3:cad>0</ns3:cad>
          </ns3:TrackPointExtension>
        </extensions>
      </trkpt>
      <trkpt lat="68.97748586721718311309814453125" lon="20.37764369510114192962646484375">
        <ele>619</ele>
        <time>2026-08-22T08:15:52.000Z</time>
        <extensions>
          <ns3:TrackPointExtension>
            <ns3:cad>0</ns3:cad>
          </ns3:TrackPointExtension>
        </extensions>
      </trkpt>
      <trkpt lat="68.97750263102352619171142578125" lon="20.377709157764911651611328125">
        <ele>619.79998779296875</ele>
        <time>2026-08-22T08:15:58.000Z</time>
        <extensions>
          <ns3:TrackPointExtension>
            <ns3:cad>0</ns3:cad>
          </ns3:TrackPointExtension>
        </extensions>
      </trkpt>
      <trkpt lat="68.97750447504222393035888671875" lon="20.3777197189629077911376953125">
        <ele>620</ele>
        <time>2026-08-22T08:15:59.000Z</time>
        <extensions>
          <ns3:TrackPointExtension>
            <ns3:cad>0</ns3:cad>
          </ns3:TrackPointExtension>
        </extensions>
      </trkpt>
      <trkpt lat="68.97751428186893463134765625" lon="20.37777495570480823516845703125">
        <ele>620.5999755859375</ele>
        <time>2026-08-22T08:16:04.000Z</time>
        <extensions>
          <ns3:TrackPointExtension>
            <ns3:cad>0</ns3:cad>
          </ns3:TrackPointExtension>
        </extensions>
      </trkpt>
      <trkpt lat="68.97752501070499420166015625" lon="20.37781946361064910888671875">
        <ele>621.20001220703125</ele>
        <time>2026-08-22T08:16:07.000Z</time>
        <extensions>
          <ns3:TrackPointExtension>
            <ns3:cad>0</ns3:cad>
          </ns3:TrackPointExtension>
        </extensions>
      </trkpt>
      <trkpt lat="68.97753708064556121826171875" lon="20.37785835564136505126953125">
        <ele>621.5999755859375</ele>
        <time>2026-08-22T08:16:10.000Z</time>
        <extensions>
          <ns3:TrackPointExtension>
            <ns3:cad>0</ns3:cad>
          </ns3:TrackPointExtension>
        </extensions>
      </trkpt>
      <trkpt lat="68.9775551855564117431640625" lon="20.37790663540363311767578125">
        <ele>622</ele>
        <time>2026-08-22T08:16:15.000Z</time>
        <extensions>
          <ns3:TrackPointExtension>
            <ns3:cad>0</ns3:cad>
          </ns3:TrackPointExtension>
        </extensions>
      </trkpt>
      <trkpt lat="68.97755929268896579742431640625" lon="20.37793253548443317413330078125">
        <ele>622.20001220703125</ele>
        <time>2026-08-22T08:16:17.000Z</time>
        <extensions>
          <ns3:TrackPointExtension>
            <ns3:cad>0</ns3:cad>
          </ns3:TrackPointExtension>
        </extensions>
      </trkpt>
      <trkpt lat="68.97756432183086872100830078125" lon="20.377945862710475921630859375">
        <ele>622.5999755859375</ele>
        <time>2026-08-22T08:16:21.000Z</time>
        <extensions>
          <ns3:TrackPointExtension>
            <ns3:cad>0</ns3:cad>
          </ns3:TrackPointExtension>
        </extensions>
      </trkpt>
      <trkpt lat="68.9775820076465606689453125" lon="20.37799506448209285736083984375">
        <ele>623.20001220703125</ele>
        <time>2026-08-22T08:16:27.000Z</time>
        <extensions>
          <ns3:TrackPointExtension>
            <ns3:cad>0</ns3:cad>
          </ns3:TrackPointExtension>
        </extensions>
      </trkpt>
      <trkpt lat="68.97758376784622669219970703125" lon="20.378004200756549835205078125">
        <ele>623.5999755859375</ele>
        <time>2026-08-22T08:16:29.000Z</time>
        <extensions>
          <ns3:TrackPointExtension>
            <ns3:cad>0</ns3:cad>
          </ns3:TrackPointExtension>
        </extensions>
      </trkpt>
      <trkpt lat="68.9775996096432209014892578125" lon="20.37805876694619655609130859375">
        <ele>624.20001220703125</ele>
        <time>2026-08-22T08:16:35.000Z</time>
        <extensions>
          <ns3:TrackPointExtension>
            <ns3:cad>0</ns3:cad>
          </ns3:TrackPointExtension>
        </extensions>
      </trkpt>
      <trkpt lat="68.97760304622352123260498046875" lon="20.3780717588961124420166015625">
        <ele>624.20001220703125</ele>
        <time>2026-08-22T08:16:36.000Z</time>
        <extensions>
          <ns3:TrackPointExtension>
            <ns3:cad>0</ns3:cad>
          </ns3:TrackPointExtension>
        </extensions>
      </trkpt>
      <trkpt lat="68.97762098349630832672119140625" lon="20.37811718881130218505859375">
        <ele>625</ele>
        <time>2026-08-22T08:16:42.000Z</time>
        <extensions>
          <ns3:TrackPointExtension>
            <ns3:cad>0</ns3:cad>
          </ns3:TrackPointExtension>
        </extensions>
      </trkpt>
      <trkpt lat="68.9776301197707653045654296875" lon="20.37813420407474040985107421875">
        <ele>625.4000244140625</ele>
        <time>2026-08-22T08:16:45.000Z</time>
        <extensions>
          <ns3:TrackPointExtension>
            <ns3:cad>0</ns3:cad>
          </ns3:TrackPointExtension>
        </extensions>
      </trkpt>
      <trkpt lat="68.97764034569263458251953125" lon="20.378157086670398712158203125">
        <ele>625.79998779296875</ele>
        <time>2026-08-22T08:16:48.000Z</time>
        <extensions>
          <ns3:TrackPointExtension>
            <ns3:cad>0</ns3:cad>
          </ns3:TrackPointExtension>
        </extensions>
      </trkpt>
      <trkpt lat="68.97764797322452068328857421875" lon="20.37819229066371917724609375">
        <ele>626.4000244140625</ele>
        <time>2026-08-22T08:16:52.000Z</time>
        <extensions>
          <ns3:TrackPointExtension>
            <ns3:cad>0</ns3:cad>
          </ns3:TrackPointExtension>
        </extensions>
      </trkpt>
      <trkpt lat="68.9776544272899627685546875" lon="20.37821617908775806427001953125">
        <ele>626.79998779296875</ele>
        <time>2026-08-22T08:16:55.000Z</time>
        <extensions>
          <ns3:TrackPointExtension>
            <ns3:cad>0</ns3:cad>
          </ns3:TrackPointExtension>
        </extensions>
      </trkpt>
      <trkpt lat="68.9776693470776081085205078125" lon="20.37828507833182811737060546875">
        <ele>627.4000244140625</ele>
        <time>2026-08-22T08:17:00.000Z</time>
        <extensions>
          <ns3:TrackPointExtension>
            <ns3:cad>0</ns3:cad>
          </ns3:TrackPointExtension>
        </extensions>
      </trkpt>
      <trkpt lat="68.97767194546759128570556640625" lon="20.3782947175204753875732421875">
        <ele>627.5999755859375</ele>
        <time>2026-08-22T08:17:01.000Z</time>
        <extensions>
          <ns3:TrackPointExtension>
            <ns3:cad>0</ns3:cad>
          </ns3:TrackPointExtension>
        </extensions>
      </trkpt>
      <trkpt lat="68.97768049500882625579833984375" lon="20.37834576331079006195068359375">
        <ele>628.4000244140625</ele>
        <time>2026-08-22T08:17:06.000Z</time>
        <extensions>
          <ns3:TrackPointExtension>
            <ns3:cad>0</ns3:cad>
          </ns3:TrackPointExtension>
        </extensions>
      </trkpt>
      <trkpt lat="68.9776837639510631561279296875" lon="20.37835146300494670867919921875">
        <ele>628.4000244140625</ele>
        <time>2026-08-22T08:17:07.000Z</time>
        <extensions>
          <ns3:TrackPointExtension>
            <ns3:cad>0</ns3:cad>
          </ns3:TrackPointExtension>
        </extensions>
      </trkpt>
      <trkpt lat="68.97768971510231494903564453125" lon="20.37838004529476165771484375">
        <ele>629</ele>
        <time>2026-08-22T08:17:11.000Z</time>
        <extensions>
          <ns3:TrackPointExtension>
            <ns3:cad>0</ns3:cad>
          </ns3:TrackPointExtension>
        </extensions>
      </trkpt>
      <trkpt lat="68.97769206203520298004150390625" lon="20.378410555422306060791015625">
        <ele>629.5999755859375</ele>
        <time>2026-08-22T08:17:15.000Z</time>
        <extensions>
          <ns3:TrackPointExtension>
            <ns3:cad>0</ns3:cad>
          </ns3:TrackPointExtension>
        </extensions>
      </trkpt>
      <trkpt lat="68.9776968397200107574462890625" lon="20.37842354737222194671630859375">
        <ele>629.79998779296875</ele>
        <time>2026-08-22T08:17:16.000Z</time>
        <extensions>
          <ns3:TrackPointExtension>
            <ns3:cad>0</ns3:cad>
          </ns3:TrackPointExtension>
        </extensions>
      </trkpt>
      <trkpt lat="68.9777189679443836212158203125" lon="20.37847417406737804412841796875">
        <ele>630.4000244140625</ele>
        <time>2026-08-22T08:17:22.000Z</time>
        <extensions>
          <ns3:TrackPointExtension>
            <ns3:cad>0</ns3:cad>
          </ns3:TrackPointExtension>
        </extensions>
      </trkpt>
      <trkpt lat="68.97772357799112796783447265625" lon="20.37848733365535736083984375">
        <ele>630.5999755859375</ele>
        <time>2026-08-22T08:17:24.000Z</time>
        <extensions>
          <ns3:TrackPointExtension>
            <ns3:cad>0</ns3:cad>
          </ns3:TrackPointExtension>
        </extensions>
      </trkpt>
      <trkpt lat="68.977737240493297576904296875" lon="20.37855950184166431427001953125">
        <ele>631.5999755859375</ele>
        <time>2026-08-22T08:17:30.000Z</time>
        <extensions>
          <ns3:TrackPointExtension>
            <ns3:cad>0</ns3:cad>
          </ns3:TrackPointExtension>
        </extensions>
      </trkpt>
      <trkpt lat="68.9777414314448833465576171875" lon="20.37857123650610446929931640625">
        <ele>631.79998779296875</ele>
        <time>2026-08-22T08:17:31.000Z</time>
        <extensions>
          <ns3:TrackPointExtension>
            <ns3:cad>0</ns3:cad>
          </ns3:TrackPointExtension>
        </extensions>
      </trkpt>
      <trkpt lat="68.97775257937610149383544921875" lon="20.37863611243665218353271484375">
        <ele>632.4000244140625</ele>
        <time>2026-08-22T08:17:35.000Z</time>
        <extensions>
          <ns3:TrackPointExtension>
            <ns3:cad>0</ns3:cad>
          </ns3:TrackPointExtension>
        </extensions>
      </trkpt>
      <trkpt lat="68.97774117998778820037841796875" lon="20.378669388592243194580078125">
        <ele>632.4000244140625</ele>
        <time>2026-08-22T08:17:40.000Z</time>
        <extensions>
          <ns3:TrackPointExtension>
            <ns3:cad>0</ns3:cad>
          </ns3:TrackPointExtension>
        </extensions>
      </trkpt>
      <trkpt lat="68.97774117998778820037841796875" lon="20.37865765392780303955078125">
        <ele>632.4000244140625</ele>
        <time>2026-08-22T08:17:49.000Z</time>
        <extensions>
          <ns3:TrackPointExtension>
            <ns3:cad>0</ns3:cad>
          </ns3:TrackPointExtension>
        </extensions>
      </trkpt>
      <trkpt lat="68.97774654440581798553466796875" lon="20.3786698915064334869384765625">
        <ele>632.4000244140625</ele>
        <time>2026-08-22T08:17:57.000Z</time>
        <extensions>
          <ns3:TrackPointExtension>
            <ns3:cad>0</ns3:cad>
          </ns3:TrackPointExtension>
        </extensions>
      </trkpt>
      <trkpt lat="68.9777367375791072845458984375" lon="20.3787295706570148468017578125">
        <ele>632.4000244140625</ele>
        <time>2026-08-22T08:18:08.000Z</time>
        <extensions>
          <ns3:TrackPointExtension>
            <ns3:cad>0</ns3:cad>
          </ns3:TrackPointExtension>
        </extensions>
      </trkpt>
      <trkpt lat="68.9777172915637493133544921875" lon="20.37872378714382648468017578125">
        <ele>632.20001220703125</ele>
        <time>2026-08-22T08:18:16.000Z</time>
        <extensions>
          <ns3:TrackPointExtension>
            <ns3:cad>0</ns3:cad>
          </ns3:TrackPointExtension>
        </extensions>
      </trkpt>
      <trkpt lat="68.97773866541683673858642578125" lon="20.37867735140025615692138671875">
        <ele>632.4000244140625</ele>
        <time>2026-08-22T08:18:26.000Z</time>
        <extensions>
          <ns3:TrackPointExtension>
            <ns3:cad>0</ns3:cad>
          </ns3:TrackPointExtension>
        </extensions>
      </trkpt>
      <trkpt lat="68.97775702178478240966796875" lon="20.37868489511311054229736328125">
        <ele>632.20001220703125</ele>
        <time>2026-08-22T08:18:35.000Z</time>
        <extensions>
          <ns3:TrackPointExtension>
            <ns3:cad>0</ns3:cad>
          </ns3:TrackPointExtension>
        </extensions>
      </trkpt>
      <trkpt lat="68.9777776412665843963623046875" lon="20.37877676077187061309814453125">
        <ele>632.79998779296875</ele>
        <time>2026-08-22T08:18:42.000Z</time>
        <extensions>
          <ns3:TrackPointExtension>
            <ns3:cad>0</ns3:cad>
          </ns3:TrackPointExtension>
        </extensions>
      </trkpt>
      <trkpt lat="68.9777804911136627197265625" lon="20.37879176437854766845703125">
        <ele>633</ele>
        <time>2026-08-22T08:18:44.000Z</time>
        <extensions>
          <ns3:TrackPointExtension>
            <ns3:cad>66</ns3:cad>
          </ns3:TrackPointExtension>
        </extensions>
      </trkpt>
      <trkpt lat="68.97779599763453006744384765625" lon="20.378873907029628753662109375">
        <ele>633.5999755859375</ele>
        <time>2026-08-22T08:18:50.000Z</time>
        <extensions>
          <ns3:TrackPointExtension>
            <ns3:cad>0</ns3:cad>
          </ns3:TrackPointExtension>
        </extensions>
      </trkpt>
      <trkpt lat="68.97779985330998897552490234375" lon="20.37891422398388385772705078125">
        <ele>634</ele>
        <time>2026-08-22T08:18:53.000Z</time>
        <extensions>
          <ns3:TrackPointExtension>
            <ns3:cad>0</ns3:cad>
          </ns3:TrackPointExtension>
        </extensions>
      </trkpt>
      <trkpt lat="68.977811001241207122802734375" lon="20.37897013127803802490234375">
        <ele>634.20001220703125</ele>
        <time>2026-08-22T08:18:56.000Z</time>
        <extensions>
          <ns3:TrackPointExtension>
            <ns3:cad>0</ns3:cad>
          </ns3:TrackPointExtension>
        </extensions>
      </trkpt>
      <trkpt lat="68.977819047868251800537109375" lon="20.37903374992311000823974609375">
        <ele>634.79998779296875</ele>
        <time>2026-08-22T08:19:02.000Z</time>
        <extensions>
          <ns3:TrackPointExtension>
            <ns3:cad>0</ns3:cad>
          </ns3:TrackPointExtension>
        </extensions>
      </trkpt>
      <trkpt lat="68.97782382555305957794189453125" lon="20.37906845100224018096923828125">
        <ele>635</ele>
        <time>2026-08-22T08:19:05.000Z</time>
        <extensions>
          <ns3:TrackPointExtension>
            <ns3:cad>0</ns3:cad>
          </ns3:TrackPointExtension>
        </extensions>
      </trkpt>
      <trkpt lat="68.97783405147492885589599609375" lon="20.37912033498287200927734375">
        <ele>635.4000244140625</ele>
        <time>2026-08-22T08:19:09.000Z</time>
        <extensions>
          <ns3:TrackPointExtension>
            <ns3:cad>0</ns3:cad>
          </ns3:TrackPointExtension>
        </extensions>
      </trkpt>
      <trkpt lat="68.977844528853893280029296875" lon="20.37914958782494068145751953125">
        <ele>636.20001220703125</ele>
        <time>2026-08-22T08:19:14.000Z</time>
        <extensions>
          <ns3:TrackPointExtension>
            <ns3:cad>0</ns3:cad>
          </ns3:TrackPointExtension>
        </extensions>
      </trkpt>
      <trkpt lat="68.97786137647926807403564453125" lon="20.3791976161301136016845703125">
        <ele>636.4000244140625</ele>
        <time>2026-08-22T08:19:17.000Z</time>
        <extensions>
          <ns3:TrackPointExtension>
            <ns3:cad>0</ns3:cad>
          </ns3:TrackPointExtension>
        </extensions>
      </trkpt>
      <trkpt lat="68.9779003523290157318115234375" lon="20.37933985702693462371826171875">
        <ele>636.5999755859375</ele>
        <time>2026-08-22T08:19:24.000Z</time>
        <extensions>
          <ns3:TrackPointExtension>
            <ns3:cad>0</ns3:cad>
          </ns3:TrackPointExtension>
        </extensions>
      </trkpt>
      <trkpt lat="68.9779335446655750274658203125" lon="20.3794393502175807952880859375">
        <ele>637</ele>
        <time>2026-08-22T08:19:31.000Z</time>
        <extensions>
          <ns3:TrackPointExtension>
            <ns3:cad>40</ns3:cad>
          </ns3:TrackPointExtension>
        </extensions>
      </trkpt>
      <trkpt lat="68.9779355563223361968994140625" lon="20.3794480673968791961669921875">
        <ele>637.20001220703125</ele>
        <time>2026-08-22T08:19:32.000Z</time>
        <extensions>
          <ns3:TrackPointExtension>
            <ns3:cad>40</ns3:cad>
          </ns3:TrackPointExtension>
        </extensions>
      </trkpt>
      <trkpt lat="68.97795340977609157562255859375" lon="20.37948318757116794586181640625">
        <ele>637.4000244140625</ele>
        <time>2026-08-22T08:19:36.000Z</time>
        <extensions>
          <ns3:TrackPointExtension>
            <ns3:cad>0</ns3:cad>
          </ns3:TrackPointExtension>
        </extensions>
      </trkpt>
      <trkpt lat="68.9779596962034702301025390625" lon="20.379491485655307769775390625">
        <ele>637.4000244140625</ele>
        <time>2026-08-22T08:19:37.000Z</time>
        <extensions>
          <ns3:TrackPointExtension>
            <ns3:cad>0</ns3:cad>
          </ns3:TrackPointExtension>
        </extensions>
      </trkpt>
      <trkpt lat="68.9779843389987945556640625" lon="20.37953565828502178192138671875">
        <ele>638</ele>
        <time>2026-08-22T08:19:42.000Z</time>
        <extensions>
          <ns3:TrackPointExtension>
            <ns3:cad>69</ns3:cad>
          </ns3:TrackPointExtension>
        </extensions>
      </trkpt>
      <trkpt lat="68.97799515165388584136962890625" lon="20.37955543957650661468505859375">
        <ele>638.20001220703125</ele>
        <time>2026-08-22T08:19:45.000Z</time>
        <extensions>
          <ns3:TrackPointExtension>
            <ns3:cad>73</ns3:cad>
          </ns3:TrackPointExtension>
        </extensions>
      </trkpt>
      <trkpt lat="68.97799867205321788787841796875" lon="20.37956558167934417724609375">
        <ele>638.4000244140625</ele>
        <time>2026-08-22T08:19:46.000Z</time>
        <extensions>
          <ns3:TrackPointExtension>
            <ns3:cad>73</ns3:cad>
          </ns3:TrackPointExtension>
        </extensions>
      </trkpt>
      <trkpt lat="68.97800914943218231201171875" lon="20.37962014786899089813232421875">
        <ele>639</ele>
        <time>2026-08-22T08:19:50.000Z</time>
        <extensions>
          <ns3:TrackPointExtension>
            <ns3:cad>0</ns3:cad>
          </ns3:TrackPointExtension>
        </extensions>
      </trkpt>
      <trkpt lat="68.97801962681114673614501953125" lon="20.37964059971272945404052734375">
        <ele>639.20001220703125</ele>
        <time>2026-08-22T08:19:52.000Z</time>
        <extensions>
          <ns3:TrackPointExtension>
            <ns3:cad>0</ns3:cad>
          </ns3:TrackPointExtension>
        </extensions>
      </trkpt>
      <trkpt lat="68.9780404977500438690185546875" lon="20.37968502379953861236572265625">
        <ele>640</ele>
        <time>2026-08-22T08:19:57.000Z</time>
        <extensions>
          <ns3:TrackPointExtension>
            <ns3:cad>0</ns3:cad>
          </ns3:TrackPointExtension>
        </extensions>
      </trkpt>
      <trkpt lat="68.9780435152351856231689453125" lon="20.37969759665429592132568359375">
        <ele>640.20001220703125</ele>
        <time>2026-08-22T08:19:58.000Z</time>
        <extensions>
          <ns3:TrackPointExtension>
            <ns3:cad>0</ns3:cad>
          </ns3:TrackPointExtension>
        </extensions>
      </trkpt>
      <trkpt lat="68.97804494015872478485107421875" lon="20.3797124326229095458984375">
        <ele>640.20001220703125</ele>
        <time>2026-08-22T08:19:59.000Z</time>
        <extensions>
          <ns3:TrackPointExtension>
            <ns3:cad>0</ns3:cad>
          </ns3:TrackPointExtension>
        </extensions>
      </trkpt>
      <trkpt lat="68.978047706186771392822265625" lon="20.3797283582389354705810546875">
        <ele>640.79998779296875</ele>
        <time>2026-08-22T08:20:02.000Z</time>
        <extensions>
          <ns3:TrackPointExtension>
            <ns3:cad>0</ns3:cad>
          </ns3:TrackPointExtension>
        </extensions>
      </trkpt>
      <trkpt lat="68.9780589379370212554931640625" lon="20.37973162718117237091064453125">
        <ele>641.4000244140625</ele>
        <time>2026-08-22T08:20:06.000Z</time>
        <extensions>
          <ns3:TrackPointExtension>
            <ns3:cad>0</ns3:cad>
          </ns3:TrackPointExtension>
        </extensions>
      </trkpt>
      <trkpt lat="68.9780632965266704559326171875" lon="20.37973749451339244842529296875">
        <ele>641.79998779296875</ele>
        <time>2026-08-22T08:20:09.000Z</time>
        <extensions>
          <ns3:TrackPointExtension>
            <ns3:cad>0</ns3:cad>
          </ns3:TrackPointExtension>
        </extensions>
      </trkpt>
      <trkpt lat="68.9780824072659015655517578125" lon="20.379791557788848876953125">
        <ele>642.5999755859375</ele>
        <time>2026-08-22T08:20:15.000Z</time>
        <extensions>
          <ns3:TrackPointExtension>
            <ns3:cad>0</ns3:cad>
          </ns3:TrackPointExtension>
        </extensions>
      </trkpt>
      <trkpt lat="68.97810847498476505279541015625" lon="20.3798674978315830230712890625">
        <ele>643</ele>
        <time>2026-08-22T08:20:21.000Z</time>
        <extensions>
          <ns3:TrackPointExtension>
            <ns3:cad>0</ns3:cad>
          </ns3:TrackPointExtension>
        </extensions>
      </trkpt>
      <trkpt lat="68.97812171839177608489990234375" lon="20.37992960773408412933349609375">
        <ele>643.5999755859375</ele>
        <time>2026-08-22T08:20:26.000Z</time>
        <extensions>
          <ns3:TrackPointExtension>
            <ns3:cad>0</ns3:cad>
          </ns3:TrackPointExtension>
        </extensions>
      </trkpt>
      <trkpt lat="68.97812356241047382354736328125" lon="20.37993145175278186798095703125">
        <ele>643.5999755859375</ele>
        <time>2026-08-22T08:20:27.000Z</time>
        <extensions>
          <ns3:TrackPointExtension>
            <ns3:cad>0</ns3:cad>
          </ns3:TrackPointExtension>
        </extensions>
      </trkpt>
      <trkpt lat="68.9781264960765838623046875" lon="20.3799241594970226287841796875">
        <ele>644.4000244140625</ele>
        <time>2026-08-22T08:20:33.000Z</time>
        <extensions>
          <ns3:TrackPointExtension>
            <ns3:cad>0</ns3:cad>
          </ns3:TrackPointExtension>
        </extensions>
      </trkpt>
      <trkpt lat="68.978128843009471893310546875" lon="20.379930697381496429443359375">
        <ele>644.5999755859375</ele>
        <time>2026-08-22T08:20:35.000Z</time>
        <extensions>
          <ns3:TrackPointExtension>
            <ns3:cad>0</ns3:cad>
          </ns3:TrackPointExtension>
        </extensions>
      </trkpt>
      <trkpt lat="68.97813563235104084014892578125" lon="20.37994151003658771514892578125">
        <ele>645</ele>
        <time>2026-08-22T08:20:38.000Z</time>
        <extensions>
          <ns3:TrackPointExtension>
            <ns3:cad>0</ns3:cad>
          </ns3:TrackPointExtension>
        </extensions>
      </trkpt>
      <trkpt lat="68.978144936263561248779296875" lon="20.37999750114977359771728515625">
        <ele>645.5999755859375</ele>
        <time>2026-08-22T08:20:43.000Z</time>
        <extensions>
          <ns3:TrackPointExtension>
            <ns3:cad>0</ns3:cad>
          </ns3:TrackPointExtension>
        </extensions>
      </trkpt>
      <trkpt lat="68.9781491272151470184326171875" lon="20.38000470958650112152099609375">
        <ele>646</ele>
        <time>2026-08-22T08:20:45.000Z</time>
        <extensions>
          <ns3:TrackPointExtension>
            <ns3:cad>0</ns3:cad>
          </ns3:TrackPointExtension>
        </extensions>
      </trkpt>
      <trkpt lat="68.97816002368927001953125" lon="20.3800415061414241790771484375">
        <ele>646.79998779296875</ele>
        <time>2026-08-22T08:20:51.000Z</time>
        <extensions>
          <ns3:TrackPointExtension>
            <ns3:cad>0</ns3:cad>
          </ns3:TrackPointExtension>
        </extensions>
      </trkpt>
      <trkpt lat="68.97816278971731662750244140625" lon="20.38005617447197437286376953125">
        <ele>647</ele>
        <time>2026-08-22T08:20:52.000Z</time>
        <extensions>
          <ns3:TrackPointExtension>
            <ns3:cad>0</ns3:cad>
          </ns3:TrackPointExtension>
        </extensions>
      </trkpt>
      <trkpt lat="68.978167735040187835693359375" lon="20.38012390024960041046142578125">
        <ele>647.5999755859375</ele>
        <time>2026-08-22T08:20:57.000Z</time>
        <extensions>
          <ns3:TrackPointExtension>
            <ns3:cad>0</ns3:cad>
          </ns3:TrackPointExtension>
        </extensions>
      </trkpt>
      <trkpt lat="68.97816832177340984344482421875" lon="20.38016614504158496856689453125">
        <ele>648</ele>
        <time>2026-08-22T08:21:00.000Z</time>
        <extensions>
          <ns3:TrackPointExtension>
            <ns3:cad>0</ns3:cad>
          </ns3:TrackPointExtension>
        </extensions>
      </trkpt>
      <trkpt lat="68.97817737422883510589599609375" lon="20.38020939566195011138916015625">
        <ele>648.5999755859375</ele>
        <time>2026-08-22T08:21:04.000Z</time>
        <extensions>
          <ns3:TrackPointExtension>
            <ns3:cad>0</ns3:cad>
          </ns3:TrackPointExtension>
        </extensions>
      </trkpt>
      <trkpt lat="68.97819229401648044586181640625" lon="20.3802644647657871246337890625">
        <ele>649</ele>
        <time>2026-08-22T08:21:10.000Z</time>
        <extensions>
          <ns3:TrackPointExtension>
            <ns3:cad>0</ns3:cad>
          </ns3:TrackPointExtension>
        </extensions>
      </trkpt>
      <trkpt lat="68.97820017300546169281005859375" lon="20.3803274966776371002197265625">
        <ele>649.5999755859375</ele>
        <time>2026-08-22T08:21:16.000Z</time>
        <extensions>
          <ns3:TrackPointExtension>
            <ns3:cad>0</ns3:cad>
          </ns3:TrackPointExtension>
        </extensions>
      </trkpt>
      <trkpt lat="68.9782054536044597625732421875" lon="20.380414165556430816650390625">
        <ele>649.79998779296875</ele>
        <time>2026-08-22T08:21:22.000Z</time>
        <extensions>
          <ns3:TrackPointExtension>
            <ns3:cad>0</ns3:cad>
          </ns3:TrackPointExtension>
        </extensions>
      </trkpt>
      <trkpt lat="68.97820805199444293975830078125" lon="20.3804726712405681610107421875">
        <ele>650.20001220703125</ele>
        <time>2026-08-22T08:21:26.000Z</time>
        <extensions>
          <ns3:TrackPointExtension>
            <ns3:cad>0</ns3:cad>
          </ns3:TrackPointExtension>
        </extensions>
      </trkpt>
      <trkpt lat="68.9782094769179821014404296875" lon="20.38049605675041675567626953125">
        <ele>650.4000244140625</ele>
        <time>2026-08-22T08:21:29.000Z</time>
        <extensions>
          <ns3:TrackPointExtension>
            <ns3:cad>0</ns3:cad>
          </ns3:TrackPointExtension>
        </extensions>
      </trkpt>
      <trkpt lat="68.978209309279918670654296875" lon="20.3805725835263729095458984375">
        <ele>651.20001220703125</ele>
        <time>2026-08-22T08:21:35.000Z</time>
        <extensions>
          <ns3:TrackPointExtension>
            <ns3:cad>0</ns3:cad>
          </ns3:TrackPointExtension>
        </extensions>
      </trkpt>
      <trkpt lat="68.9782088063657283782958984375" lon="20.3805883415043354034423828125">
        <ele>651.20001220703125</ele>
        <time>2026-08-22T08:21:36.000Z</time>
        <extensions>
          <ns3:TrackPointExtension>
            <ns3:cad>0</ns3:cad>
          </ns3:TrackPointExtension>
        </extensions>
      </trkpt>
      <trkpt lat="68.97821442224085330963134765625" lon="20.3806672990322113037109375">
        <ele>651.5999755859375</ele>
        <time>2026-08-22T08:21:41.000Z</time>
        <extensions>
          <ns3:TrackPointExtension>
            <ns3:cad>0</ns3:cad>
          </ns3:TrackPointExtension>
        </extensions>
      </trkpt>
      <trkpt lat="68.9782222174108028411865234375" lon="20.38073292933404445648193359375">
        <ele>652.20001220703125</ele>
        <time>2026-08-22T08:21:46.000Z</time>
        <extensions>
          <ns3:TrackPointExtension>
            <ns3:cad>0</ns3:cad>
          </ns3:TrackPointExtension>
        </extensions>
      </trkpt>
      <trkpt lat="68.97821492515504360198974609375" lon="20.380772240459918975830078125">
        <ele>652.79998779296875</ele>
        <time>2026-08-22T08:21:49.000Z</time>
        <extensions>
          <ns3:TrackPointExtension>
            <ns3:cad>0</ns3:cad>
          </ns3:TrackPointExtension>
        </extensions>
      </trkpt>
      <trkpt lat="68.97820553742349147796630859375" lon="20.3808471746742725372314453125">
        <ele>653.4000244140625</ele>
        <time>2026-08-22T08:21:53.000Z</time>
        <extensions>
          <ns3:TrackPointExtension>
            <ns3:cad>0</ns3:cad>
          </ns3:TrackPointExtension>
        </extensions>
      </trkpt>
      <trkpt lat="68.9782021008431911468505859375" lon="20.380869805812835693359375">
        <ele>653.5999755859375</ele>
        <time>2026-08-22T08:21:55.000Z</time>
        <extensions>
          <ns3:TrackPointExtension>
            <ns3:cad>0</ns3:cad>
          </ns3:TrackPointExtension>
        </extensions>
      </trkpt>
      <trkpt lat="68.9782165177166461944580078125" lon="20.38093543611466884613037109375">
        <ele>654.20001220703125</ele>
        <time>2026-08-22T08:22:01.000Z</time>
        <extensions>
          <ns3:TrackPointExtension>
            <ns3:cad>0</ns3:cad>
          </ns3:TrackPointExtension>
        </extensions>
      </trkpt>
      <trkpt lat="68.97822280414402484893798828125" lon="20.38094918243587017059326171875">
        <ele>654.4000244140625</ele>
        <time>2026-08-22T08:22:03.000Z</time>
        <extensions>
          <ns3:TrackPointExtension>
            <ns3:cad>0</ns3:cad>
          </ns3:TrackPointExtension>
        </extensions>
      </trkpt>
      <trkpt lat="68.97823235951364040374755859375" lon="20.380968041718006134033203125">
        <ele>654.79998779296875</ele>
        <time>2026-08-22T08:22:06.000Z</time>
        <extensions>
          <ns3:TrackPointExtension>
            <ns3:cad>0</ns3:cad>
          </ns3:TrackPointExtension>
        </extensions>
      </trkpt>
      <trkpt lat="68.97824057377874851226806640625" lon="20.38100651465356349945068359375">
        <ele>655.5999755859375</ele>
        <time>2026-08-22T08:22:12.000Z</time>
        <extensions>
          <ns3:TrackPointExtension>
            <ns3:cad>0</ns3:cad>
          </ns3:TrackPointExtension>
        </extensions>
      </trkpt>
      <trkpt lat="68.978242836892604827880859375" lon="20.38100500591099262237548828125">
        <ele>655.79998779296875</ele>
        <time>2026-08-22T08:22:14.000Z</time>
        <extensions>
          <ns3:TrackPointExtension>
            <ns3:cad>0</ns3:cad>
          </ns3:TrackPointExtension>
        </extensions>
      </trkpt>
      <trkpt lat="68.97825582884252071380615234375" lon="20.38102629594504833221435546875">
        <ele>656.20001220703125</ele>
        <time>2026-08-22T08:22:20.000Z</time>
        <extensions>
          <ns3:TrackPointExtension>
            <ns3:cad>0</ns3:cad>
          </ns3:TrackPointExtension>
        </extensions>
      </trkpt>
      <trkpt lat="68.97825800813734531402587890625" lon="20.38105328567326068878173828125">
        <ele>656.5999755859375</ele>
        <time>2026-08-22T08:22:23.000Z</time>
        <extensions>
          <ns3:TrackPointExtension>
            <ns3:cad>0</ns3:cad>
          </ns3:TrackPointExtension>
        </extensions>
      </trkpt>
      <trkpt lat="68.97826001979410648345947265625" lon="20.38107926957309246063232421875">
        <ele>657</ele>
        <time>2026-08-22T08:22:25.000Z</time>
        <extensions>
          <ns3:TrackPointExtension>
            <ns3:cad>0</ns3:cad>
          </ns3:TrackPointExtension>
        </extensions>
      </trkpt>
      <trkpt lat="68.97826437838375568389892578125" lon="20.38114129565656185150146484375">
        <ele>657.5999755859375</ele>
        <time>2026-08-22T08:22:30.000Z</time>
        <extensions>
          <ns3:TrackPointExtension>
            <ns3:cad>0</ns3:cad>
          </ns3:TrackPointExtension>
        </extensions>
      </trkpt>
      <trkpt lat="68.97826655767858028411865234375" lon="20.38115873001515865325927734375">
        <ele>657.79998779296875</ele>
        <time>2026-08-22T08:22:31.000Z</time>
        <extensions>
          <ns3:TrackPointExtension>
            <ns3:cad>0</ns3:cad>
          </ns3:TrackPointExtension>
        </extensions>
      </trkpt>
      <trkpt lat="68.97826706059277057647705078125" lon="20.3812005557119846343994140625">
        <ele>658.4000244140625</ele>
        <time>2026-08-22T08:22:36.000Z</time>
        <extensions>
          <ns3:TrackPointExtension>
            <ns3:cad>0</ns3:cad>
          </ns3:TrackPointExtension>
        </extensions>
      </trkpt>
      <trkpt lat="68.9782708324491977691650390625" lon="20.38116694428026676177978515625">
        <ele>658.20001220703125</ele>
        <time>2026-08-22T08:22:45.000Z</time>
        <extensions>
          <ns3:TrackPointExtension>
            <ns3:cad>0</ns3:cad>
          </ns3:TrackPointExtension>
        </extensions>
      </trkpt>
      <trkpt lat="68.97827561013400554656982421875" lon="20.38117490708827972412109375">
        <ele>658</ele>
        <time>2026-08-22T08:22:55.000Z</time>
        <extensions>
          <ns3:TrackPointExtension>
            <ns3:cad>0</ns3:cad>
          </ns3:TrackPointExtension>
        </extensions>
      </trkpt>
      <trkpt lat="68.97827737033367156982421875" lon="20.38117515854537487030029296875">
        <ele>657.79998779296875</ele>
        <time>2026-08-22T08:23:05.000Z</time>
        <extensions>
          <ns3:TrackPointExtension>
            <ns3:cad>0</ns3:cad>
          </ns3:TrackPointExtension>
        </extensions>
      </trkpt>
      <trkpt lat="68.97827795706689357757568359375" lon="20.38120415993034839630126953125">
        <ele>657.79998779296875</ele>
        <time>2026-08-22T08:23:13.000Z</time>
        <extensions>
          <ns3:TrackPointExtension>
            <ns3:cad>0</ns3:cad>
          </ns3:TrackPointExtension>
        </extensions>
      </trkpt>
      <trkpt lat="68.97827594541013240814208984375" lon="20.381187982857227325439453125">
        <ele>657.5999755859375</ele>
        <time>2026-08-22T08:23:20.000Z</time>
        <extensions>
          <ns3:TrackPointExtension>
            <ns3:cad>0</ns3:cad>
          </ns3:TrackPointExtension>
        </extensions>
      </trkpt>
      <trkpt lat="68.97828298620879650115966796875" lon="20.38118270225822925567626953125">
        <ele>657.4000244140625</ele>
        <time>2026-08-22T08:23:28.000Z</time>
        <extensions>
          <ns3:TrackPointExtension>
            <ns3:cad>0</ns3:cad>
          </ns3:TrackPointExtension>
        </extensions>
      </trkpt>
      <trkpt lat="68.97831433452665805816650390625" lon="20.38129569031298160552978515625">
        <ele>657.5999755859375</ele>
        <time>2026-08-22T08:23:34.000Z</time>
        <extensions>
          <ns3:TrackPointExtension>
            <ns3:cad>0</ns3:cad>
          </ns3:TrackPointExtension>
        </extensions>
      </trkpt>
      <trkpt lat="68.9783368818461894989013671875" lon="20.38142343051731586456298828125">
        <ele>658</ele>
        <time>2026-08-22T08:23:40.000Z</time>
        <extensions>
          <ns3:TrackPointExtension>
            <ns3:cad>77</ns3:cad>
          </ns3:TrackPointExtension>
        </extensions>
      </trkpt>
      <trkpt lat="68.9783486165106296539306640625" lon="20.38151127286255359649658203125">
        <ele>658.4000244140625</ele>
        <time>2026-08-22T08:23:46.000Z</time>
        <extensions>
          <ns3:TrackPointExtension>
            <ns3:cad>0</ns3:cad>
          </ns3:TrackPointExtension>
        </extensions>
      </trkpt>
      <trkpt lat="68.97835607640445232391357421875" lon="20.38154345937073230743408203125">
        <ele>658.79998779296875</ele>
        <time>2026-08-22T08:23:49.000Z</time>
        <extensions>
          <ns3:TrackPointExtension>
            <ns3:cad>0</ns3:cad>
          </ns3:TrackPointExtension>
        </extensions>
      </trkpt>
      <trkpt lat="68.9783623628318309783935546875" lon="20.38159199059009552001953125">
        <ele>659.5999755859375</ele>
        <time>2026-08-22T08:23:53.000Z</time>
        <extensions>
          <ns3:TrackPointExtension>
            <ns3:cad>0</ns3:cad>
          </ns3:TrackPointExtension>
        </extensions>
      </trkpt>
      <trkpt lat="68.9783606864511966705322265625" lon="20.38161034695804119110107421875">
        <ele>660</ele>
        <time>2026-08-22T08:23:55.000Z</time>
        <extensions>
          <ns3:TrackPointExtension>
            <ns3:cad>0</ns3:cad>
          </ns3:TrackPointExtension>
        </extensions>
      </trkpt>
      <trkpt lat="68.97836244665086269378662109375" lon="20.38163599558174610137939453125">
        <ele>660.4000244140625</ele>
        <time>2026-08-22T08:23:58.000Z</time>
        <extensions>
          <ns3:TrackPointExtension>
            <ns3:cad>0</ns3:cad>
          </ns3:TrackPointExtension>
        </extensions>
      </trkpt>
      <trkpt lat="68.97836898453533649444580078125" lon="20.38166415877640247344970703125">
        <ele>660.79998779296875</ele>
        <time>2026-08-22T08:24:00.000Z</time>
        <extensions>
          <ns3:TrackPointExtension>
            <ns3:cad>0</ns3:cad>
          </ns3:TrackPointExtension>
        </extensions>
      </trkpt>
      <trkpt lat="68.97837066091597080230712890625" lon="20.38167438469827175140380859375">
        <ele>661</ele>
        <time>2026-08-22T08:24:01.000Z</time>
        <extensions>
          <ns3:TrackPointExtension>
            <ns3:cad>0</ns3:cad>
          </ns3:TrackPointExtension>
        </extensions>
      </trkpt>
      <trkpt lat="68.978381641209125518798828125" lon="20.38171805441379547119140625">
        <ele>661.5999755859375</ele>
        <time>2026-08-22T08:24:06.000Z</time>
        <extensions>
          <ns3:TrackPointExtension>
            <ns3:cad>0</ns3:cad>
          </ns3:TrackPointExtension>
        </extensions>
      </trkpt>
      <trkpt lat="68.97838692180812358856201171875" lon="20.3817428648471832275390625">
        <ele>662</ele>
        <time>2026-08-22T08:24:08.000Z</time>
        <extensions>
          <ns3:TrackPointExtension>
            <ns3:cad>0</ns3:cad>
          </ns3:TrackPointExtension>
        </extensions>
      </trkpt>
      <trkpt lat="68.97840418852865695953369140625" lon="20.38182274438440799713134765625">
        <ele>662.79998779296875</ele>
        <time>2026-08-22T08:24:14.000Z</time>
        <extensions>
          <ns3:TrackPointExtension>
            <ns3:cad>71</ns3:cad>
          </ns3:TrackPointExtension>
        </extensions>
      </trkpt>
      <trkpt lat="68.97841282188892364501953125" lon="20.38184822537004947662353515625">
        <ele>663</ele>
        <time>2026-08-22T08:24:16.000Z</time>
        <extensions>
          <ns3:TrackPointExtension>
            <ns3:cad>0</ns3:cad>
          </ns3:TrackPointExtension>
        </extensions>
      </trkpt>
      <trkpt lat="68.978427909314632415771484375" lon="20.38192198611795902252197265625">
        <ele>663.4000244140625</ele>
        <time>2026-08-22T08:24:20.000Z</time>
        <extensions>
          <ns3:TrackPointExtension>
            <ns3:cad>0</ns3:cad>
          </ns3:TrackPointExtension>
        </extensions>
      </trkpt>
      <trkpt lat="68.9784582518041133880615234375" lon="20.3820618800818920135498046875">
        <ele>663.4000244140625</ele>
        <time>2026-08-22T08:24:27.000Z</time>
        <extensions>
          <ns3:TrackPointExtension>
            <ns3:cad>0</ns3:cad>
          </ns3:TrackPointExtension>
        </extensions>
      </trkpt>
      <trkpt lat="68.97846554405987262725830078125" lon="20.3821403346955776214599609375">
        <ele>664</ele>
        <time>2026-08-22T08:24:32.000Z</time>
        <extensions>
          <ns3:TrackPointExtension>
            <ns3:cad>41</ns3:cad>
          </ns3:TrackPointExtension>
        </extensions>
      </trkpt>
      <trkpt lat="68.97846856154501438140869140625" lon="20.38215634413063526153564453125">
        <ele>664</ele>
        <time>2026-08-22T08:24:33.000Z</time>
        <extensions>
          <ns3:TrackPointExtension>
            <ns3:cad>0</ns3:cad>
          </ns3:TrackPointExtension>
        </extensions>
      </trkpt>
      <trkpt lat="68.97848398424685001373291015625" lon="20.382233373820781707763671875">
        <ele>664.4000244140625</ele>
        <time>2026-08-22T08:24:38.000Z</time>
        <extensions>
          <ns3:TrackPointExtension>
            <ns3:cad>75</ns3:cad>
          </ns3:TrackPointExtension>
        </extensions>
      </trkpt>
      <trkpt lat="68.97849957458674907684326171875" lon="20.38233571685850620269775390625">
        <ele>665.20001220703125</ele>
        <time>2026-08-22T08:24:43.000Z</time>
        <extensions>
          <ns3:TrackPointExtension>
            <ns3:cad>0</ns3:cad>
          </ns3:TrackPointExtension>
        </extensions>
      </trkpt>
      <trkpt lat="68.97850678302347660064697265625" lon="20.38237393833696842193603515625">
        <ele>665.4000244140625</ele>
        <time>2026-08-22T08:24:45.000Z</time>
        <extensions>
          <ns3:TrackPointExtension>
            <ns3:cad>68</ns3:cad>
          </ns3:TrackPointExtension>
        </extensions>
      </trkpt>
      <trkpt lat="68.97851935587823390960693359375" lon="20.38250260055065155029296875">
        <ele>665.79998779296875</ele>
        <time>2026-08-22T08:24:51.000Z</time>
        <extensions>
          <ns3:TrackPointExtension>
            <ns3:cad>0</ns3:cad>
          </ns3:TrackPointExtension>
        </extensions>
      </trkpt>
      <trkpt lat="68.97853083908557891845703125" lon="20.38259119726717472076416015625">
        <ele>666</ele>
        <time>2026-08-22T08:24:56.000Z</time>
        <extensions>
          <ns3:TrackPointExtension>
            <ns3:cad>0</ns3:cad>
          </ns3:TrackPointExtension>
        </extensions>
      </trkpt>
      <trkpt lat="68.9785444177687168121337890625" lon="20.38265774957835674285888671875">
        <ele>666.20001220703125</ele>
        <time>2026-08-22T08:25:00.000Z</time>
        <extensions>
          <ns3:TrackPointExtension>
            <ns3:cad>0</ns3:cad>
          </ns3:TrackPointExtension>
        </extensions>
      </trkpt>
      <trkpt lat="68.97855305112898349761962890625" lon="20.38269035518169403076171875">
        <ele>666.4000244140625</ele>
        <time>2026-08-22T08:25:02.000Z</time>
        <extensions>
          <ns3:TrackPointExtension>
            <ns3:cad>0</ns3:cad>
          </ns3:TrackPointExtension>
        </extensions>
      </trkpt>
      <trkpt lat="68.978575766086578369140625" lon="20.3828018344938755035400390625">
        <ele>667</ele>
        <time>2026-08-22T08:25:08.000Z</time>
        <extensions>
          <ns3:TrackPointExtension>
            <ns3:cad>0</ns3:cad>
          </ns3:TrackPointExtension>
        </extensions>
      </trkpt>
      <trkpt lat="68.97858993150293827056884765625" lon="20.382920019328594207763671875">
        <ele>667.20001220703125</ele>
        <time>2026-08-22T08:25:14.000Z</time>
        <extensions>
          <ns3:TrackPointExtension>
            <ns3:cad>0</ns3:cad>
          </ns3:TrackPointExtension>
        </extensions>
      </trkpt>
      <trkpt lat="68.97860594093799591064453125" lon="20.3829986415803432464599609375">
        <ele>668.4000244140625</ele>
        <time>2026-08-22T08:25:21.000Z</time>
        <extensions>
          <ns3:TrackPointExtension>
            <ns3:cad>0</ns3:cad>
          </ns3:TrackPointExtension>
        </extensions>
      </trkpt>
      <trkpt lat="68.97860401310026645660400390625" lon="20.38300375454127788543701171875">
        <ele>669</ele>
        <time>2026-08-22T08:25:26.000Z</time>
        <extensions>
          <ns3:TrackPointExtension>
            <ns3:cad>72</ns3:cad>
          </ns3:TrackPointExtension>
        </extensions>
      </trkpt>
      <trkpt lat="68.97860325872898101806640625" lon="20.3830298222601413726806640625">
        <ele>668.79998779296875</ele>
        <time>2026-08-22T08:25:33.000Z</time>
        <extensions>
          <ns3:TrackPointExtension>
            <ns3:cad>0</ns3:cad>
          </ns3:TrackPointExtension>
        </extensions>
      </trkpt>
      <trkpt lat="68.9786064438521862030029296875" lon="20.38304398767650127410888671875">
        <ele>668.79998779296875</ele>
        <time>2026-08-22T08:25:39.000Z</time>
        <extensions>
          <ns3:TrackPointExtension>
            <ns3:cad>0</ns3:cad>
          </ns3:TrackPointExtension>
        </extensions>
      </trkpt>
      <trkpt lat="68.978606946766376495361328125" lon="20.38306360132992267608642578125">
        <ele>668.79998779296875</ele>
        <time>2026-08-22T08:25:47.000Z</time>
        <extensions>
          <ns3:TrackPointExtension>
            <ns3:cad>0</ns3:cad>
          </ns3:TrackPointExtension>
        </extensions>
      </trkpt>
      <trkpt lat="68.97860996425151824951171875" lon="20.38306544534862041473388671875">
        <ele>668.5999755859375</ele>
        <time>2026-08-22T08:25:57.000Z</time>
        <extensions>
          <ns3:TrackPointExtension>
            <ns3:cad>0</ns3:cad>
          </ns3:TrackPointExtension>
        </extensions>
      </trkpt>
      <trkpt lat="68.9786158315837383270263671875" lon="20.38313434459269046783447265625">
        <ele>668.5999755859375</ele>
        <time>2026-08-22T08:26:04.000Z</time>
        <extensions>
          <ns3:TrackPointExtension>
            <ns3:cad>0</ns3:cad>
          </ns3:TrackPointExtension>
        </extensions>
      </trkpt>
      <trkpt lat="68.97862739861011505126953125" lon="20.38320131599903106689453125">
        <ele>669</ele>
        <time>2026-08-22T08:26:10.000Z</time>
        <extensions>
          <ns3:TrackPointExtension>
            <ns3:cad>0</ns3:cad>
          </ns3:TrackPointExtension>
        </extensions>
      </trkpt>
      <trkpt lat="68.97862949408590793609619140625" lon="20.38321883417665958404541015625">
        <ele>669.4000244140625</ele>
        <time>2026-08-22T08:26:12.000Z</time>
        <extensions>
          <ns3:TrackPointExtension>
            <ns3:cad>0</ns3:cad>
          </ns3:TrackPointExtension>
        </extensions>
      </trkpt>
      <trkpt lat="68.97863603197038173675537109375" lon="20.38326895795762538909912109375">
        <ele>670</ele>
        <time>2026-08-22T08:26:16.000Z</time>
        <extensions>
          <ns3:TrackPointExtension>
            <ns3:cad>0</ns3:cad>
          </ns3:TrackPointExtension>
        </extensions>
      </trkpt>
      <trkpt lat="68.97865128703415393829345703125" lon="20.38332947529852390289306640625">
        <ele>670.4000244140625</ele>
        <time>2026-08-22T08:26:20.000Z</time>
        <extensions>
          <ns3:TrackPointExtension>
            <ns3:cad>0</ns3:cad>
          </ns3:TrackPointExtension>
        </extensions>
      </trkpt>
      <trkpt lat="68.9786610938608646392822265625" lon="20.38335596211254596710205078125">
        <ele>670.5999755859375</ele>
        <time>2026-08-22T08:26:22.000Z</time>
        <extensions>
          <ns3:TrackPointExtension>
            <ns3:cad>0</ns3:cad>
          </ns3:TrackPointExtension>
        </extensions>
      </trkpt>
      <trkpt lat="68.978690095245838165283203125" lon="20.38348202593624591827392578125">
        <ele>671.4000244140625</ele>
        <time>2026-08-22T08:26:28.000Z</time>
        <extensions>
          <ns3:TrackPointExtension>
            <ns3:cad>0</ns3:cad>
          </ns3:TrackPointExtension>
        </extensions>
      </trkpt>
      <trkpt lat="68.97872119210660457611083984375" lon="20.38355662487447261810302734375">
        <ele>672.20001220703125</ele>
        <time>2026-08-22T08:26:33.000Z</time>
        <extensions>
          <ns3:TrackPointExtension>
            <ns3:cad>41</ns3:cad>
          </ns3:TrackPointExtension>
        </extensions>
      </trkpt>
      <trkpt lat="68.97875010967254638671875" lon="20.3836152143776416778564453125">
        <ele>672.5999755859375</ele>
        <time>2026-08-22T08:26:37.000Z</time>
        <extensions>
          <ns3:TrackPointExtension>
            <ns3:cad>42</ns3:cad>
          </ns3:TrackPointExtension>
        </extensions>
      </trkpt>
      <trkpt lat="68.97876326926052570343017578125" lon="20.38364547304809093475341796875">
        <ele>673</ele>
        <time>2026-08-22T08:26:39.000Z</time>
        <extensions>
          <ns3:TrackPointExtension>
            <ns3:cad>43</ns3:cad>
          </ns3:TrackPointExtension>
        </extensions>
      </trkpt>
      <trkpt lat="68.97877466864883899688720703125" lon="20.38373230956494808197021484375">
        <ele>673.4000244140625</ele>
        <time>2026-08-22T08:26:43.000Z</time>
        <extensions>
          <ns3:TrackPointExtension>
            <ns3:cad>43</ns3:cad>
          </ns3:TrackPointExtension>
        </extensions>
      </trkpt>
      <trkpt lat="68.97877248935401439666748046875" lon="20.38378360681235790252685546875">
        <ele>673.79998779296875</ele>
        <time>2026-08-22T08:26:45.000Z</time>
        <extensions>
          <ns3:TrackPointExtension>
            <ns3:cad>43</ns3:cad>
          </ns3:TrackPointExtension>
        </extensions>
      </trkpt>
      <trkpt lat="68.97877047769725322723388671875" lon="20.3839045576751232147216796875">
        <ele>674.20001220703125</ele>
        <time>2026-08-22T08:26:51.000Z</time>
        <extensions>
          <ns3:TrackPointExtension>
            <ns3:cad>0</ns3:cad>
          </ns3:TrackPointExtension>
        </extensions>
      </trkpt>
      <trkpt lat="68.97878321819007396697998046875" lon="20.38393129594624042510986328125">
        <ele>673.79998779296875</ele>
        <time>2026-08-22T08:26:53.000Z</time>
        <extensions>
          <ns3:TrackPointExtension>
            <ns3:cad>0</ns3:cad>
          </ns3:TrackPointExtension>
        </extensions>
      </trkpt>
      <trkpt lat="68.9788002334535121917724609375" lon="20.3839417733252048492431640625">
        <ele>673.5999755859375</ele>
        <time>2026-08-22T08:26:55.000Z</time>
        <extensions>
          <ns3:TrackPointExtension>
            <ns3:cad>0</ns3:cad>
          </ns3:TrackPointExtension>
        </extensions>
      </trkpt>
      <trkpt lat="68.97881649434566497802734375" lon="20.38394621573388576507568359375">
        <ele>673.4000244140625</ele>
        <time>2026-08-22T08:26:57.000Z</time>
        <extensions>
          <ns3:TrackPointExtension>
            <ns3:cad>45</ns3:cad>
          </ns3:TrackPointExtension>
        </extensions>
      </trkpt>
      <trkpt lat="68.97883929312229156494140625" lon="20.38396750576794147491455078125">
        <ele>672.5999755859375</ele>
        <time>2026-08-22T08:27:02.000Z</time>
        <extensions>
          <ns3:TrackPointExtension>
            <ns3:cad>0</ns3:cad>
          </ns3:TrackPointExtension>
        </extensions>
      </trkpt>
      <trkpt lat="68.97884574718773365020751953125" lon="20.38397203199565410614013671875">
        <ele>672.4000244140625</ele>
        <time>2026-08-22T08:27:03.000Z</time>
        <extensions>
          <ns3:TrackPointExtension>
            <ns3:cad>0</ns3:cad>
          </ns3:TrackPointExtension>
        </extensions>
      </trkpt>
      <trkpt lat="68.97885345853865146636962890625" lon="20.38398074917495250701904296875">
        <ele>672.20001220703125</ele>
        <time>2026-08-22T08:27:04.000Z</time>
        <extensions>
          <ns3:TrackPointExtension>
            <ns3:cad>0</ns3:cad>
          </ns3:TrackPointExtension>
        </extensions>
      </trkpt>
      <trkpt lat="68.97888078354299068450927734375" lon="20.384034812450408935546875">
        <ele>671.5999755859375</ele>
        <time>2026-08-22T08:27:08.000Z</time>
        <extensions>
          <ns3:TrackPointExtension>
            <ns3:cad>0</ns3:cad>
          </ns3:TrackPointExtension>
        </extensions>
      </trkpt>
      <trkpt lat="68.9788894169032573699951171875" lon="20.38409574888646602630615234375">
        <ele>671</ele>
        <time>2026-08-22T08:27:11.000Z</time>
        <extensions>
          <ns3:TrackPointExtension>
            <ns3:cad>0</ns3:cad>
          </ns3:TrackPointExtension>
        </extensions>
      </trkpt>
      <trkpt lat="68.978908024728298187255859375" lon="20.38416163064539432525634765625">
        <ele>670.5999755859375</ele>
        <time>2026-08-22T08:27:14.000Z</time>
        <extensions>
          <ns3:TrackPointExtension>
            <ns3:cad>0</ns3:cad>
          </ns3:TrackPointExtension>
        </extensions>
      </trkpt>
      <trkpt lat="68.978932164609432220458984375" lon="20.38422097451984882354736328125">
        <ele>670.20001220703125</ele>
        <time>2026-08-22T08:27:17.000Z</time>
        <extensions>
          <ns3:TrackPointExtension>
            <ns3:cad>0</ns3:cad>
          </ns3:TrackPointExtension>
        </extensions>
      </trkpt>
      <trkpt lat="68.9789695478975772857666015625" lon="20.384367406368255615234375">
        <ele>670</ele>
        <time>2026-08-22T08:27:23.000Z</time>
        <extensions>
          <ns3:TrackPointExtension>
            <ns3:cad>48</ns3:cad>
          </ns3:TrackPointExtension>
        </extensions>
      </trkpt>
      <trkpt lat="68.97900030948221683502197265625" lon="20.3844557516276836395263671875">
        <ele>669.4000244140625</ele>
        <time>2026-08-22T08:27:29.000Z</time>
        <extensions>
          <ns3:TrackPointExtension>
            <ns3:cad>49</ns3:cad>
          </ns3:TrackPointExtension>
        </extensions>
      </trkpt>
      <trkpt lat="68.97900517098605632781982421875" lon="20.38447293452918529510498046875">
        <ele>669.20001220703125</ele>
        <time>2026-08-22T08:27:30.000Z</time>
        <extensions>
          <ns3:TrackPointExtension>
            <ns3:cad>49</ns3:cad>
          </ns3:TrackPointExtension>
        </extensions>
      </trkpt>
      <trkpt lat="68.97901170887053012847900390625" lon="20.38451828062534332275390625">
        <ele>668.79998779296875</ele>
        <time>2026-08-22T08:27:32.000Z</time>
        <extensions>
          <ns3:TrackPointExtension>
            <ns3:cad>49</ns3:cad>
          </ns3:TrackPointExtension>
        </extensions>
      </trkpt>
      <trkpt lat="68.97902294062077999114990234375" lon="20.38457435555756092071533203125">
        <ele>668.4000244140625</ele>
        <time>2026-08-22T08:27:35.000Z</time>
        <extensions>
          <ns3:TrackPointExtension>
            <ns3:cad>0</ns3:cad>
          </ns3:TrackPointExtension>
        </extensions>
      </trkpt>
      <trkpt lat="68.97902746684849262237548828125" lon="20.38458491675555706024169921875">
        <ele>668.20001220703125</ele>
        <time>2026-08-22T08:27:36.000Z</time>
        <extensions>
          <ns3:TrackPointExtension>
            <ns3:cad>0</ns3:cad>
          </ns3:TrackPointExtension>
        </extensions>
      </trkpt>
      <trkpt lat="68.97903299890458583831787109375" lon="20.3845967352390289306640625">
        <ele>668</ele>
        <time>2026-08-22T08:27:37.000Z</time>
        <extensions>
          <ns3:TrackPointExtension>
            <ns3:cad>0</ns3:cad>
          </ns3:TrackPointExtension>
        </extensions>
      </trkpt>
      <trkpt lat="68.979046829044818878173828125" lon="20.38466471247375011444091796875">
        <ele>667.5999755859375</ele>
        <time>2026-08-22T08:27:40.000Z</time>
        <extensions>
          <ns3:TrackPointExtension>
            <ns3:cad>0</ns3:cad>
          </ns3:TrackPointExtension>
        </extensions>
      </trkpt>
      <trkpt lat="68.9790644310414791107177734375" lon="20.38472422398626804351806640625">
        <ele>667.4000244140625</ele>
        <time>2026-08-22T08:27:43.000Z</time>
        <extensions>
          <ns3:TrackPointExtension>
            <ns3:cad>0</ns3:cad>
          </ns3:TrackPointExtension>
        </extensions>
      </trkpt>
      <trkpt lat="68.9790813624858856201171875" lon="20.38478641770780086517333984375">
        <ele>667.4000244140625</ele>
        <time>2026-08-22T08:27:46.000Z</time>
        <extensions>
          <ns3:TrackPointExtension>
            <ns3:cad>50</ns3:cad>
          </ns3:TrackPointExtension>
        </extensions>
      </trkpt>
      <trkpt lat="68.9791036583483219146728515625" lon="20.384907536208629608154296875">
        <ele>667.20001220703125</ele>
        <time>2026-08-22T08:27:51.000Z</time>
        <extensions>
          <ns3:TrackPointExtension>
            <ns3:cad>0</ns3:cad>
          </ns3:TrackPointExtension>
        </extensions>
      </trkpt>
      <trkpt lat="68.97910826839506626129150390625" lon="20.38492237217724323272705078125">
        <ele>667.20001220703125</ele>
        <time>2026-08-22T08:27:52.000Z</time>
        <extensions>
          <ns3:TrackPointExtension>
            <ns3:cad>0</ns3:cad>
          </ns3:TrackPointExtension>
        </extensions>
      </trkpt>
      <trkpt lat="68.97912251763045787811279296875" lon="20.384957157075405120849609375">
        <ele>666.5999755859375</ele>
        <time>2026-08-22T08:27:55.000Z</time>
        <extensions>
          <ns3:TrackPointExtension>
            <ns3:cad>60</ns3:cad>
          </ns3:TrackPointExtension>
        </extensions>
      </trkpt>
      <trkpt lat="68.97913165390491485595703125" lon="20.3849963843822479248046875">
        <ele>666.4000244140625</ele>
        <time>2026-08-22T08:27:57.000Z</time>
        <extensions>
          <ns3:TrackPointExtension>
            <ns3:cad>0</ns3:cad>
          </ns3:TrackPointExtension>
        </extensions>
      </trkpt>
      <trkpt lat="68.979133665561676025390625" lon="20.38501457311213016510009765625">
        <ele>666.20001220703125</ele>
        <time>2026-08-22T08:27:58.000Z</time>
        <extensions>
          <ns3:TrackPointExtension>
            <ns3:cad>0</ns3:cad>
          </ns3:TrackPointExtension>
        </extensions>
      </trkpt>
      <trkpt lat="68.9791452325880527496337890625" lon="20.3850441612303256988525390625">
        <ele>666</ele>
        <time>2026-08-22T08:28:00.000Z</time>
        <extensions>
          <ns3:TrackPointExtension>
            <ns3:cad>0</ns3:cad>
          </ns3:TrackPointExtension>
        </extensions>
      </trkpt>
      <trkpt lat="68.97917012684047222137451171875" lon="20.3851065225899219512939453125">
        <ele>665.5999755859375</ele>
        <time>2026-08-22T08:28:04.000Z</time>
        <extensions>
          <ns3:TrackPointExtension>
            <ns3:cad>0</ns3:cad>
          </ns3:TrackPointExtension>
        </extensions>
      </trkpt>
      <trkpt lat="68.97918127477169036865234375" lon="20.3851467557251453399658203125">
        <ele>665.4000244140625</ele>
        <time>2026-08-22T08:28:06.000Z</time>
        <extensions>
          <ns3:TrackPointExtension>
            <ns3:cad>0</ns3:cad>
          </ns3:TrackPointExtension>
        </extensions>
      </trkpt>
      <trkpt lat="68.9791961945593357086181640625" lon="20.38521121256053447723388671875">
        <ele>665.20001220703125</ele>
        <time>2026-08-22T08:28:09.000Z</time>
        <extensions>
          <ns3:TrackPointExtension>
            <ns3:cad>0</ns3:cad>
          </ns3:TrackPointExtension>
        </extensions>
      </trkpt>
      <trkpt lat="68.97920675575733184814453125" lon="20.385263264179229736328125">
        <ele>665.20001220703125</ele>
        <time>2026-08-22T08:28:11.000Z</time>
        <extensions>
          <ns3:TrackPointExtension>
            <ns3:cad>0</ns3:cad>
          </ns3:TrackPointExtension>
        </extensions>
      </trkpt>
      <trkpt lat="68.979231901466846466064453125" lon="20.38536594249308109283447265625">
        <ele>664.79998779296875</ele>
        <time>2026-08-22T08:28:16.000Z</time>
        <extensions>
          <ns3:TrackPointExtension>
            <ns3:cad>45</ns3:cad>
          </ns3:TrackPointExtension>
        </extensions>
      </trkpt>
      <trkpt lat="68.979268111288547515869140625" lon="20.38545495830476284027099609375">
        <ele>665</ele>
        <time>2026-08-22T08:28:22.000Z</time>
        <extensions>
          <ns3:TrackPointExtension>
            <ns3:cad>0</ns3:cad>
          </ns3:TrackPointExtension>
        </extensions>
      </trkpt>
      <trkpt lat="68.9792850427329540252685546875" lon="20.3855199180543422698974609375">
        <ele>664.79998779296875</ele>
        <time>2026-08-22T08:28:25.000Z</time>
        <extensions>
          <ns3:TrackPointExtension>
            <ns3:cad>47</ns3:cad>
          </ns3:TrackPointExtension>
        </extensions>
      </trkpt>
      <trkpt lat="68.979307673871517181396484375" lon="20.38559510372579097747802734375">
        <ele>664.5999755859375</ele>
        <time>2026-08-22T08:28:28.000Z</time>
        <extensions>
          <ns3:TrackPointExtension>
            <ns3:cad>47</ns3:cad>
          </ns3:TrackPointExtension>
        </extensions>
      </trkpt>
      <trkpt lat="68.9793450571596622467041015625" lon="20.38574681617319583892822265625">
        <ele>664.79998779296875</ele>
        <time>2026-08-22T08:28:36.000Z</time>
        <extensions>
          <ns3:TrackPointExtension>
            <ns3:cad>46</ns3:cad>
          </ns3:TrackPointExtension>
        </extensions>
      </trkpt>
      <trkpt lat="68.9793725498020648956298828125" lon="20.3858585469424724578857421875">
        <ele>664.79998779296875</ele>
        <time>2026-08-22T08:28:43.000Z</time>
        <extensions>
          <ns3:TrackPointExtension>
            <ns3:cad>43</ns3:cad>
          </ns3:TrackPointExtension>
        </extensions>
      </trkpt>
      <trkpt lat="68.97937975823879241943359375" lon="20.38587355054914951324462890625">
        <ele>664.79998779296875</ele>
        <time>2026-08-22T08:28:44.000Z</time>
        <extensions>
          <ns3:TrackPointExtension>
            <ns3:cad>43</ns3:cad>
          </ns3:TrackPointExtension>
        </extensions>
      </trkpt>
      <trkpt lat="68.979404233396053314208984375" lon="20.3859584592282772064208984375">
        <ele>664.5999755859375</ele>
        <time>2026-08-22T08:28:49.000Z</time>
        <extensions>
          <ns3:TrackPointExtension>
            <ns3:cad>0</ns3:cad>
          </ns3:TrackPointExtension>
        </extensions>
      </trkpt>
      <trkpt lat="68.97943080402910709381103515625" lon="20.3860955871641635894775390625">
        <ele>665</ele>
        <time>2026-08-22T08:28:56.000Z</time>
        <extensions>
          <ns3:TrackPointExtension>
            <ns3:cad>69</ns3:cad>
          </ns3:TrackPointExtension>
        </extensions>
      </trkpt>
      <trkpt lat="68.97945008240640163421630859375" lon="20.38620044477283954620361328125">
        <ele>665.5999755859375</ele>
        <time>2026-08-22T08:29:02.000Z</time>
        <extensions>
          <ns3:TrackPointExtension>
            <ns3:cad>69</ns3:cad>
          </ns3:TrackPointExtension>
        </extensions>
      </trkpt>
      <trkpt lat="68.979460895061492919921875" lon="20.3862417675554752349853515625">
        <ele>665.79998779296875</ele>
        <time>2026-08-22T08:29:04.000Z</time>
        <extensions>
          <ns3:TrackPointExtension>
            <ns3:cad>69</ns3:cad>
          </ns3:TrackPointExtension>
        </extensions>
      </trkpt>
      <trkpt lat="68.97947506047785282135009765625" lon="20.3862950764596462249755859375">
        <ele>666.20001220703125</ele>
        <time>2026-08-22T08:29:07.000Z</time>
        <extensions>
          <ns3:TrackPointExtension>
            <ns3:cad>0</ns3:cad>
          </ns3:TrackPointExtension>
        </extensions>
      </trkpt>
      <trkpt lat="68.9794795028865337371826171875" lon="20.3863106667995452880859375">
        <ele>666.4000244140625</ele>
        <time>2026-08-22T08:29:08.000Z</time>
        <extensions>
          <ns3:TrackPointExtension>
            <ns3:cad>0</ns3:cad>
          </ns3:TrackPointExtension>
        </extensions>
      </trkpt>
      <trkpt lat="68.97950506769120693206787109375" lon="20.38649775087833404541015625">
        <ele>666.79998779296875</ele>
        <time>2026-08-22T08:29:15.000Z</time>
        <extensions>
          <ns3:TrackPointExtension>
            <ns3:cad>0</ns3:cad>
          </ns3:TrackPointExtension>
        </extensions>
      </trkpt>
      <trkpt lat="68.9795358292758464813232421875" lon="20.3866786323487758636474609375">
        <ele>666.5999755859375</ele>
        <time>2026-08-22T08:29:22.000Z</time>
        <extensions>
          <ns3:TrackPointExtension>
            <ns3:cad>0</ns3:cad>
          </ns3:TrackPointExtension>
        </extensions>
      </trkpt>
      <trkpt lat="68.9795666746795177459716796875" lon="20.3867818973958492279052734375">
        <ele>667</ele>
        <time>2026-08-22T08:29:28.000Z</time>
        <extensions>
          <ns3:TrackPointExtension>
            <ns3:cad>45</ns3:cad>
          </ns3:TrackPointExtension>
        </extensions>
      </trkpt>
      <trkpt lat="68.97957799024879932403564453125" lon="20.3868137486279010772705078125">
        <ele>667.20001220703125</ele>
        <time>2026-08-22T08:29:30.000Z</time>
        <extensions>
          <ns3:TrackPointExtension>
            <ns3:cad>43</ns3:cad>
          </ns3:TrackPointExtension>
        </extensions>
      </trkpt>
      <trkpt lat="68.9795975200831890106201171875" lon="20.38689471781253814697265625">
        <ele>667.4000244140625</ele>
        <time>2026-08-22T08:29:34.000Z</time>
        <extensions>
          <ns3:TrackPointExtension>
            <ns3:cad>41</ns3:cad>
          </ns3:TrackPointExtension>
        </extensions>
      </trkpt>
      <trkpt lat="68.97962241433560848236083984375" lon="20.38699421100318431854248046875">
        <ele>667.4000244140625</ele>
        <time>2026-08-22T08:29:40.000Z</time>
        <extensions>
          <ns3:TrackPointExtension>
            <ns3:cad>41</ns3:cad>
          </ns3:TrackPointExtension>
        </extensions>
      </trkpt>
      <trkpt lat="68.97966583259403705596923828125" lon="20.3871436603367328643798828125">
        <ele>667.4000244140625</ele>
        <time>2026-08-22T08:29:47.000Z</time>
        <extensions>
          <ns3:TrackPointExtension>
            <ns3:cad>42</ns3:cad>
          </ns3:TrackPointExtension>
        </extensions>
      </trkpt>
      <trkpt lat="68.9796927385032176971435546875" lon="20.38727047853171825408935546875">
        <ele>667.5999755859375</ele>
        <time>2026-08-22T08:29:53.000Z</time>
        <extensions>
          <ns3:TrackPointExtension>
            <ns3:cad>50</ns3:cad>
          </ns3:TrackPointExtension>
        </extensions>
      </trkpt>
      <trkpt lat="68.97971662692725658416748046875" lon="20.38743074052035808563232421875">
        <ele>668.4000244140625</ele>
        <time>2026-08-22T08:30:00.000Z</time>
        <extensions>
          <ns3:TrackPointExtension>
            <ns3:cad>44</ns3:cad>
          </ns3:TrackPointExtension>
        </extensions>
      </trkpt>
      <trkpt lat="68.97973976098001003265380859375" lon="20.38754724897444248199462890625">
        <ele>668.79998779296875</ele>
        <time>2026-08-22T08:30:05.000Z</time>
        <extensions>
          <ns3:TrackPointExtension>
            <ns3:cad>40</ns3:cad>
          </ns3:TrackPointExtension>
        </extensions>
      </trkpt>
      <trkpt lat="68.97974210791289806365966796875" lon="20.38757189176976680755615234375">
        <ele>668.79998779296875</ele>
        <time>2026-08-22T08:30:06.000Z</time>
        <extensions>
          <ns3:TrackPointExtension>
            <ns3:cad>0</ns3:cad>
          </ns3:TrackPointExtension>
        </extensions>
      </trkpt>
      <trkpt lat="68.9797634817659854888916015625" lon="20.38768873549997806549072265625">
        <ele>669.4000244140625</ele>
        <time>2026-08-22T08:30:13.000Z</time>
        <extensions>
          <ns3:TrackPointExtension>
            <ns3:cad>44</ns3:cad>
          </ns3:TrackPointExtension>
        </extensions>
      </trkpt>
      <trkpt lat="68.9797899685800075531005859375" lon="20.38776903413236141204833984375">
        <ele>670.20001220703125</ele>
        <time>2026-08-22T08:30:20.000Z</time>
        <extensions>
          <ns3:TrackPointExtension>
            <ns3:cad>0</ns3:cad>
          </ns3:TrackPointExtension>
        </extensions>
      </trkpt>
      <trkpt lat="68.9798010326921939849853515625" lon="20.3878287971019744873046875">
        <ele>670.4000244140625</ele>
        <time>2026-08-22T08:30:23.000Z</time>
        <extensions>
          <ns3:TrackPointExtension>
            <ns3:cad>0</ns3:cad>
          </ns3:TrackPointExtension>
        </extensions>
      </trkpt>
      <trkpt lat="68.97981737740337848663330078125" lon="20.38789409212768077850341796875">
        <ele>670.5999755859375</ele>
        <time>2026-08-22T08:30:27.000Z</time>
        <extensions>
          <ns3:TrackPointExtension>
            <ns3:cad>0</ns3:cad>
          </ns3:TrackPointExtension>
        </extensions>
      </trkpt>
      <trkpt lat="68.979830034077167510986328125" lon="20.38800523616373538970947265625">
        <ele>671</ele>
        <time>2026-08-22T08:30:32.000Z</time>
        <extensions>
          <ns3:TrackPointExtension>
            <ns3:cad>0</ns3:cad>
          </ns3:TrackPointExtension>
        </extensions>
      </trkpt>
      <trkpt lat="68.97985476069152355194091796875" lon="20.38814328610897064208984375">
        <ele>671.4000244140625</ele>
        <time>2026-08-22T08:30:38.000Z</time>
        <extensions>
          <ns3:TrackPointExtension>
            <ns3:cad>0</ns3:cad>
          </ns3:TrackPointExtension>
        </extensions>
      </trkpt>
      <trkpt lat="68.9798727817833423614501953125" lon="20.38823490031063556671142578125">
        <ele>672</ele>
        <time>2026-08-22T08:30:44.000Z</time>
        <extensions>
          <ns3:TrackPointExtension>
            <ns3:cad>0</ns3:cad>
          </ns3:TrackPointExtension>
        </extensions>
      </trkpt>
      <trkpt lat="68.979885019361972808837890625" lon="20.388309247791767120361328125">
        <ele>672.4000244140625</ele>
        <time>2026-08-22T08:30:50.000Z</time>
        <extensions>
          <ns3:TrackPointExtension>
            <ns3:cad>0</ns3:cad>
          </ns3:TrackPointExtension>
        </extensions>
      </trkpt>
      <trkpt lat="68.979890383780002593994140625" lon="20.38834755308926105499267578125">
        <ele>672.5999755859375</ele>
        <time>2026-08-22T08:30:52.000Z</time>
        <extensions>
          <ns3:TrackPointExtension>
            <ns3:cad>0</ns3:cad>
          </ns3:TrackPointExtension>
        </extensions>
      </trkpt>
      <trkpt lat="68.97991812787950038909912109375" lon="20.3884626366198062896728515625">
        <ele>673</ele>
        <time>2026-08-22T08:30:58.000Z</time>
        <extensions>
          <ns3:TrackPointExtension>
            <ns3:cad>0</ns3:cad>
          </ns3:TrackPointExtension>
        </extensions>
      </trkpt>
      <trkpt lat="68.979942016303539276123046875" lon="20.38857570849359035491943359375">
        <ele>673.4000244140625</ele>
        <time>2026-08-22T08:31:04.000Z</time>
        <extensions>
          <ns3:TrackPointExtension>
            <ns3:cad>0</ns3:cad>
          </ns3:TrackPointExtension>
        </extensions>
      </trkpt>
      <trkpt lat="68.97996976040303707122802734375" lon="20.38873798213899135589599609375">
        <ele>673.5999755859375</ele>
        <time>2026-08-22T08:31:10.000Z</time>
        <extensions>
          <ns3:TrackPointExtension>
            <ns3:cad>0</ns3:cad>
          </ns3:TrackPointExtension>
        </extensions>
      </trkpt>
      <trkpt lat="68.97999934852123260498046875" lon="20.38886119611561298370361328125">
        <ele>673.4000244140625</ele>
        <time>2026-08-22T08:31:16.000Z</time>
        <extensions>
          <ns3:TrackPointExtension>
            <ns3:cad>45</ns3:cad>
          </ns3:TrackPointExtension>
        </extensions>
      </trkpt>
      <trkpt lat="68.980028517544269561767578125" lon="20.38899463601410388946533203125">
        <ele>673.5999755859375</ele>
        <time>2026-08-22T08:31:23.000Z</time>
        <extensions>
          <ns3:TrackPointExtension>
            <ns3:cad>43</ns3:cad>
          </ns3:TrackPointExtension>
        </extensions>
      </trkpt>
      <trkpt lat="68.98005978204309940338134765625" lon="20.38915841840207576751708984375">
        <ele>674</ele>
        <time>2026-08-22T08:31:30.000Z</time>
        <extensions>
          <ns3:TrackPointExtension>
            <ns3:cad>0</ns3:cad>
          </ns3:TrackPointExtension>
        </extensions>
      </trkpt>
      <trkpt lat="68.98006279952824115753173828125" lon="20.389187335968017578125">
        <ele>674</ele>
        <time>2026-08-22T08:31:31.000Z</time>
        <extensions>
          <ns3:TrackPointExtension>
            <ns3:cad>0</ns3:cad>
          </ns3:TrackPointExtension>
        </extensions>
      </trkpt>
      <trkpt lat="68.98007721640169620513916015625" lon="20.389293618500232696533203125">
        <ele>674</ele>
        <time>2026-08-22T08:31:36.000Z</time>
        <extensions>
          <ns3:TrackPointExtension>
            <ns3:cad>41</ns3:cad>
          </ns3:TrackPointExtension>
        </extensions>
      </trkpt>
      <trkpt lat="68.98008291609585285186767578125" lon="20.38933611474931240081787109375">
        <ele>674.4000244140625</ele>
        <time>2026-08-22T08:31:39.000Z</time>
        <extensions>
          <ns3:TrackPointExtension>
            <ns3:cad>41</ns3:cad>
          </ns3:TrackPointExtension>
        </extensions>
      </trkpt>
      <trkpt lat="68.98008325137197971343994140625" lon="20.38937601260840892791748046875">
        <ele>674.79998779296875</ele>
        <time>2026-08-22T08:31:41.000Z</time>
        <extensions>
          <ns3:TrackPointExtension>
            <ns3:cad>79</ns3:cad>
          </ns3:TrackPointExtension>
        </extensions>
      </trkpt>
      <trkpt lat="68.9800829999148845672607421875" lon="20.38939914666116237640380859375">
        <ele>674.79998779296875</ele>
        <time>2026-08-22T08:31:42.000Z</time>
        <extensions>
          <ns3:TrackPointExtension>
            <ns3:cad>79</ns3:cad>
          </ns3:TrackPointExtension>
        </extensions>
      </trkpt>
      <trkpt lat="68.98008652031421661376953125" lon="20.389530993998050689697265625">
        <ele>675.20001220703125</ele>
        <time>2026-08-22T08:31:48.000Z</time>
        <extensions>
          <ns3:TrackPointExtension>
            <ns3:cad>0</ns3:cad>
          </ns3:TrackPointExtension>
        </extensions>
      </trkpt>
      <trkpt lat="68.98010454140603542327880859375" lon="20.389677844941616058349609375">
        <ele>675.4000244140625</ele>
        <time>2026-08-22T08:31:54.000Z</time>
        <extensions>
          <ns3:TrackPointExtension>
            <ns3:cad>0</ns3:cad>
          </ns3:TrackPointExtension>
        </extensions>
      </trkpt>
      <trkpt lat="68.9801057986915111541748046875" lon="20.38970642723143100738525390625">
        <ele>675.5999755859375</ele>
        <time>2026-08-22T08:31:55.000Z</time>
        <extensions>
          <ns3:TrackPointExtension>
            <ns3:cad>0</ns3:cad>
          </ns3:TrackPointExtension>
        </extensions>
      </trkpt>
      <trkpt lat="68.98011493496596813201904296875" lon="20.38982025347650051116943359375">
        <ele>675.79998779296875</ele>
        <time>2026-08-22T08:32:00.000Z</time>
        <extensions>
          <ns3:TrackPointExtension>
            <ns3:cad>0</ns3:cad>
          </ns3:TrackPointExtension>
        </extensions>
      </trkpt>
      <trkpt lat="68.98011895827949047088623046875" lon="20.389989651739597320556640625">
        <ele>676.20001220703125</ele>
        <time>2026-08-22T08:32:07.000Z</time>
        <extensions>
          <ns3:TrackPointExtension>
            <ns3:cad>42</ns3:cad>
          </ns3:TrackPointExtension>
        </extensions>
      </trkpt>
      <trkpt lat="68.9801316149532794952392578125" lon="20.39013725705444812774658203125">
        <ele>675.79998779296875</ele>
        <time>2026-08-22T08:32:13.000Z</time>
        <extensions>
          <ns3:TrackPointExtension>
            <ns3:cad>41</ns3:cad>
          </ns3:TrackPointExtension>
        </extensions>
      </trkpt>
      <trkpt lat="68.980157263576984405517578125" lon="20.39028964005410671234130859375">
        <ele>675.4000244140625</ele>
        <time>2026-08-22T08:32:19.000Z</time>
        <extensions>
          <ns3:TrackPointExtension>
            <ns3:cad>41</ns3:cad>
          </ns3:TrackPointExtension>
        </extensions>
      </trkpt>
      <trkpt lat="68.98018567822873592376708984375" lon="20.39041905663907527923583984375">
        <ele>675.5999755859375</ele>
        <time>2026-08-22T08:32:26.000Z</time>
        <extensions>
          <ns3:TrackPointExtension>
            <ns3:cad>0</ns3:cad>
          </ns3:TrackPointExtension>
        </extensions>
      </trkpt>
      <trkpt lat="68.9801993407309055328369140625" lon="20.39052902720868587493896484375">
        <ele>675.20001220703125</ele>
        <time>2026-08-22T08:32:31.000Z</time>
        <extensions>
          <ns3:TrackPointExtension>
            <ns3:cad>0</ns3:cad>
          </ns3:TrackPointExtension>
        </extensions>
      </trkpt>
      <trkpt lat="68.98020629771053791046142578125" lon="20.39064520038664340972900390625">
        <ele>675</ele>
        <time>2026-08-22T08:32:36.000Z</time>
        <extensions>
          <ns3:TrackPointExtension>
            <ns3:cad>41</ns3:cad>
          </ns3:TrackPointExtension>
        </extensions>
      </trkpt>
      <trkpt lat="68.98021233268082141876220703125" lon="20.3906831704080104827880859375">
        <ele>674.79998779296875</ele>
        <time>2026-08-22T08:32:38.000Z</time>
        <extensions>
          <ns3:TrackPointExtension>
            <ns3:cad>45</ns3:cad>
          </ns3:TrackPointExtension>
        </extensions>
      </trkpt>
      <trkpt lat="68.98022658191621303558349609375" lon="20.39080361835658550262451171875">
        <ele>675</ele>
        <time>2026-08-22T08:32:43.000Z</time>
        <extensions>
          <ns3:TrackPointExtension>
            <ns3:cad>42</ns3:cad>
          </ns3:TrackPointExtension>
        </extensions>
      </trkpt>
      <trkpt lat="68.9802311919629573822021484375" lon="20.39087486453354358673095703125">
        <ele>674.79998779296875</ele>
        <time>2026-08-22T08:32:46.000Z</time>
        <extensions>
          <ns3:TrackPointExtension>
            <ns3:cad>71</ns3:cad>
          </ns3:TrackPointExtension>
        </extensions>
      </trkpt>
      <trkpt lat="68.98023211397230625152587890625" lon="20.39092415012419223785400390625">
        <ele>674.79998779296875</ele>
        <time>2026-08-22T08:32:48.000Z</time>
        <extensions>
          <ns3:TrackPointExtension>
            <ns3:cad>71</ns3:cad>
          </ns3:TrackPointExtension>
        </extensions>
      </trkpt>
      <trkpt lat="68.98023940622806549072265625" lon="20.3909738548099994659423828125">
        <ele>674.79998779296875</ele>
        <time>2026-08-22T08:32:50.000Z</time>
        <extensions>
          <ns3:TrackPointExtension>
            <ns3:cad>41</ns3:cad>
          </ns3:TrackPointExtension>
        </extensions>
      </trkpt>
      <trkpt lat="68.9802561700344085693359375" lon="20.3910801373422145843505859375">
        <ele>674.4000244140625</ele>
        <time>2026-08-22T08:32:54.000Z</time>
        <extensions>
          <ns3:TrackPointExtension>
            <ns3:cad>44</ns3:cad>
          </ns3:TrackPointExtension>
        </extensions>
      </trkpt>
      <trkpt lat="68.98028693161904811859130859375" lon="20.39120645262300968170166015625">
        <ele>674.4000244140625</ele>
        <time>2026-08-22T08:32:59.000Z</time>
        <extensions>
          <ns3:TrackPointExtension>
            <ns3:cad>45</ns3:cad>
          </ns3:TrackPointExtension>
        </extensions>
      </trkpt>
      <trkpt lat="68.98030319251120090484619140625" lon="20.39134676568210124969482421875">
        <ele>674.4000244140625</ele>
        <time>2026-08-22T08:33:06.000Z</time>
        <extensions>
          <ns3:TrackPointExtension>
            <ns3:cad>0</ns3:cad>
          </ns3:TrackPointExtension>
        </extensions>
      </trkpt>
      <trkpt lat="68.9803096465766429901123046875" lon="20.39149864576756954193115234375">
        <ele>674.4000244140625</ele>
        <time>2026-08-22T08:33:12.000Z</time>
        <extensions>
          <ns3:TrackPointExtension>
            <ns3:cad>0</ns3:cad>
          </ns3:TrackPointExtension>
        </extensions>
      </trkpt>
      <trkpt lat="68.980349041521549224853515625" lon="20.3916598297655582427978515625">
        <ele>673.5999755859375</ele>
        <time>2026-08-22T08:33:20.000Z</time>
        <extensions>
          <ns3:TrackPointExtension>
            <ns3:cad>0</ns3:cad>
          </ns3:TrackPointExtension>
        </extensions>
      </trkpt>
      <trkpt lat="68.9803545735776424407958984375" lon="20.39168111979961395263671875">
        <ele>673.4000244140625</ele>
        <time>2026-08-22T08:33:21.000Z</time>
        <extensions>
          <ns3:TrackPointExtension>
            <ns3:cad>0</ns3:cad>
          </ns3:TrackPointExtension>
        </extensions>
      </trkpt>
      <trkpt lat="68.98038290441036224365234375" lon="20.39181313477456569671630859375">
        <ele>673</ele>
        <time>2026-08-22T08:33:27.000Z</time>
        <extensions>
          <ns3:TrackPointExtension>
            <ns3:cad>49</ns3:cad>
          </ns3:TrackPointExtension>
        </extensions>
      </trkpt>
      <trkpt lat="68.98039254359900951385498046875" lon="20.3919461555778980255126953125">
        <ele>672.79998779296875</ele>
        <time>2026-08-22T08:33:33.000Z</time>
        <extensions>
          <ns3:TrackPointExtension>
            <ns3:cad>0</ns3:cad>
          </ns3:TrackPointExtension>
        </extensions>
      </trkpt>
      <trkpt lat="68.9804269932210445404052734375" lon="20.3921114467084407806396484375">
        <ele>673</ele>
        <time>2026-08-22T08:33:40.000Z</time>
        <extensions>
          <ns3:TrackPointExtension>
            <ns3:cad>46</ns3:cad>
          </ns3:TrackPointExtension>
        </extensions>
      </trkpt>
      <trkpt lat="68.9804573357105255126953125" lon="20.3922113589942455291748046875">
        <ele>673.20001220703125</ele>
        <time>2026-08-22T08:33:46.000Z</time>
        <extensions>
          <ns3:TrackPointExtension>
            <ns3:cad>48</ns3:cad>
          </ns3:TrackPointExtension>
        </extensions>
      </trkpt>
      <trkpt lat="68.98048038594424724578857421875" lon="20.3922948427498340606689453125">
        <ele>673.5999755859375</ele>
        <time>2026-08-22T08:33:52.000Z</time>
        <extensions>
          <ns3:TrackPointExtension>
            <ns3:cad>0</ns3:cad>
          </ns3:TrackPointExtension>
        </extensions>
      </trkpt>
      <trkpt lat="68.98049413226544857025146484375" lon="20.3923183120787143707275390625">
        <ele>674</ele>
        <time>2026-08-22T08:33:58.000Z</time>
        <extensions>
          <ns3:TrackPointExtension>
            <ns3:cad>0</ns3:cad>
          </ns3:TrackPointExtension>
        </extensions>
      </trkpt>
      <trkpt lat="68.9805051125586032867431640625" lon="20.3923555277287960052490234375">
        <ele>674</ele>
        <time>2026-08-22T08:34:04.000Z</time>
        <extensions>
          <ns3:TrackPointExtension>
            <ns3:cad>0</ns3:cad>
          </ns3:TrackPointExtension>
        </extensions>
      </trkpt>
      <trkpt lat="68.9805024303495883941650390625" lon="20.392403304576873779296875">
        <ele>673.79998779296875</ele>
        <time>2026-08-22T08:34:10.000Z</time>
        <extensions>
          <ns3:TrackPointExtension>
            <ns3:cad>0</ns3:cad>
          </ns3:TrackPointExtension>
        </extensions>
      </trkpt>
      <trkpt lat="68.98049555718898773193359375" lon="20.3925110958516597747802734375">
        <ele>674</ele>
        <time>2026-08-22T08:34:17.000Z</time>
        <extensions>
          <ns3:TrackPointExtension>
            <ns3:cad>0</ns3:cad>
          </ns3:TrackPointExtension>
        </extensions>
      </trkpt>
      <trkpt lat="68.9804933778941631317138671875" lon="20.39257295429706573486328125">
        <ele>673.79998779296875</ele>
        <time>2026-08-22T08:34:23.000Z</time>
        <extensions>
          <ns3:TrackPointExtension>
            <ns3:cad>0</ns3:cad>
          </ns3:TrackPointExtension>
        </extensions>
      </trkpt>
      <trkpt lat="68.9805124886333942413330078125" lon="20.392600111663341522216796875">
        <ele>674.20001220703125</ele>
        <time>2026-08-22T08:34:30.000Z</time>
        <extensions>
          <ns3:TrackPointExtension>
            <ns3:cad>0</ns3:cad>
          </ns3:TrackPointExtension>
        </extensions>
      </trkpt>
      <trkpt lat="68.98051860742270946502685546875" lon="20.39265283383429050445556640625">
        <ele>674.5999755859375</ele>
        <time>2026-08-22T08:34:35.000Z</time>
        <extensions>
          <ns3:TrackPointExtension>
            <ns3:cad>0</ns3:cad>
          </ns3:TrackPointExtension>
        </extensions>
      </trkpt>
      <trkpt lat="68.98051726631820201873779296875" lon="20.39266817271709442138671875">
        <ele>674.79998779296875</ele>
        <time>2026-08-22T08:34:36.000Z</time>
        <extensions>
          <ns3:TrackPointExtension>
            <ns3:cad>0</ns3:cad>
          </ns3:TrackPointExtension>
        </extensions>
      </trkpt>
      <trkpt lat="68.980517350137233734130859375" lon="20.39270262233912944793701171875">
        <ele>675</ele>
        <time>2026-08-22T08:34:41.000Z</time>
        <extensions>
          <ns3:TrackPointExtension>
            <ns3:cad>0</ns3:cad>
          </ns3:TrackPointExtension>
        </extensions>
      </trkpt>
      <trkpt lat="68.9805352874100208282470703125" lon="20.3926807455718517303466796875">
        <ele>675.20001220703125</ele>
        <time>2026-08-22T08:34:46.000Z</time>
        <extensions>
          <ns3:TrackPointExtension>
            <ns3:cad>0</ns3:cad>
          </ns3:TrackPointExtension>
        </extensions>
      </trkpt>
      <trkpt lat="68.9805624447762966156005859375" lon="20.3927558474242687225341796875">
        <ele>675.4000244140625</ele>
        <time>2026-08-22T08:34:52.000Z</time>
        <extensions>
          <ns3:TrackPointExtension>
            <ns3:cad>0</ns3:cad>
          </ns3:TrackPointExtension>
        </extensions>
      </trkpt>
      <trkpt lat="68.98056638427078723907470703125" lon="20.39278174750506877899169921875">
        <ele>675.5999755859375</ele>
        <time>2026-08-22T08:34:54.000Z</time>
        <extensions>
          <ns3:TrackPointExtension>
            <ns3:cad>0</ns3:cad>
          </ns3:TrackPointExtension>
        </extensions>
      </trkpt>
      <trkpt lat="68.980581052601337432861328125" lon="20.3928440250456333160400390625">
        <ele>675.79998779296875</ele>
        <time>2026-08-22T08:34:59.000Z</time>
        <extensions>
          <ns3:TrackPointExtension>
            <ns3:cad>0</ns3:cad>
          </ns3:TrackPointExtension>
        </extensions>
      </trkpt>
      <trkpt lat="68.980591781437397003173828125" lon="20.3929249942302703857421875">
        <ele>676.4000244140625</ele>
        <time>2026-08-22T08:35:05.000Z</time>
        <extensions>
          <ns3:TrackPointExtension>
            <ns3:cad>0</ns3:cad>
          </ns3:TrackPointExtension>
        </extensions>
      </trkpt>
      <trkpt lat="68.9805953018367290496826171875" lon="20.39307586848735809326171875">
        <ele>676.5999755859375</ele>
        <time>2026-08-22T08:35:11.000Z</time>
        <extensions>
          <ns3:TrackPointExtension>
            <ns3:cad>0</ns3:cad>
          </ns3:TrackPointExtension>
        </extensions>
      </trkpt>
      <trkpt lat="68.98059605620801448822021484375" lon="20.39312976412475109100341796875">
        <ele>676.79998779296875</ele>
        <time>2026-08-22T08:35:13.000Z</time>
        <extensions>
          <ns3:TrackPointExtension>
            <ns3:cad>0</ns3:cad>
          </ns3:TrackPointExtension>
        </extensions>
      </trkpt>
      <trkpt lat="68.98060343228280544281005859375" lon="20.393234789371490478515625">
        <ele>677.20001220703125</ele>
        <time>2026-08-22T08:35:19.000Z</time>
        <extensions>
          <ns3:TrackPointExtension>
            <ns3:cad>0</ns3:cad>
          </ns3:TrackPointExtension>
        </extensions>
      </trkpt>
      <trkpt lat="68.98060661740601062774658203125" lon="20.39325633086264133453369140625">
        <ele>677.5999755859375</ele>
        <time>2026-08-22T08:35:22.000Z</time>
        <extensions>
          <ns3:TrackPointExtension>
            <ns3:cad>0</ns3:cad>
          </ns3:TrackPointExtension>
        </extensions>
      </trkpt>
      <trkpt lat="68.9805963076651096343994140625" lon="20.39332908578217029571533203125">
        <ele>678.5999755859375</ele>
        <time>2026-08-22T08:35:27.000Z</time>
        <extensions>
          <ns3:TrackPointExtension>
            <ns3:cad>0</ns3:cad>
          </ns3:TrackPointExtension>
        </extensions>
      </trkpt>
      <trkpt lat="68.980592787265777587890625" lon="20.39332975633442401885986328125">
        <ele>678.5999755859375</ele>
        <time>2026-08-22T08:35:28.000Z</time>
        <extensions>
          <ns3:TrackPointExtension>
            <ns3:cad>0</ns3:cad>
          </ns3:TrackPointExtension>
        </extensions>
      </trkpt>
      <trkpt lat="68.98059152998030185699462890625" lon="20.39331567473709583282470703125">
        <ele>678.5999755859375</ele>
        <time>2026-08-22T08:35:32.000Z</time>
        <extensions>
          <ns3:TrackPointExtension>
            <ns3:cad>0</ns3:cad>
          </ns3:TrackPointExtension>
        </extensions>
      </trkpt>
      <trkpt lat="68.98059287108480930328369140625" lon="20.3932818956673145294189453125">
        <ele>678.5999755859375</ele>
        <time>2026-08-22T08:35:39.000Z</time>
        <extensions>
          <ns3:TrackPointExtension>
            <ns3:cad>0</ns3:cad>
          </ns3:TrackPointExtension>
        </extensions>
      </trkpt>
      <trkpt lat="68.9805932901799678802490234375" lon="20.39332053624093532562255859375">
        <ele>678.5999755859375</ele>
        <time>2026-08-22T08:35:48.000Z</time>
        <extensions>
          <ns3:TrackPointExtension>
            <ns3:cad>0</ns3:cad>
          </ns3:TrackPointExtension>
        </extensions>
      </trkpt>
      <trkpt lat="68.98059303872287273406982421875" lon="20.39331198669970035552978515625">
        <ele>678.4000244140625</ele>
        <time>2026-08-22T08:35:55.000Z</time>
        <extensions>
          <ns3:TrackPointExtension>
            <ns3:cad>0</ns3:cad>
          </ns3:TrackPointExtension>
        </extensions>
      </trkpt>
      <trkpt lat="68.98058583028614521026611328125" lon="20.39333210326731204986572265625">
        <ele>678.5999755859375</ele>
        <time>2026-08-22T08:36:00.000Z</time>
        <extensions>
          <ns3:TrackPointExtension>
            <ns3:cad>0</ns3:cad>
          </ns3:TrackPointExtension>
        </extensions>
      </trkpt>
      <trkpt lat="68.98059211671352386474609375" lon="20.39332866668701171875">
        <ele>678.4000244140625</ele>
        <time>2026-08-22T08:36:06.000Z</time>
        <extensions>
          <ns3:TrackPointExtension>
            <ns3:cad>0</ns3:cad>
          </ns3:TrackPointExtension>
        </extensions>
      </trkpt>
      <trkpt lat="68.98059354163706302642822265625" lon="20.3933633677661418914794921875">
        <ele>678.4000244140625</ele>
        <time>2026-08-22T08:36:12.000Z</time>
        <extensions>
          <ns3:TrackPointExtension>
            <ns3:cad>0</ns3:cad>
          </ns3:TrackPointExtension>
        </extensions>
      </trkpt>
      <trkpt lat="68.980599157512187957763671875" lon="20.39338507689535617828369140625">
        <ele>678.5999755859375</ele>
        <time>2026-08-22T08:36:18.000Z</time>
        <extensions>
          <ns3:TrackPointExtension>
            <ns3:cad>0</ns3:cad>
          </ns3:TrackPointExtension>
        </extensions>
      </trkpt>
      <trkpt lat="68.9806087128818035125732421875" lon="20.3934518806636333465576171875">
        <ele>679.20001220703125</ele>
        <time>2026-08-22T08:36:23.000Z</time>
        <extensions>
          <ns3:TrackPointExtension>
            <ns3:cad>0</ns3:cad>
          </ns3:TrackPointExtension>
        </extensions>
      </trkpt>
      <trkpt lat="68.980611227452754974365234375" lon="20.393469817936420440673828125">
        <ele>679.5999755859375</ele>
        <time>2026-08-22T08:36:25.000Z</time>
        <extensions>
          <ns3:TrackPointExtension>
            <ns3:cad>0</ns3:cad>
          </ns3:TrackPointExtension>
        </extensions>
      </trkpt>
      <trkpt lat="68.98062220774590969085693359375" lon="20.39351566694676876068115234375">
        <ele>680.4000244140625</ele>
        <time>2026-08-22T08:36:30.000Z</time>
        <extensions>
          <ns3:TrackPointExtension>
            <ns3:cad>0</ns3:cad>
          </ns3:TrackPointExtension>
        </extensions>
      </trkpt>
      <trkpt lat="68.98062698543071746826171875" lon="20.393584482371807098388671875">
        <ele>680.79998779296875</ele>
        <time>2026-08-22T08:36:33.000Z</time>
        <extensions>
          <ns3:TrackPointExtension>
            <ns3:cad>0</ns3:cad>
          </ns3:TrackPointExtension>
        </extensions>
      </trkpt>
      <trkpt lat="68.98063092492520809173583984375" lon="20.39361641742289066314697265625">
        <ele>681</ele>
        <time>2026-08-22T08:36:35.000Z</time>
        <extensions>
          <ns3:TrackPointExtension>
            <ns3:cad>0</ns3:cad>
          </ns3:TrackPointExtension>
        </extensions>
      </trkpt>
      <trkpt lat="68.98063293658196926116943359375" lon="20.393715240061283111572265625">
        <ele>681.5999755859375</ele>
        <time>2026-08-22T08:36:40.000Z</time>
        <extensions>
          <ns3:TrackPointExtension>
            <ns3:cad>0</ns3:cad>
          </ns3:TrackPointExtension>
        </extensions>
      </trkpt>
      <trkpt lat="68.9806318469345569610595703125" lon="20.39376209490001201629638671875">
        <ele>681.79998779296875</ele>
        <time>2026-08-22T08:36:43.000Z</time>
        <extensions>
          <ns3:TrackPointExtension>
            <ns3:cad>0</ns3:cad>
          </ns3:TrackPointExtension>
        </extensions>
      </trkpt>
      <trkpt lat="68.98063444532454013824462890625" lon="20.39380702190101146697998046875">
        <ele>682.20001220703125</ele>
        <time>2026-08-22T08:36:47.000Z</time>
        <extensions>
          <ns3:TrackPointExtension>
            <ns3:cad>0</ns3:cad>
          </ns3:TrackPointExtension>
        </extensions>
      </trkpt>
      <trkpt lat="68.98064383305609226226806640625" lon="20.39386703632771968841552734375">
        <ele>683</ele>
        <time>2026-08-22T08:36:52.000Z</time>
        <extensions>
          <ns3:TrackPointExtension>
            <ns3:cad>66</ns3:cad>
          </ns3:TrackPointExtension>
        </extensions>
      </trkpt>
      <trkpt lat="68.9806465990841388702392578125" lon="20.3938798606395721435546875">
        <ele>683.20001220703125</ele>
        <time>2026-08-22T08:36:53.000Z</time>
        <extensions>
          <ns3:TrackPointExtension>
            <ns3:cad>66</ns3:cad>
          </ns3:TrackPointExtension>
        </extensions>
      </trkpt>
      <trkpt lat="68.98067099042236804962158203125" lon="20.39396694861352443695068359375">
        <ele>684</ele>
        <time>2026-08-22T08:36:59.000Z</time>
        <extensions>
          <ns3:TrackPointExtension>
            <ns3:cad>0</ns3:cad>
          </ns3:TrackPointExtension>
        </extensions>
      </trkpt>
      <trkpt lat="68.9806724153459072113037109375" lon="20.39397130720317363739013671875">
        <ele>684</ele>
        <time>2026-08-22T08:37:00.000Z</time>
        <extensions>
          <ns3:TrackPointExtension>
            <ns3:cad>0</ns3:cad>
          </ns3:TrackPointExtension>
        </extensions>
      </trkpt>
      <trkpt lat="68.9806745946407318115234375" lon="20.3940191678702831268310546875">
        <ele>685</ele>
        <time>2026-08-22T08:37:06.000Z</time>
        <extensions>
          <ns3:TrackPointExtension>
            <ns3:cad>0</ns3:cad>
          </ns3:TrackPointExtension>
        </extensions>
      </trkpt>
      <trkpt lat="68.98067702539265155792236328125" lon="20.394031740725040435791015625">
        <ele>685.20001220703125</ele>
        <time>2026-08-22T08:37:07.000Z</time>
        <extensions>
          <ns3:TrackPointExtension>
            <ns3:cad>0</ns3:cad>
          </ns3:TrackPointExtension>
        </extensions>
      </trkpt>
      <trkpt lat="68.9806811325252056121826171875" lon="20.394096113741397857666015625">
        <ele>686</ele>
        <time>2026-08-22T08:37:12.000Z</time>
        <extensions>
          <ns3:TrackPointExtension>
            <ns3:cad>0</ns3:cad>
          </ns3:TrackPointExtension>
        </extensions>
      </trkpt>
      <trkpt lat="68.98068071343004703521728515625" lon="20.39413668215274810791015625">
        <ele>686.20001220703125</ele>
        <time>2026-08-22T08:37:14.000Z</time>
        <extensions>
          <ns3:TrackPointExtension>
            <ns3:cad>0</ns3:cad>
          </ns3:TrackPointExtension>
        </extensions>
      </trkpt>
      <trkpt lat="68.98067953996360301971435546875" lon="20.39416752755641937255859375">
        <ele>686.5999755859375</ele>
        <time>2026-08-22T08:37:18.000Z</time>
        <extensions>
          <ns3:TrackPointExtension>
            <ns3:cad>0</ns3:cad>
          </ns3:TrackPointExtension>
        </extensions>
      </trkpt>
      <trkpt lat="68.98068322800099849700927734375" lon="20.39420616813004016876220703125">
        <ele>687.20001220703125</ele>
        <time>2026-08-22T08:37:23.000Z</time>
        <extensions>
          <ns3:TrackPointExtension>
            <ns3:cad>0</ns3:cad>
          </ns3:TrackPointExtension>
        </extensions>
      </trkpt>
      <trkpt lat="68.98068440146744251251220703125" lon="20.39421505294740200042724609375">
        <ele>687.4000244140625</ele>
        <time>2026-08-22T08:37:24.000Z</time>
        <extensions>
          <ns3:TrackPointExtension>
            <ns3:cad>0</ns3:cad>
          </ns3:TrackPointExtension>
        </extensions>
      </trkpt>
      <trkpt lat="68.98067518137395381927490234375" lon="20.3942431323230266571044921875">
        <ele>688.4000244140625</ele>
        <time>2026-08-22T08:37:30.000Z</time>
        <extensions>
          <ns3:TrackPointExtension>
            <ns3:cad>0</ns3:cad>
          </ns3:TrackPointExtension>
        </extensions>
      </trkpt>
      <trkpt lat="68.980676271021366119384765625" lon="20.394291244447231292724609375">
        <ele>689</ele>
        <time>2026-08-22T08:37:35.000Z</time>
        <extensions>
          <ns3:TrackPointExtension>
            <ns3:cad>0</ns3:cad>
          </ns3:TrackPointExtension>
        </extensions>
      </trkpt>
      <trkpt lat="68.98067752830684185028076171875" lon="20.3943410329520702362060546875">
        <ele>689.4000244140625</ele>
        <time>2026-08-22T08:37:39.000Z</time>
        <extensions>
          <ns3:TrackPointExtension>
            <ns3:cad>0</ns3:cad>
          </ns3:TrackPointExtension>
        </extensions>
      </trkpt>
      <trkpt lat="68.9806784503161907196044921875" lon="20.3943520970642566680908203125">
        <ele>689.5999755859375</ele>
        <time>2026-08-22T08:37:41.000Z</time>
        <extensions>
          <ns3:TrackPointExtension>
            <ns3:cad>0</ns3:cad>
          </ns3:TrackPointExtension>
        </extensions>
      </trkpt>
      <trkpt lat="68.9806851558387279510498046875" lon="20.3943950124084949493408203125">
        <ele>690.5999755859375</ele>
        <time>2026-08-22T08:37:48.000Z</time>
        <extensions>
          <ns3:TrackPointExtension>
            <ns3:cad>0</ns3:cad>
          </ns3:TrackPointExtension>
        </extensions>
      </trkpt>
      <trkpt lat="68.98068943060934543609619140625" lon="20.39443398825824260711669921875">
        <ele>691.20001220703125</ele>
        <time>2026-08-22T08:37:53.000Z</time>
        <extensions>
          <ns3:TrackPointExtension>
            <ns3:cad>0</ns3:cad>
          </ns3:TrackPointExtension>
        </extensions>
      </trkpt>
      <trkpt lat="68.98068825714290142059326171875" lon="20.39446818642318248748779296875">
        <ele>691.5999755859375</ele>
        <time>2026-08-22T08:37:56.000Z</time>
        <extensions>
          <ns3:TrackPointExtension>
            <ns3:cad>0</ns3:cad>
          </ns3:TrackPointExtension>
        </extensions>
      </trkpt>
      <trkpt lat="68.98068876005709171295166015625" lon="20.3944774903357028961181640625">
        <ele>692</ele>
        <time>2026-08-22T08:37:58.000Z</time>
        <extensions>
          <ns3:TrackPointExtension>
            <ns3:cad>0</ns3:cad>
          </ns3:TrackPointExtension>
        </extensions>
      </trkpt>
      <trkpt lat="68.98068658076226711273193359375" lon="20.394503138959407806396484375">
        <ele>692.79998779296875</ele>
        <time>2026-08-22T08:38:03.000Z</time>
        <extensions>
          <ns3:TrackPointExtension>
            <ns3:cad>0</ns3:cad>
          </ns3:TrackPointExtension>
        </extensions>
      </trkpt>
      <trkpt lat="68.98068775422871112823486328125" lon="20.394505821168422698974609375">
        <ele>692.79998779296875</ele>
        <time>2026-08-22T08:38:04.000Z</time>
        <extensions>
          <ns3:TrackPointExtension>
            <ns3:cad>0</ns3:cad>
          </ns3:TrackPointExtension>
        </extensions>
      </trkpt>
      <trkpt lat="68.98069563321769237518310546875" lon="20.39461017586290836334228515625">
        <ele>693.5999755859375</ele>
        <time>2026-08-22T08:38:10.000Z</time>
        <extensions>
          <ns3:TrackPointExtension>
            <ns3:cad>0</ns3:cad>
          </ns3:TrackPointExtension>
        </extensions>
      </trkpt>
      <trkpt lat="68.98069680668413639068603515625" lon="20.3946286998689174652099609375">
        <ele>693.79998779296875</ele>
        <time>2026-08-22T08:38:11.000Z</time>
        <extensions>
          <ns3:TrackPointExtension>
            <ns3:cad>0</ns3:cad>
          </ns3:TrackPointExtension>
        </extensions>
      </trkpt>
      <trkpt lat="68.9806960523128509521484375" lon="20.39467840455472469329833984375">
        <ele>694.20001220703125</ele>
        <time>2026-08-22T08:38:16.000Z</time>
        <extensions>
          <ns3:TrackPointExtension>
            <ns3:cad>47</ns3:cad>
          </ns3:TrackPointExtension>
        </extensions>
      </trkpt>
      <trkpt lat="68.98069781251251697540283203125" lon="20.39472316391766071319580078125">
        <ele>694.79998779296875</ele>
        <time>2026-08-22T08:38:23.000Z</time>
        <extensions>
          <ns3:TrackPointExtension>
            <ns3:cad>15</ns3:cad>
          </ns3:TrackPointExtension>
        </extensions>
      </trkpt>
      <trkpt lat="68.98071147501468658447265625" lon="20.3947775624692440032958984375">
        <ele>695.5999755859375</ele>
        <time>2026-08-22T08:38:29.000Z</time>
        <extensions>
          <ns3:TrackPointExtension>
            <ns3:cad>0</ns3:cad>
          </ns3:TrackPointExtension>
        </extensions>
      </trkpt>
      <trkpt lat="68.980710469186305999755859375" lon="20.39480664767324924468994140625">
        <ele>695.79998779296875</ele>
        <time>2026-08-22T08:38:31.000Z</time>
        <extensions>
          <ns3:TrackPointExtension>
            <ns3:cad>0</ns3:cad>
          </ns3:TrackPointExtension>
        </extensions>
      </trkpt>
      <trkpt lat="68.9807109721004962921142578125" lon="20.39484738372266292572021484375">
        <ele>696.20001220703125</ele>
        <time>2026-08-22T08:38:34.000Z</time>
        <extensions>
          <ns3:TrackPointExtension>
            <ns3:cad>0</ns3:cad>
          </ns3:TrackPointExtension>
        </extensions>
      </trkpt>
      <trkpt lat="68.98072094656527042388916015625" lon="20.3949220664799213409423828125">
        <ele>696.79998779296875</ele>
        <time>2026-08-22T08:38:40.000Z</time>
        <extensions>
          <ns3:TrackPointExtension>
            <ns3:cad>0</ns3:cad>
          </ns3:TrackPointExtension>
        </extensions>
      </trkpt>
      <trkpt lat="68.980724550783634185791015625" lon="20.3949519060552120208740234375">
        <ele>697</ele>
        <time>2026-08-22T08:38:42.000Z</time>
        <extensions>
          <ns3:TrackPointExtension>
            <ns3:cad>0</ns3:cad>
          </ns3:TrackPointExtension>
        </extensions>
      </trkpt>
      <trkpt lat="68.98073561489582061767578125" lon="20.39501233957707881927490234375">
        <ele>697.5999755859375</ele>
        <time>2026-08-22T08:38:48.000Z</time>
        <extensions>
          <ns3:TrackPointExtension>
            <ns3:cad>15</ns3:cad>
          </ns3:TrackPointExtension>
        </extensions>
      </trkpt>
      <trkpt lat="68.98073829710483551025390625" lon="20.39503614418208599090576171875">
        <ele>697.79998779296875</ele>
        <time>2026-08-22T08:38:50.000Z</time>
        <extensions>
          <ns3:TrackPointExtension>
            <ns3:cad>0</ns3:cad>
          </ns3:TrackPointExtension>
        </extensions>
      </trkpt>
      <trkpt lat="68.9807398058474063873291015625" lon="20.39514795877039432525634765625">
        <ele>698.5999755859375</ele>
        <time>2026-08-22T08:38:56.000Z</time>
        <extensions>
          <ns3:TrackPointExtension>
            <ns3:cad>0</ns3:cad>
          </ns3:TrackPointExtension>
        </extensions>
      </trkpt>
      <trkpt lat="68.9807434938848018646240234375" lon="20.3952060453593730926513671875">
        <ele>699</ele>
        <time>2026-08-22T08:39:01.000Z</time>
        <extensions>
          <ns3:TrackPointExtension>
            <ns3:cad>0</ns3:cad>
          </ns3:TrackPointExtension>
        </extensions>
      </trkpt>
      <trkpt lat="68.9807458408176898956298828125" lon="20.3952154330909252166748046875">
        <ele>699</ele>
        <time>2026-08-22T08:39:02.000Z</time>
        <extensions>
          <ns3:TrackPointExtension>
            <ns3:cad>0</ns3:cad>
          </ns3:TrackPointExtension>
        </extensions>
      </trkpt>
      <trkpt lat="68.980747349560260772705078125" lon="20.39531006477773189544677734375">
        <ele>700</ele>
        <time>2026-08-22T08:39:10.000Z</time>
        <extensions>
          <ns3:TrackPointExtension>
            <ns3:cad>0</ns3:cad>
          </ns3:TrackPointExtension>
        </extensions>
      </trkpt>
      <trkpt lat="68.98074760101735591888427734375" lon="20.39533621631562709808349609375">
        <ele>700</ele>
        <time>2026-08-22T08:39:12.000Z</time>
        <extensions>
          <ns3:TrackPointExtension>
            <ns3:cad>0</ns3:cad>
          </ns3:TrackPointExtension>
        </extensions>
      </trkpt>
      <trkpt lat="68.98075346834957599639892578125" lon="20.39533588103950023651123046875">
        <ele>700.4000244140625</ele>
        <time>2026-08-22T08:39:17.000Z</time>
        <extensions>
          <ns3:TrackPointExtension>
            <ns3:cad>0</ns3:cad>
          </ns3:TrackPointExtension>
        </extensions>
      </trkpt>
      <trkpt lat="68.98075799457728862762451171875" lon="20.3953901119530200958251953125">
        <ele>701</ele>
        <time>2026-08-22T08:39:22.000Z</time>
        <extensions>
          <ns3:TrackPointExtension>
            <ns3:cad>0</ns3:cad>
          </ns3:TrackPointExtension>
        </extensions>
      </trkpt>
      <trkpt lat="68.98075665347278118133544921875" lon="20.39541609585285186767578125">
        <ele>701.20001220703125</ele>
        <time>2026-08-22T08:39:24.000Z</time>
        <extensions>
          <ns3:TrackPointExtension>
            <ns3:cad>0</ns3:cad>
          </ns3:TrackPointExtension>
        </extensions>
      </trkpt>
      <trkpt lat="68.9807518757879734039306640625" lon="20.3954769484698772430419921875">
        <ele>701.5999755859375</ele>
        <time>2026-08-22T08:39:29.000Z</time>
        <extensions>
          <ns3:TrackPointExtension>
            <ns3:cad>0</ns3:cad>
          </ns3:TrackPointExtension>
        </extensions>
      </trkpt>
      <trkpt lat="68.980746679008007049560546875" lon="20.39551039226353168487548828125">
        <ele>702</ele>
        <time>2026-08-22T08:39:33.000Z</time>
        <extensions>
          <ns3:TrackPointExtension>
            <ns3:cad>0</ns3:cad>
          </ns3:TrackPointExtension>
        </extensions>
      </trkpt>
      <trkpt lat="68.98074441589415073394775390625" lon="20.39552933536469936370849609375">
        <ele>702.4000244140625</ele>
        <time>2026-08-22T08:39:37.000Z</time>
        <extensions>
          <ns3:TrackPointExtension>
            <ns3:cad>0</ns3:cad>
          </ns3:TrackPointExtension>
        </extensions>
      </trkpt>
      <trkpt lat="68.9807475171983242034912109375" lon="20.3955309279263019561767578125">
        <ele>702.4000244140625</ele>
        <time>2026-08-22T08:39:43.000Z</time>
        <extensions>
          <ns3:TrackPointExtension>
            <ns3:cad>0</ns3:cad>
          </ns3:TrackPointExtension>
        </extensions>
      </trkpt>
      <trkpt lat="68.9807485230267047882080078125" lon="20.39554081857204437255859375">
        <ele>702.4000244140625</ele>
        <time>2026-08-22T08:39:52.000Z</time>
        <extensions>
          <ns3:TrackPointExtension>
            <ns3:cad>0</ns3:cad>
          </ns3:TrackPointExtension>
        </extensions>
      </trkpt>
      <trkpt lat="68.98075313307344913482666015625" lon="20.395527072250843048095703125">
        <ele>702.20001220703125</ele>
        <time>2026-08-22T08:40:00.000Z</time>
        <extensions>
          <ns3:TrackPointExtension>
            <ns3:cad>0</ns3:cad>
          </ns3:TrackPointExtension>
        </extensions>
      </trkpt>
      <trkpt lat="68.9807518757879734039306640625" lon="20.3954963944852352142333984375">
        <ele>702.20001220703125</ele>
        <time>2026-08-22T08:40:08.000Z</time>
        <extensions>
          <ns3:TrackPointExtension>
            <ns3:cad>0</ns3:cad>
          </ns3:TrackPointExtension>
        </extensions>
      </trkpt>
      <trkpt lat="68.98075036704540252685546875" lon="20.3955057822167873382568359375">
        <ele>702.4000244140625</ele>
        <time>2026-08-22T08:40:16.000Z</time>
        <extensions>
          <ns3:TrackPointExtension>
            <ns3:cad>0</ns3:cad>
          </ns3:TrackPointExtension>
        </extensions>
      </trkpt>
      <trkpt lat="68.9807525463402271270751953125" lon="20.39553143084049224853515625">
        <ele>702.4000244140625</ele>
        <time>2026-08-22T08:40:23.000Z</time>
        <extensions>
          <ns3:TrackPointExtension>
            <ns3:cad>0</ns3:cad>
          </ns3:TrackPointExtension>
        </extensions>
      </trkpt>
      <trkpt lat="68.98076017387211322784423828125" lon="20.3955111466348171234130859375">
        <ele>702.4000244140625</ele>
        <time>2026-08-22T08:40:32.000Z</time>
        <extensions>
          <ns3:TrackPointExtension>
            <ns3:cad>0</ns3:cad>
          </ns3:TrackPointExtension>
        </extensions>
      </trkpt>
      <trkpt lat="68.9807552285492420196533203125" lon="20.39551190100610256195068359375">
        <ele>702.4000244140625</ele>
        <time>2026-08-22T08:40:39.000Z</time>
        <extensions>
          <ns3:TrackPointExtension>
            <ns3:cad>0</ns3:cad>
          </ns3:TrackPointExtension>
        </extensions>
      </trkpt>
      <trkpt lat="68.98074768483638763427734375" lon="20.395519025623798370361328125">
        <ele>702.5999755859375</ele>
        <time>2026-08-22T08:40:46.000Z</time>
        <extensions>
          <ns3:TrackPointExtension>
            <ns3:cad>0</ns3:cad>
          </ns3:TrackPointExtension>
        </extensions>
      </trkpt>
      <trkpt lat="68.9807394705712795257568359375" lon="20.39552271366119384765625">
        <ele>702.5999755859375</ele>
        <time>2026-08-22T08:40:53.000Z</time>
        <extensions>
          <ns3:TrackPointExtension>
            <ns3:cad>0</ns3:cad>
          </ns3:TrackPointExtension>
        </extensions>
      </trkpt>
      <trkpt lat="68.98074232041835784912109375" lon="20.39556789211928844451904296875">
        <ele>702.4000244140625</ele>
        <time>2026-08-22T08:41:00.000Z</time>
        <extensions>
          <ns3:TrackPointExtension>
            <ns3:cad>0</ns3:cad>
          </ns3:TrackPointExtension>
        </extensions>
      </trkpt>
      <trkpt lat="68.980743996798992156982421875" lon="20.39566445164382457733154296875">
        <ele>703</ele>
        <time>2026-08-22T08:41:06.000Z</time>
        <extensions>
          <ns3:TrackPointExtension>
            <ns3:cad>0</ns3:cad>
          </ns3:TrackPointExtension>
        </extensions>
      </trkpt>
      <trkpt lat="68.9807455055415630340576171875" lon="20.39569227956235408782958984375">
        <ele>703.20001220703125</ele>
        <time>2026-08-22T08:41:08.000Z</time>
        <extensions>
          <ns3:TrackPointExtension>
            <ns3:cad>0</ns3:cad>
          </ns3:TrackPointExtension>
        </extensions>
      </trkpt>
      <trkpt lat="68.98075581528246402740478515625" lon="20.3957478515803813934326171875">
        <ele>703.4000244140625</ele>
        <time>2026-08-22T08:41:13.000Z</time>
        <extensions>
          <ns3:TrackPointExtension>
            <ns3:cad>0</ns3:cad>
          </ns3:TrackPointExtension>
        </extensions>
      </trkpt>
      <trkpt lat="68.9807528816163539886474609375" lon="20.39585958234965801239013671875">
        <ele>703.79998779296875</ele>
        <time>2026-08-22T08:41:18.000Z</time>
        <extensions>
          <ns3:TrackPointExtension>
            <ns3:cad>0</ns3:cad>
          </ns3:TrackPointExtension>
        </extensions>
      </trkpt>
      <trkpt lat="68.98074877448379993438720703125" lon="20.3958920203149318695068359375">
        <ele>704.20001220703125</ele>
        <time>2026-08-22T08:41:23.000Z</time>
        <extensions>
          <ns3:TrackPointExtension>
            <ns3:cad>0</ns3:cad>
          </ns3:TrackPointExtension>
        </extensions>
      </trkpt>
      <trkpt lat="68.980748355388641357421875" lon="20.39590157568454742431640625">
        <ele>704.20001220703125</ele>
        <time>2026-08-22T08:41:24.000Z</time>
        <extensions>
          <ns3:TrackPointExtension>
            <ns3:cad>0</ns3:cad>
          </ns3:TrackPointExtension>
        </extensions>
      </trkpt>
      <trkpt lat="68.98074366152286529541015625" lon="20.39597910828888416290283203125">
        <ele>704.5999755859375</ele>
        <time>2026-08-22T08:41:30.000Z</time>
        <extensions>
          <ns3:TrackPointExtension>
            <ns3:cad>0</ns3:cad>
          </ns3:TrackPointExtension>
        </extensions>
      </trkpt>
      <trkpt lat="68.98073821328580379486083984375" lon="20.39606041274964809417724609375">
        <ele>705.20001220703125</ele>
        <time>2026-08-22T08:41:36.000Z</time>
        <extensions>
          <ns3:TrackPointExtension>
            <ns3:cad>0</ns3:cad>
          </ns3:TrackPointExtension>
        </extensions>
      </trkpt>
      <trkpt lat="68.980737961828708648681640625" lon="20.39607726037502288818359375">
        <ele>705.20001220703125</ele>
        <time>2026-08-22T08:41:37.000Z</time>
        <extensions>
          <ns3:TrackPointExtension>
            <ns3:cad>0</ns3:cad>
          </ns3:TrackPointExtension>
        </extensions>
      </trkpt>
      <trkpt lat="68.98074005730450153350830078125" lon="20.39612344466149806976318359375">
        <ele>705.5999755859375</ele>
        <time>2026-08-22T08:41:41.000Z</time>
        <extensions>
          <ns3:TrackPointExtension>
            <ns3:cad>60</ns3:cad>
          </ns3:TrackPointExtension>
        </extensions>
      </trkpt>
      <trkpt lat="68.9807508699595928192138671875" lon="20.39620759896934032440185546875">
        <ele>706.4000244140625</ele>
        <time>2026-08-22T08:41:48.000Z</time>
        <extensions>
          <ns3:TrackPointExtension>
            <ns3:cad>0</ns3:cad>
          </ns3:TrackPointExtension>
        </extensions>
      </trkpt>
      <trkpt lat="68.98075061850249767303466796875" lon="20.39621497504413127899169921875">
        <ele>706.4000244140625</ele>
        <time>2026-08-22T08:41:49.000Z</time>
        <extensions>
          <ns3:TrackPointExtension>
            <ns3:cad>0</ns3:cad>
          </ns3:TrackPointExtension>
        </extensions>
      </trkpt>
      <trkpt lat="68.9807525463402271270751953125" lon="20.39628504775464534759521484375">
        <ele>707</ele>
        <time>2026-08-22T08:41:55.000Z</time>
        <extensions>
          <ns3:TrackPointExtension>
            <ns3:cad>0</ns3:cad>
          </ns3:TrackPointExtension>
        </extensions>
      </trkpt>
      <trkpt lat="68.9807518757879734039306640625" lon="20.39631170220673084259033203125">
        <ele>707.4000244140625</ele>
        <time>2026-08-22T08:41:58.000Z</time>
        <extensions>
          <ns3:TrackPointExtension>
            <ns3:cad>0</ns3:cad>
          </ns3:TrackPointExtension>
        </extensions>
      </trkpt>
      <trkpt lat="68.9807461760938167572021484375" lon="20.396383367478847503662109375">
        <ele>707.5999755859375</ele>
        <time>2026-08-22T08:42:02.000Z</time>
        <extensions>
          <ns3:TrackPointExtension>
            <ns3:cad>0</ns3:cad>
          </ns3:TrackPointExtension>
        </extensions>
      </trkpt>
      <trkpt lat="68.98074156604707241058349609375" lon="20.39644245989620685577392578125">
        <ele>708</ele>
        <time>2026-08-22T08:42:08.000Z</time>
        <extensions>
          <ns3:TrackPointExtension>
            <ns3:cad>0</ns3:cad>
          </ns3:TrackPointExtension>
        </extensions>
      </trkpt>
      <trkpt lat="68.98074709810316562652587890625" lon="20.3965137898921966552734375">
        <ele>708.4000244140625</ele>
        <time>2026-08-22T08:42:13.000Z</time>
        <extensions>
          <ns3:TrackPointExtension>
            <ns3:cad>0</ns3:cad>
          </ns3:TrackPointExtension>
        </extensions>
      </trkpt>
      <trkpt lat="68.98074978031218051910400390625" lon="20.3965266980230808258056640625">
        <ele>708.4000244140625</ele>
        <time>2026-08-22T08:42:14.000Z</time>
        <extensions>
          <ns3:TrackPointExtension>
            <ns3:cad>0</ns3:cad>
          </ns3:TrackPointExtension>
        </extensions>
      </trkpt>
      <trkpt lat="68.98075866512954235076904296875" lon="20.39657657034695148468017578125">
        <ele>709</ele>
        <time>2026-08-22T08:42:19.000Z</time>
        <extensions>
          <ns3:TrackPointExtension>
            <ns3:cad>0</ns3:cad>
          </ns3:TrackPointExtension>
        </extensions>
      </trkpt>
      <trkpt lat="68.98075866512954235076904296875" lon="20.396643541753292083740234375">
        <ele>709.4000244140625</ele>
        <time>2026-08-22T08:42:24.000Z</time>
        <extensions>
          <ns3:TrackPointExtension>
            <ns3:cad>0</ns3:cad>
          </ns3:TrackPointExtension>
        </extensions>
      </trkpt>
      <trkpt lat="68.980758748948574066162109375" lon="20.3966497443616390228271484375">
        <ele>709.5999755859375</ele>
        <time>2026-08-22T08:42:25.000Z</time>
        <extensions>
          <ns3:TrackPointExtension>
            <ns3:cad>0</ns3:cad>
          </ns3:TrackPointExtension>
        </extensions>
      </trkpt>
      <trkpt lat="68.98076185025274753570556640625" lon="20.3967104293406009674072265625">
        <ele>710.4000244140625</ele>
        <time>2026-08-22T08:42:32.000Z</time>
        <extensions>
          <ns3:TrackPointExtension>
            <ns3:cad>0</ns3:cad>
          </ns3:TrackPointExtension>
        </extensions>
      </trkpt>
      <trkpt lat="68.980762772262096405029296875" lon="20.39672425948083400726318359375">
        <ele>710.5999755859375</ele>
        <time>2026-08-22T08:42:33.000Z</time>
        <extensions>
          <ns3:TrackPointExtension>
            <ns3:cad>0</ns3:cad>
          </ns3:TrackPointExtension>
        </extensions>
      </trkpt>
      <trkpt lat="68.980760760605335235595703125" lon="20.39681327529251575469970703125">
        <ele>711.4000244140625</ele>
        <time>2026-08-22T08:42:38.000Z</time>
        <extensions>
          <ns3:TrackPointExtension>
            <ns3:cad>0</ns3:cad>
          </ns3:TrackPointExtension>
        </extensions>
      </trkpt>
      <trkpt lat="68.98075715638697147369384765625" lon="20.39686725474894046783447265625">
        <ele>711.5999755859375</ele>
        <time>2026-08-22T08:42:41.000Z</time>
        <extensions>
          <ns3:TrackPointExtension>
            <ns3:cad>0</ns3:cad>
          </ns3:TrackPointExtension>
        </extensions>
      </trkpt>
      <trkpt lat="68.980759419500827789306640625" lon="20.3969102539122104644775390625">
        <ele>711.79998779296875</ele>
        <time>2026-08-22T08:42:44.000Z</time>
        <extensions>
          <ns3:TrackPointExtension>
            <ns3:cad>0</ns3:cad>
          </ns3:TrackPointExtension>
        </extensions>
      </trkpt>
      <trkpt lat="68.980758078396320343017578125" lon="20.39703539572656154632568359375">
        <ele>712</ele>
        <time>2026-08-22T08:42:51.000Z</time>
        <extensions>
          <ns3:TrackPointExtension>
            <ns3:cad>63</ns3:cad>
          </ns3:TrackPointExtension>
        </extensions>
      </trkpt>
      <trkpt lat="68.980768136680126190185546875" lon="20.397086441516876220703125">
        <ele>712.20001220703125</ele>
        <time>2026-08-22T08:42:54.000Z</time>
        <extensions>
          <ns3:TrackPointExtension>
            <ns3:cad>0</ns3:cad>
          </ns3:TrackPointExtension>
        </extensions>
      </trkpt>
      <trkpt lat="68.98077450692653656005859375" lon="20.39713514037430286407470703125">
        <ele>712.5999755859375</ele>
        <time>2026-08-22T08:42:57.000Z</time>
        <extensions>
          <ns3:TrackPointExtension>
            <ns3:cad>0</ns3:cad>
          </ns3:TrackPointExtension>
        </extensions>
      </trkpt>
      <trkpt lat="68.98077392019331455230712890625" lon="20.397170595824718475341796875">
        <ele>713</ele>
        <time>2026-08-22T08:43:00.000Z</time>
        <extensions>
          <ns3:TrackPointExtension>
            <ns3:cad>0</ns3:cad>
          </ns3:TrackPointExtension>
        </extensions>
      </trkpt>
      <trkpt lat="68.98077475838363170623779296875" lon="20.39718459360301494598388671875">
        <ele>713</ele>
        <time>2026-08-22T08:43:02.000Z</time>
        <extensions>
          <ns3:TrackPointExtension>
            <ns3:cad>0</ns3:cad>
          </ns3:TrackPointExtension>
        </extensions>
      </trkpt>
      <trkpt lat="68.980772495269775390625" lon="20.39720320142805576324462890625">
        <ele>713</ele>
        <time>2026-08-22T08:43:03.000Z</time>
        <extensions>
          <ns3:TrackPointExtension>
            <ns3:cad>0</ns3:cad>
          </ns3:TrackPointExtension>
        </extensions>
      </trkpt>
      <trkpt lat="68.98075841367244720458984375" lon="20.3973479568958282470703125">
        <ele>713.20001220703125</ele>
        <time>2026-08-22T08:43:09.000Z</time>
        <extensions>
          <ns3:TrackPointExtension>
            <ns3:cad>0</ns3:cad>
          </ns3:TrackPointExtension>
        </extensions>
      </trkpt>
      <trkpt lat="68.98076185025274753570556640625" lon="20.397461615502834320068359375">
        <ele>713.5999755859375</ele>
        <time>2026-08-22T08:43:15.000Z</time>
        <extensions>
          <ns3:TrackPointExtension>
            <ns3:cad>0</ns3:cad>
          </ns3:TrackPointExtension>
        </extensions>
      </trkpt>
      <trkpt lat="68.980760090053081512451171875" lon="20.3974822349846363067626953125">
        <ele>713.79998779296875</ele>
        <time>2026-08-22T08:43:16.000Z</time>
        <extensions>
          <ns3:TrackPointExtension>
            <ns3:cad>0</ns3:cad>
          </ns3:TrackPointExtension>
        </extensions>
      </trkpt>
      <trkpt lat="68.980761431157588958740234375" lon="20.397562868893146514892578125">
        <ele>714.20001220703125</ele>
        <time>2026-08-22T08:43:21.000Z</time>
        <extensions>
          <ns3:TrackPointExtension>
            <ns3:cad>0</ns3:cad>
          </ns3:TrackPointExtension>
        </extensions>
      </trkpt>
      <trkpt lat="68.98077123798429965972900390625" lon="20.39767761714756488800048828125">
        <ele>714.79998779296875</ele>
        <time>2026-08-22T08:43:27.000Z</time>
        <extensions>
          <ns3:TrackPointExtension>
            <ns3:cad>0</ns3:cad>
          </ns3:TrackPointExtension>
        </extensions>
      </trkpt>
      <trkpt lat="68.98077425546944141387939453125" lon="20.39770225994288921356201171875">
        <ele>714.79998779296875</ele>
        <time>2026-08-22T08:43:28.000Z</time>
        <extensions>
          <ns3:TrackPointExtension>
            <ns3:cad>0</ns3:cad>
          </ns3:TrackPointExtension>
        </extensions>
      </trkpt>
      <trkpt lat="68.980775512754917144775390625" lon="20.39776864461600780487060546875">
        <ele>715</ele>
        <time>2026-08-22T08:43:31.000Z</time>
        <extensions>
          <ns3:TrackPointExtension>
            <ns3:cad>0</ns3:cad>
          </ns3:TrackPointExtension>
        </extensions>
      </trkpt>
      <trkpt lat="68.98077425546944141387939453125" lon="20.39782941341400146484375">
        <ele>715</ele>
        <time>2026-08-22T08:43:34.000Z</time>
        <extensions>
          <ns3:TrackPointExtension>
            <ns3:cad>0</ns3:cad>
          </ns3:TrackPointExtension>
        </extensions>
      </trkpt>
      <trkpt lat="68.98076956160366535186767578125" lon="20.39790225215256214141845703125">
        <ele>715.20001220703125</ele>
        <time>2026-08-22T08:43:38.000Z</time>
        <extensions>
          <ns3:TrackPointExtension>
            <ns3:cad>0</ns3:cad>
          </ns3:TrackPointExtension>
        </extensions>
      </trkpt>
      <trkpt lat="68.98076511919498443603515625" lon="20.397926978766918182373046875">
        <ele>715.20001220703125</ele>
        <time>2026-08-22T08:43:39.000Z</time>
        <extensions>
          <ns3:TrackPointExtension>
            <ns3:cad>0</ns3:cad>
          </ns3:TrackPointExtension>
        </extensions>
      </trkpt>
      <trkpt lat="68.98075195960700511932373046875" lon="20.39800551719963550567626953125">
        <ele>715.5999755859375</ele>
        <time>2026-08-22T08:43:44.000Z</time>
        <extensions>
          <ns3:TrackPointExtension>
            <ns3:cad>0</ns3:cad>
          </ns3:TrackPointExtension>
        </extensions>
      </trkpt>
      <trkpt lat="68.98074324242770671844482421875" lon="20.39813526906073093414306640625">
        <ele>715.79998779296875</ele>
        <time>2026-08-22T08:43:51.000Z</time>
        <extensions>
          <ns3:TrackPointExtension>
            <ns3:cad>0</ns3:cad>
          </ns3:TrackPointExtension>
        </extensions>
      </trkpt>
      <trkpt lat="68.98074232041835784912109375" lon="20.398166365921497344970703125">
        <ele>715.79998779296875</ele>
        <time>2026-08-22T08:43:53.000Z</time>
        <extensions>
          <ns3:TrackPointExtension>
            <ns3:cad>0</ns3:cad>
          </ns3:TrackPointExtension>
        </extensions>
      </trkpt>
      <trkpt lat="68.9807388000190258026123046875" lon="20.3982639312744140625">
        <ele>716.4000244140625</ele>
        <time>2026-08-22T08:43:57.000Z</time>
        <extensions>
          <ns3:TrackPointExtension>
            <ns3:cad>0</ns3:cad>
          </ns3:TrackPointExtension>
        </extensions>
      </trkpt>
      <trkpt lat="68.9807403087615966796875" lon="20.3983323276042938232421875">
        <ele>716.79998779296875</ele>
        <time>2026-08-22T08:44:01.000Z</time>
        <extensions>
          <ns3:TrackPointExtension>
            <ns3:cad>63</ns3:cad>
          </ns3:TrackPointExtension>
        </extensions>
      </trkpt>
      <trkpt lat="68.98073452524840831756591796875" lon="20.39837725460529327392578125">
        <ele>717</ele>
        <time>2026-08-22T08:44:03.000Z</time>
        <extensions>
          <ns3:TrackPointExtension>
            <ns3:cad>0</ns3:cad>
          </ns3:TrackPointExtension>
        </extensions>
      </trkpt>
      <trkpt lat="68.98072354495525360107421875" lon="20.3984428010880947113037109375">
        <ele>717.4000244140625</ele>
        <time>2026-08-22T08:44:07.000Z</time>
        <extensions>
          <ns3:TrackPointExtension>
            <ns3:cad>71</ns3:cad>
          </ns3:TrackPointExtension>
        </extensions>
      </trkpt>
      <trkpt lat="68.9807163365185260772705078125" lon="20.39845503866672515869140625">
        <ele>717.5999755859375</ele>
        <time>2026-08-22T08:44:09.000Z</time>
        <extensions>
          <ns3:TrackPointExtension>
            <ns3:cad>75</ns3:cad>
          </ns3:TrackPointExtension>
        </extensions>
      </trkpt>
      <trkpt lat="68.98071440868079662322998046875" lon="20.39844355545938014984130859375">
        <ele>717.4000244140625</ele>
        <time>2026-08-22T08:44:11.000Z</time>
        <extensions>
          <ns3:TrackPointExtension>
            <ns3:cad>0</ns3:cad>
          </ns3:TrackPointExtension>
        </extensions>
      </trkpt>
      <trkpt lat="68.9807143248617649078369140625" lon="20.39843785576522350311279296875">
        <ele>717.4000244140625</ele>
        <time>2026-08-22T08:44:12.000Z</time>
        <extensions>
          <ns3:TrackPointExtension>
            <ns3:cad>0</ns3:cad>
          </ns3:TrackPointExtension>
        </extensions>
      </trkpt>
      <trkpt lat="68.98071524687111377716064453125" lon="20.39843567647039890289306640625">
        <ele>717.4000244140625</ele>
        <time>2026-08-22T08:44:19.000Z</time>
        <extensions>
          <ns3:TrackPointExtension>
            <ns3:cad>0</ns3:cad>
          </ns3:TrackPointExtension>
        </extensions>
      </trkpt>
      <trkpt lat="68.980719186365604400634765625" lon="20.39843752048909664154052734375">
        <ele>717</ele>
        <time>2026-08-22T08:44:31.000Z</time>
        <extensions>
          <ns3:TrackPointExtension>
            <ns3:cad>0</ns3:cad>
          </ns3:TrackPointExtension>
        </extensions>
      </trkpt>
      <trkpt lat="68.980716168880462646484375" lon="20.39848387241363525390625">
        <ele>717.4000244140625</ele>
        <time>2026-08-22T08:44:40.000Z</time>
        <extensions>
          <ns3:TrackPointExtension>
            <ns3:cad>0</ns3:cad>
          </ns3:TrackPointExtension>
        </extensions>
      </trkpt>
      <trkpt lat="68.98071960546076297760009765625" lon="20.3985656797885894775390625">
        <ele>717.5999755859375</ele>
        <time>2026-08-22T08:44:46.000Z</time>
        <extensions>
          <ns3:TrackPointExtension>
            <ns3:cad>0</ns3:cad>
          </ns3:TrackPointExtension>
        </extensions>
      </trkpt>
      <trkpt lat="68.9807220362126827239990234375" lon="20.398649163544178009033203125">
        <ele>718</ele>
        <time>2026-08-22T08:44:51.000Z</time>
        <extensions>
          <ns3:TrackPointExtension>
            <ns3:cad>0</ns3:cad>
          </ns3:TrackPointExtension>
        </extensions>
      </trkpt>
      <trkpt lat="68.98072329349815845489501953125" lon="20.39866114966571331024169921875">
        <ele>718</ele>
        <time>2026-08-22T08:44:52.000Z</time>
        <extensions>
          <ns3:TrackPointExtension>
            <ns3:cad>0</ns3:cad>
          </ns3:TrackPointExtension>
        </extensions>
      </trkpt>
      <trkpt lat="68.98072681389749050140380859375" lon="20.398809425532817840576171875">
        <ele>718.20001220703125</ele>
        <time>2026-08-22T08:44:59.000Z</time>
        <extensions>
          <ns3:TrackPointExtension>
            <ns3:cad>0</ns3:cad>
          </ns3:TrackPointExtension>
        </extensions>
      </trkpt>
      <trkpt lat="68.98072354495525360107421875" lon="20.3989185579121112823486328125">
        <ele>718.4000244140625</ele>
        <time>2026-08-22T08:45:04.000Z</time>
        <extensions>
          <ns3:TrackPointExtension>
            <ns3:cad>0</ns3:cad>
          </ns3:TrackPointExtension>
        </extensions>
      </trkpt>
      <trkpt lat="68.9807175099849700927734375" lon="20.39911611936986446380615234375">
        <ele>718.4000244140625</ele>
        <time>2026-08-22T08:45:11.000Z</time>
        <extensions>
          <ns3:TrackPointExtension>
            <ns3:cad>0</ns3:cad>
          </ns3:TrackPointExtension>
        </extensions>
      </trkpt>
      <trkpt lat="68.98071239702403545379638671875" lon="20.3992005251348018646240234375">
        <ele>718.79998779296875</ele>
        <time>2026-08-22T08:45:16.000Z</time>
        <extensions>
          <ns3:TrackPointExtension>
            <ns3:cad>41</ns3:cad>
          </ns3:TrackPointExtension>
        </extensions>
      </trkpt>
      <trkpt lat="68.980710469186305999755859375" lon="20.39925995282828807830810546875">
        <ele>719</ele>
        <time>2026-08-22T08:45:18.000Z</time>
        <extensions>
          <ns3:TrackPointExtension>
            <ns3:cad>41</ns3:cad>
          </ns3:TrackPointExtension>
        </extensions>
      </trkpt>
      <trkpt lat="68.98071055300533771514892578125" lon="20.39932248182594776153564453125">
        <ele>719.20001220703125</ele>
        <time>2026-08-22T08:45:21.000Z</time>
        <extensions>
          <ns3:TrackPointExtension>
            <ns3:cad>0</ns3:cad>
          </ns3:TrackPointExtension>
        </extensions>
      </trkpt>
      <trkpt lat="68.9807035960257053375244140625" lon="20.399427674710750579833984375">
        <ele>719.5999755859375</ele>
        <time>2026-08-22T08:45:27.000Z</time>
        <extensions>
          <ns3:TrackPointExtension>
            <ns3:cad>0</ns3:cad>
          </ns3:TrackPointExtension>
        </extensions>
      </trkpt>
      <trkpt lat="68.980689682066440582275390625" lon="20.39950973354279994964599609375">
        <ele>720.20001220703125</ele>
        <time>2026-08-22T08:45:33.000Z</time>
        <extensions>
          <ns3:TrackPointExtension>
            <ns3:cad>0</ns3:cad>
          </ns3:TrackPointExtension>
        </extensions>
      </trkpt>
      <trkpt lat="68.980689011514186859130859375" lon="20.399590618908405303955078125">
        <ele>720.4000244140625</ele>
        <time>2026-08-22T08:45:36.000Z</time>
        <extensions>
          <ns3:TrackPointExtension>
            <ns3:cad>0</ns3:cad>
          </ns3:TrackPointExtension>
        </extensions>
      </trkpt>
      <trkpt lat="68.9806841500103473663330078125" lon="20.3996689058840274810791015625">
        <ele>720.79998779296875</ele>
        <time>2026-08-22T08:45:39.000Z</time>
        <extensions>
          <ns3:TrackPointExtension>
            <ns3:cad>0</ns3:cad>
          </ns3:TrackPointExtension>
        </extensions>
      </trkpt>
      <trkpt lat="68.98068021051585674285888671875" lon="20.3997007571160793304443359375">
        <ele>721.20001220703125</ele>
        <time>2026-08-22T08:45:41.000Z</time>
        <extensions>
          <ns3:TrackPointExtension>
            <ns3:cad>0</ns3:cad>
          </ns3:TrackPointExtension>
        </extensions>
      </trkpt>
      <trkpt lat="68.98067601956427097320556640625" lon="20.399761609733104705810546875">
        <ele>721.5999755859375</ele>
        <time>2026-08-22T08:45:45.000Z</time>
        <extensions>
          <ns3:TrackPointExtension>
            <ns3:cad>0</ns3:cad>
          </ns3:TrackPointExtension>
        </extensions>
      </trkpt>
      <trkpt lat="68.980670906603336334228515625" lon="20.39984618313610553741455078125">
        <ele>722.20001220703125</ele>
        <time>2026-08-22T08:45:49.000Z</time>
        <extensions>
          <ns3:TrackPointExtension>
            <ns3:cad>0</ns3:cad>
          </ns3:TrackPointExtension>
        </extensions>
      </trkpt>
      <trkpt lat="68.98067300207912921905517578125" lon="20.3998633660376071929931640625">
        <ele>722.5999755859375</ele>
        <time>2026-08-22T08:45:51.000Z</time>
        <extensions>
          <ns3:TrackPointExtension>
            <ns3:cad>0</ns3:cad>
          </ns3:TrackPointExtension>
        </extensions>
      </trkpt>
      <trkpt lat="68.98067300207912921905517578125" lon="20.39997853338718414306640625">
        <ele>723.20001220703125</ele>
        <time>2026-08-22T08:45:57.000Z</time>
        <extensions>
          <ns3:TrackPointExtension>
            <ns3:cad>0</ns3:cad>
          </ns3:TrackPointExtension>
        </extensions>
      </trkpt>
      <trkpt lat="68.980673588812351226806640625" lon="20.40000610984861850738525390625">
        <ele>723.4000244140625</ele>
        <time>2026-08-22T08:45:58.000Z</time>
        <extensions>
          <ns3:TrackPointExtension>
            <ns3:cad>0</ns3:cad>
          </ns3:TrackPointExtension>
        </extensions>
      </trkpt>
      <trkpt lat="68.98068356327712535858154296875" lon="20.4001268930733203887939453125">
        <ele>723.5999755859375</ele>
        <time>2026-08-22T08:46:03.000Z</time>
        <extensions>
          <ns3:TrackPointExtension>
            <ns3:cad>0</ns3:cad>
          </ns3:TrackPointExtension>
        </extensions>
      </trkpt>
      <trkpt lat="68.98069580085575580596923828125" lon="20.40025639347732067108154296875">
        <ele>724.20001220703125</ele>
        <time>2026-08-22T08:46:09.000Z</time>
        <extensions>
          <ns3:TrackPointExtension>
            <ns3:cad>0</ns3:cad>
          </ns3:TrackPointExtension>
        </extensions>
      </trkpt>
      <trkpt lat="68.98069538176059722900390625" lon="20.40031380951404571533203125">
        <ele>724.20001220703125</ele>
        <time>2026-08-22T08:46:12.000Z</time>
        <extensions>
          <ns3:TrackPointExtension>
            <ns3:cad>0</ns3:cad>
          </ns3:TrackPointExtension>
        </extensions>
      </trkpt>
      <trkpt lat="68.98069806396961212158203125" lon="20.40035865269601345062255859375">
        <ele>724.5999755859375</ele>
        <time>2026-08-22T08:46:15.000Z</time>
        <extensions>
          <ns3:TrackPointExtension>
            <ns3:cad>0</ns3:cad>
          </ns3:TrackPointExtension>
        </extensions>
      </trkpt>
      <trkpt lat="68.98069378919899463653564453125" lon="20.40046242065727710723876953125">
        <ele>725.20001220703125</ele>
        <time>2026-08-22T08:46:20.000Z</time>
        <extensions>
          <ns3:TrackPointExtension>
            <ns3:cad>0</ns3:cad>
          </ns3:TrackPointExtension>
        </extensions>
      </trkpt>
      <trkpt lat="68.9806925319135189056396484375" lon="20.4005017317831516265869140625">
        <ele>725.4000244140625</ele>
        <time>2026-08-22T08:46:22.000Z</time>
        <extensions>
          <ns3:TrackPointExtension>
            <ns3:cad>0</ns3:cad>
          </ns3:TrackPointExtension>
        </extensions>
      </trkpt>
      <trkpt lat="68.98068959824740886688232421875" lon="20.40058479644358158111572265625">
        <ele>725.79998779296875</ele>
        <time>2026-08-22T08:46:26.000Z</time>
        <extensions>
          <ns3:TrackPointExtension>
            <ns3:cad>0</ns3:cad>
          </ns3:TrackPointExtension>
        </extensions>
      </trkpt>
      <trkpt lat="68.9806933701038360595703125" lon="20.4006626643240451812744140625">
        <ele>726.20001220703125</ele>
        <time>2026-08-22T08:46:30.000Z</time>
        <extensions>
          <ns3:TrackPointExtension>
            <ns3:cad>78</ns3:cad>
          </ns3:TrackPointExtension>
        </extensions>
      </trkpt>
      <trkpt lat="68.98069445975124835968017578125" lon="20.40070482529699802398681640625">
        <ele>726.4000244140625</ele>
        <time>2026-08-22T08:46:32.000Z</time>
        <extensions>
          <ns3:TrackPointExtension>
            <ns3:cad>0</ns3:cad>
          </ns3:TrackPointExtension>
        </extensions>
      </trkpt>
      <trkpt lat="68.980694711208343505859375" lon="20.40072360076010227203369140625">
        <ele>726.4000244140625</ele>
        <time>2026-08-22T08:46:33.000Z</time>
        <extensions>
          <ns3:TrackPointExtension>
            <ns3:cad>0</ns3:cad>
          </ns3:TrackPointExtension>
        </extensions>
      </trkpt>
      <trkpt lat="68.98070049472153186798095703125" lon="20.400812365114688873291015625">
        <ele>726.79998779296875</ele>
        <time>2026-08-22T08:46:38.000Z</time>
        <extensions>
          <ns3:TrackPointExtension>
            <ns3:cad>0</ns3:cad>
          </ns3:TrackPointExtension>
        </extensions>
      </trkpt>
      <trkpt lat="68.98071491159498691558837890625" lon="20.40094287134706974029541015625">
        <ele>727.4000244140625</ele>
        <time>2026-08-22T08:46:44.000Z</time>
        <extensions>
          <ns3:TrackPointExtension>
            <ns3:cad>74</ns3:cad>
          </ns3:TrackPointExtension>
        </extensions>
      </trkpt>
      <trkpt lat="68.9807136543095111846923828125" lon="20.40099115110933780670166015625">
        <ele>727.4000244140625</ele>
        <time>2026-08-22T08:46:47.000Z</time>
        <extensions>
          <ns3:TrackPointExtension>
            <ns3:cad>44</ns3:cad>
          </ns3:TrackPointExtension>
        </extensions>
      </trkpt>
      <trkpt lat="68.980715163052082061767578125" lon="20.40102048777043819427490234375">
        <ele>727.5999755859375</ele>
        <time>2026-08-22T08:46:49.000Z</time>
        <extensions>
          <ns3:TrackPointExtension>
            <ns3:cad>44</ns3:cad>
          </ns3:TrackPointExtension>
        </extensions>
      </trkpt>
      <trkpt lat="68.98072128184139728546142578125" lon="20.4011374153196811676025390625">
        <ele>727.79998779296875</ele>
        <time>2026-08-22T08:46:54.000Z</time>
        <extensions>
          <ns3:TrackPointExtension>
            <ns3:cad>0</ns3:cad>
          </ns3:TrackPointExtension>
        </extensions>
      </trkpt>
      <trkpt lat="68.98071642033755779266357421875" lon="20.401265658438205718994140625">
        <ele>728.20001220703125</ele>
        <time>2026-08-22T08:46:59.000Z</time>
        <extensions>
          <ns3:TrackPointExtension>
            <ns3:cad>41</ns3:cad>
          </ns3:TrackPointExtension>
        </extensions>
      </trkpt>
      <trkpt lat="68.980710804462432861328125" lon="20.4013027064502239227294921875">
        <ele>728.20001220703125</ele>
        <time>2026-08-22T08:47:02.000Z</time>
        <extensions>
          <ns3:TrackPointExtension>
            <ns3:cad>0</ns3:cad>
          </ns3:TrackPointExtension>
        </extensions>
      </trkpt>
      <trkpt lat="68.98071348667144775390625" lon="20.4013513214886188507080078125">
        <ele>728.4000244140625</ele>
        <time>2026-08-22T08:47:04.000Z</time>
        <extensions>
          <ns3:TrackPointExtension>
            <ns3:cad>0</ns3:cad>
          </ns3:TrackPointExtension>
        </extensions>
      </trkpt>
      <trkpt lat="68.98071373812854290008544921875" lon="20.4013771377503871917724609375">
        <ele>728.5999755859375</ele>
        <time>2026-08-22T08:47:05.000Z</time>
        <extensions>
          <ns3:TrackPointExtension>
            <ns3:cad>0</ns3:cad>
          </ns3:TrackPointExtension>
        </extensions>
      </trkpt>
      <trkpt lat="68.98071541450917720794677734375" lon="20.4014535807073116302490234375">
        <ele>728.5999755859375</ele>
        <time>2026-08-22T08:47:08.000Z</time>
        <extensions>
          <ns3:TrackPointExtension>
            <ns3:cad>0</ns3:cad>
          </ns3:TrackPointExtension>
        </extensions>
      </trkpt>
      <trkpt lat="68.9807193540036678314208984375" lon="20.40155927650630474090576171875">
        <ele>728.79998779296875</ele>
        <time>2026-08-22T08:47:13.000Z</time>
        <extensions>
          <ns3:TrackPointExtension>
            <ns3:cad>41</ns3:cad>
          </ns3:TrackPointExtension>
        </extensions>
      </trkpt>
      <trkpt lat="68.980724550783634185791015625" lon="20.4017855040729045867919921875">
        <ele>729.4000244140625</ele>
        <time>2026-08-22T08:47:21.000Z</time>
        <extensions>
          <ns3:TrackPointExtension>
            <ns3:cad>42</ns3:cad>
          </ns3:TrackPointExtension>
        </extensions>
      </trkpt>
      <trkpt lat="68.980727903544902801513671875" lon="20.40183856151998043060302734375">
        <ele>729.5999755859375</ele>
        <time>2026-08-22T08:47:23.000Z</time>
        <extensions>
          <ns3:TrackPointExtension>
            <ns3:cad>42</ns3:cad>
          </ns3:TrackPointExtension>
        </extensions>
      </trkpt>
      <trkpt lat="68.98072849027812480926513671875" lon="20.40188700892031192779541015625">
        <ele>729.79998779296875</ele>
        <time>2026-08-22T08:47:25.000Z</time>
        <extensions>
          <ns3:TrackPointExtension>
            <ns3:cad>43</ns3:cad>
          </ns3:TrackPointExtension>
        </extensions>
      </trkpt>
      <trkpt lat="68.98073134012520313262939453125" lon="20.40191232226788997650146484375">
        <ele>729.79998779296875</ele>
        <time>2026-08-22T08:47:26.000Z</time>
        <extensions>
          <ns3:TrackPointExtension>
            <ns3:cad>43</ns3:cad>
          </ns3:TrackPointExtension>
        </extensions>
      </trkpt>
      <trkpt lat="68.9807351119816303253173828125" lon="20.4019373841583728790283203125">
        <ele>729.79998779296875</ele>
        <time>2026-08-22T08:47:27.000Z</time>
        <extensions>
          <ns3:TrackPointExtension>
            <ns3:cad>43</ns3:cad>
          </ns3:TrackPointExtension>
        </extensions>
      </trkpt>
      <trkpt lat="68.9807461760938167572021484375" lon="20.40200720541179180145263671875">
        <ele>730</ele>
        <time>2026-08-22T08:47:31.000Z</time>
        <extensions>
          <ns3:TrackPointExtension>
            <ns3:cad>0</ns3:cad>
          </ns3:TrackPointExtension>
        </extensions>
      </trkpt>
      <trkpt lat="68.98078297264873981475830078125" lon="20.40214735083281993865966796875">
        <ele>730.4000244140625</ele>
        <time>2026-08-22T08:47:38.000Z</time>
        <extensions>
          <ns3:TrackPointExtension>
            <ns3:cad>0</ns3:cad>
          </ns3:TrackPointExtension>
        </extensions>
      </trkpt>
      <trkpt lat="68.980801664292812347412109375" lon="20.4022495262324810028076171875">
        <ele>730.5999755859375</ele>
        <time>2026-08-22T08:47:42.000Z</time>
        <extensions>
          <ns3:TrackPointExtension>
            <ns3:cad>0</ns3:cad>
          </ns3:TrackPointExtension>
        </extensions>
      </trkpt>
      <trkpt lat="68.98080962710082530975341796875" lon="20.402337871491909027099609375">
        <ele>731</ele>
        <time>2026-08-22T08:47:45.000Z</time>
        <extensions>
          <ns3:TrackPointExtension>
            <ns3:cad>0</ns3:cad>
          </ns3:TrackPointExtension>
        </extensions>
      </trkpt>
      <trkpt lat="68.98082605563104152679443359375" lon="20.40244759060442447662353515625">
        <ele>731.5999755859375</ele>
        <time>2026-08-22T08:47:51.000Z</time>
        <extensions>
          <ns3:TrackPointExtension>
            <ns3:cad>0</ns3:cad>
          </ns3:TrackPointExtension>
        </extensions>
      </trkpt>
      <trkpt lat="68.980827815830707550048828125" lon="20.4024718143045902252197265625">
        <ele>731.79998779296875</ele>
        <time>2026-08-22T08:47:52.000Z</time>
        <extensions>
          <ns3:TrackPointExtension>
            <ns3:cad>0</ns3:cad>
          </ns3:TrackPointExtension>
        </extensions>
      </trkpt>
      <trkpt lat="68.98083661682903766632080078125" lon="20.40262578986585140228271484375">
        <ele>732.20001220703125</ele>
        <time>2026-08-22T08:47:59.000Z</time>
        <extensions>
          <ns3:TrackPointExtension>
            <ns3:cad>42</ns3:cad>
          </ns3:TrackPointExtension>
        </extensions>
      </trkpt>
      <trkpt lat="68.9808413945138454437255859375" lon="20.402719415724277496337890625">
        <ele>732.5999755859375</ele>
        <time>2026-08-22T08:48:04.000Z</time>
        <extensions>
          <ns3:TrackPointExtension>
            <ns3:cad>0</ns3:cad>
          </ns3:TrackPointExtension>
        </extensions>
      </trkpt>
      <trkpt lat="68.98084432817995548248291015625" lon="20.40271103382110595703125">
        <ele>732.5999755859375</ele>
        <time>2026-08-22T08:48:07.000Z</time>
        <extensions>
          <ns3:TrackPointExtension>
            <ns3:cad>0</ns3:cad>
          </ns3:TrackPointExtension>
        </extensions>
      </trkpt>
      <trkpt lat="68.98084164597094058990478515625" lon="20.4027115367352962493896484375">
        <ele>732.79998779296875</ele>
        <time>2026-08-22T08:48:09.000Z</time>
        <extensions>
          <ns3:TrackPointExtension>
            <ns3:cad>0</ns3:cad>
          </ns3:TrackPointExtension>
        </extensions>
      </trkpt>
      <trkpt lat="68.9808434061706066131591796875" lon="20.40271363221108913421630859375">
        <ele>732.79998779296875</ele>
        <time>2026-08-22T08:48:10.000Z</time>
        <extensions>
          <ns3:TrackPointExtension>
            <ns3:cad>0</ns3:cad>
          </ns3:TrackPointExtension>
        </extensions>
      </trkpt>
      <trkpt lat="68.98084198124706745147705078125" lon="20.40271706879138946533203125">
        <ele>732.79998779296875</ele>
        <time>2026-08-22T08:48:14.000Z</time>
        <extensions>
          <ns3:TrackPointExtension>
            <ns3:cad>0</ns3:cad>
          </ns3:TrackPointExtension>
        </extensions>
      </trkpt>
      <trkpt lat="68.98083494044840335845947265625" lon="20.40273559279739856719970703125">
        <ele>732.79998779296875</ele>
        <time>2026-08-22T08:48:22.000Z</time>
        <extensions>
          <ns3:TrackPointExtension>
            <ns3:cad>0</ns3:cad>
          </ns3:TrackPointExtension>
        </extensions>
      </trkpt>
      <trkpt lat="68.98084600456058979034423828125" lon="20.402725450694561004638671875">
        <ele>733</ele>
        <time>2026-08-22T08:48:28.000Z</time>
        <extensions>
          <ns3:TrackPointExtension>
            <ns3:cad>0</ns3:cad>
          </ns3:TrackPointExtension>
        </extensions>
      </trkpt>
      <trkpt lat="68.98086578585207462310791015625" lon="20.40281790308654308319091796875">
        <ele>733.20001220703125</ele>
        <time>2026-08-22T08:48:33.000Z</time>
        <extensions>
          <ns3:TrackPointExtension>
            <ns3:cad>0</ns3:cad>
          </ns3:TrackPointExtension>
        </extensions>
      </trkpt>
      <trkpt lat="68.9808833040297031402587890625" lon="20.40293390862643718719482421875">
        <ele>733.79998779296875</ele>
        <time>2026-08-22T08:48:39.000Z</time>
        <extensions>
          <ns3:TrackPointExtension>
            <ns3:cad>50</ns3:cad>
          </ns3:TrackPointExtension>
        </extensions>
      </trkpt>
      <trkpt lat="68.9808910153806209564208984375" lon="20.403036586940288543701171875">
        <ele>734.4000244140625</ele>
        <time>2026-08-22T08:48:45.000Z</time>
        <extensions>
          <ns3:TrackPointExtension>
            <ns3:cad>69</ns3:cad>
          </ns3:TrackPointExtension>
        </extensions>
      </trkpt>
      <trkpt lat="68.980892859399318695068359375" lon="20.40318385697901248931884765625">
        <ele>734.5999755859375</ele>
        <time>2026-08-22T08:48:50.000Z</time>
        <extensions>
          <ns3:TrackPointExtension>
            <ns3:cad>0</ns3:cad>
          </ns3:TrackPointExtension>
        </extensions>
      </trkpt>
      <trkpt lat="68.98090300150215625762939453125" lon="20.40324973873794078826904296875">
        <ele>735</ele>
        <time>2026-08-22T08:48:54.000Z</time>
        <extensions>
          <ns3:TrackPointExtension>
            <ns3:cad>0</ns3:cad>
          </ns3:TrackPointExtension>
        </extensions>
      </trkpt>
      <trkpt lat="68.98090467788279056549072265625" lon="20.4032892175018787384033203125">
        <ele>735.20001220703125</ele>
        <time>2026-08-22T08:48:56.000Z</time>
        <extensions>
          <ns3:TrackPointExtension>
            <ns3:cad>0</ns3:cad>
          </ns3:TrackPointExtension>
        </extensions>
      </trkpt>
      <trkpt lat="68.98091574199497699737548828125" lon="20.4034018702805042266845703125">
        <ele>735.5999755859375</ele>
        <time>2026-08-22T08:49:01.000Z</time>
        <extensions>
          <ns3:TrackPointExtension>
            <ns3:cad>0</ns3:cad>
          </ns3:TrackPointExtension>
        </extensions>
      </trkpt>
      <trkpt lat="68.98093418218195438385009765625" lon="20.403570346534252166748046875">
        <ele>735.5999755859375</ele>
        <time>2026-08-22T08:49:08.000Z</time>
        <extensions>
          <ns3:TrackPointExtension>
            <ns3:cad>77</ns3:cad>
          </ns3:TrackPointExtension>
        </extensions>
      </trkpt>
      <trkpt lat="68.98095899261534214019775390625" lon="20.40375147946178913116455078125">
        <ele>735.5999755859375</ele>
        <time>2026-08-22T08:49:15.000Z</time>
        <extensions>
          <ns3:TrackPointExtension>
            <ns3:cad>0</ns3:cad>
          </ns3:TrackPointExtension>
        </extensions>
      </trkpt>
      <trkpt lat="68.980969972908496856689453125" lon="20.403826497495174407958984375">
        <ele>735.79998779296875</ele>
        <time>2026-08-22T08:49:19.000Z</time>
        <extensions>
          <ns3:TrackPointExtension>
            <ns3:cad>0</ns3:cad>
          </ns3:TrackPointExtension>
        </extensions>
      </trkpt>
      <trkpt lat="68.98097642697393894195556640625" lon="20.40386983193457126617431640625">
        <ele>736</ele>
        <time>2026-08-22T08:49:21.000Z</time>
        <extensions>
          <ns3:TrackPointExtension>
            <ns3:cad>0</ns3:cad>
          </ns3:TrackPointExtension>
        </extensions>
      </trkpt>
      <trkpt lat="68.98098967038094997406005859375" lon="20.404021628201007843017578125">
        <ele>736.5999755859375</ele>
        <time>2026-08-22T08:49:27.000Z</time>
        <extensions>
          <ns3:TrackPointExtension>
            <ns3:cad>0</ns3:cad>
          </ns3:TrackPointExtension>
        </extensions>
      </trkpt>
      <trkpt lat="68.9809989742934703826904296875" lon="20.40412313304841518402099609375">
        <ele>737</ele>
        <time>2026-08-22T08:49:31.000Z</time>
        <extensions>
          <ns3:TrackPointExtension>
            <ns3:cad>0</ns3:cad>
          </ns3:TrackPointExtension>
        </extensions>
      </trkpt>
      <trkpt lat="68.98100316524505615234375" lon="20.40414861403405666351318359375">
        <ele>737.20001220703125</ele>
        <time>2026-08-22T08:49:32.000Z</time>
        <extensions>
          <ns3:TrackPointExtension>
            <ns3:cad>0</ns3:cad>
          </ns3:TrackPointExtension>
        </extensions>
      </trkpt>
      <trkpt lat="68.98101934231817722320556640625" lon="20.404309965670108795166015625">
        <ele>737.5999755859375</ele>
        <time>2026-08-22T08:49:39.000Z</time>
        <extensions>
          <ns3:TrackPointExtension>
            <ns3:cad>0</ns3:cad>
          </ns3:TrackPointExtension>
        </extensions>
      </trkpt>
      <trkpt lat="68.9810371957719326019287109375" lon="20.4044209420680999755859375">
        <ele>738</ele>
        <time>2026-08-22T08:49:44.000Z</time>
        <extensions>
          <ns3:TrackPointExtension>
            <ns3:cad>0</ns3:cad>
          </ns3:TrackPointExtension>
        </extensions>
      </trkpt>
      <trkpt lat="68.981043063104152679443359375" lon="20.40445941500365734100341796875">
        <ele>738</ele>
        <time>2026-08-22T08:49:46.000Z</time>
        <extensions>
          <ns3:TrackPointExtension>
            <ns3:cad>0</ns3:cad>
          </ns3:TrackPointExtension>
        </extensions>
      </trkpt>
      <trkpt lat="68.981057815253734588623046875" lon="20.40457449853420257568359375">
        <ele>738.4000244140625</ele>
        <time>2026-08-22T08:49:51.000Z</time>
        <extensions>
          <ns3:TrackPointExtension>
            <ns3:cad>0</ns3:cad>
          </ns3:TrackPointExtension>
        </extensions>
      </trkpt>
      <trkpt lat="68.98108564317226409912109375" lon="20.40474372915923595428466796875">
        <ele>738.79998779296875</ele>
        <time>2026-08-22T08:49:59.000Z</time>
        <extensions>
          <ns3:TrackPointExtension>
            <ns3:cad>0</ns3:cad>
          </ns3:TrackPointExtension>
        </extensions>
      </trkpt>
      <trkpt lat="68.98108690045773983001708984375" lon="20.4047838784754276275634765625">
        <ele>739.20001220703125</ele>
        <time>2026-08-22T08:50:01.000Z</time>
        <extensions>
          <ns3:TrackPointExtension>
            <ns3:cad>0</ns3:cad>
          </ns3:TrackPointExtension>
        </extensions>
      </trkpt>
      <trkpt lat="68.981094025075435638427734375" lon="20.404863841831684112548828125">
        <ele>739.4000244140625</ele>
        <time>2026-08-22T08:50:05.000Z</time>
        <extensions>
          <ns3:TrackPointExtension>
            <ns3:cad>0</ns3:cad>
          </ns3:TrackPointExtension>
        </extensions>
      </trkpt>
      <trkpt lat="68.98111321963369846343994140625" lon="20.4049734771251678466796875">
        <ele>740</ele>
        <time>2026-08-22T08:50:11.000Z</time>
        <extensions>
          <ns3:TrackPointExtension>
            <ns3:cad>41</ns3:cad>
          </ns3:TrackPointExtension>
        </extensions>
      </trkpt>
      <trkpt lat="68.98112378083169460296630859375" lon="20.4050370119512081146240234375">
        <ele>740.20001220703125</ele>
        <time>2026-08-22T08:50:14.000Z</time>
        <extensions>
          <ns3:TrackPointExtension>
            <ns3:cad>0</ns3:cad>
          </ns3:TrackPointExtension>
        </extensions>
      </trkpt>
      <trkpt lat="68.98112914524972438812255859375" lon="20.40510197170078754425048828125">
        <ele>740.4000244140625</ele>
        <time>2026-08-22T08:50:17.000Z</time>
        <extensions>
          <ns3:TrackPointExtension>
            <ns3:cad>41</ns3:cad>
          </ns3:TrackPointExtension>
        </extensions>
      </trkpt>
      <trkpt lat="68.981146998703479766845703125" lon="20.40524982847273349761962890625">
        <ele>740</ele>
        <time>2026-08-22T08:50:23.000Z</time>
        <extensions>
          <ns3:TrackPointExtension>
            <ns3:cad>0</ns3:cad>
          </ns3:TrackPointExtension>
        </extensions>
      </trkpt>
      <trkpt lat="68.98116669617593288421630859375" lon="20.40542744100093841552734375">
        <ele>739.79998779296875</ele>
        <time>2026-08-22T08:50:30.000Z</time>
        <extensions>
          <ns3:TrackPointExtension>
            <ns3:cad>0</ns3:cad>
          </ns3:TrackPointExtension>
        </extensions>
      </trkpt>
      <trkpt lat="68.98118195123970508575439453125" lon="20.40558158420026302337646484375">
        <ele>739.79998779296875</ele>
        <time>2026-08-22T08:50:36.000Z</time>
        <extensions>
          <ns3:TrackPointExtension>
            <ns3:cad>44</ns3:cad>
          </ns3:TrackPointExtension>
        </extensions>
      </trkpt>
      <trkpt lat="68.98119435645639896392822265625" lon="20.40573857724666595458984375">
        <ele>739.79998779296875</ele>
        <time>2026-08-22T08:50:42.000Z</time>
        <extensions>
          <ns3:TrackPointExtension>
            <ns3:cad>41</ns3:cad>
          </ns3:TrackPointExtension>
        </extensions>
      </trkpt>
      <trkpt lat="68.98121112026274204254150390625" lon="20.4058621264994144439697265625">
        <ele>739.5999755859375</ele>
        <time>2026-08-22T08:50:48.000Z</time>
        <extensions>
          <ns3:TrackPointExtension>
            <ns3:cad>0</ns3:cad>
          </ns3:TrackPointExtension>
        </extensions>
      </trkpt>
      <trkpt lat="68.98123157210648059844970703125" lon="20.40598575957119464874267578125">
        <ele>739.5999755859375</ele>
        <time>2026-08-22T08:50:54.000Z</time>
        <extensions>
          <ns3:TrackPointExtension>
            <ns3:cad>40</ns3:cad>
          </ns3:TrackPointExtension>
        </extensions>
      </trkpt>
      <trkpt lat="68.9812552928924560546875" lon="20.40613864548504352569580078125">
        <ele>739.79998779296875</ele>
        <time>2026-08-22T08:51:02.000Z</time>
        <extensions>
          <ns3:TrackPointExtension>
            <ns3:cad>0</ns3:cad>
          </ns3:TrackPointExtension>
        </extensions>
      </trkpt>
      <trkpt lat="68.98127700202167034149169921875" lon="20.4062523879110813140869140625">
        <ele>740.4000244140625</ele>
        <time>2026-08-22T08:51:08.000Z</time>
        <extensions>
          <ns3:TrackPointExtension>
            <ns3:cad>0</ns3:cad>
          </ns3:TrackPointExtension>
        </extensions>
      </trkpt>
      <trkpt lat="68.98129083216190338134765625" lon="20.40635238401591777801513671875">
        <ele>741</ele>
        <time>2026-08-22T08:51:13.000Z</time>
        <extensions>
          <ns3:TrackPointExtension>
            <ns3:cad>0</ns3:cad>
          </ns3:TrackPointExtension>
        </extensions>
      </trkpt>
      <trkpt lat="68.9813127927482128143310546875" lon="20.40649630129337310791015625">
        <ele>741.20001220703125</ele>
        <time>2026-08-22T08:51:19.000Z</time>
        <extensions>
          <ns3:TrackPointExtension>
            <ns3:cad>0</ns3:cad>
          </ns3:TrackPointExtension>
        </extensions>
      </trkpt>
      <trkpt lat="68.9813158102333545684814453125" lon="20.406525135040283203125">
        <ele>741.20001220703125</ele>
        <time>2026-08-22T08:51:20.000Z</time>
        <extensions>
          <ns3:TrackPointExtension>
            <ns3:cad>0</ns3:cad>
          </ns3:TrackPointExtension>
        </extensions>
      </trkpt>
      <trkpt lat="68.9813429675996303558349609375" lon="20.40662504732608795166015625">
        <ele>741.5999755859375</ele>
        <time>2026-08-22T08:51:25.000Z</time>
        <extensions>
          <ns3:TrackPointExtension>
            <ns3:cad>0</ns3:cad>
          </ns3:TrackPointExtension>
        </extensions>
      </trkpt>
      <trkpt lat="68.9813800156116485595703125" lon="20.4067811183631420135498046875">
        <ele>741.5999755859375</ele>
        <time>2026-08-22T08:51:33.000Z</time>
        <extensions>
          <ns3:TrackPointExtension>
            <ns3:cad>0</ns3:cad>
          </ns3:TrackPointExtension>
        </extensions>
      </trkpt>
      <trkpt lat="68.9813848771154880523681640625" lon="20.406944565474987030029296875">
        <ele>741.20001220703125</ele>
        <time>2026-08-22T08:51:40.000Z</time>
        <extensions>
          <ns3:TrackPointExtension>
            <ns3:cad>0</ns3:cad>
          </ns3:TrackPointExtension>
        </extensions>
      </trkpt>
      <trkpt lat="68.98138663731515407562255859375" lon="20.40698253549635410308837890625">
        <ele>740.79998779296875</ele>
        <time>2026-08-22T08:51:43.000Z</time>
        <extensions>
          <ns3:TrackPointExtension>
            <ns3:cad>0</ns3:cad>
          </ns3:TrackPointExtension>
        </extensions>
      </trkpt>
      <trkpt lat="68.981397114694118499755859375" lon="20.40703215636312961578369140625">
        <ele>740.4000244140625</ele>
        <time>2026-08-22T08:51:46.000Z</time>
        <extensions>
          <ns3:TrackPointExtension>
            <ns3:cad>0</ns3:cad>
          </ns3:TrackPointExtension>
        </extensions>
      </trkpt>
      <trkpt lat="68.9814026467502117156982421875" lon="20.407085381448268890380859375">
        <ele>740.20001220703125</ele>
        <time>2026-08-22T08:51:48.000Z</time>
        <extensions>
          <ns3:TrackPointExtension>
            <ns3:cad>0</ns3:cad>
          </ns3:TrackPointExtension>
        </extensions>
      </trkpt>
      <trkpt lat="68.981420584022998809814453125" lon="20.40719443000853061676025390625">
        <ele>740</ele>
        <time>2026-08-22T08:51:53.000Z</time>
        <extensions>
          <ns3:TrackPointExtension>
            <ns3:cad>41</ns3:cad>
          </ns3:TrackPointExtension>
        </extensions>
      </trkpt>
      <trkpt lat="68.98143793456256389617919921875" lon="20.40730322711169719696044921875">
        <ele>739.79998779296875</ele>
        <time>2026-08-22T08:51:59.000Z</time>
        <extensions>
          <ns3:TrackPointExtension>
            <ns3:cad>0</ns3:cad>
          </ns3:TrackPointExtension>
        </extensions>
      </trkpt>
      <trkpt lat="68.981456793844699859619140625" lon="20.40745896287262439727783203125">
        <ele>739.4000244140625</ele>
        <time>2026-08-22T08:52:06.000Z</time>
        <extensions>
          <ns3:TrackPointExtension>
            <ns3:cad>0</ns3:cad>
          </ns3:TrackPointExtension>
        </extensions>
      </trkpt>
      <trkpt lat="68.9814740605652332305908203125" lon="20.40755175054073333740234375">
        <ele>739.20001220703125</ele>
        <time>2026-08-22T08:52:10.000Z</time>
        <extensions>
          <ns3:TrackPointExtension>
            <ns3:cad>0</ns3:cad>
          </ns3:TrackPointExtension>
        </extensions>
      </trkpt>
      <trkpt lat="68.98147523403167724609375" lon="20.40758016519248485565185546875">
        <ele>739.20001220703125</ele>
        <time>2026-08-22T08:52:11.000Z</time>
        <extensions>
          <ns3:TrackPointExtension>
            <ns3:cad>65</ns3:cad>
          </ns3:TrackPointExtension>
        </extensions>
      </trkpt>
      <trkpt lat="68.98147598840296268463134765625" lon="20.4076058976352214813232421875">
        <ele>739.20001220703125</ele>
        <time>2026-08-22T08:52:12.000Z</time>
        <extensions>
          <ns3:TrackPointExtension>
            <ns3:cad>65</ns3:cad>
          </ns3:TrackPointExtension>
        </extensions>
      </trkpt>
      <trkpt lat="68.981484286487102508544921875" lon="20.4076825082302093505859375">
        <ele>739</ele>
        <time>2026-08-22T08:52:16.000Z</time>
        <extensions>
          <ns3:TrackPointExtension>
            <ns3:cad>0</ns3:cad>
          </ns3:TrackPointExtension>
        </extensions>
      </trkpt>
      <trkpt lat="68.98148235864937305450439453125" lon="20.407699607312679290771484375">
        <ele>739.20001220703125</ele>
        <time>2026-08-22T08:52:17.000Z</time>
        <extensions>
          <ns3:TrackPointExtension>
            <ns3:cad>0</ns3:cad>
          </ns3:TrackPointExtension>
        </extensions>
      </trkpt>
      <trkpt lat="68.9814720489084720611572265625" lon="20.4077926464378833770751953125">
        <ele>739</ele>
        <time>2026-08-22T08:52:22.000Z</time>
        <extensions>
          <ns3:TrackPointExtension>
            <ns3:cad>0</ns3:cad>
          </ns3:TrackPointExtension>
        </extensions>
      </trkpt>
      <trkpt lat="68.9814857952296733856201171875" lon="20.40789029560983180999755859375">
        <ele>739</ele>
        <time>2026-08-22T08:52:28.000Z</time>
        <extensions>
          <ns3:TrackPointExtension>
            <ns3:cad>0</ns3:cad>
          </ns3:TrackPointExtension>
        </extensions>
      </trkpt>
      <trkpt lat="68.9814873039722442626953125" lon="20.40787554346024990081787109375">
        <ele>739</ele>
        <time>2026-08-22T08:52:34.000Z</time>
        <extensions>
          <ns3:TrackPointExtension>
            <ns3:cad>0</ns3:cad>
          </ns3:TrackPointExtension>
        </extensions>
      </trkpt>
      <trkpt lat="68.98149711079895496368408203125" lon="20.40791778825223445892333984375">
        <ele>739</ele>
        <time>2026-08-22T08:52:39.000Z</time>
        <extensions>
          <ns3:TrackPointExtension>
            <ns3:cad>0</ns3:cad>
          </ns3:TrackPointExtension>
        </extensions>
      </trkpt>
      <trkpt lat="68.98151773028075695037841796875" lon="20.40797042660415172576904296875">
        <ele>739.20001220703125</ele>
        <time>2026-08-22T08:52:44.000Z</time>
        <extensions>
          <ns3:TrackPointExtension>
            <ns3:cad>0</ns3:cad>
          </ns3:TrackPointExtension>
        </extensions>
      </trkpt>
      <trkpt lat="68.98152225650846958160400390625" lon="20.40806028060615062713623046875">
        <ele>739.79998779296875</ele>
        <time>2026-08-22T08:52:49.000Z</time>
        <extensions>
          <ns3:TrackPointExtension>
            <ns3:cad>0</ns3:cad>
          </ns3:TrackPointExtension>
        </extensions>
      </trkpt>
      <trkpt lat="68.98151705972850322723388671875" lon="20.40814057923853397369384765625">
        <ele>740.20001220703125</ele>
        <time>2026-08-22T08:52:54.000Z</time>
        <extensions>
          <ns3:TrackPointExtension>
            <ns3:cad>0</ns3:cad>
          </ns3:TrackPointExtension>
        </extensions>
      </trkpt>
      <trkpt lat="68.98152912966907024383544921875" lon="20.408197157084941864013671875">
        <ele>740.20001220703125</ele>
        <time>2026-08-22T08:52:59.000Z</time>
        <extensions>
          <ns3:TrackPointExtension>
            <ns3:cad>0</ns3:cad>
          </ns3:TrackPointExtension>
        </extensions>
      </trkpt>
      <trkpt lat="68.9815342426300048828125" lon="20.4082254879176616668701171875">
        <ele>740.20001220703125</ele>
        <time>2026-08-22T08:53:01.000Z</time>
        <extensions>
          <ns3:TrackPointExtension>
            <ns3:cad>0</ns3:cad>
          </ns3:TrackPointExtension>
        </extensions>
      </trkpt>
      <trkpt lat="68.98154974915087223052978515625" lon="20.40833923034369945526123046875">
        <ele>740.5999755859375</ele>
        <time>2026-08-22T08:53:07.000Z</time>
        <extensions>
          <ns3:TrackPointExtension>
            <ns3:cad>0</ns3:cad>
          </ns3:TrackPointExtension>
        </extensions>
      </trkpt>
      <trkpt lat="68.98154404945671558380126953125" lon="20.40850603021681308746337890625">
        <ele>741</ele>
        <time>2026-08-22T08:53:14.000Z</time>
        <extensions>
          <ns3:TrackPointExtension>
            <ns3:cad>0</ns3:cad>
          </ns3:TrackPointExtension>
        </extensions>
      </trkpt>
      <trkpt lat="68.981543965637683868408203125" lon="20.4085649549961090087890625">
        <ele>741.20001220703125</ele>
        <time>2026-08-22T08:53:18.000Z</time>
        <extensions>
          <ns3:TrackPointExtension>
            <ns3:cad>0</ns3:cad>
          </ns3:TrackPointExtension>
        </extensions>
      </trkpt>
      <trkpt lat="68.981545977294445037841796875" lon="20.40856889449059963226318359375">
        <ele>741.4000244140625</ele>
        <time>2026-08-22T08:53:20.000Z</time>
        <extensions>
          <ns3:TrackPointExtension>
            <ns3:cad>0</ns3:cad>
          </ns3:TrackPointExtension>
        </extensions>
      </trkpt>
      <trkpt lat="68.98154027760028839111328125" lon="20.40854659862816333770751953125">
        <ele>741.79998779296875</ele>
        <time>2026-08-22T08:53:25.000Z</time>
        <extensions>
          <ns3:TrackPointExtension>
            <ns3:cad>0</ns3:cad>
          </ns3:TrackPointExtension>
        </extensions>
      </trkpt>
      <trkpt lat="68.981550671160221099853515625" lon="20.408595465123653411865234375">
        <ele>742.20001220703125</ele>
        <time>2026-08-22T08:53:33.000Z</time>
        <extensions>
          <ns3:TrackPointExtension>
            <ns3:cad>0</ns3:cad>
          </ns3:TrackPointExtension>
        </extensions>
      </trkpt>
      <trkpt lat="68.9815551973879337310791015625" lon="20.4086925275623798370361328125">
        <ele>742.5999755859375</ele>
        <time>2026-08-22T08:53:39.000Z</time>
        <extensions>
          <ns3:TrackPointExtension>
            <ns3:cad>0</ns3:cad>
          </ns3:TrackPointExtension>
        </extensions>
      </trkpt>
      <trkpt lat="68.98156642913818359375" lon="20.40880300104618072509765625">
        <ele>743.20001220703125</ele>
        <time>2026-08-22T08:53:45.000Z</time>
        <extensions>
          <ns3:TrackPointExtension>
            <ns3:cad>60</ns3:cad>
          </ns3:TrackPointExtension>
        </extensions>
      </trkpt>
      <trkpt lat="68.98157757706940174102783203125" lon="20.40894708596169948577880859375">
        <ele>743.79998779296875</ele>
        <time>2026-08-22T08:53:51.000Z</time>
        <extensions>
          <ns3:TrackPointExtension>
            <ns3:cad>0</ns3:cad>
          </ns3:TrackPointExtension>
        </extensions>
      </trkpt>
      <trkpt lat="68.981595933437347412109375" lon="20.4090794362127780914306640625">
        <ele>744.20001220703125</ele>
        <time>2026-08-22T08:53:58.000Z</time>
        <extensions>
          <ns3:TrackPointExtension>
            <ns3:cad>0</ns3:cad>
          </ns3:TrackPointExtension>
        </extensions>
      </trkpt>
      <trkpt lat="68.98159953765571117401123046875" lon="20.4091015644371509552001953125">
        <ele>744.4000244140625</ele>
        <time>2026-08-22T08:53:59.000Z</time>
        <extensions>
          <ns3:TrackPointExtension>
            <ns3:cad>0</ns3:cad>
          </ns3:TrackPointExtension>
        </extensions>
      </trkpt>
      <trkpt lat="68.98161806166172027587890625" lon="20.409221760928630828857421875">
        <ele>745.20001220703125</ele>
        <time>2026-08-22T08:54:05.000Z</time>
        <extensions>
          <ns3:TrackPointExtension>
            <ns3:cad>45</ns3:cad>
          </ns3:TrackPointExtension>
        </extensions>
      </trkpt>
      <trkpt lat="68.9816188998520374298095703125" lon="20.4092376865446567535400390625">
        <ele>745.4000244140625</ele>
        <time>2026-08-22T08:54:06.000Z</time>
        <extensions>
          <ns3:TrackPointExtension>
            <ns3:cad>45</ns3:cad>
          </ns3:TrackPointExtension>
        </extensions>
      </trkpt>
      <trkpt lat="68.98162585683166980743408203125" lon="20.4093040712177753448486328125">
        <ele>745.5999755859375</ele>
        <time>2026-08-22T08:54:11.000Z</time>
        <extensions>
          <ns3:TrackPointExtension>
            <ns3:cad>0</ns3:cad>
          </ns3:TrackPointExtension>
        </extensions>
      </trkpt>
      <trkpt lat="68.9816245995461940765380859375" lon="20.40939979255199432373046875">
        <ele>746.4000244140625</ele>
        <time>2026-08-22T08:54:17.000Z</time>
        <extensions>
          <ns3:TrackPointExtension>
            <ns3:cad>0</ns3:cad>
          </ns3:TrackPointExtension>
        </extensions>
      </trkpt>
      <trkpt lat="68.98162543773651123046875" lon="20.4094163887202739715576171875">
        <ele>746.5999755859375</ele>
        <time>2026-08-22T08:54:18.000Z</time>
        <extensions>
          <ns3:TrackPointExtension>
            <ns3:cad>0</ns3:cad>
          </ns3:TrackPointExtension>
        </extensions>
      </trkpt>
      <trkpt lat="68.98163138888776302337646484375" lon="20.40952510200440883636474609375">
        <ele>747.20001220703125</ele>
        <time>2026-08-22T08:54:25.000Z</time>
        <extensions>
          <ns3:TrackPointExtension>
            <ns3:cad>0</ns3:cad>
          </ns3:TrackPointExtension>
        </extensions>
      </trkpt>
      <trkpt lat="68.981654942035675048828125" lon="20.40959986858069896697998046875">
        <ele>747.4000244140625</ele>
        <time>2026-08-22T08:54:30.000Z</time>
        <extensions>
          <ns3:TrackPointExtension>
            <ns3:cad>0</ns3:cad>
          </ns3:TrackPointExtension>
        </extensions>
      </trkpt>
      <trkpt lat="68.98166776634752750396728515625" lon="20.40962467901408672332763671875">
        <ele>747.5999755859375</ele>
        <time>2026-08-22T08:54:32.000Z</time>
        <extensions>
          <ns3:TrackPointExtension>
            <ns3:cad>42</ns3:cad>
          </ns3:TrackPointExtension>
        </extensions>
      </trkpt>
      <trkpt lat="68.98169090040028095245361328125" lon="20.40970481000840663909912109375">
        <ele>748</ele>
        <time>2026-08-22T08:54:37.000Z</time>
        <extensions>
          <ns3:TrackPointExtension>
            <ns3:cad>0</ns3:cad>
          </ns3:TrackPointExtension>
        </extensions>
      </trkpt>
      <trkpt lat="68.9817017130553722381591796875" lon="20.40981360711157321929931640625">
        <ele>748.5999755859375</ele>
        <time>2026-08-22T08:54:43.000Z</time>
        <extensions>
          <ns3:TrackPointExtension>
            <ns3:cad>0</ns3:cad>
          </ns3:TrackPointExtension>
        </extensions>
      </trkpt>
      <trkpt lat="68.98170246742665767669677734375" lon="20.409833975136280059814453125">
        <ele>748.5999755859375</ele>
        <time>2026-08-22T08:54:44.000Z</time>
        <extensions>
          <ns3:TrackPointExtension>
            <ns3:cad>0</ns3:cad>
          </ns3:TrackPointExtension>
        </extensions>
      </trkpt>
      <trkpt lat="68.98169391788542270660400390625" lon="20.40989600121974945068359375">
        <ele>748.4000244140625</ele>
        <time>2026-08-22T08:54:50.000Z</time>
        <extensions>
          <ns3:TrackPointExtension>
            <ns3:cad>0</ns3:cad>
          </ns3:TrackPointExtension>
        </extensions>
      </trkpt>
      <trkpt lat="68.98168453015387058258056640625" lon="20.40993799455463886260986328125">
        <ele>748.5999755859375</ele>
        <time>2026-08-22T08:54:56.000Z</time>
        <extensions>
          <ns3:TrackPointExtension>
            <ns3:cad>0</ns3:cad>
          </ns3:TrackPointExtension>
        </extensions>
      </trkpt>
      <trkpt lat="68.9816862903535366058349609375" lon="20.4100346378982067108154296875">
        <ele>749.4000244140625</ele>
        <time>2026-08-22T08:55:03.000Z</time>
        <extensions>
          <ns3:TrackPointExtension>
            <ns3:cad>0</ns3:cad>
          </ns3:TrackPointExtension>
        </extensions>
      </trkpt>
      <trkpt lat="68.9816951751708984375" lon="20.41009540669620037078857421875">
        <ele>749.5999755859375</ele>
        <time>2026-08-22T08:55:06.000Z</time>
        <extensions>
          <ns3:TrackPointExtension>
            <ns3:cad>0</ns3:cad>
          </ns3:TrackPointExtension>
        </extensions>
      </trkpt>
      <trkpt lat="68.98169852793216705322265625" lon="20.4101177863776683807373046875">
        <ele>750</ele>
        <time>2026-08-22T08:55:08.000Z</time>
        <extensions>
          <ns3:TrackPointExtension>
            <ns3:cad>0</ns3:cad>
          </ns3:TrackPointExtension>
        </extensions>
      </trkpt>
      <trkpt lat="68.98169425316154956817626953125" lon="20.4101607017219066619873046875">
        <ele>750.79998779296875</ele>
        <time>2026-08-22T08:55:13.000Z</time>
        <extensions>
          <ns3:TrackPointExtension>
            <ns3:cad>0</ns3:cad>
          </ns3:TrackPointExtension>
        </extensions>
      </trkpt>
      <trkpt lat="68.9817228354513645172119140625" lon="20.4101955704391002655029296875">
        <ele>751.20001220703125</ele>
        <time>2026-08-22T08:55:18.000Z</time>
        <extensions>
          <ns3:TrackPointExtension>
            <ns3:cad>0</ns3:cad>
          </ns3:TrackPointExtension>
        </extensions>
      </trkpt>
      <trkpt lat="68.9817620627582073211669921875" lon="20.4102757014334201812744140625">
        <ele>751.5999755859375</ele>
        <time>2026-08-22T08:55:24.000Z</time>
        <extensions>
          <ns3:TrackPointExtension>
            <ns3:cad>0</ns3:cad>
          </ns3:TrackPointExtension>
        </extensions>
      </trkpt>
      <trkpt lat="68.98179919458925724029541015625" lon="20.4103816486895084381103515625">
        <ele>752</ele>
        <time>2026-08-22T08:55:30.000Z</time>
        <extensions>
          <ns3:TrackPointExtension>
            <ns3:cad>18</ns3:cad>
          </ns3:TrackPointExtension>
        </extensions>
      </trkpt>
      <trkpt lat="68.981820903718471527099609375" lon="20.4104827344417572021484375">
        <ele>752.5999755859375</ele>
        <time>2026-08-22T08:55:36.000Z</time>
        <extensions>
          <ns3:TrackPointExtension>
            <ns3:cad>0</ns3:cad>
          </ns3:TrackPointExtension>
        </extensions>
      </trkpt>
      <trkpt lat="68.9818224124610424041748046875" lon="20.4105378873646259307861328125">
        <ele>752.5999755859375</ele>
        <time>2026-08-22T08:55:38.000Z</time>
        <extensions>
          <ns3:TrackPointExtension>
            <ns3:cad>0</ns3:cad>
          </ns3:TrackPointExtension>
        </extensions>
      </trkpt>
      <trkpt lat="68.98182484321296215057373046875" lon="20.41059195064008235931396484375">
        <ele>752.79998779296875</ele>
        <time>2026-08-22T08:55:41.000Z</time>
        <extensions>
          <ns3:TrackPointExtension>
            <ns3:cad>0</ns3:cad>
          </ns3:TrackPointExtension>
        </extensions>
      </trkpt>
      <trkpt lat="68.98183129727840423583984375" lon="20.41062824428081512451171875">
        <ele>752.79998779296875</ele>
        <time>2026-08-22T08:55:43.000Z</time>
        <extensions>
          <ns3:TrackPointExtension>
            <ns3:cad>0</ns3:cad>
          </ns3:TrackPointExtension>
        </extensions>
      </trkpt>
      <trkpt lat="68.981842361390590667724609375" lon="20.41065699420869350433349609375">
        <ele>752.79998779296875</ele>
        <time>2026-08-22T08:55:46.000Z</time>
        <extensions>
          <ns3:TrackPointExtension>
            <ns3:cad>0</ns3:cad>
          </ns3:TrackPointExtension>
        </extensions>
      </trkpt>
      <trkpt lat="68.9818472228944301605224609375" lon="20.41066571138799190521240234375">
        <ele>753</ele>
        <time>2026-08-22T08:55:47.000Z</time>
        <extensions>
          <ns3:TrackPointExtension>
            <ns3:cad>0</ns3:cad>
          </ns3:TrackPointExtension>
        </extensions>
      </trkpt>
      <trkpt lat="68.9818646572530269622802734375" lon="20.41071315295994281768798828125">
        <ele>753.20001220703125</ele>
        <time>2026-08-22T08:55:52.000Z</time>
        <extensions>
          <ns3:TrackPointExtension>
            <ns3:cad>0</ns3:cad>
          </ns3:TrackPointExtension>
        </extensions>
      </trkpt>
      <trkpt lat="68.981867171823978424072265625" lon="20.4107843153178691864013671875">
        <ele>753.4000244140625</ele>
        <time>2026-08-22T08:55:57.000Z</time>
        <extensions>
          <ns3:TrackPointExtension>
            <ns3:cad>0</ns3:cad>
          </ns3:TrackPointExtension>
        </extensions>
      </trkpt>
      <trkpt lat="68.9818757213652133941650390625" lon="20.41083435527980327606201171875">
        <ele>753.5999755859375</ele>
        <time>2026-08-22T08:56:01.000Z</time>
        <extensions>
          <ns3:TrackPointExtension>
            <ns3:cad>0</ns3:cad>
          </ns3:TrackPointExtension>
        </extensions>
      </trkpt>
      <trkpt lat="68.98188971914350986480712890625" lon="20.41087844409048557281494140625">
        <ele>753.5999755859375</ele>
        <time>2026-08-22T08:56:07.000Z</time>
        <extensions>
          <ns3:TrackPointExtension>
            <ns3:cad>0</ns3:cad>
          </ns3:TrackPointExtension>
        </extensions>
      </trkpt>
      <trkpt lat="68.98189122788608074188232421875" lon="20.41097533889114856719970703125">
        <ele>753.79998779296875</ele>
        <time>2026-08-22T08:56:14.000Z</time>
        <extensions>
          <ns3:TrackPointExtension>
            <ns3:cad>0</ns3:cad>
          </ns3:TrackPointExtension>
        </extensions>
      </trkpt>
      <trkpt lat="68.981904722750186920166015625" lon="20.411045663058757781982421875">
        <ele>754</ele>
        <time>2026-08-22T08:56:19.000Z</time>
        <extensions>
          <ns3:TrackPointExtension>
            <ns3:cad>0</ns3:cad>
          </ns3:TrackPointExtension>
        </extensions>
      </trkpt>
      <trkpt lat="68.98192425258457660675048828125" lon="20.41110207326710224151611328125">
        <ele>754.4000244140625</ele>
        <time>2026-08-22T08:56:25.000Z</time>
        <extensions>
          <ns3:TrackPointExtension>
            <ns3:cad>0</ns3:cad>
          </ns3:TrackPointExtension>
        </extensions>
      </trkpt>
      <trkpt lat="68.98194755427539348602294921875" lon="20.4111873172223567962646484375">
        <ele>754.79998779296875</ele>
        <time>2026-08-22T08:56:31.000Z</time>
        <extensions>
          <ns3:TrackPointExtension>
            <ns3:cad>0</ns3:cad>
          </ns3:TrackPointExtension>
        </extensions>
      </trkpt>
      <trkpt lat="68.9819803275167942047119140625" lon="20.4113053344190120697021484375">
        <ele>755</ele>
        <time>2026-08-22T08:56:38.000Z</time>
        <extensions>
          <ns3:TrackPointExtension>
            <ns3:cad>0</ns3:cad>
          </ns3:TrackPointExtension>
        </extensions>
      </trkpt>
      <trkpt lat="68.9819796569645404815673828125" lon="20.41132167913019657135009765625">
        <ele>755.20001220703125</ele>
        <time>2026-08-22T08:56:39.000Z</time>
        <extensions>
          <ns3:TrackPointExtension>
            <ns3:cad>0</ns3:cad>
          </ns3:TrackPointExtension>
        </extensions>
      </trkpt>
      <trkpt lat="68.9819957502186298370361328125" lon="20.41141639463603496551513671875">
        <ele>755.79998779296875</ele>
        <time>2026-08-22T08:56:46.000Z</time>
        <extensions>
          <ns3:TrackPointExtension>
            <ns3:cad>60</ns3:cad>
          </ns3:TrackPointExtension>
        </extensions>
      </trkpt>
      <trkpt lat="68.9820205606520175933837890625" lon="20.41148386895656585693359375">
        <ele>756.20001220703125</ele>
        <time>2026-08-22T08:56:52.000Z</time>
        <extensions>
          <ns3:TrackPointExtension>
            <ns3:cad>0</ns3:cad>
          </ns3:TrackPointExtension>
        </extensions>
      </trkpt>
      <trkpt lat="68.98203070275485515594482421875" lon="20.41158319450914859771728515625">
        <ele>756.5999755859375</ele>
        <time>2026-08-22T08:56:58.000Z</time>
        <extensions>
          <ns3:TrackPointExtension>
            <ns3:cad>0</ns3:cad>
          </ns3:TrackPointExtension>
        </extensions>
      </trkpt>
      <trkpt lat="68.98204092867672443389892578125" lon="20.4116922430694103240966796875">
        <ele>757.20001220703125</ele>
        <time>2026-08-22T08:57:06.000Z</time>
        <extensions>
          <ns3:TrackPointExtension>
            <ns3:cad>0</ns3:cad>
          </ns3:TrackPointExtension>
        </extensions>
      </trkpt>
      <trkpt lat="68.9820473827421665191650390625" lon="20.411797352135181427001953125">
        <ele>757.4000244140625</ele>
        <time>2026-08-22T08:57:13.000Z</time>
        <extensions>
          <ns3:TrackPointExtension>
            <ns3:cad>0</ns3:cad>
          </ns3:TrackPointExtension>
        </extensions>
      </trkpt>
      <trkpt lat="68.982056267559528350830078125" lon="20.41186734102666378021240234375">
        <ele>757.79998779296875</ele>
        <time>2026-08-22T08:57:18.000Z</time>
        <extensions>
          <ns3:TrackPointExtension>
            <ns3:cad>0</ns3:cad>
          </ns3:TrackPointExtension>
        </extensions>
      </trkpt>
      <trkpt lat="68.982075713574886322021484375" lon="20.41196222417056560516357421875">
        <ele>758.20001220703125</ele>
        <time>2026-08-22T08:57:24.000Z</time>
        <extensions>
          <ns3:TrackPointExtension>
            <ns3:cad>0</ns3:cad>
          </ns3:TrackPointExtension>
        </extensions>
      </trkpt>
      <trkpt lat="68.98207613267004489898681640625" lon="20.411982424557209014892578125">
        <ele>758.20001220703125</ele>
        <time>2026-08-22T08:57:25.000Z</time>
        <extensions>
          <ns3:TrackPointExtension>
            <ns3:cad>0</ns3:cad>
          </ns3:TrackPointExtension>
        </extensions>
      </trkpt>
      <trkpt lat="68.9820745401084423065185546875" lon="20.4120462946593761444091796875">
        <ele>758.5999755859375</ele>
        <time>2026-08-22T08:57:29.000Z</time>
        <extensions>
          <ns3:TrackPointExtension>
            <ns3:cad>0</ns3:cad>
          </ns3:TrackPointExtension>
        </extensions>
      </trkpt>
      <trkpt lat="68.9820854365825653076171875" lon="20.41207621805369853973388671875">
        <ele>758.5999755859375</ele>
        <time>2026-08-22T08:57:35.000Z</time>
        <extensions>
          <ns3:TrackPointExtension>
            <ns3:cad>0</ns3:cad>
          </ns3:TrackPointExtension>
        </extensions>
      </trkpt>
      <trkpt lat="68.98208904080092906951904296875" lon="20.412087701261043548583984375">
        <ele>758.5999755859375</ele>
        <time>2026-08-22T08:57:40.000Z</time>
        <extensions>
          <ns3:TrackPointExtension>
            <ns3:cad>0</ns3:cad>
          </ns3:TrackPointExtension>
        </extensions>
      </trkpt>
      <trkpt lat="68.9821060560643672943115234375" lon="20.412139333784580230712890625">
        <ele>759</ele>
        <time>2026-08-22T08:57:47.000Z</time>
        <extensions>
          <ns3:TrackPointExtension>
            <ns3:cad>0</ns3:cad>
          </ns3:TrackPointExtension>
        </extensions>
      </trkpt>
      <trkpt lat="68.98211049847304821014404296875" lon="20.4121582768857479095458984375">
        <ele>759.4000244140625</ele>
        <time>2026-08-22T08:57:49.000Z</time>
        <extensions>
          <ns3:TrackPointExtension>
            <ns3:cad>0</ns3:cad>
          </ns3:TrackPointExtension>
        </extensions>
      </trkpt>
      <trkpt lat="68.982130028307437896728515625" lon="20.41222692467272281646728515625">
        <ele>760.20001220703125</ele>
        <time>2026-08-22T08:57:54.000Z</time>
        <extensions>
          <ns3:TrackPointExtension>
            <ns3:cad>0</ns3:cad>
          </ns3:TrackPointExtension>
        </extensions>
      </trkpt>
      <trkpt lat="68.9821312017738819122314453125" lon="20.41224184446036815643310546875">
        <ele>760.4000244140625</ele>
        <time>2026-08-22T08:57:55.000Z</time>
        <extensions>
          <ns3:TrackPointExtension>
            <ns3:cad>0</ns3:cad>
          </ns3:TrackPointExtension>
        </extensions>
      </trkpt>
      <trkpt lat="68.982118628919124603271484375" lon="20.41230403818190097808837890625">
        <ele>761</ele>
        <time>2026-08-22T08:58:00.000Z</time>
        <extensions>
          <ns3:TrackPointExtension>
            <ns3:cad>0</ns3:cad>
          </ns3:TrackPointExtension>
        </extensions>
      </trkpt>
      <trkpt lat="68.98209708742797374725341796875" lon="20.41236707009375095367431640625">
        <ele>761.4000244140625</ele>
        <time>2026-08-22T08:58:04.000Z</time>
        <extensions>
          <ns3:TrackPointExtension>
            <ns3:cad>0</ns3:cad>
          </ns3:TrackPointExtension>
        </extensions>
      </trkpt>
      <trkpt lat="68.982090465724468231201171875" lon="20.4123993404209613800048828125">
        <ele>761.5999755859375</ele>
        <time>2026-08-22T08:58:06.000Z</time>
        <extensions>
          <ns3:TrackPointExtension>
            <ns3:cad>0</ns3:cad>
          </ns3:TrackPointExtension>
        </extensions>
      </trkpt>
      <trkpt lat="68.98209876380860805511474609375" lon="20.41247737593948841094970703125">
        <ele>762.20001220703125</ele>
        <time>2026-08-22T08:58:12.000Z</time>
        <extensions>
          <ns3:TrackPointExtension>
            <ns3:cad>0</ns3:cad>
          </ns3:TrackPointExtension>
        </extensions>
      </trkpt>
      <trkpt lat="68.9821023680269718170166015625" lon="20.4125086404383182525634765625">
        <ele>762.5999755859375</ele>
        <time>2026-08-22T08:58:14.000Z</time>
        <extensions>
          <ns3:TrackPointExtension>
            <ns3:cad>65</ns3:cad>
          </ns3:TrackPointExtension>
        </extensions>
      </trkpt>
      <trkpt lat="68.98209842853248119354248046875" lon="20.41256572119891643524169921875">
        <ele>763.4000244140625</ele>
        <time>2026-08-22T08:58:18.000Z</time>
        <extensions>
          <ns3:TrackPointExtension>
            <ns3:cad>0</ns3:cad>
          </ns3:TrackPointExtension>
        </extensions>
      </trkpt>
      <trkpt lat="68.9820980094373226165771484375" lon="20.4125984944403171539306640625">
        <ele>763.79998779296875</ele>
        <time>2026-08-22T08:58:20.000Z</time>
        <extensions>
          <ns3:TrackPointExtension>
            <ns3:cad>0</ns3:cad>
          </ns3:TrackPointExtension>
        </extensions>
      </trkpt>
      <trkpt lat="68.98210111074149608612060546875" lon="20.41264333762228488922119140625">
        <ele>764.4000244140625</ele>
        <time>2026-08-22T08:58:24.000Z</time>
        <extensions>
          <ns3:TrackPointExtension>
            <ns3:cad>0</ns3:cad>
          </ns3:TrackPointExtension>
        </extensions>
      </trkpt>
      <trkpt lat="68.98210898973047733306884765625" lon="20.4127091355621814727783203125">
        <ele>764.79998779296875</ele>
        <time>2026-08-22T08:58:29.000Z</time>
        <extensions>
          <ns3:TrackPointExtension>
            <ns3:cad>0</ns3:cad>
          </ns3:TrackPointExtension>
        </extensions>
      </trkpt>
      <trkpt lat="68.98211284540593624114990234375" lon="20.41273470036685466766357421875">
        <ele>765.20001220703125</ele>
        <time>2026-08-22T08:58:31.000Z</time>
        <extensions>
          <ns3:TrackPointExtension>
            <ns3:cad>0</ns3:cad>
          </ns3:TrackPointExtension>
        </extensions>
      </trkpt>
      <trkpt lat="68.98212307132780551910400390625" lon="20.41280217468738555908203125">
        <ele>766</ele>
        <time>2026-08-22T08:58:37.000Z</time>
        <extensions>
          <ns3:TrackPointExtension>
            <ns3:cad>0</ns3:cad>
          </ns3:TrackPointExtension>
        </extensions>
      </trkpt>
      <trkpt lat="68.98212307132780551910400390625" lon="20.412870906293392181396484375">
        <ele>766.5999755859375</ele>
        <time>2026-08-22T08:58:42.000Z</time>
        <extensions>
          <ns3:TrackPointExtension>
            <ns3:cad>0</ns3:cad>
          </ns3:TrackPointExtension>
        </extensions>
      </trkpt>
      <trkpt lat="68.98212659172713756561279296875" lon="20.4128932021558284759521484375">
        <ele>767</ele>
        <time>2026-08-22T08:58:45.000Z</time>
        <extensions>
          <ns3:TrackPointExtension>
            <ns3:cad>0</ns3:cad>
          </ns3:TrackPointExtension>
        </extensions>
      </trkpt>
      <trkpt lat="68.98212692700326442718505859375" lon="20.41292111389338970184326171875">
        <ele>767.4000244140625</ele>
        <time>2026-08-22T08:58:48.000Z</time>
        <extensions>
          <ns3:TrackPointExtension>
            <ns3:cad>0</ns3:cad>
          </ns3:TrackPointExtension>
        </extensions>
      </trkpt>
      <trkpt lat="68.98212969303131103515625" lon="20.4129807092249393463134765625">
        <ele>767.79998779296875</ele>
        <time>2026-08-22T08:58:53.000Z</time>
        <extensions>
          <ns3:TrackPointExtension>
            <ns3:cad>0</ns3:cad>
          </ns3:TrackPointExtension>
        </extensions>
      </trkpt>
      <trkpt lat="68.98213044740259647369384765625" lon="20.41303762234747409820556640625">
        <ele>768.20001220703125</ele>
        <time>2026-08-22T08:58:56.000Z</time>
        <extensions>
          <ns3:TrackPointExtension>
            <ns3:cad>0</ns3:cad>
          </ns3:TrackPointExtension>
        </extensions>
      </trkpt>
      <trkpt lat="68.98213027976453304290771484375" lon="20.413112640380859375">
        <ele>768.5999755859375</ele>
        <time>2026-08-22T08:59:00.000Z</time>
        <extensions>
          <ns3:TrackPointExtension>
            <ns3:cad>0</ns3:cad>
          </ns3:TrackPointExtension>
        </extensions>
      </trkpt>
      <trkpt lat="68.98213463835418224334716796875" lon="20.41321464814245700836181640625">
        <ele>769.20001220703125</ele>
        <time>2026-08-22T08:59:06.000Z</time>
        <extensions>
          <ns3:TrackPointExtension>
            <ns3:cad>55</ns3:cad>
          </ns3:TrackPointExtension>
        </extensions>
      </trkpt>
      <trkpt lat="68.98213799111545085906982421875" lon="20.4132284782826900482177734375">
        <ele>769.20001220703125</ele>
        <time>2026-08-22T08:59:07.000Z</time>
        <extensions>
          <ns3:TrackPointExtension>
            <ns3:cad>55</ns3:cad>
          </ns3:TrackPointExtension>
        </extensions>
      </trkpt>
      <trkpt lat="68.98214536719024181365966796875" lon="20.413304083049297332763671875">
        <ele>769.4000244140625</ele>
        <time>2026-08-22T08:59:11.000Z</time>
        <extensions>
          <ns3:TrackPointExtension>
            <ns3:cad>0</ns3:cad>
          </ns3:TrackPointExtension>
        </extensions>
      </trkpt>
      <trkpt lat="68.98214050568640232086181640625" lon="20.413405336439609527587890625">
        <ele>769.79998779296875</ele>
        <time>2026-08-22T08:59:17.000Z</time>
        <extensions>
          <ns3:TrackPointExtension>
            <ns3:cad>0</ns3:cad>
          </ns3:TrackPointExtension>
        </extensions>
      </trkpt>
      <trkpt lat="68.982142098248004913330078125" lon="20.41347716934978961944580078125">
        <ele>770.20001220703125</ele>
        <time>2026-08-22T08:59:24.000Z</time>
        <extensions>
          <ns3:TrackPointExtension>
            <ns3:cad>0</ns3:cad>
          </ns3:TrackPointExtension>
        </extensions>
      </trkpt>
      <trkpt lat="68.98214670829474925994873046875" lon="20.41355662979185581207275390625">
        <ele>771</ele>
        <time>2026-08-22T08:59:30.000Z</time>
        <extensions>
          <ns3:TrackPointExtension>
            <ns3:cad>0</ns3:cad>
          </ns3:TrackPointExtension>
        </extensions>
      </trkpt>
      <trkpt lat="68.9821543358266353607177734375" lon="20.41360407136380672454833984375">
        <ele>771.4000244140625</ele>
        <time>2026-08-22T08:59:33.000Z</time>
        <extensions>
          <ns3:TrackPointExtension>
            <ns3:cad>0</ns3:cad>
          </ns3:TrackPointExtension>
        </extensions>
      </trkpt>
      <trkpt lat="68.98215509019792079925537109375" lon="20.41364841163158416748046875">
        <ele>771.5999755859375</ele>
        <time>2026-08-22T08:59:36.000Z</time>
        <extensions>
          <ns3:TrackPointExtension>
            <ns3:cad>0</ns3:cad>
          </ns3:TrackPointExtension>
        </extensions>
      </trkpt>
      <trkpt lat="68.982156179845333099365234375" lon="20.41375997476279735565185546875">
        <ele>772.20001220703125</ele>
        <time>2026-08-22T08:59:42.000Z</time>
        <extensions>
          <ns3:TrackPointExtension>
            <ns3:cad>0</ns3:cad>
          </ns3:TrackPointExtension>
        </extensions>
      </trkpt>
      <trkpt lat="68.98215726949274539947509765625" lon="20.4137676022946834564208984375">
        <ele>772.4000244140625</ele>
        <time>2026-08-22T08:59:43.000Z</time>
        <extensions>
          <ns3:TrackPointExtension>
            <ns3:cad>0</ns3:cad>
          </ns3:TrackPointExtension>
        </extensions>
      </trkpt>
      <trkpt lat="68.98215115070343017578125" lon="20.4138435423374176025390625">
        <ele>773</ele>
        <time>2026-08-22T08:59:48.000Z</time>
        <extensions>
          <ns3:TrackPointExtension>
            <ns3:cad>0</ns3:cad>
          </ns3:TrackPointExtension>
        </extensions>
      </trkpt>
      <trkpt lat="68.98214804939925670623779296875" lon="20.4138872958719730377197265625">
        <ele>773.4000244140625</ele>
        <time>2026-08-22T08:59:52.000Z</time>
        <extensions>
          <ns3:TrackPointExtension>
            <ns3:cad>0</ns3:cad>
          </ns3:TrackPointExtension>
        </extensions>
      </trkpt>
      <trkpt lat="68.9821513183414936065673828125" lon="20.41393138468265533447265625">
        <ele>773.79998779296875</ele>
        <time>2026-08-22T08:59:56.000Z</time>
        <extensions>
          <ns3:TrackPointExtension>
            <ns3:cad>0</ns3:cad>
          </ns3:TrackPointExtension>
        </extensions>
      </trkpt>
      <trkpt lat="68.98216699250042438507080078125" lon="20.4140435345470905303955078125">
        <ele>774.20001220703125</ele>
        <time>2026-08-22T09:00:02.000Z</time>
        <extensions>
          <ns3:TrackPointExtension>
            <ns3:cad>0</ns3:cad>
          </ns3:TrackPointExtension>
        </extensions>
      </trkpt>
      <trkpt lat="68.98218224756419658660888671875" lon="20.41418057866394519805908203125">
        <ele>774.20001220703125</ele>
        <time>2026-08-22T09:00:08.000Z</time>
        <extensions>
          <ns3:TrackPointExtension>
            <ns3:cad>0</ns3:cad>
          </ns3:TrackPointExtension>
        </extensions>
      </trkpt>
      <trkpt lat="68.982183001935482025146484375" lon="20.41419088840484619140625">
        <ele>774.4000244140625</ele>
        <time>2026-08-22T09:00:09.000Z</time>
        <extensions>
          <ns3:TrackPointExtension>
            <ns3:cad>0</ns3:cad>
          </ns3:TrackPointExtension>
        </extensions>
      </trkpt>
      <trkpt lat="68.98218744434416294097900390625" lon="20.41426573880016803741455078125">
        <ele>775.4000244140625</ele>
        <time>2026-08-22T09:00:14.000Z</time>
        <extensions>
          <ns3:TrackPointExtension>
            <ns3:cad>0</ns3:cad>
          </ns3:TrackPointExtension>
        </extensions>
      </trkpt>
      <trkpt lat="68.9821875281631946563720703125" lon="20.4142718575894832611083984375">
        <ele>775.5999755859375</ele>
        <time>2026-08-22T09:00:15.000Z</time>
        <extensions>
          <ns3:TrackPointExtension>
            <ns3:cad>0</ns3:cad>
          </ns3:TrackPointExtension>
        </extensions>
      </trkpt>
      <trkpt lat="68.98219046182930469512939453125" lon="20.41429038159549236297607421875">
        <ele>776.4000244140625</ele>
        <time>2026-08-22T09:00:20.000Z</time>
        <extensions>
          <ns3:TrackPointExtension>
            <ns3:cad>0</ns3:cad>
          </ns3:TrackPointExtension>
        </extensions>
      </trkpt>
      <trkpt lat="68.98218845017254352569580078125" lon="20.4143073968589305877685546875">
        <ele>776.5999755859375</ele>
        <time>2026-08-22T09:00:22.000Z</time>
        <extensions>
          <ns3:TrackPointExtension>
            <ns3:cad>0</ns3:cad>
          </ns3:TrackPointExtension>
        </extensions>
      </trkpt>
      <trkpt lat="68.98218761198222637176513671875" lon="20.414334051311016082763671875">
        <ele>777</ele>
        <time>2026-08-22T09:00:26.000Z</time>
        <extensions>
          <ns3:TrackPointExtension>
            <ns3:cad>0</ns3:cad>
          </ns3:TrackPointExtension>
        </extensions>
      </trkpt>
      <trkpt lat="68.982184343039989471435546875" lon="20.414322316646575927734375">
        <ele>777</ele>
        <time>2026-08-22T09:00:30.000Z</time>
        <extensions>
          <ns3:TrackPointExtension>
            <ns3:cad>0</ns3:cad>
          </ns3:TrackPointExtension>
        </extensions>
      </trkpt>
      <trkpt lat="68.98219029419124126434326171875" lon="20.414376966655254364013671875">
        <ele>777.20001220703125</ele>
        <time>2026-08-22T09:00:35.000Z</time>
        <extensions>
          <ns3:TrackPointExtension>
            <ns3:cad>0</ns3:cad>
          </ns3:TrackPointExtension>
        </extensions>
      </trkpt>
      <trkpt lat="68.9821881987154483795166015625" lon="20.4144951514899730682373046875">
        <ele>777.79998779296875</ele>
        <time>2026-08-22T09:00:41.000Z</time>
        <extensions>
          <ns3:TrackPointExtension>
            <ns3:cad>0</ns3:cad>
          </ns3:TrackPointExtension>
        </extensions>
      </trkpt>
      <trkpt lat="68.982186354696750640869140625" lon="20.41453479789197444915771484375">
        <ele>777.79998779296875</ele>
        <time>2026-08-22T09:00:43.000Z</time>
        <extensions>
          <ns3:TrackPointExtension>
            <ns3:cad>0</ns3:cad>
          </ns3:TrackPointExtension>
        </extensions>
      </trkpt>
      <trkpt lat="68.9821741171181201934814453125" lon="20.4146534018218517303466796875">
        <ele>778.20001220703125</ele>
        <time>2026-08-22T09:00:49.000Z</time>
        <extensions>
          <ns3:TrackPointExtension>
            <ns3:cad>0</ns3:cad>
          </ns3:TrackPointExtension>
        </extensions>
      </trkpt>
      <trkpt lat="68.9821610413491725921630859375" lon="20.41473261080682277679443359375">
        <ele>778.5999755859375</ele>
        <time>2026-08-22T09:00:54.000Z</time>
        <extensions>
          <ns3:TrackPointExtension>
            <ns3:cad>0</ns3:cad>
          </ns3:TrackPointExtension>
        </extensions>
      </trkpt>
      <trkpt lat="68.98216146044433116912841796875" lon="20.41475742124021053314208984375">
        <ele>778.79998779296875</ele>
        <time>2026-08-22T09:00:55.000Z</time>
        <extensions>
          <ns3:TrackPointExtension>
            <ns3:cad>0</ns3:cad>
          </ns3:TrackPointExtension>
        </extensions>
      </trkpt>
      <trkpt lat="68.9821610413491725921630859375" lon="20.41484241373836994171142578125">
        <ele>779.4000244140625</ele>
        <time>2026-08-22T09:01:01.000Z</time>
        <extensions>
          <ns3:TrackPointExtension>
            <ns3:cad>0</ns3:cad>
          </ns3:TrackPointExtension>
        </extensions>
      </trkpt>
      <trkpt lat="68.98216280154883861541748046875" lon="20.41486806236207485198974609375">
        <ele>779.79998779296875</ele>
        <time>2026-08-22T09:01:04.000Z</time>
        <extensions>
          <ns3:TrackPointExtension>
            <ns3:cad>0</ns3:cad>
          </ns3:TrackPointExtension>
        </extensions>
      </trkpt>
      <trkpt lat="68.98216699250042438507080078125" lon="20.4148961417376995086669921875">
        <ele>780</ele>
        <time>2026-08-22T09:01:06.000Z</time>
        <extensions>
          <ns3:TrackPointExtension>
            <ns3:cad>0</ns3:cad>
          </ns3:TrackPointExtension>
        </extensions>
      </trkpt>
      <trkpt lat="68.98217059671878814697265625" lon="20.4149766080081462860107421875">
        <ele>781</ele>
        <time>2026-08-22T09:01:11.000Z</time>
        <extensions>
          <ns3:TrackPointExtension>
            <ns3:cad>0</ns3:cad>
          </ns3:TrackPointExtension>
        </extensions>
      </trkpt>
      <trkpt lat="68.982159532606601715087890625" lon="20.41506788693368434906005859375">
        <ele>781.5999755859375</ele>
        <time>2026-08-22T09:01:16.000Z</time>
        <extensions>
          <ns3:TrackPointExtension>
            <ns3:cad>0</ns3:cad>
          </ns3:TrackPointExtension>
        </extensions>
      </trkpt>
      <trkpt lat="68.9821570180356502532958984375" lon="20.4151100479066371917724609375">
        <ele>782</ele>
        <time>2026-08-22T09:01:19.000Z</time>
        <extensions>
          <ns3:TrackPointExtension>
            <ns3:cad>0</ns3:cad>
          </ns3:TrackPointExtension>
        </extensions>
      </trkpt>
      <trkpt lat="68.98215559311211109161376953125" lon="20.41512957774102687835693359375">
        <ele>782.20001220703125</ele>
        <time>2026-08-22T09:01:21.000Z</time>
        <extensions>
          <ns3:TrackPointExtension>
            <ns3:cad>0</ns3:cad>
          </ns3:TrackPointExtension>
        </extensions>
      </trkpt>
      <trkpt lat="68.98215156979858875274658203125" lon="20.4152002371847629547119140625">
        <ele>782.4000244140625</ele>
        <time>2026-08-22T09:01:25.000Z</time>
        <extensions>
          <ns3:TrackPointExtension>
            <ns3:cad>0</ns3:cad>
          </ns3:TrackPointExtension>
        </extensions>
      </trkpt>
      <trkpt lat="68.98214989341795444488525390625" lon="20.4152579046785831451416015625">
        <ele>783</ele>
        <time>2026-08-22T09:01:29.000Z</time>
        <extensions>
          <ns3:TrackPointExtension>
            <ns3:cad>0</ns3:cad>
          </ns3:TrackPointExtension>
        </extensions>
      </trkpt>
      <trkpt lat="68.982150144875049591064453125" lon="20.41527248919010162353515625">
        <ele>783.20001220703125</ele>
        <time>2026-08-22T09:01:30.000Z</time>
        <extensions>
          <ns3:TrackPointExtension>
            <ns3:cad>0</ns3:cad>
          </ns3:TrackPointExtension>
        </extensions>
      </trkpt>
      <trkpt lat="68.98216833360493183135986328125" lon="20.41540282778441905975341796875">
        <ele>783.5999755859375</ele>
        <time>2026-08-22T09:01:37.000Z</time>
        <extensions>
          <ns3:TrackPointExtension>
            <ns3:cad>0</ns3:cad>
          </ns3:TrackPointExtension>
        </extensions>
      </trkpt>
      <trkpt lat="68.98216950707137584686279296875" lon="20.41549368761479854583740234375">
        <ele>784</ele>
        <time>2026-08-22T09:01:42.000Z</time>
        <extensions>
          <ns3:TrackPointExtension>
            <ns3:cad>0</ns3:cad>
          </ns3:TrackPointExtension>
        </extensions>
      </trkpt>
      <trkpt lat="68.982184343039989471435546875" lon="20.41561069898307323455810546875">
        <ele>784</ele>
        <time>2026-08-22T09:01:48.000Z</time>
        <extensions>
          <ns3:TrackPointExtension>
            <ns3:cad>0</ns3:cad>
          </ns3:TrackPointExtension>
        </extensions>
      </trkpt>
      <trkpt lat="68.98219632916152477264404296875" lon="20.41571212001144886016845703125">
        <ele>785</ele>
        <time>2026-08-22T09:01:54.000Z</time>
        <extensions>
          <ns3:TrackPointExtension>
            <ns3:cad>0</ns3:cad>
          </ns3:TrackPointExtension>
        </extensions>
      </trkpt>
      <trkpt lat="68.98220068775117397308349609375" lon="20.41572670452296733856201171875">
        <ele>785.20001220703125</ele>
        <time>2026-08-22T09:01:56.000Z</time>
        <extensions>
          <ns3:TrackPointExtension>
            <ns3:cad>0</ns3:cad>
          </ns3:TrackPointExtension>
        </extensions>
      </trkpt>
      <trkpt lat="68.9822093211114406585693359375" lon="20.41578487493097782135009765625">
        <ele>785.5999755859375</ele>
        <time>2026-08-22T09:02:00.000Z</time>
        <extensions>
          <ns3:TrackPointExtension>
            <ns3:cad>0</ns3:cad>
          </ns3:TrackPointExtension>
        </extensions>
      </trkpt>
      <trkpt lat="68.982218205928802490234375" lon="20.41584740392863750457763671875">
        <ele>786.20001220703125</ele>
        <time>2026-08-22T09:02:05.000Z</time>
        <extensions>
          <ns3:TrackPointExtension>
            <ns3:cad>0</ns3:cad>
          </ns3:TrackPointExtension>
        </extensions>
      </trkpt>
      <trkpt lat="68.98223220370709896087646484375" lon="20.41591563262045383453369140625">
        <ele>786.79998779296875</ele>
        <time>2026-08-22T09:02:11.000Z</time>
        <extensions>
          <ns3:TrackPointExtension>
            <ns3:cad>0</ns3:cad>
          </ns3:TrackPointExtension>
        </extensions>
      </trkpt>
      <trkpt lat="68.98223765194416046142578125" lon="20.4159572906792163848876953125">
        <ele>787.4000244140625</ele>
        <time>2026-08-22T09:02:14.000Z</time>
        <extensions>
          <ns3:TrackPointExtension>
            <ns3:cad>0</ns3:cad>
          </ns3:TrackPointExtension>
        </extensions>
      </trkpt>
      <trkpt lat="68.9822418428957462310791015625" lon="20.41598838753998279571533203125">
        <ele>787.5999755859375</ele>
        <time>2026-08-22T09:02:16.000Z</time>
        <extensions>
          <ns3:TrackPointExtension>
            <ns3:cad>0</ns3:cad>
          </ns3:TrackPointExtension>
        </extensions>
      </trkpt>
      <trkpt lat="68.9822639711201190948486328125" lon="20.41609165258705615997314453125">
        <ele>788</ele>
        <time>2026-08-22T09:02:22.000Z</time>
        <extensions>
          <ns3:TrackPointExtension>
            <ns3:cad>0</ns3:cad>
          </ns3:TrackPointExtension>
        </extensions>
      </trkpt>
      <trkpt lat="68.98227394558489322662353515625" lon="20.41614362038671970367431640625">
        <ele>788.4000244140625</ele>
        <time>2026-08-22T09:02:25.000Z</time>
        <extensions>
          <ns3:TrackPointExtension>
            <ns3:cad>0</ns3:cad>
          </ns3:TrackPointExtension>
        </extensions>
      </trkpt>
      <trkpt lat="68.98227931000292301177978515625" lon="20.41617647744715213775634765625">
        <ele>788.79998779296875</ele>
        <time>2026-08-22T09:02:29.000Z</time>
        <extensions>
          <ns3:TrackPointExtension>
            <ns3:cad>0</ns3:cad>
          </ns3:TrackPointExtension>
        </extensions>
      </trkpt>
      <trkpt lat="68.98228953592479228973388671875" lon="20.4162241704761981964111328125">
        <ele>789.5999755859375</ele>
        <time>2026-08-22T09:02:34.000Z</time>
        <extensions>
          <ns3:TrackPointExtension>
            <ns3:cad>0</ns3:cad>
          </ns3:TrackPointExtension>
        </extensions>
      </trkpt>
      <trkpt lat="68.98229087702929973602294921875" lon="20.41624009609222412109375">
        <ele>789.5999755859375</ele>
        <time>2026-08-22T09:02:35.000Z</time>
        <extensions>
          <ns3:TrackPointExtension>
            <ns3:cad>0</ns3:cad>
          </ns3:TrackPointExtension>
        </extensions>
      </trkpt>
      <trkpt lat="68.98230738937854766845703125" lon="20.416307151317596435546875">
        <ele>790.4000244140625</ele>
        <time>2026-08-22T09:02:41.000Z</time>
        <extensions>
          <ns3:TrackPointExtension>
            <ns3:cad>0</ns3:cad>
          </ns3:TrackPointExtension>
        </extensions>
      </trkpt>
      <trkpt lat="68.98231409490108489990234375" lon="20.4163321293890476226806640625">
        <ele>790.5999755859375</ele>
        <time>2026-08-22T09:02:43.000Z</time>
        <extensions>
          <ns3:TrackPointExtension>
            <ns3:cad>0</ns3:cad>
          </ns3:TrackPointExtension>
        </extensions>
      </trkpt>
      <trkpt lat="68.98232289589941501617431640625" lon="20.4163733683526515960693359375">
        <ele>791.20001220703125</ele>
        <time>2026-08-22T09:02:47.000Z</time>
        <extensions>
          <ns3:TrackPointExtension>
            <ns3:cad>0</ns3:cad>
          </ns3:TrackPointExtension>
        </extensions>
      </trkpt>
      <trkpt lat="68.98232214152812957763671875" lon="20.4164253361523151397705078125">
        <ele>791.79998779296875</ele>
        <time>2026-08-22T09:02:51.000Z</time>
        <extensions>
          <ns3:TrackPointExtension>
            <ns3:cad>0</ns3:cad>
          </ns3:TrackPointExtension>
        </extensions>
      </trkpt>
      <trkpt lat="68.982328511774539947509765625" lon="20.41647453792393207550048828125">
        <ele>792</ele>
        <time>2026-08-22T09:02:54.000Z</time>
        <extensions>
          <ns3:TrackPointExtension>
            <ns3:cad>0</ns3:cad>
          </ns3:TrackPointExtension>
        </extensions>
      </trkpt>
      <trkpt lat="68.982343934476375579833984375" lon="20.41652373969554901123046875">
        <ele>792.5999755859375</ele>
        <time>2026-08-22T09:03:00.000Z</time>
        <extensions>
          <ns3:TrackPointExtension>
            <ns3:cad>0</ns3:cad>
          </ns3:TrackPointExtension>
        </extensions>
      </trkpt>
      <trkpt lat="68.98234971798956394195556640625" lon="20.4165332950651645660400390625">
        <ele>792.79998779296875</ele>
        <time>2026-08-22T09:03:02.000Z</time>
        <extensions>
          <ns3:TrackPointExtension>
            <ns3:cad>0</ns3:cad>
          </ns3:TrackPointExtension>
        </extensions>
      </trkpt>
      <trkpt lat="68.9823578484356403350830078125" lon="20.41657545603811740875244140625">
        <ele>793</ele>
        <time>2026-08-22T09:03:05.000Z</time>
        <extensions>
          <ns3:TrackPointExtension>
            <ns3:cad>0</ns3:cad>
          </ns3:TrackPointExtension>
        </extensions>
      </trkpt>
      <trkpt lat="68.98237721063196659088134765625" lon="20.41667536832392215728759765625">
        <ele>793.5999755859375</ele>
        <time>2026-08-22T09:03:12.000Z</time>
        <extensions>
          <ns3:TrackPointExtension>
            <ns3:cad>0</ns3:cad>
          </ns3:TrackPointExtension>
        </extensions>
      </trkpt>
      <trkpt lat="68.9823783002793788909912109375" lon="20.41669330559670925140380859375">
        <ele>793.79998779296875</ele>
        <time>2026-08-22T09:03:14.000Z</time>
        <extensions>
          <ns3:TrackPointExtension>
            <ns3:cad>0</ns3:cad>
          </ns3:TrackPointExtension>
        </extensions>
      </trkpt>
      <trkpt lat="68.98238693363964557647705078125" lon="20.41674904525279998779296875">
        <ele>794.20001220703125</ele>
        <time>2026-08-22T09:03:18.000Z</time>
        <extensions>
          <ns3:TrackPointExtension>
            <ns3:cad>0</ns3:cad>
          </ns3:TrackPointExtension>
        </extensions>
      </trkpt>
      <trkpt lat="68.98239900358021259307861328125" lon="20.416806042194366455078125">
        <ele>794.79998779296875</ele>
        <time>2026-08-22T09:03:23.000Z</time>
        <extensions>
          <ns3:TrackPointExtension>
            <ns3:cad>0</ns3:cad>
          </ns3:TrackPointExtension>
        </extensions>
      </trkpt>
      <trkpt lat="68.98240738548338413238525390625" lon="20.41691307909786701202392578125">
        <ele>795.4000244140625</ele>
        <time>2026-08-22T09:03:29.000Z</time>
        <extensions>
          <ns3:TrackPointExtension>
            <ns3:cad>0</ns3:cad>
          </ns3:TrackPointExtension>
        </extensions>
      </trkpt>
      <trkpt lat="68.98241526447236537933349609375" lon="20.41700058616697788238525390625">
        <ele>795.79998779296875</ele>
        <time>2026-08-22T09:03:34.000Z</time>
        <extensions>
          <ns3:TrackPointExtension>
            <ns3:cad>0</ns3:cad>
          </ns3:TrackPointExtension>
        </extensions>
      </trkpt>
      <trkpt lat="68.982416689395904541015625" lon="20.4170187748968601226806640625">
        <ele>796</ele>
        <time>2026-08-22T09:03:35.000Z</time>
        <extensions>
          <ns3:TrackPointExtension>
            <ns3:cad>0</ns3:cad>
          </ns3:TrackPointExtension>
        </extensions>
      </trkpt>
      <trkpt lat="68.98243320174515247344970703125" lon="20.417114160954952239990234375">
        <ele>796.79998779296875</ele>
        <time>2026-08-22T09:03:43.000Z</time>
        <extensions>
          <ns3:TrackPointExtension>
            <ns3:cad>0</ns3:cad>
          </ns3:TrackPointExtension>
        </extensions>
      </trkpt>
      <trkpt lat="68.98244041018187999725341796875" lon="20.4171398095786571502685546875">
        <ele>797</ele>
        <time>2026-08-22T09:03:46.000Z</time>
        <extensions>
          <ns3:TrackPointExtension>
            <ns3:cad>0</ns3:cad>
          </ns3:TrackPointExtension>
        </extensions>
      </trkpt>
      <trkpt lat="68.98243739269673824310302734375" lon="20.41717610321938991546630859375">
        <ele>797.5999755859375</ele>
        <time>2026-08-22T09:03:50.000Z</time>
        <extensions>
          <ns3:TrackPointExtension>
            <ns3:cad>0</ns3:cad>
          </ns3:TrackPointExtension>
        </extensions>
      </trkpt>
      <trkpt lat="68.98243269883096218109130859375" lon="20.4171931184828281402587890625">
        <ele>798</ele>
        <time>2026-08-22T09:03:52.000Z</time>
        <extensions>
          <ns3:TrackPointExtension>
            <ns3:cad>0</ns3:cad>
          </ns3:TrackPointExtension>
        </extensions>
      </trkpt>
      <trkpt lat="68.9824368059635162353515625" lon="20.41719823144376277923583984375">
        <ele>798.4000244140625</ele>
        <time>2026-08-22T09:03:56.000Z</time>
        <extensions>
          <ns3:TrackPointExtension>
            <ns3:cad>0</ns3:cad>
          </ns3:TrackPointExtension>
        </extensions>
      </trkpt>
      <trkpt lat="68.98245759308338165283203125" lon="20.41726981289684772491455078125">
        <ele>798.20001220703125</ele>
        <time>2026-08-22T09:04:03.000Z</time>
        <extensions>
          <ns3:TrackPointExtension>
            <ns3:cad>0</ns3:cad>
          </ns3:TrackPointExtension>
        </extensions>
      </trkpt>
      <trkpt lat="68.9824721775949001312255859375" lon="20.41734340600669384002685546875">
        <ele>798.79998779296875</ele>
        <time>2026-08-22T09:04:09.000Z</time>
        <extensions>
          <ns3:TrackPointExtension>
            <ns3:cad>0</ns3:cad>
          </ns3:TrackPointExtension>
        </extensions>
      </trkpt>
      <trkpt lat="68.982478715479373931884765625" lon="20.41738430969417095184326171875">
        <ele>799</ele>
        <time>2026-08-22T09:04:11.000Z</time>
        <extensions>
          <ns3:TrackPointExtension>
            <ns3:cad>0</ns3:cad>
          </ns3:TrackPointExtension>
        </extensions>
      </trkpt>
      <trkpt lat="68.98248282261192798614501953125" lon="20.417449437081813812255859375">
        <ele>799.5999755859375</ele>
        <time>2026-08-22T09:04:15.000Z</time>
        <extensions>
          <ns3:TrackPointExtension>
            <ns3:cad>0</ns3:cad>
          </ns3:TrackPointExtension>
        </extensions>
      </trkpt>
      <trkpt lat="68.98250210098922252655029296875" lon="20.4175039194524288177490234375">
        <ele>800.20001220703125</ele>
        <time>2026-08-22T09:04:20.000Z</time>
        <extensions>
          <ns3:TrackPointExtension>
            <ns3:cad>0</ns3:cad>
          </ns3:TrackPointExtension>
        </extensions>
      </trkpt>
      <trkpt lat="68.9825065433979034423828125" lon="20.41757105849683284759521484375">
        <ele>801.20001220703125</ele>
        <time>2026-08-22T09:04:25.000Z</time>
        <extensions>
          <ns3:TrackPointExtension>
            <ns3:cad>0</ns3:cad>
          </ns3:TrackPointExtension>
        </extensions>
      </trkpt>
      <trkpt lat="68.98250997997820377349853515625" lon="20.41768488474190235137939453125">
        <ele>801.4000244140625</ele>
        <time>2026-08-22T09:04:31.000Z</time>
        <extensions>
          <ns3:TrackPointExtension>
            <ns3:cad>0</ns3:cad>
          </ns3:TrackPointExtension>
        </extensions>
      </trkpt>
      <trkpt lat="68.9825092256069183349609375" lon="20.417798459529876708984375">
        <ele>802.20001220703125</ele>
        <time>2026-08-22T09:04:38.000Z</time>
        <extensions>
          <ns3:TrackPointExtension>
            <ns3:cad>0</ns3:cad>
          </ns3:TrackPointExtension>
        </extensions>
      </trkpt>
      <trkpt lat="68.98251056671142578125" lon="20.417816229164600372314453125">
        <ele>802.20001220703125</ele>
        <time>2026-08-22T09:04:39.000Z</time>
        <extensions>
          <ns3:TrackPointExtension>
            <ns3:cad>0</ns3:cad>
          </ns3:TrackPointExtension>
        </extensions>
      </trkpt>
      <trkpt lat="68.98250159807503223419189453125" lon="20.41782720945775508880615234375">
        <ele>802.79998779296875</ele>
        <time>2026-08-22T09:04:45.000Z</time>
        <extensions>
          <ns3:TrackPointExtension>
            <ns3:cad>0</ns3:cad>
          </ns3:TrackPointExtension>
        </extensions>
      </trkpt>
      <trkpt lat="68.98253261111676692962646484375" lon="20.41790013201534748077392578125">
        <ele>802.4000244140625</ele>
        <time>2026-08-22T09:26:24.000Z</time>
        <extensions>
          <ns3:TrackPointExtension>
            <ns3:cad>0</ns3:cad>
          </ns3:TrackPointExtension>
        </extensions>
      </trkpt>
      <trkpt lat="68.98256747983396053314208984375" lon="20.417950339615345001220703125">
        <ele>802.5999755859375</ele>
        <time>2026-08-22T09:26:31.000Z</time>
        <extensions>
          <ns3:TrackPointExtension>
            <ns3:cad>0</ns3:cad>
          </ns3:TrackPointExtension>
        </extensions>
      </trkpt>
      <trkpt lat="68.9825655519962310791015625" lon="20.418069697916507720947265625">
        <ele>802.79998779296875</ele>
        <time>2026-08-22T09:26:36.000Z</time>
        <extensions>
          <ns3:TrackPointExtension>
            <ns3:cad>0</ns3:cad>
          </ns3:TrackPointExtension>
        </extensions>
      </trkpt>
      <trkpt lat="68.98257535882294178009033203125" lon="20.418193750083446502685546875">
        <ele>803.4000244140625</ele>
        <time>2026-08-22T09:26:42.000Z</time>
        <extensions>
          <ns3:TrackPointExtension>
            <ns3:cad>0</ns3:cad>
          </ns3:TrackPointExtension>
        </extensions>
      </trkpt>
      <trkpt lat="68.9825798012316226959228515625" lon="20.41822350583970546722412109375">
        <ele>803.5999755859375</ele>
        <time>2026-08-22T09:26:44.000Z</time>
        <extensions>
          <ns3:TrackPointExtension>
            <ns3:cad>0</ns3:cad>
          </ns3:TrackPointExtension>
        </extensions>
      </trkpt>
      <trkpt lat="68.98260016925632953643798828125" lon="20.41831453330814838409423828125">
        <ele>804.20001220703125</ele>
        <time>2026-08-22T09:26:49.000Z</time>
        <extensions>
          <ns3:TrackPointExtension>
            <ns3:cad>40</ns3:cad>
          </ns3:TrackPointExtension>
        </extensions>
      </trkpt>
      <trkpt lat="68.982620872557163238525390625" lon="20.418421737849712371826171875">
        <ele>804.4000244140625</ele>
        <time>2026-08-22T09:26:54.000Z</time>
        <extensions>
          <ns3:TrackPointExtension>
            <ns3:cad>0</ns3:cad>
          </ns3:TrackPointExtension>
        </extensions>
      </trkpt>
      <trkpt lat="68.9826357923448085784912109375" lon="20.4185427725315093994140625">
        <ele>805.20001220703125</ele>
        <time>2026-08-22T09:27:00.000Z</time>
        <extensions>
          <ns3:TrackPointExtension>
            <ns3:cad>0</ns3:cad>
          </ns3:TrackPointExtension>
        </extensions>
      </trkpt>
      <trkpt lat="68.982636965811252593994140625" lon="20.4185509867966175079345703125">
        <ele>805.4000244140625</ele>
        <time>2026-08-22T09:27:02.000Z</time>
        <extensions>
          <ns3:TrackPointExtension>
            <ns3:cad>0</ns3:cad>
          </ns3:TrackPointExtension>
        </extensions>
      </trkpt>
      <trkpt lat="68.9826438389718532562255859375" lon="20.41860303841531276702880859375">
        <ele>806.20001220703125</ele>
        <time>2026-08-22T09:27:06.000Z</time>
        <extensions>
          <ns3:TrackPointExtension>
            <ns3:cad>0</ns3:cad>
          </ns3:TrackPointExtension>
        </extensions>
      </trkpt>
      <trkpt lat="68.9826461859047412872314453125" lon="20.41863019578158855438232421875">
        <ele>806.5999755859375</ele>
        <time>2026-08-22T09:27:08.000Z</time>
        <extensions>
          <ns3:TrackPointExtension>
            <ns3:cad>0</ns3:cad>
          </ns3:TrackPointExtension>
        </extensions>
      </trkpt>
      <trkpt lat="68.98265129886567592620849609375" lon="20.41866959072649478912353515625">
        <ele>806.79998779296875</ele>
        <time>2026-08-22T09:27:11.000Z</time>
        <extensions>
          <ns3:TrackPointExtension>
            <ns3:cad>0</ns3:cad>
          </ns3:TrackPointExtension>
        </extensions>
      </trkpt>
      <trkpt lat="68.98268180899322032928466796875" lon="20.41882180608808994293212890625">
        <ele>807.5999755859375</ele>
        <time>2026-08-22T09:27:19.000Z</time>
        <extensions>
          <ns3:TrackPointExtension>
            <ns3:cad>0</ns3:cad>
          </ns3:TrackPointExtension>
        </extensions>
      </trkpt>
      <trkpt lat="68.982684575021266937255859375" lon="20.41885181330144405364990234375">
        <ele>807.5999755859375</ele>
        <time>2026-08-22T09:27:20.000Z</time>
        <extensions>
          <ns3:TrackPointExtension>
            <ns3:cad>0</ns3:cad>
          </ns3:TrackPointExtension>
        </extensions>
      </trkpt>
      <trkpt lat="68.98267812095582485198974609375" lon="20.4189861752092838287353515625">
        <ele>808.20001220703125</ele>
        <time>2026-08-22T09:27:25.000Z</time>
        <extensions>
          <ns3:TrackPointExtension>
            <ns3:cad>0</ns3:cad>
          </ns3:TrackPointExtension>
        </extensions>
      </trkpt>
      <trkpt lat="68.98267543874680995941162109375" lon="20.41908969171345233917236328125">
        <ele>808.5999755859375</ele>
        <time>2026-08-22T09:27:29.000Z</time>
        <extensions>
          <ns3:TrackPointExtension>
            <ns3:cad>0</ns3:cad>
          </ns3:TrackPointExtension>
        </extensions>
      </trkpt>
      <trkpt lat="68.98267745040357112884521484375" lon="20.41912414133548736572265625">
        <ele>808.5999755859375</ele>
        <time>2026-08-22T09:27:31.000Z</time>
        <extensions>
          <ns3:TrackPointExtension>
            <ns3:cad>0</ns3:cad>
          </ns3:TrackPointExtension>
        </extensions>
      </trkpt>
      <trkpt lat="68.9826803840696811676025390625" lon="20.41927191428840160369873046875">
        <ele>809.4000244140625</ele>
        <time>2026-08-22T09:27:39.000Z</time>
        <extensions>
          <ns3:TrackPointExtension>
            <ns3:cad>0</ns3:cad>
          </ns3:TrackPointExtension>
        </extensions>
      </trkpt>
      <trkpt lat="68.98268851451575756072998046875" lon="20.4193294979631900787353515625">
        <ele>809.5999755859375</ele>
        <time>2026-08-22T09:27:42.000Z</time>
        <extensions>
          <ns3:TrackPointExtension>
            <ns3:cad>0</ns3:cad>
          </ns3:TrackPointExtension>
        </extensions>
      </trkpt>
      <trkpt lat="68.98269924335181713104248046875" lon="20.4193697310984134674072265625">
        <ele>810</ele>
        <time>2026-08-22T09:27:45.000Z</time>
        <extensions>
          <ns3:TrackPointExtension>
            <ns3:cad>0</ns3:cad>
          </ns3:TrackPointExtension>
        </extensions>
      </trkpt>
      <trkpt lat="68.98271776735782623291015625" lon="20.419442653656005859375">
        <ele>810.20001220703125</ele>
        <time>2026-08-22T09:27:50.000Z</time>
        <extensions>
          <ns3:TrackPointExtension>
            <ns3:cad>0</ns3:cad>
          </ns3:TrackPointExtension>
        </extensions>
      </trkpt>
      <trkpt lat="68.9827239699661731719970703125" lon="20.41952110826969146728515625">
        <ele>810.5999755859375</ele>
        <time>2026-08-22T09:27:54.000Z</time>
        <extensions>
          <ns3:TrackPointExtension>
            <ns3:cad>0</ns3:cad>
          </ns3:TrackPointExtension>
        </extensions>
      </trkpt>
      <trkpt lat="68.98272438906133174896240234375" lon="20.41955974884331226348876953125">
        <ele>811</ele>
        <time>2026-08-22T09:27:57.000Z</time>
        <extensions>
          <ns3:TrackPointExtension>
            <ns3:cad>0</ns3:cad>
          </ns3:TrackPointExtension>
        </extensions>
      </trkpt>
      <trkpt lat="68.9827350340783596038818359375" lon="20.41965446434915065765380859375">
        <ele>811.5999755859375</ele>
        <time>2026-08-22T09:28:04.000Z</time>
        <extensions>
          <ns3:TrackPointExtension>
            <ns3:cad>0</ns3:cad>
          </ns3:TrackPointExtension>
        </extensions>
      </trkpt>
      <trkpt lat="68.98273897357285022735595703125" lon="20.41966502554714679718017578125">
        <ele>811.5999755859375</ele>
        <time>2026-08-22T09:28:05.000Z</time>
        <extensions>
          <ns3:TrackPointExtension>
            <ns3:cad>0</ns3:cad>
          </ns3:TrackPointExtension>
        </extensions>
      </trkpt>
      <trkpt lat="68.9827559888362884521484375" lon="20.41971229948103427886962890625">
        <ele>812</ele>
        <time>2026-08-22T09:28:09.000Z</time>
        <extensions>
          <ns3:TrackPointExtension>
            <ns3:cad>0</ns3:cad>
          </ns3:TrackPointExtension>
        </extensions>
      </trkpt>
      <trkpt lat="68.98278842680156230926513671875" lon="20.41979477740824222564697265625">
        <ele>812.4000244140625</ele>
        <time>2026-08-22T09:28:16.000Z</time>
        <extensions>
          <ns3:TrackPointExtension>
            <ns3:cad>0</ns3:cad>
          </ns3:TrackPointExtension>
        </extensions>
      </trkpt>
      <trkpt lat="68.9827980659902095794677734375" lon="20.41992654092609882354736328125">
        <ele>812.5999755859375</ele>
        <time>2026-08-22T09:28:22.000Z</time>
        <extensions>
          <ns3:TrackPointExtension>
            <ns3:cad>77</ns3:cad>
          </ns3:TrackPointExtension>
        </extensions>
      </trkpt>
      <trkpt lat="68.982796557247638702392578125" lon="20.4199527762830257415771484375">
        <ele>812.79998779296875</ele>
        <time>2026-08-22T09:28:23.000Z</time>
        <extensions>
          <ns3:TrackPointExtension>
            <ns3:cad>0</ns3:cad>
          </ns3:TrackPointExtension>
        </extensions>
      </trkpt>
      <trkpt lat="68.98281021974980831146240234375" lon="20.4200882278382778167724609375">
        <ele>812.79998779296875</ele>
        <time>2026-08-22T09:28:29.000Z</time>
        <extensions>
          <ns3:TrackPointExtension>
            <ns3:cad>0</ns3:cad>
          </ns3:TrackPointExtension>
        </extensions>
      </trkpt>
      <trkpt lat="68.9828257262706756591796875" lon="20.4202132858335971832275390625">
        <ele>813.4000244140625</ele>
        <time>2026-08-22T09:28:36.000Z</time>
        <extensions>
          <ns3:TrackPointExtension>
            <ns3:cad>0</ns3:cad>
          </ns3:TrackPointExtension>
        </extensions>
      </trkpt>
      <trkpt lat="68.982833437621593475341796875" lon="20.42032317258417606353759765625">
        <ele>813.5999755859375</ele>
        <time>2026-08-22T09:28:42.000Z</time>
        <extensions>
          <ns3:TrackPointExtension>
            <ns3:cad>0</ns3:cad>
          </ns3:TrackPointExtension>
        </extensions>
      </trkpt>
      <trkpt lat="68.982839472591876983642578125" lon="20.420379079878330230712890625">
        <ele>813.79998779296875</ele>
        <time>2026-08-22T09:28:45.000Z</time>
        <extensions>
          <ns3:TrackPointExtension>
            <ns3:cad>0</ns3:cad>
          </ns3:TrackPointExtension>
        </extensions>
      </trkpt>
      <trkpt lat="68.98285212926566600799560546875" lon="20.4204385913908481597900390625">
        <ele>814.4000244140625</ele>
        <time>2026-08-22T09:28:49.000Z</time>
        <extensions>
          <ns3:TrackPointExtension>
            <ns3:cad>0</ns3:cad>
          </ns3:TrackPointExtension>
        </extensions>
      </trkpt>
      <trkpt lat="68.9828530512750148773193359375" lon="20.420478992164134979248046875">
        <ele>814.79998779296875</ele>
        <time>2026-08-22T09:28:52.000Z</time>
        <extensions>
          <ns3:TrackPointExtension>
            <ns3:cad>0</ns3:cad>
          </ns3:TrackPointExtension>
        </extensions>
      </trkpt>
      <trkpt lat="68.98285799659788608551025390625" lon="20.42050740681588649749755859375">
        <ele>815.20001220703125</ele>
        <time>2026-08-22T09:28:54.000Z</time>
        <extensions>
          <ns3:TrackPointExtension>
            <ns3:cad>0</ns3:cad>
          </ns3:TrackPointExtension>
        </extensions>
      </trkpt>
      <trkpt lat="68.98287869989871978759765625" lon="20.4205955006182193756103515625">
        <ele>815.79998779296875</ele>
        <time>2026-08-22T09:29:00.000Z</time>
        <extensions>
          <ns3:TrackPointExtension>
            <ns3:cad>0</ns3:cad>
          </ns3:TrackPointExtension>
        </extensions>
      </trkpt>
      <trkpt lat="68.98287878371775150299072265625" lon="20.420607738196849822998046875">
        <ele>816</ele>
        <time>2026-08-22T09:29:01.000Z</time>
        <extensions>
          <ns3:TrackPointExtension>
            <ns3:cad>0</ns3:cad>
          </ns3:TrackPointExtension>
        </extensions>
      </trkpt>
      <trkpt lat="68.98287408985197544097900390625" lon="20.42060715146362781524658203125">
        <ele>816.20001220703125</ele>
        <time>2026-08-22T09:29:06.000Z</time>
        <extensions>
          <ns3:TrackPointExtension>
            <ns3:cad>0</ns3:cad>
          </ns3:TrackPointExtension>
        </extensions>
      </trkpt>
      <trkpt lat="68.98288230411708354949951171875" lon="20.42063581757247447967529296875">
        <ele>816.20001220703125</ele>
        <time>2026-08-22T09:29:14.000Z</time>
        <extensions>
          <ns3:TrackPointExtension>
            <ns3:cad>0</ns3:cad>
          </ns3:TrackPointExtension>
        </extensions>
      </trkpt>
      <trkpt lat="68.9828865788877010345458984375" lon="20.42067353613674640655517578125">
        <ele>816.4000244140625</ele>
        <time>2026-08-22T09:29:20.000Z</time>
        <extensions>
          <ns3:TrackPointExtension>
            <ns3:cad>0</ns3:cad>
          </ns3:TrackPointExtension>
        </extensions>
      </trkpt>
      <trkpt lat="68.98289236240088939666748046875" lon="20.42074997909367084503173828125">
        <ele>816.79998779296875</ele>
        <time>2026-08-22T09:29:24.000Z</time>
        <extensions>
          <ns3:TrackPointExtension>
            <ns3:cad>50</ns3:cad>
          </ns3:TrackPointExtension>
        </extensions>
      </trkpt>
      <trkpt lat="68.98289605043828487396240234375" lon="20.4207716882228851318359375">
        <ele>817</ele>
        <time>2026-08-22T09:29:26.000Z</time>
        <extensions>
          <ns3:TrackPointExtension>
            <ns3:cad>0</ns3:cad>
          </ns3:TrackPointExtension>
        </extensions>
      </trkpt>
      <trkpt lat="68.98290275596082210540771484375" lon="20.420776046812534332275390625">
        <ele>817.20001220703125</ele>
        <time>2026-08-22T09:29:29.000Z</time>
        <extensions>
          <ns3:TrackPointExtension>
            <ns3:cad>0</ns3:cad>
          </ns3:TrackPointExtension>
        </extensions>
      </trkpt>
      <trkpt lat="68.98293142206966876983642578125" lon="20.42083002626895904541015625">
        <ele>817.4000244140625</ele>
        <time>2026-08-22T09:29:35.000Z</time>
        <extensions>
          <ns3:TrackPointExtension>
            <ns3:cad>0</ns3:cad>
          </ns3:TrackPointExtension>
        </extensions>
      </trkpt>
      <trkpt lat="68.98294500075280666351318359375" lon="20.4209371469914913177490234375">
        <ele>818</ele>
        <time>2026-08-22T09:29:41.000Z</time>
        <extensions>
          <ns3:TrackPointExtension>
            <ns3:cad>0</ns3:cad>
          </ns3:TrackPointExtension>
        </extensions>
      </trkpt>
      <trkpt lat="68.9829465933144092559814453125" lon="20.420977212488651275634765625">
        <ele>818</ele>
        <time>2026-08-22T09:29:43.000Z</time>
        <extensions>
          <ns3:TrackPointExtension>
            <ns3:cad>0</ns3:cad>
          </ns3:TrackPointExtension>
        </extensions>
      </trkpt>
      <trkpt lat="68.98295505903661251068115234375" lon="20.42101367376744747161865234375">
        <ele>818</ele>
        <time>2026-08-22T09:29:46.000Z</time>
        <extensions>
          <ns3:TrackPointExtension>
            <ns3:cad>0</ns3:cad>
          </ns3:TrackPointExtension>
        </extensions>
      </trkpt>
      <trkpt lat="68.9829491078853607177734375" lon="20.42109782807528972625732421875">
        <ele>818.5999755859375</ele>
        <time>2026-08-22T09:29:51.000Z</time>
        <extensions>
          <ns3:TrackPointExtension>
            <ns3:cad>0</ns3:cad>
          </ns3:TrackPointExtension>
        </extensions>
      </trkpt>
      <trkpt lat="68.9829355292022228240966796875" lon="20.421201847493648529052734375">
        <ele>818.5999755859375</ele>
        <time>2026-08-22T09:29:57.000Z</time>
        <extensions>
          <ns3:TrackPointExtension>
            <ns3:cad>0</ns3:cad>
          </ns3:TrackPointExtension>
        </extensions>
      </trkpt>
      <trkpt lat="68.982912562787532806396484375" lon="20.4213201999664306640625">
        <ele>818.5999755859375</ele>
        <time>2026-08-22T09:30:04.000Z</time>
        <extensions>
          <ns3:TrackPointExtension>
            <ns3:cad>0</ns3:cad>
          </ns3:TrackPointExtension>
        </extensions>
      </trkpt>
      <trkpt lat="68.98291599936783313751220703125" lon="20.42134408839046955108642578125">
        <ele>818.5999755859375</ele>
        <time>2026-08-22T09:30:11.000Z</time>
        <extensions>
          <ns3:TrackPointExtension>
            <ns3:cad>0</ns3:cad>
          </ns3:TrackPointExtension>
        </extensions>
      </trkpt>
      <trkpt lat="68.9829261414706707000732421875" lon="20.4214583337306976318359375">
        <ele>818.5999755859375</ele>
        <time>2026-08-22T09:30:16.000Z</time>
        <extensions>
          <ns3:TrackPointExtension>
            <ns3:cad>0</ns3:cad>
          </ns3:TrackPointExtension>
        </extensions>
      </trkpt>
      <trkpt lat="68.98292773403227329254150390625" lon="20.42153351940214633941650390625">
        <ele>819</ele>
        <time>2026-08-22T09:30:19.000Z</time>
        <extensions>
          <ns3:TrackPointExtension>
            <ns3:cad>0</ns3:cad>
          </ns3:TrackPointExtension>
        </extensions>
      </trkpt>
      <trkpt lat="68.98292773403227329254150390625" lon="20.421584062278270721435546875">
        <ele>819.20001220703125</ele>
        <time>2026-08-22T09:30:22.000Z</time>
        <extensions>
          <ns3:TrackPointExtension>
            <ns3:cad>0</ns3:cad>
          </ns3:TrackPointExtension>
        </extensions>
      </trkpt>
      <trkpt lat="68.9829375408589839935302734375" lon="20.4217424802482128143310546875">
        <ele>819.4000244140625</ele>
        <time>2026-08-22T09:30:29.000Z</time>
        <extensions>
          <ns3:TrackPointExtension>
            <ns3:cad>0</ns3:cad>
          </ns3:TrackPointExtension>
        </extensions>
      </trkpt>
      <trkpt lat="68.9829425700008869171142578125" lon="20.4218821227550506591796875">
        <ele>819.4000244140625</ele>
        <time>2026-08-22T09:30:35.000Z</time>
        <extensions>
          <ns3:TrackPointExtension>
            <ns3:cad>0</ns3:cad>
          </ns3:TrackPointExtension>
        </extensions>
      </trkpt>
      <trkpt lat="68.9829504489898681640625" lon="20.42201547883450984954833984375">
        <ele>819.4000244140625</ele>
        <time>2026-08-22T09:30:40.000Z</time>
        <extensions>
          <ns3:TrackPointExtension>
            <ns3:cad>0</ns3:cad>
          </ns3:TrackPointExtension>
        </extensions>
      </trkpt>
      <trkpt lat="68.9829613454639911651611328125" lon="20.42213349603116512298583984375">
        <ele>819.5999755859375</ele>
        <time>2026-08-22T09:30:46.000Z</time>
        <extensions>
          <ns3:TrackPointExtension>
            <ns3:cad>0</ns3:cad>
          </ns3:TrackPointExtension>
        </extensions>
      </trkpt>
      <trkpt lat="68.9829667098820209503173828125" lon="20.42226634919643402099609375">
        <ele>820</ele>
        <time>2026-08-22T09:30:52.000Z</time>
        <extensions>
          <ns3:TrackPointExtension>
            <ns3:cad>0</ns3:cad>
          </ns3:TrackPointExtension>
        </extensions>
      </trkpt>
      <trkpt lat="68.98296880535781383514404296875" lon="20.4223434627056121826171875">
        <ele>820</ele>
        <time>2026-08-22T09:30:55.000Z</time>
        <extensions>
          <ns3:TrackPointExtension>
            <ns3:cad>0</ns3:cad>
          </ns3:TrackPointExtension>
        </extensions>
      </trkpt>
      <trkpt lat="68.982972912490367889404296875" lon="20.42240121401846408843994140625">
        <ele>820</ele>
        <time>2026-08-22T09:30:57.000Z</time>
        <extensions>
          <ns3:TrackPointExtension>
            <ns3:cad>0</ns3:cad>
          </ns3:TrackPointExtension>
        </extensions>
      </trkpt>
      <trkpt lat="68.98297668434679508209228515625" lon="20.42254622094333171844482421875">
        <ele>820</ele>
        <time>2026-08-22T09:31:04.000Z</time>
        <extensions>
          <ns3:TrackPointExtension>
            <ns3:cad>0</ns3:cad>
          </ns3:TrackPointExtension>
        </extensions>
      </trkpt>
      <trkpt lat="68.98299797438085079193115234375" lon="20.4227023757994174957275390625">
        <ele>820.5999755859375</ele>
        <time>2026-08-22T09:31:11.000Z</time>
        <extensions>
          <ns3:TrackPointExtension>
            <ns3:cad>0</ns3:cad>
          </ns3:TrackPointExtension>
        </extensions>
      </trkpt>
      <trkpt lat="68.983001410961151123046875" lon="20.42279935441911220550537109375">
        <ele>820.5999755859375</ele>
        <time>2026-08-22T09:31:16.000Z</time>
        <extensions>
          <ns3:TrackPointExtension>
            <ns3:cad>0</ns3:cad>
          </ns3:TrackPointExtension>
        </extensions>
      </trkpt>
      <trkpt lat="68.98302094079554080963134765625" lon="20.42290060780942440032958984375">
        <ele>820.79998779296875</ele>
        <time>2026-08-22T09:31:21.000Z</time>
        <extensions>
          <ns3:TrackPointExtension>
            <ns3:cad>0</ns3:cad>
          </ns3:TrackPointExtension>
        </extensions>
      </trkpt>
      <trkpt lat="68.9830297417938709259033203125" lon="20.42298073880374431610107421875">
        <ele>821</ele>
        <time>2026-08-22T09:31:25.000Z</time>
        <extensions>
          <ns3:TrackPointExtension>
            <ns3:cad>58</ns3:cad>
          </ns3:TrackPointExtension>
        </extensions>
      </trkpt>
      <trkpt lat="68.98303736932575702667236328125" lon="20.4230423457920551300048828125">
        <ele>821.20001220703125</ele>
        <time>2026-08-22T09:31:28.000Z</time>
        <extensions>
          <ns3:TrackPointExtension>
            <ns3:cad>0</ns3:cad>
          </ns3:TrackPointExtension>
        </extensions>
      </trkpt>
      <trkpt lat="68.98305295966565608978271484375" lon="20.42321677319705486297607421875">
        <ele>821.5999755859375</ele>
        <time>2026-08-22T09:31:35.000Z</time>
        <extensions>
          <ns3:TrackPointExtension>
            <ns3:cad>0</ns3:cad>
          </ns3:TrackPointExtension>
        </extensions>
      </trkpt>
      <trkpt lat="68.9830724895000457763671875" lon="20.42334065772593021392822265625">
        <ele>821.5999755859375</ele>
        <time>2026-08-22T09:31:40.000Z</time>
        <extensions>
          <ns3:TrackPointExtension>
            <ns3:cad>0</ns3:cad>
          </ns3:TrackPointExtension>
        </extensions>
      </trkpt>
      <trkpt lat="68.98308212868869304656982421875" lon="20.4234939627349376678466796875">
        <ele>821.79998779296875</ele>
        <time>2026-08-22T09:31:47.000Z</time>
        <extensions>
          <ns3:TrackPointExtension>
            <ns3:cad>53</ns3:cad>
          </ns3:TrackPointExtension>
        </extensions>
      </trkpt>
      <trkpt lat="68.9831008203327655792236328125" lon="20.42361290194094181060791015625">
        <ele>822</ele>
        <time>2026-08-22T09:31:52.000Z</time>
        <extensions>
          <ns3:TrackPointExtension>
            <ns3:cad>0</ns3:cad>
          </ns3:TrackPointExtension>
        </extensions>
      </trkpt>
      <trkpt lat="68.983101658523082733154296875" lon="20.42363159358501434326171875">
        <ele>822</ele>
        <time>2026-08-22T09:31:53.000Z</time>
        <extensions>
          <ns3:TrackPointExtension>
            <ns3:cad>0</ns3:cad>
          </ns3:TrackPointExtension>
        </extensions>
      </trkpt>
      <trkpt lat="68.98311532102525234222412109375" lon="20.42368817143142223358154296875">
        <ele>822.20001220703125</ele>
        <time>2026-08-22T09:31:56.000Z</time>
        <extensions>
          <ns3:TrackPointExtension>
            <ns3:cad>0</ns3:cad>
          </ns3:TrackPointExtension>
        </extensions>
      </trkpt>
      <trkpt lat="68.98313694633543491363525390625" lon="20.423762686550617218017578125">
        <ele>822.4000244140625</ele>
        <time>2026-08-22T09:32:01.000Z</time>
        <extensions>
          <ns3:TrackPointExtension>
            <ns3:cad>0</ns3:cad>
          </ns3:TrackPointExtension>
        </extensions>
      </trkpt>
      <trkpt lat="68.98316728882491588592529296875" lon="20.42387944646179676055908203125">
        <ele>822.4000244140625</ele>
        <time>2026-08-22T09:32:07.000Z</time>
        <extensions>
          <ns3:TrackPointExtension>
            <ns3:cad>0</ns3:cad>
          </ns3:TrackPointExtension>
        </extensions>
      </trkpt>
      <trkpt lat="68.983165360987186431884765625" lon="20.4239796102046966552734375">
        <ele>823</ele>
        <time>2026-08-22T09:32:12.000Z</time>
        <extensions>
          <ns3:TrackPointExtension>
            <ns3:cad>0</ns3:cad>
          </ns3:TrackPointExtension>
        </extensions>
      </trkpt>
      <trkpt lat="68.9831759221851825714111328125" lon="20.42409963905811309814453125">
        <ele>823.20001220703125</ele>
        <time>2026-08-22T09:32:18.000Z</time>
        <extensions>
          <ns3:TrackPointExtension>
            <ns3:cad>0</ns3:cad>
          </ns3:TrackPointExtension>
        </extensions>
      </trkpt>
      <trkpt lat="68.98320685140788555145263671875" lon="20.42423148639500141143798828125">
        <ele>823.5999755859375</ele>
        <time>2026-08-22T09:32:25.000Z</time>
        <extensions>
          <ns3:TrackPointExtension>
            <ns3:cad>0</ns3:cad>
          </ns3:TrackPointExtension>
        </extensions>
      </trkpt>
      <trkpt lat="68.98321020416915416717529296875" lon="20.4242697916924953460693359375">
        <ele>823.79998779296875</ele>
        <time>2026-08-22T09:32:27.000Z</time>
        <extensions>
          <ns3:TrackPointExtension>
            <ns3:cad>0</ns3:cad>
          </ns3:TrackPointExtension>
        </extensions>
      </trkpt>
      <trkpt lat="68.98322244174778461456298828125" lon="20.4243619926273822784423828125">
        <ele>824</ele>
        <time>2026-08-22T09:32:31.000Z</time>
        <extensions>
          <ns3:TrackPointExtension>
            <ns3:cad>0</ns3:cad>
          </ns3:TrackPointExtension>
        </extensions>
      </trkpt>
      <trkpt lat="68.983227051794528961181640625" lon="20.42438856326043605804443359375">
        <ele>824</ele>
        <time>2026-08-22T09:32:32.000Z</time>
        <extensions>
          <ns3:TrackPointExtension>
            <ns3:cad>0</ns3:cad>
          </ns3:TrackPointExtension>
        </extensions>
      </trkpt>
      <trkpt lat="68.98324892856180667877197265625" lon="20.42452837340533733367919921875">
        <ele>824.4000244140625</ele>
        <time>2026-08-22T09:32:38.000Z</time>
        <extensions>
          <ns3:TrackPointExtension>
            <ns3:cad>79</ns3:cad>
          </ns3:TrackPointExtension>
        </extensions>
      </trkpt>
      <trkpt lat="68.98328513838350772857666015625" lon="20.42463834397494792938232421875">
        <ele>824.5999755859375</ele>
        <time>2026-08-22T09:32:45.000Z</time>
        <extensions>
          <ns3:TrackPointExtension>
            <ns3:cad>74</ns3:cad>
          </ns3:TrackPointExtension>
        </extensions>
      </trkpt>
      <trkpt lat="68.98329486139118671417236328125" lon="20.42469215579330921173095703125">
        <ele>824.79998779296875</ele>
        <time>2026-08-22T09:32:48.000Z</time>
        <extensions>
          <ns3:TrackPointExtension>
            <ns3:cad>0</ns3:cad>
          </ns3:TrackPointExtension>
        </extensions>
      </trkpt>
      <trkpt lat="68.98329838179051876068115234375" lon="20.4247150383889675140380859375">
        <ele>824.79998779296875</ele>
        <time>2026-08-22T09:32:50.000Z</time>
        <extensions>
          <ns3:TrackPointExtension>
            <ns3:cad>0</ns3:cad>
          </ns3:TrackPointExtension>
        </extensions>
      </trkpt>
      <trkpt lat="68.98330156691372394561767578125" lon="20.42472031898796558380126953125">
        <ele>825</ele>
        <time>2026-08-22T09:32:51.000Z</time>
        <extensions>
          <ns3:TrackPointExtension>
            <ns3:cad>0</ns3:cad>
          </ns3:TrackPointExtension>
        </extensions>
      </trkpt>
      <trkpt lat="68.983307182788848876953125" lon="20.42471797205507755279541015625">
        <ele>825.20001220703125</ele>
        <time>2026-08-22T09:32:54.000Z</time>
        <extensions>
          <ns3:TrackPointExtension>
            <ns3:cad>0</ns3:cad>
          </ns3:TrackPointExtension>
        </extensions>
      </trkpt>
      <trkpt lat="68.98330726660788059234619140625" lon="20.424718223512172698974609375">
        <ele>825.20001220703125</ele>
        <time>2026-08-22T09:32:58.000Z</time>
        <extensions>
          <ns3:TrackPointExtension>
            <ns3:cad>0</ns3:cad>
          </ns3:TrackPointExtension>
        </extensions>
      </trkpt>
      <trkpt lat="68.983310200273990631103515625" lon="20.42473037727177143096923828125">
        <ele>825.20001220703125</ele>
        <time>2026-08-22T09:33:05.000Z</time>
        <extensions>
          <ns3:TrackPointExtension>
            <ns3:cad>0</ns3:cad>
          </ns3:TrackPointExtension>
        </extensions>
      </trkpt>
      <trkpt lat="68.98332889191806316375732421875" lon="20.4248343966901302337646484375">
        <ele>825</ele>
        <time>2026-08-22T09:33:11.000Z</time>
        <extensions>
          <ns3:TrackPointExtension>
            <ns3:cad>0</ns3:cad>
          </ns3:TrackPointExtension>
        </extensions>
      </trkpt>
      <trkpt lat="68.9833609946072101593017578125" lon="20.42494721710681915283203125">
        <ele>824.5999755859375</ele>
        <time>2026-08-22T09:33:17.000Z</time>
        <extensions>
          <ns3:TrackPointExtension>
            <ns3:cad>0</ns3:cad>
          </ns3:TrackPointExtension>
        </extensions>
      </trkpt>
      <trkpt lat="68.9833961986005306243896484375" lon="20.42506364174187183380126953125">
        <ele>824.5999755859375</ele>
        <time>2026-08-22T09:33:23.000Z</time>
        <extensions>
          <ns3:TrackPointExtension>
            <ns3:cad>0</ns3:cad>
          </ns3:TrackPointExtension>
        </extensions>
      </trkpt>
      <trkpt lat="68.98344623856246471405029296875" lon="20.42520328424870967864990234375">
        <ele>824.79998779296875</ele>
        <time>2026-08-22T09:33:30.000Z</time>
        <extensions>
          <ns3:TrackPointExtension>
            <ns3:cad>0</ns3:cad>
          </ns3:TrackPointExtension>
        </extensions>
      </trkpt>
      <trkpt lat="68.983486555516719818115234375" lon="20.42534577660262584686279296875">
        <ele>824.4000244140625</ele>
        <time>2026-08-22T09:33:37.000Z</time>
        <extensions>
          <ns3:TrackPointExtension>
            <ns3:cad>49</ns3:cad>
          </ns3:TrackPointExtension>
        </extensions>
      </trkpt>
      <trkpt lat="68.98351983167231082916259765625" lon="20.425423644483089447021484375">
        <ele>824.20001220703125</ele>
        <time>2026-08-22T09:33:41.000Z</time>
        <extensions>
          <ns3:TrackPointExtension>
            <ns3:cad>48</ns3:cad>
          </ns3:TrackPointExtension>
        </extensions>
      </trkpt>
      <trkpt lat="68.983528129756450653076171875" lon="20.4254476167261600494384765625">
        <ele>824.20001220703125</ele>
        <time>2026-08-22T09:33:42.000Z</time>
        <extensions>
          <ns3:TrackPointExtension>
            <ns3:cad>48</ns3:cad>
          </ns3:TrackPointExtension>
        </extensions>
      </trkpt>
      <trkpt lat="68.98353592492640018463134765625" lon="20.42547066695988178253173828125">
        <ele>824.20001220703125</ele>
        <time>2026-08-22T09:33:43.000Z</time>
        <extensions>
          <ns3:TrackPointExtension>
            <ns3:cad>48</ns3:cad>
          </ns3:TrackPointExtension>
        </extensions>
      </trkpt>
      <trkpt lat="68.983577080070972442626953125" lon="20.425579547882080078125">
        <ele>823.5999755859375</ele>
        <time>2026-08-22T09:33:49.000Z</time>
        <extensions>
          <ns3:TrackPointExtension>
            <ns3:cad>59</ns3:cad>
          </ns3:TrackPointExtension>
        </extensions>
      </trkpt>
      <trkpt lat="68.98360013030469417572021484375" lon="20.42567518539726734161376953125">
        <ele>823.4000244140625</ele>
        <time>2026-08-22T09:33:54.000Z</time>
        <extensions>
          <ns3:TrackPointExtension>
            <ns3:cad>55</ns3:cad>
          </ns3:TrackPointExtension>
        </extensions>
      </trkpt>
      <trkpt lat="68.98360281251370906829833984375" lon="20.4256984032690525054931640625">
        <ele>823.4000244140625</ele>
        <time>2026-08-22T09:33:55.000Z</time>
        <extensions>
          <ns3:TrackPointExtension>
            <ns3:cad>55</ns3:cad>
          </ns3:TrackPointExtension>
        </extensions>
      </trkpt>
      <trkpt lat="68.9836178161203861236572265625" lon="20.425781719386577606201171875">
        <ele>823.20001220703125</ele>
        <time>2026-08-22T09:33:59.000Z</time>
        <extensions>
          <ns3:TrackPointExtension>
            <ns3:cad>0</ns3:cad>
          </ns3:TrackPointExtension>
        </extensions>
      </trkpt>
      <trkpt lat="68.98362460546195507049560546875" lon="20.42582740075886249542236328125">
        <ele>823</ele>
        <time>2026-08-22T09:34:01.000Z</time>
        <extensions>
          <ns3:TrackPointExtension>
            <ns3:cad>43</ns3:cad>
          </ns3:TrackPointExtension>
        </extensions>
      </trkpt>
      <trkpt lat="68.98365846835076808929443359375" lon="20.42597894556820392608642578125">
        <ele>823</ele>
        <time>2026-08-22T09:34:08.000Z</time>
        <extensions>
          <ns3:TrackPointExtension>
            <ns3:cad>0</ns3:cad>
          </ns3:TrackPointExtension>
        </extensions>
      </trkpt>
      <trkpt lat="68.98367640562355518341064453125" lon="20.42605438269674777984619140625">
        <ele>823</ele>
        <time>2026-08-22T09:34:14.000Z</time>
        <extensions>
          <ns3:TrackPointExtension>
            <ns3:cad>0</ns3:cad>
          </ns3:TrackPointExtension>
        </extensions>
      </trkpt>
      <trkpt lat="68.98367724381387233734130859375" lon="20.4260316677391529083251953125">
        <ele>823</ele>
        <time>2026-08-22T09:34:16.000Z</time>
        <extensions>
          <ns3:TrackPointExtension>
            <ns3:cad>0</ns3:cad>
          </ns3:TrackPointExtension>
        </extensions>
      </trkpt>
      <trkpt lat="68.98368210531771183013916015625" lon="20.42604600079357624053955078125">
        <ele>823</ele>
        <time>2026-08-22T09:34:20.000Z</time>
        <extensions>
          <ns3:TrackPointExtension>
            <ns3:cad>0</ns3:cad>
          </ns3:TrackPointExtension>
        </extensions>
      </trkpt>
      <trkpt lat="68.98368461988866329193115234375" lon="20.42604600079357624053955078125">
        <ele>823.20001220703125</ele>
        <time>2026-08-22T09:34:22.000Z</time>
        <extensions>
          <ns3:TrackPointExtension>
            <ns3:cad>0</ns3:cad>
          </ns3:TrackPointExtension>
        </extensions>
      </trkpt>
      <trkpt lat="68.98369275033473968505859375" lon="20.4260662011802196502685546875">
        <ele>823</ele>
        <time>2026-08-22T09:34:28.000Z</time>
        <extensions>
          <ns3:TrackPointExtension>
            <ns3:cad>0</ns3:cad>
          </ns3:TrackPointExtension>
        </extensions>
      </trkpt>
      <trkpt lat="68.98371831513941287994384765625" lon="20.42613434605300426483154296875">
        <ele>823.5999755859375</ele>
        <time>2026-08-22T09:34:35.000Z</time>
        <extensions>
          <ns3:TrackPointExtension>
            <ns3:cad>0</ns3:cad>
          </ns3:TrackPointExtension>
        </extensions>
      </trkpt>
      <trkpt lat="68.9837207458913326263427734375" lon="20.42616100050508975982666015625">
        <ele>823.20001220703125</ele>
        <time>2026-08-22T09:34:41.000Z</time>
        <extensions>
          <ns3:TrackPointExtension>
            <ns3:cad>0</ns3:cad>
          </ns3:TrackPointExtension>
        </extensions>
      </trkpt>
      <trkpt lat="68.98372854106128215789794921875" lon="20.4262096993625164031982421875">
        <ele>823.4000244140625</ele>
        <time>2026-08-22T09:34:50.000Z</time>
        <extensions>
          <ns3:TrackPointExtension>
            <ns3:cad>0</ns3:cad>
          </ns3:TrackPointExtension>
        </extensions>
      </trkpt>
      <trkpt lat="68.9837644994258880615234375" lon="20.42628773488104343414306640625">
        <ele>822.5999755859375</ele>
        <time>2026-08-22T09:34:56.000Z</time>
        <extensions>
          <ns3:TrackPointExtension>
            <ns3:cad>0</ns3:cad>
          </ns3:TrackPointExtension>
        </extensions>
      </trkpt>
      <trkpt lat="68.983779251575469970703125" lon="20.4263468272984027862548828125">
        <ele>822.20001220703125</ele>
        <time>2026-08-22T09:34:59.000Z</time>
        <extensions>
          <ns3:TrackPointExtension>
            <ns3:cad>0</ns3:cad>
          </ns3:TrackPointExtension>
        </extensions>
      </trkpt>
      <trkpt lat="68.983789645135402679443359375" lon="20.4264148883521556854248046875">
        <ele>821.79998779296875</ele>
        <time>2026-08-22T09:35:02.000Z</time>
        <extensions>
          <ns3:TrackPointExtension>
            <ns3:cad>56</ns3:cad>
          </ns3:TrackPointExtension>
        </extensions>
      </trkpt>
      <trkpt lat="68.9838047325611114501953125" lon="20.42648755945265293121337890625">
        <ele>821</ele>
        <time>2026-08-22T09:35:07.000Z</time>
        <extensions>
          <ns3:TrackPointExtension>
            <ns3:cad>43</ns3:cad>
          </ns3:TrackPointExtension>
        </extensions>
      </trkpt>
      <trkpt lat="68.983833231031894683837890625" lon="20.426543466746807098388671875">
        <ele>820.4000244140625</ele>
        <time>2026-08-22T09:35:11.000Z</time>
        <extensions>
          <ns3:TrackPointExtension>
            <ns3:cad>41</ns3:cad>
          </ns3:TrackPointExtension>
        </extensions>
      </trkpt>
      <trkpt lat="68.98385745473206043243408203125" lon="20.42661127634346485137939453125">
        <ele>820.20001220703125</ele>
        <time>2026-08-22T09:35:17.000Z</time>
        <extensions>
          <ns3:TrackPointExtension>
            <ns3:cad>0</ns3:cad>
          </ns3:TrackPointExtension>
        </extensions>
      </trkpt>
      <trkpt lat="68.983881510794162750244140625" lon="20.42665318585932254791259765625">
        <ele>819.79998779296875</ele>
        <time>2026-08-22T09:35:20.000Z</time>
        <extensions>
          <ns3:TrackPointExtension>
            <ns3:cad>42</ns3:cad>
          </ns3:TrackPointExtension>
        </extensions>
      </trkpt>
      <trkpt lat="68.983900956809520721435546875" lon="20.42673566378653049468994140625">
        <ele>819.5999755859375</ele>
        <time>2026-08-22T09:35:24.000Z</time>
        <extensions>
          <ns3:TrackPointExtension>
            <ns3:cad>0</ns3:cad>
          </ns3:TrackPointExtension>
        </extensions>
      </trkpt>
      <trkpt lat="68.98391612805426120758056640625" lon="20.4267798364162445068359375">
        <ele>819.20001220703125</ele>
        <time>2026-08-22T09:35:29.000Z</time>
        <extensions>
          <ns3:TrackPointExtension>
            <ns3:cad>0</ns3:cad>
          </ns3:TrackPointExtension>
        </extensions>
      </trkpt>
      <trkpt lat="68.98393942974507808685302734375" lon="20.42680825106799602508544921875">
        <ele>818.5999755859375</ele>
        <time>2026-08-22T09:35:33.000Z</time>
        <extensions>
          <ns3:TrackPointExtension>
            <ns3:cad>0</ns3:cad>
          </ns3:TrackPointExtension>
        </extensions>
      </trkpt>
      <trkpt lat="68.98395669646561145782470703125" lon="20.42683490552008152008056640625">
        <ele>818.4000244140625</ele>
        <time>2026-08-22T09:35:35.000Z</time>
        <extensions>
          <ns3:TrackPointExtension>
            <ns3:cad>0</ns3:cad>
          </ns3:TrackPointExtension>
        </extensions>
      </trkpt>
      <trkpt lat="68.9839634858071804046630859375" lon="20.42685150168836116790771484375">
        <ele>818.20001220703125</ele>
        <time>2026-08-22T09:35:36.000Z</time>
        <extensions>
          <ns3:TrackPointExtension>
            <ns3:cad>0</ns3:cad>
          </ns3:TrackPointExtension>
        </extensions>
      </trkpt>
      <trkpt lat="68.9839804172515869140625" lon="20.426890142261981964111328125">
        <ele>817.5999755859375</ele>
        <time>2026-08-22T09:35:39.000Z</time>
        <extensions>
          <ns3:TrackPointExtension>
            <ns3:cad>0</ns3:cad>
          </ns3:TrackPointExtension>
        </extensions>
      </trkpt>
      <trkpt lat="68.98398988880217075347900390625" lon="20.4269271902740001678466796875">
        <ele>817.20001220703125</ele>
        <time>2026-08-22T09:35:41.000Z</time>
        <extensions>
          <ns3:TrackPointExtension>
            <ns3:cad>53</ns3:cad>
          </ns3:TrackPointExtension>
        </extensions>
      </trkpt>
      <trkpt lat="68.98400832898914813995361328125" lon="20.4269737936556339263916015625">
        <ele>816.5999755859375</ele>
        <time>2026-08-22T09:35:45.000Z</time>
        <extensions>
          <ns3:TrackPointExtension>
            <ns3:cad>0</ns3:cad>
          </ns3:TrackPointExtension>
        </extensions>
      </trkpt>
      <trkpt lat="68.98401604034006595611572265625" lon="20.426979996263980865478515625">
        <ele>816.5999755859375</ele>
        <time>2026-08-22T09:35:46.000Z</time>
        <extensions>
          <ns3:TrackPointExtension>
            <ns3:cad>0</ns3:cad>
          </ns3:TrackPointExtension>
        </extensions>
      </trkpt>
      <trkpt lat="68.9840516634285449981689453125" lon="20.42702936567366123199462890625">
        <ele>816.5999755859375</ele>
        <time>2026-08-22T09:35:51.000Z</time>
        <extensions>
          <ns3:TrackPointExtension>
            <ns3:cad>0</ns3:cad>
          </ns3:TrackPointExtension>
        </extensions>
      </trkpt>
      <trkpt lat="68.9840603806078433990478515625" lon="20.42704143561422824859619140625">
        <ele>816.5999755859375</ele>
        <time>2026-08-22T09:35:52.000Z</time>
        <extensions>
          <ns3:TrackPointExtension>
            <ns3:cad>45</ns3:cad>
          </ns3:TrackPointExtension>
        </extensions>
      </trkpt>
      <trkpt lat="68.9840905554592609405517578125" lon="20.4270938225090503692626953125">
        <ele>816.4000244140625</ele>
        <time>2026-08-22T09:35:58.000Z</time>
        <extensions>
          <ns3:TrackPointExtension>
            <ns3:cad>42</ns3:cad>
          </ns3:TrackPointExtension>
        </extensions>
      </trkpt>
      <trkpt lat="68.98409717716276645660400390625" lon="20.4270965047180652618408203125">
        <ele>816.20001220703125</ele>
        <time>2026-08-22T09:35:59.000Z</time>
        <extensions>
          <ns3:TrackPointExtension>
            <ns3:cad>42</ns3:cad>
          </ns3:TrackPointExtension>
        </extensions>
      </trkpt>
      <trkpt lat="68.98412902839481830596923828125" lon="20.42710949666798114776611328125">
        <ele>815.79998779296875</ele>
        <time>2026-08-22T09:36:03.000Z</time>
        <extensions>
          <ns3:TrackPointExtension>
            <ns3:cad>46</ns3:cad>
          </ns3:TrackPointExtension>
        </extensions>
      </trkpt>
      <trkpt lat="68.98414629511535167694091796875" lon="20.4271109215915203094482421875">
        <ele>815.5999755859375</ele>
        <time>2026-08-22T09:36:05.000Z</time>
        <extensions>
          <ns3:TrackPointExtension>
            <ns3:cad>44</ns3:cad>
          </ns3:TrackPointExtension>
        </extensions>
      </trkpt>
      <trkpt lat="68.9841740392148494720458984375" lon="20.4271256737411022186279296875">
        <ele>815.20001220703125</ele>
        <time>2026-08-22T09:36:10.000Z</time>
        <extensions>
          <ns3:TrackPointExtension>
            <ns3:cad>0</ns3:cad>
          </ns3:TrackPointExtension>
        </extensions>
      </trkpt>
      <trkpt lat="68.9841770566999912261962890625" lon="20.42715274728834629058837890625">
        <ele>815</ele>
        <time>2026-08-22T09:36:13.000Z</time>
        <extensions>
          <ns3:TrackPointExtension>
            <ns3:cad>0</ns3:cad>
          </ns3:TrackPointExtension>
        </extensions>
      </trkpt>
      <trkpt lat="68.98418803699314594268798828125" lon="20.42718677781522274017333984375">
        <ele>815</ele>
        <time>2026-08-22T09:36:15.000Z</time>
        <extensions>
          <ns3:TrackPointExtension>
            <ns3:cad>0</ns3:cad>
          </ns3:TrackPointExtension>
        </extensions>
      </trkpt>
      <trkpt lat="68.98421770893037319183349609375" lon="20.42727193795144557952880859375">
        <ele>814.5999755859375</ele>
        <time>2026-08-22T09:36:21.000Z</time>
        <extensions>
          <ns3:TrackPointExtension>
            <ns3:cad>0</ns3:cad>
          </ns3:TrackPointExtension>
        </extensions>
      </trkpt>
      <trkpt lat="68.98425341583788394927978515625" lon="20.42734703980386257171630859375">
        <ele>813.5999755859375</ele>
        <time>2026-08-22T09:36:27.000Z</time>
        <extensions>
          <ns3:TrackPointExtension>
            <ns3:cad>0</ns3:cad>
          </ns3:TrackPointExtension>
        </extensions>
      </trkpt>
      <trkpt lat="68.9842598699033260345458984375" lon="20.42736832983791828155517578125">
        <ele>813.5999755859375</ele>
        <time>2026-08-22T09:36:29.000Z</time>
        <extensions>
          <ns3:TrackPointExtension>
            <ns3:cad>0</ns3:cad>
          </ns3:TrackPointExtension>
        </extensions>
      </trkpt>
      <trkpt lat="68.9842628873884677886962890625" lon="20.42737050913274288177490234375">
        <ele>813.4000244140625</ele>
        <time>2026-08-22T09:36:30.000Z</time>
        <extensions>
          <ns3:TrackPointExtension>
            <ns3:cad>0</ns3:cad>
          </ns3:TrackPointExtension>
        </extensions>
      </trkpt>
      <trkpt lat="68.98427386768162250518798828125" lon="20.427414514124393463134765625">
        <ele>813.20001220703125</ele>
        <time>2026-08-22T09:36:33.000Z</time>
        <extensions>
          <ns3:TrackPointExtension>
            <ns3:cad>0</ns3:cad>
          </ns3:TrackPointExtension>
        </extensions>
      </trkpt>
      <trkpt lat="68.98428845219314098358154296875" lon="20.42747318744659423828125">
        <ele>812.4000244140625</ele>
        <time>2026-08-22T09:36:37.000Z</time>
        <extensions>
          <ns3:TrackPointExtension>
            <ns3:cad>0</ns3:cad>
          </ns3:TrackPointExtension>
        </extensions>
      </trkpt>
      <trkpt lat="68.984293900430202484130859375" lon="20.42750478722155094146728515625">
        <ele>812.20001220703125</ele>
        <time>2026-08-22T09:36:39.000Z</time>
        <extensions>
          <ns3:TrackPointExtension>
            <ns3:cad>0</ns3:cad>
          </ns3:TrackPointExtension>
        </extensions>
      </trkpt>
      <trkpt lat="68.98431879468262195587158203125" lon="20.42757603339850902557373046875">
        <ele>811.5999755859375</ele>
        <time>2026-08-22T09:36:44.000Z</time>
        <extensions>
          <ns3:TrackPointExtension>
            <ns3:cad>0</ns3:cad>
          </ns3:TrackPointExtension>
        </extensions>
      </trkpt>
      <trkpt lat="68.984324075281620025634765625" lon="20.42758139781653881072998046875">
        <ele>811.4000244140625</ele>
        <time>2026-08-22T09:36:45.000Z</time>
        <extensions>
          <ns3:TrackPointExtension>
            <ns3:cad>0</ns3:cad>
          </ns3:TrackPointExtension>
        </extensions>
      </trkpt>
      <trkpt lat="68.9843651466071605682373046875" lon="20.4276295937597751617431640625">
        <ele>810.5999755859375</ele>
        <time>2026-08-22T09:36:51.000Z</time>
        <extensions>
          <ns3:TrackPointExtension>
            <ns3:cad>43</ns3:cad>
          </ns3:TrackPointExtension>
        </extensions>
      </trkpt>
      <trkpt lat="68.984371013939380645751953125" lon="20.42764007113873958587646484375">
        <ele>810.4000244140625</ele>
        <time>2026-08-22T09:36:52.000Z</time>
        <extensions>
          <ns3:TrackPointExtension>
            <ns3:cad>44</ns3:cad>
          </ns3:TrackPointExtension>
        </extensions>
      </trkpt>
      <trkpt lat="68.98440797813236713409423828125" lon="20.42764979414641857147216796875">
        <ele>809.79998779296875</ele>
        <time>2026-08-22T09:36:57.000Z</time>
        <extensions>
          <ns3:TrackPointExtension>
            <ns3:cad>0</ns3:cad>
          </ns3:TrackPointExtension>
        </extensions>
      </trkpt>
      <trkpt lat="68.98442558012902736663818359375" lon="20.42767393402755260467529296875">
        <ele>809.79998779296875</ele>
        <time>2026-08-22T09:37:02.000Z</time>
        <extensions>
          <ns3:TrackPointExtension>
            <ns3:cad>0</ns3:cad>
          </ns3:TrackPointExtension>
        </extensions>
      </trkpt>
      <trkpt lat="68.984441421926021575927734375" lon="20.427705533802509307861328125">
        <ele>809.4000244140625</ele>
        <time>2026-08-22T09:37:07.000Z</time>
        <extensions>
          <ns3:TrackPointExtension>
            <ns3:cad>0</ns3:cad>
          </ns3:TrackPointExtension>
        </extensions>
      </trkpt>
      <trkpt lat="68.984447456896305084228515625" lon="20.42770394124090671539306640625">
        <ele>809</ele>
        <time>2026-08-22T09:37:12.000Z</time>
        <extensions>
          <ns3:TrackPointExtension>
            <ns3:cad>0</ns3:cad>
          </ns3:TrackPointExtension>
        </extensions>
      </trkpt>
      <trkpt lat="68.98446195758879184722900390625" lon="20.42770243249833583831787109375">
        <ele>808.20001220703125</ele>
        <time>2026-08-22T09:37:17.000Z</time>
        <extensions>
          <ns3:TrackPointExtension>
            <ns3:cad>0</ns3:cad>
          </ns3:TrackPointExtension>
        </extensions>
      </trkpt>
      <trkpt lat="68.984476290643215179443359375" lon="20.4277360439300537109375">
        <ele>807.4000244140625</ele>
        <time>2026-08-22T09:37:23.000Z</time>
        <extensions>
          <ns3:TrackPointExtension>
            <ns3:cad>0</ns3:cad>
          </ns3:TrackPointExtension>
        </extensions>
      </trkpt>
      <trkpt lat="68.9844858460128307342529296875" lon="20.42776110582053661346435546875">
        <ele>807</ele>
        <time>2026-08-22T09:37:26.000Z</time>
        <extensions>
          <ns3:TrackPointExtension>
            <ns3:cad>0</ns3:cad>
          </ns3:TrackPointExtension>
        </extensions>
      </trkpt>
      <trkpt lat="68.9845029450953006744384765625" lon="20.4277791269123554229736328125">
        <ele>806.79998779296875</ele>
        <time>2026-08-22T09:37:29.000Z</time>
        <extensions>
          <ns3:TrackPointExtension>
            <ns3:cad>0</ns3:cad>
          </ns3:TrackPointExtension>
        </extensions>
      </trkpt>
      <trkpt lat="68.984514512121677398681640625" lon="20.42784458957612514495849609375">
        <ele>806</ele>
        <time>2026-08-22T09:37:34.000Z</time>
        <extensions>
          <ns3:TrackPointExtension>
            <ns3:cad>0</ns3:cad>
          </ns3:TrackPointExtension>
        </extensions>
      </trkpt>
      <trkpt lat="68.98453764617443084716796875" lon="20.4279061965644359588623046875">
        <ele>805.79998779296875</ele>
        <time>2026-08-22T09:37:39.000Z</time>
        <extensions>
          <ns3:TrackPointExtension>
            <ns3:cad>0</ns3:cad>
          </ns3:TrackPointExtension>
        </extensions>
      </trkpt>
      <trkpt lat="68.98454929701983928680419921875" lon="20.4279363714158535003662109375">
        <ele>805.79998779296875</ele>
        <time>2026-08-22T09:37:44.000Z</time>
        <extensions>
          <ns3:TrackPointExtension>
            <ns3:cad>0</ns3:cad>
          </ns3:TrackPointExtension>
        </extensions>
      </trkpt>
      <trkpt lat="68.98455181159079074859619140625" lon="20.4279343597590923309326171875">
        <ele>806</ele>
        <time>2026-08-22T09:37:51.000Z</time>
        <extensions>
          <ns3:TrackPointExtension>
            <ns3:cad>0</ns3:cad>
          </ns3:TrackPointExtension>
        </extensions>
      </trkpt>
      <trkpt lat="68.98458802141249179840087890625" lon="20.4279611818492412567138671875">
        <ele>805.79998779296875</ele>
        <time>2026-08-22T09:37:57.000Z</time>
        <extensions>
          <ns3:TrackPointExtension>
            <ns3:cad>0</ns3:cad>
          </ns3:TrackPointExtension>
        </extensions>
      </trkpt>
      <trkpt lat="68.9846390672028064727783203125" lon="20.42805447243154048919677734375">
        <ele>805.79998779296875</ele>
        <time>2026-08-22T09:38:06.000Z</time>
        <extensions>
          <ns3:TrackPointExtension>
            <ns3:cad>0</ns3:cad>
          </ns3:TrackPointExtension>
        </extensions>
      </trkpt>
      <trkpt lat="68.98467435501515865325927734375" lon="20.42813627980649471282958984375">
        <ele>805.79998779296875</ele>
        <time>2026-08-22T09:38:13.000Z</time>
        <extensions>
          <ns3:TrackPointExtension>
            <ns3:cad>0</ns3:cad>
          </ns3:TrackPointExtension>
        </extensions>
      </trkpt>
      <trkpt lat="68.98467871360480785369873046875" lon="20.4281868226826190948486328125">
        <ele>805.79998779296875</ele>
        <time>2026-08-22T09:38:19.000Z</time>
        <extensions>
          <ns3:TrackPointExtension>
            <ns3:cad>0</ns3:cad>
          </ns3:TrackPointExtension>
        </extensions>
      </trkpt>
      <trkpt lat="68.98471509106457233428955078125" lon="20.428205430507659912109375">
        <ele>805.5999755859375</ele>
        <time>2026-08-22T09:38:24.000Z</time>
        <extensions>
          <ns3:TrackPointExtension>
            <ns3:cad>0</ns3:cad>
          </ns3:TrackPointExtension>
        </extensions>
      </trkpt>
      <trkpt lat="68.984746523201465606689453125" lon="20.4282049275934696197509765625">
        <ele>805.20001220703125</ele>
        <time>2026-08-22T09:38:29.000Z</time>
        <extensions>
          <ns3:TrackPointExtension>
            <ns3:cad>0</ns3:cad>
          </ns3:TrackPointExtension>
        </extensions>
      </trkpt>
      <trkpt lat="68.98476907052099704742431640625" lon="20.4282166622579097747802734375">
        <ele>805</ele>
        <time>2026-08-22T09:38:32.000Z</time>
        <extensions>
          <ns3:TrackPointExtension>
            <ns3:cad>0</ns3:cad>
          </ns3:TrackPointExtension>
        </extensions>
      </trkpt>
      <trkpt lat="68.984776027500629425048828125" lon="20.42822211049497127532958984375">
        <ele>804.79998779296875</ele>
        <time>2026-08-22T09:38:33.000Z</time>
        <extensions>
          <ns3:TrackPointExtension>
            <ns3:cad>0</ns3:cad>
          </ns3:TrackPointExtension>
        </extensions>
      </trkpt>
      <trkpt lat="68.9848023466765880584716796875" lon="20.42826770804822444915771484375">
        <ele>804.4000244140625</ele>
        <time>2026-08-22T09:38:39.000Z</time>
        <extensions>
          <ns3:TrackPointExtension>
            <ns3:cad>0</ns3:cad>
          </ns3:TrackPointExtension>
        </extensions>
      </trkpt>
      <trkpt lat="68.98480025120079517364501953125" lon="20.42822630144655704498291015625">
        <ele>804.5999755859375</ele>
        <time>2026-08-22T09:38:44.000Z</time>
        <extensions>
          <ns3:TrackPointExtension>
            <ns3:cad>0</ns3:cad>
          </ns3:TrackPointExtension>
        </extensions>
      </trkpt>
      <trkpt lat="68.9847973175346851348876953125" lon="20.42822487652301788330078125">
        <ele>804.4000244140625</ele>
        <time>2026-08-22T09:38:52.000Z</time>
        <extensions>
          <ns3:TrackPointExtension>
            <ns3:cad>0</ns3:cad>
          </ns3:TrackPointExtension>
        </extensions>
      </trkpt>
      <trkpt lat="68.98479974828660488128662109375" lon="20.42823183350265026092529296875">
        <ele>804.4000244140625</ele>
        <time>2026-08-22T09:39:00.000Z</time>
        <extensions>
          <ns3:TrackPointExtension>
            <ns3:cad>0</ns3:cad>
          </ns3:TrackPointExtension>
        </extensions>
      </trkpt>
      <trkpt lat="68.98481131531298160552978515625" lon="20.428248010575771331787109375">
        <ele>804.20001220703125</ele>
        <time>2026-08-22T09:39:08.000Z</time>
        <extensions>
          <ns3:TrackPointExtension>
            <ns3:cad>0</ns3:cad>
          </ns3:TrackPointExtension>
        </extensions>
      </trkpt>
      <trkpt lat="68.98482556454837322235107421875" lon="20.42827558703720569610595703125">
        <ele>803.79998779296875</ele>
        <time>2026-08-22T09:39:12.000Z</time>
        <extensions>
          <ns3:TrackPointExtension>
            <ns3:cad>62</ns3:cad>
          </ns3:TrackPointExtension>
        </extensions>
      </trkpt>
      <trkpt lat="68.98483662866055965423583984375" lon="20.42829486541450023651123046875">
        <ele>803.20001220703125</ele>
        <time>2026-08-22T09:39:15.000Z</time>
        <extensions>
          <ns3:TrackPointExtension>
            <ns3:cad>0</ns3:cad>
          </ns3:TrackPointExtension>
        </extensions>
      </trkpt>
      <trkpt lat="68.984853811562061309814453125" lon="20.42832621373236179351806640625">
        <ele>802.5999755859375</ele>
        <time>2026-08-22T09:39:19.000Z</time>
        <extensions>
          <ns3:TrackPointExtension>
            <ns3:cad>0</ns3:cad>
          </ns3:TrackPointExtension>
        </extensions>
      </trkpt>
      <trkpt lat="68.98485691286623477935791015625" lon="20.42832872830331325531005859375">
        <ele>802.5999755859375</ele>
        <time>2026-08-22T09:39:20.000Z</time>
        <extensions>
          <ns3:TrackPointExtension>
            <ns3:cad>0</ns3:cad>
          </ns3:TrackPointExtension>
        </extensions>
      </trkpt>
      <trkpt lat="68.98488624952733516693115234375" lon="20.42837642133235931396484375">
        <ele>801.79998779296875</ele>
        <time>2026-08-22T09:39:25.000Z</time>
        <extensions>
          <ns3:TrackPointExtension>
            <ns3:cad>0</ns3:cad>
          </ns3:TrackPointExtension>
        </extensions>
      </trkpt>
      <trkpt lat="68.9849136583507061004638671875" lon="20.42847029864788055419921875">
        <ele>801.5999755859375</ele>
        <time>2026-08-22T09:39:31.000Z</time>
        <extensions>
          <ns3:TrackPointExtension>
            <ns3:cad>0</ns3:cad>
          </ns3:TrackPointExtension>
        </extensions>
      </trkpt>
      <trkpt lat="68.98491759784519672393798828125" lon="20.42848748154938220977783203125">
        <ele>801.5999755859375</ele>
        <time>2026-08-22T09:39:32.000Z</time>
        <extensions>
          <ns3:TrackPointExtension>
            <ns3:cad>68</ns3:cad>
          </ns3:TrackPointExtension>
        </extensions>
      </trkpt>
      <trkpt lat="68.98492497391998767852783203125" lon="20.42856258340179920196533203125">
        <ele>800.5999755859375</ele>
        <time>2026-08-22T09:39:38.000Z</time>
        <extensions>
          <ns3:TrackPointExtension>
            <ns3:cad>0</ns3:cad>
          </ns3:TrackPointExtension>
        </extensions>
      </trkpt>
      <trkpt lat="68.98495162837207317352294921875" lon="20.42860633693635463714599609375">
        <ele>799.5999755859375</ele>
        <time>2026-08-22T09:39:44.000Z</time>
        <extensions>
          <ns3:TrackPointExtension>
            <ns3:cad>0</ns3:cad>
          </ns3:TrackPointExtension>
        </extensions>
      </trkpt>
      <trkpt lat="68.9849582500755786895751953125" lon="20.428630895912647247314453125">
        <ele>799.4000244140625</ele>
        <time>2026-08-22T09:39:46.000Z</time>
        <extensions>
          <ns3:TrackPointExtension>
            <ns3:cad>0</ns3:cad>
          </ns3:TrackPointExtension>
        </extensions>
      </trkpt>
      <trkpt lat="68.98494559340178966522216796875" lon="20.428701303899288177490234375">
        <ele>799</ele>
        <time>2026-08-22T09:39:50.000Z</time>
        <extensions>
          <ns3:TrackPointExtension>
            <ns3:cad>0</ns3:cad>
          </ns3:TrackPointExtension>
        </extensions>
      </trkpt>
      <trkpt lat="68.98493369109928607940673828125" lon="20.4287467338144779205322265625">
        <ele>798.5999755859375</ele>
        <time>2026-08-22T09:39:53.000Z</time>
        <extensions>
          <ns3:TrackPointExtension>
            <ns3:cad>0</ns3:cad>
          </ns3:TrackPointExtension>
        </extensions>
      </trkpt>
      <trkpt lat="68.9849270693957805633544921875" lon="20.42877866886556148529052734375">
        <ele>798.20001220703125</ele>
        <time>2026-08-22T09:39:55.000Z</time>
        <extensions>
          <ns3:TrackPointExtension>
            <ns3:cad>0</ns3:cad>
          </ns3:TrackPointExtension>
        </extensions>
      </trkpt>
      <trkpt lat="68.984922878444194793701171875" lon="20.42885519564151763916015625">
        <ele>797.4000244140625</ele>
        <time>2026-08-22T09:39:59.000Z</time>
        <extensions>
          <ns3:TrackPointExtension>
            <ns3:cad>48</ns3:cad>
          </ns3:TrackPointExtension>
        </extensions>
      </trkpt>
      <trkpt lat="68.9849285781383514404296875" lon="20.42888813652098178863525390625">
        <ele>797.20001220703125</ele>
        <time>2026-08-22T09:40:01.000Z</time>
        <extensions>
          <ns3:TrackPointExtension>
            <ns3:cad>0</ns3:cad>
          </ns3:TrackPointExtension>
        </extensions>
      </trkpt>
      <trkpt lat="68.98495112545788288116455078125" lon="20.42898972518742084503173828125">
        <ele>796.79998779296875</ele>
        <time>2026-08-22T09:40:07.000Z</time>
        <extensions>
          <ns3:TrackPointExtension>
            <ns3:cad>42</ns3:cad>
          </ns3:TrackPointExtension>
        </extensions>
      </trkpt>
      <trkpt lat="68.98496017791330814361572265625" lon="20.42909734882414340972900390625">
        <ele>796.20001220703125</ele>
        <time>2026-08-22T09:40:11.000Z</time>
        <extensions>
          <ns3:TrackPointExtension>
            <ns3:cad>42</ns3:cad>
          </ns3:TrackPointExtension>
        </extensions>
      </trkpt>
      <trkpt lat="68.98496520705521106719970703125" lon="20.429141186177730560302734375">
        <ele>796</ele>
        <time>2026-08-22T09:40:13.000Z</time>
        <extensions>
          <ns3:TrackPointExtension>
            <ns3:cad>42</ns3:cad>
          </ns3:TrackPointExtension>
        </extensions>
      </trkpt>
      <trkpt lat="68.98497476242482662200927734375" lon="20.42924084700644016265869140625">
        <ele>795.4000244140625</ele>
        <time>2026-08-22T09:40:19.000Z</time>
        <extensions>
          <ns3:TrackPointExtension>
            <ns3:cad>0</ns3:cad>
          </ns3:TrackPointExtension>
        </extensions>
      </trkpt>
      <trkpt lat="68.9849823899567127227783203125" lon="20.42935299687087535858154296875">
        <ele>795.20001220703125</ele>
        <time>2026-08-22T09:40:24.000Z</time>
        <extensions>
          <ns3:TrackPointExtension>
            <ns3:cad>0</ns3:cad>
          </ns3:TrackPointExtension>
        </extensions>
      </trkpt>
      <trkpt lat="68.9849974773824214935302734375" lon="20.42944637127220630645751953125">
        <ele>794.5999755859375</ele>
        <time>2026-08-22T09:40:29.000Z</time>
        <extensions>
          <ns3:TrackPointExtension>
            <ns3:cad>0</ns3:cad>
          </ns3:TrackPointExtension>
        </extensions>
      </trkpt>
      <trkpt lat="68.98500326089560985565185546875" lon="20.429507307708263397216796875">
        <ele>794.20001220703125</ele>
        <time>2026-08-22T09:40:32.000Z</time>
        <extensions>
          <ns3:TrackPointExtension>
            <ns3:cad>0</ns3:cad>
          </ns3:TrackPointExtension>
        </extensions>
      </trkpt>
      <trkpt lat="68.985008038580417633056640625" lon="20.429582409560680389404296875">
        <ele>793.79998779296875</ele>
        <time>2026-08-22T09:40:35.000Z</time>
        <extensions>
          <ns3:TrackPointExtension>
            <ns3:cad>0</ns3:cad>
          </ns3:TrackPointExtension>
        </extensions>
      </trkpt>
      <trkpt lat="68.9850103855133056640625" lon="20.42966681532561779022216796875">
        <ele>793</ele>
        <time>2026-08-22T09:40:39.000Z</time>
        <extensions>
          <ns3:TrackPointExtension>
            <ns3:cad>0</ns3:cad>
          </ns3:TrackPointExtension>
        </extensions>
      </trkpt>
      <trkpt lat="68.98500661365687847137451171875" lon="20.4297436773777008056640625">
        <ele>792.5999755859375</ele>
        <time>2026-08-22T09:40:42.000Z</time>
        <extensions>
          <ns3:TrackPointExtension>
            <ns3:cad>0</ns3:cad>
          </ns3:TrackPointExtension>
        </extensions>
      </trkpt>
      <trkpt lat="68.9850192703306674957275390625" lon="20.429844595491886138916015625">
        <ele>792</ele>
        <time>2026-08-22T09:40:47.000Z</time>
        <extensions>
          <ns3:TrackPointExtension>
            <ns3:cad>46</ns3:cad>
          </ns3:TrackPointExtension>
        </extensions>
      </trkpt>
      <trkpt lat="68.98502237163484096527099609375" lon="20.4298695735633373260498046875">
        <ele>791.79998779296875</ele>
        <time>2026-08-22T09:40:48.000Z</time>
        <extensions>
          <ns3:TrackPointExtension>
            <ns3:cad>45</ns3:cad>
          </ns3:TrackPointExtension>
        </extensions>
      </trkpt>
      <trkpt lat="68.9850427396595478057861328125" lon="20.42995163239538669586181640625">
        <ele>791.4000244140625</ele>
        <time>2026-08-22T09:40:52.000Z</time>
        <extensions>
          <ns3:TrackPointExtension>
            <ns3:cad>47</ns3:cad>
          </ns3:TrackPointExtension>
        </extensions>
      </trkpt>
      <trkpt lat="68.9850568212568759918212890625" lon="20.42999689467251300811767578125">
        <ele>791.4000244140625</ele>
        <time>2026-08-22T09:40:54.000Z</time>
        <extensions>
          <ns3:TrackPointExtension>
            <ns3:cad>49</ns3:cad>
          </ns3:TrackPointExtension>
        </extensions>
      </trkpt>
      <trkpt lat="68.9850652031600475311279296875" lon="20.4300375469028949737548828125">
        <ele>791.20001220703125</ele>
        <time>2026-08-22T09:40:56.000Z</time>
        <extensions>
          <ns3:TrackPointExtension>
            <ns3:cad>48</ns3:cad>
          </ns3:TrackPointExtension>
        </extensions>
      </trkpt>
      <trkpt lat="68.985084481537342071533203125" lon="20.43010921217501163482666015625">
        <ele>790.79998779296875</ele>
        <time>2026-08-22T09:41:00.000Z</time>
        <extensions>
          <ns3:TrackPointExtension>
            <ns3:cad>0</ns3:cad>
          </ns3:TrackPointExtension>
        </extensions>
      </trkpt>
      <trkpt lat="68.98510585539042949676513671875" lon="20.4301569052040576934814453125">
        <ele>790.20001220703125</ele>
        <time>2026-08-22T09:41:04.000Z</time>
        <extensions>
          <ns3:TrackPointExtension>
            <ns3:cad>0</ns3:cad>
          </ns3:TrackPointExtension>
        </extensions>
      </trkpt>
      <trkpt lat="68.98511121980845928192138671875" lon="20.43016386218369007110595703125">
        <ele>790.20001220703125</ele>
        <time>2026-08-22T09:41:05.000Z</time>
        <extensions>
          <ns3:TrackPointExtension>
            <ns3:cad>0</ns3:cad>
          </ns3:TrackPointExtension>
        </extensions>
      </trkpt>
      <trkpt lat="68.98511976934969425201416015625" lon="20.43018247000873088836669921875">
        <ele>789.79998779296875</ele>
        <time>2026-08-22T09:41:07.000Z</time>
        <extensions>
          <ns3:TrackPointExtension>
            <ns3:cad>0</ns3:cad>
          </ns3:TrackPointExtension>
        </extensions>
      </trkpt>
      <trkpt lat="68.9851379580795764923095703125" lon="20.43027886189520359039306640625">
        <ele>789.20001220703125</ele>
        <time>2026-08-22T09:41:13.000Z</time>
        <extensions>
          <ns3:TrackPointExtension>
            <ns3:cad>0</ns3:cad>
          </ns3:TrackPointExtension>
        </extensions>
      </trkpt>
      <trkpt lat="68.98514541797339916229248046875" lon="20.43029143474996089935302734375">
        <ele>788.79998779296875</ele>
        <time>2026-08-22T09:41:18.000Z</time>
        <extensions>
          <ns3:TrackPointExtension>
            <ns3:cad>0</ns3:cad>
          </ns3:TrackPointExtension>
        </extensions>
      </trkpt>
      <trkpt lat="68.98515363223850727081298828125" lon="20.43030031956732273101806640625">
        <ele>788.4000244140625</ele>
        <time>2026-08-22T09:41:20.000Z</time>
        <extensions>
          <ns3:TrackPointExtension>
            <ns3:cad>0</ns3:cad>
          </ns3:TrackPointExtension>
        </extensions>
      </trkpt>
      <trkpt lat="68.98514893837273120880126953125" lon="20.43041733093559741973876953125">
        <ele>788</ele>
        <time>2026-08-22T09:41:26.000Z</time>
        <extensions>
          <ns3:TrackPointExtension>
            <ns3:cad>0</ns3:cad>
          </ns3:TrackPointExtension>
        </extensions>
      </trkpt>
      <trkpt lat="68.9851513691246509552001953125" lon="20.43044884689152240753173828125">
        <ele>787.79998779296875</ele>
        <time>2026-08-22T09:41:28.000Z</time>
        <extensions>
          <ns3:TrackPointExtension>
            <ns3:cad>0</ns3:cad>
          </ns3:TrackPointExtension>
        </extensions>
      </trkpt>
      <trkpt lat="68.98515245877206325531005859375" lon="20.43046745471656322479248046875">
        <ele>787.5999755859375</ele>
        <time>2026-08-22T09:41:29.000Z</time>
        <extensions>
          <ns3:TrackPointExtension>
            <ns3:cad>0</ns3:cad>
          </ns3:TrackPointExtension>
        </extensions>
      </trkpt>
      <trkpt lat="68.98515413515269756317138671875" lon="20.43052260763943195343017578125">
        <ele>787.4000244140625</ele>
        <time>2026-08-22T09:41:32.000Z</time>
        <extensions>
          <ns3:TrackPointExtension>
            <ns3:cad>0</ns3:cad>
          </ns3:TrackPointExtension>
        </extensions>
      </trkpt>
      <trkpt lat="68.98517668247222900390625" lon="20.43061011470854282379150390625">
        <ele>786.5999755859375</ele>
        <time>2026-08-22T09:41:40.000Z</time>
        <extensions>
          <ns3:TrackPointExtension>
            <ns3:cad>0</ns3:cad>
          </ns3:TrackPointExtension>
        </extensions>
      </trkpt>
      <trkpt lat="68.9851775206625461578369140625" lon="20.43070281855762004852294921875">
        <ele>785.5999755859375</ele>
        <time>2026-08-22T09:41:46.000Z</time>
        <extensions>
          <ns3:TrackPointExtension>
            <ns3:cad>0</ns3:cad>
          </ns3:TrackPointExtension>
        </extensions>
      </trkpt>
      <trkpt lat="68.9851738326251506805419921875" lon="20.43077926151454448699951171875">
        <ele>784.4000244140625</ele>
        <time>2026-08-22T09:41:52.000Z</time>
        <extensions>
          <ns3:TrackPointExtension>
            <ns3:cad>0</ns3:cad>
          </ns3:TrackPointExtension>
        </extensions>
      </trkpt>
      <trkpt lat="68.98518296889960765838623046875" lon="20.43079652823507785797119140625">
        <ele>784.4000244140625</ele>
        <time>2026-08-22T09:41:54.000Z</time>
        <extensions>
          <ns3:TrackPointExtension>
            <ns3:cad>0</ns3:cad>
          </ns3:TrackPointExtension>
        </extensions>
      </trkpt>
      <trkpt lat="68.98521817289292812347412109375" lon="20.43092393316328525543212890625">
        <ele>783.4000244140625</ele>
        <time>2026-08-22T09:42:01.000Z</time>
        <extensions>
          <ns3:TrackPointExtension>
            <ns3:cad>53</ns3:cad>
          </ns3:TrackPointExtension>
        </extensions>
      </trkpt>
      <trkpt lat="68.98525320924818515777587890625" lon="20.43105519376695156097412109375">
        <ele>782.20001220703125</ele>
        <time>2026-08-22T09:42:08.000Z</time>
        <extensions>
          <ns3:TrackPointExtension>
            <ns3:cad>45</ns3:cad>
          </ns3:TrackPointExtension>
        </extensions>
      </trkpt>
      <trkpt lat="68.9852611720561981201171875" lon="20.43114068917930126190185546875">
        <ele>781.5999755859375</ele>
        <time>2026-08-22T09:42:14.000Z</time>
        <extensions>
          <ns3:TrackPointExtension>
            <ns3:cad>0</ns3:cad>
          </ns3:TrackPointExtension>
        </extensions>
      </trkpt>
      <trkpt lat="68.98527324199676513671875" lon="20.431241691112518310546875">
        <ele>781.20001220703125</ele>
        <time>2026-08-22T09:42:17.000Z</time>
        <extensions>
          <ns3:TrackPointExtension>
            <ns3:cad>0</ns3:cad>
          </ns3:TrackPointExtension>
        </extensions>
      </trkpt>
      <trkpt lat="68.98527500219643115997314453125" lon="20.43125971220433712005615234375">
        <ele>781</ele>
        <time>2026-08-22T09:42:18.000Z</time>
        <extensions>
          <ns3:TrackPointExtension>
            <ns3:cad>0</ns3:cad>
          </ns3:TrackPointExtension>
        </extensions>
      </trkpt>
      <trkpt lat="68.98529394529759883880615234375" lon="20.4313186369836330413818359375">
        <ele>780.4000244140625</ele>
        <time>2026-08-22T09:42:24.000Z</time>
        <extensions>
          <ns3:TrackPointExtension>
            <ns3:cad>0</ns3:cad>
          </ns3:TrackPointExtension>
        </extensions>
      </trkpt>
      <trkpt lat="68.9853069372475147247314453125" lon="20.43132710270583629608154296875">
        <ele>780.5999755859375</ele>
        <time>2026-08-22T09:42:30.000Z</time>
        <extensions>
          <ns3:TrackPointExtension>
            <ns3:cad>0</ns3:cad>
          </ns3:TrackPointExtension>
        </extensions>
      </trkpt>
      <trkpt lat="68.9853052608668804168701171875" lon="20.4313387535512447357177734375">
        <ele>780.4000244140625</ele>
        <time>2026-08-22T09:42:37.000Z</time>
        <extensions>
          <ns3:TrackPointExtension>
            <ns3:cad>0</ns3:cad>
          </ns3:TrackPointExtension>
        </extensions>
      </trkpt>
      <trkpt lat="68.98531422950327396392822265625" lon="20.43139097280800342559814453125">
        <ele>780.5999755859375</ele>
        <time>2026-08-22T09:42:43.000Z</time>
        <extensions>
          <ns3:TrackPointExtension>
            <ns3:cad>0</ns3:cad>
          </ns3:TrackPointExtension>
        </extensions>
      </trkpt>
      <trkpt lat="68.98533468134701251983642578125" lon="20.4315627180039882659912109375">
        <ele>780.20001220703125</ele>
        <time>2026-08-22T09:42:51.000Z</time>
        <extensions>
          <ns3:TrackPointExtension>
            <ns3:cad>0</ns3:cad>
          </ns3:TrackPointExtension>
        </extensions>
      </trkpt>
      <trkpt lat="68.9853384532034397125244140625" lon="20.43158191256225109100341796875">
        <ele>780</ele>
        <time>2026-08-22T09:42:52.000Z</time>
        <extensions>
          <ns3:TrackPointExtension>
            <ns3:cad>0</ns3:cad>
          </ns3:TrackPointExtension>
        </extensions>
      </trkpt>
      <trkpt lat="68.9853585697710514068603515625" lon="20.43173245154321193695068359375">
        <ele>779.4000244140625</ele>
        <time>2026-08-22T09:42:58.000Z</time>
        <extensions>
          <ns3:TrackPointExtension>
            <ns3:cad>0</ns3:cad>
          </ns3:TrackPointExtension>
        </extensions>
      </trkpt>
      <trkpt lat="68.985369466245174407958984375" lon="20.43186538852751255035400390625">
        <ele>779.20001220703125</ele>
        <time>2026-08-22T09:43:04.000Z</time>
        <extensions>
          <ns3:TrackPointExtension>
            <ns3:cad>0</ns3:cad>
          </ns3:TrackPointExtension>
        </extensions>
      </trkpt>
      <trkpt lat="68.98538296110928058624267578125" lon="20.43195524252951145172119140625">
        <ele>779.5999755859375</ele>
        <time>2026-08-22T09:43:09.000Z</time>
        <extensions>
          <ns3:TrackPointExtension>
            <ns3:cad>0</ns3:cad>
          </ns3:TrackPointExtension>
        </extensions>
      </trkpt>
      <trkpt lat="68.98539838381111621856689453125" lon="20.432082898914813995361328125">
        <ele>780.20001220703125</ele>
        <time>2026-08-22T09:43:14.000Z</time>
        <extensions>
          <ns3:TrackPointExtension>
            <ns3:cad>41</ns3:cad>
          </ns3:TrackPointExtension>
        </extensions>
      </trkpt>
      <trkpt lat="68.98541145958006381988525390625" lon="20.43217333965003490447998046875">
        <ele>781.20001220703125</ele>
        <time>2026-08-22T09:43:18.000Z</time>
        <extensions>
          <ns3:TrackPointExtension>
            <ns3:cad>0</ns3:cad>
          </ns3:TrackPointExtension>
        </extensions>
      </trkpt>
      <trkpt lat="68.98541313596069812774658203125" lon="20.43221726082265377044677734375">
        <ele>781.5999755859375</ele>
        <time>2026-08-22T09:43:20.000Z</time>
        <extensions>
          <ns3:TrackPointExtension>
            <ns3:cad>0</ns3:cad>
          </ns3:TrackPointExtension>
        </extensions>
      </trkpt>
      <trkpt lat="68.98542839102447032928466796875" lon="20.43232387863099575042724609375">
        <ele>781.79998779296875</ele>
        <time>2026-08-22T09:43:26.000Z</time>
        <extensions>
          <ns3:TrackPointExtension>
            <ns3:cad>0</ns3:cad>
          </ns3:TrackPointExtension>
        </extensions>
      </trkpt>
      <trkpt lat="68.98543761111795902252197265625" lon="20.4323174245655536651611328125">
        <ele>781.5999755859375</ele>
        <time>2026-08-22T09:43:32.000Z</time>
        <extensions>
          <ns3:TrackPointExtension>
            <ns3:cad>0</ns3:cad>
          </ns3:TrackPointExtension>
        </extensions>
      </trkpt>
      <trkpt lat="68.98546376265585422515869140625" lon="20.432429574429988861083984375">
        <ele>781.4000244140625</ele>
        <time>2026-08-22T09:43:39.000Z</time>
        <extensions>
          <ns3:TrackPointExtension>
            <ns3:cad>0</ns3:cad>
          </ns3:TrackPointExtension>
        </extensions>
      </trkpt>
      <trkpt lat="68.98548580706119537353515625" lon="20.43254750780761241912841796875">
        <ele>781.4000244140625</ele>
        <time>2026-08-22T09:43:45.000Z</time>
        <extensions>
          <ns3:TrackPointExtension>
            <ns3:cad>0</ns3:cad>
          </ns3:TrackPointExtension>
        </extensions>
      </trkpt>
      <trkpt lat="68.985507600009441375732421875" lon="20.43266871012747287750244140625">
        <ele>781.4000244140625</ele>
        <time>2026-08-22T09:43:51.000Z</time>
        <extensions>
          <ns3:TrackPointExtension>
            <ns3:cad>0</ns3:cad>
          </ns3:TrackPointExtension>
        </extensions>
      </trkpt>
      <trkpt lat="68.9855459891259670257568359375" lon="20.43275588192045688629150390625">
        <ele>781.4000244140625</ele>
        <time>2026-08-22T09:43:57.000Z</time>
        <extensions>
          <ns3:TrackPointExtension>
            <ns3:cad>78</ns3:cad>
          </ns3:TrackPointExtension>
        </extensions>
      </trkpt>
      <trkpt lat="68.98556618951261043548583984375" lon="20.432894937694072723388671875">
        <ele>781</ele>
        <time>2026-08-22T09:44:03.000Z</time>
        <extensions>
          <ns3:TrackPointExtension>
            <ns3:cad>0</ns3:cad>
          </ns3:TrackPointExtension>
        </extensions>
      </trkpt>
      <trkpt lat="68.98558504879474639892578125" lon="20.4330272041261196136474609375">
        <ele>781</ele>
        <time>2026-08-22T09:44:08.000Z</time>
        <extensions>
          <ns3:TrackPointExtension>
            <ns3:cad>0</ns3:cad>
          </ns3:TrackPointExtension>
        </extensions>
      </trkpt>
      <trkpt lat="68.985594101250171661376953125" lon="20.4331581294536590576171875">
        <ele>780.20001220703125</ele>
        <time>2026-08-22T09:44:14.000Z</time>
        <extensions>
          <ns3:TrackPointExtension>
            <ns3:cad>0</ns3:cad>
          </ns3:TrackPointExtension>
        </extensions>
      </trkpt>
      <trkpt lat="68.98559334687888622283935546875" lon="20.43316860683262348175048828125">
        <ele>780.20001220703125</ele>
        <time>2026-08-22T09:44:15.000Z</time>
        <extensions>
          <ns3:TrackPointExtension>
            <ns3:cad>0</ns3:cad>
          </ns3:TrackPointExtension>
        </extensions>
      </trkpt>
      <trkpt lat="68.98558882065117359161376953125" lon="20.4331787489354610443115234375">
        <ele>779.79998779296875</ele>
        <time>2026-08-22T09:44:20.000Z</time>
        <extensions>
          <ns3:TrackPointExtension>
            <ns3:cad>0</ns3:cad>
          </ns3:TrackPointExtension>
        </extensions>
      </trkpt>
      <trkpt lat="68.9856073446571826934814453125" lon="20.43324789963662624359130859375">
        <ele>779.5999755859375</ele>
        <time>2026-08-22T09:44:26.000Z</time>
        <extensions>
          <ns3:TrackPointExtension>
            <ns3:cad>0</ns3:cad>
          </ns3:TrackPointExtension>
        </extensions>
      </trkpt>
      <trkpt lat="68.98565235547721385955810546875" lon="20.43332383967936038970947265625">
        <ele>779.4000244140625</ele>
        <time>2026-08-22T09:44:33.000Z</time>
        <extensions>
          <ns3:TrackPointExtension>
            <ns3:cad>0</ns3:cad>
          </ns3:TrackPointExtension>
        </extensions>
      </trkpt>
      <trkpt lat="68.985669203102588653564453125" lon="20.43335686437785625457763671875">
        <ele>779</ele>
        <time>2026-08-22T09:44:36.000Z</time>
        <extensions>
          <ns3:TrackPointExtension>
            <ns3:cad>0</ns3:cad>
          </ns3:TrackPointExtension>
        </extensions>
      </trkpt>
      <trkpt lat="68.9856804348528385162353515625" lon="20.43342324905097484588623046875">
        <ele>778.20001220703125</ele>
        <time>2026-08-22T09:44:39.000Z</time>
        <extensions>
          <ns3:TrackPointExtension>
            <ns3:cad>0</ns3:cad>
          </ns3:TrackPointExtension>
        </extensions>
      </trkpt>
      <trkpt lat="68.985690660774707794189453125" lon="20.4334711097180843353271484375">
        <ele>778</ele>
        <time>2026-08-22T09:44:41.000Z</time>
        <extensions>
          <ns3:TrackPointExtension>
            <ns3:cad>0</ns3:cad>
          </ns3:TrackPointExtension>
        </extensions>
      </trkpt>
      <trkpt lat="68.98571035824716091156005859375" lon="20.4335623048245906829833984375">
        <ele>777.79998779296875</ele>
        <time>2026-08-22T09:44:45.000Z</time>
        <extensions>
          <ns3:TrackPointExtension>
            <ns3:cad>0</ns3:cad>
          </ns3:TrackPointExtension>
        </extensions>
      </trkpt>
      <trkpt lat="68.98574019782245159149169921875" lon="20.433696247637271881103515625">
        <ele>777.79998779296875</ele>
        <time>2026-08-22T09:44:51.000Z</time>
        <extensions>
          <ns3:TrackPointExtension>
            <ns3:cad>0</ns3:cad>
          </ns3:TrackPointExtension>
        </extensions>
      </trkpt>
      <trkpt lat="68.98575042374432086944580078125" lon="20.43378283269703388214111328125">
        <ele>778</ele>
        <time>2026-08-22T09:44:57.000Z</time>
        <extensions>
          <ns3:TrackPointExtension>
            <ns3:cad>0</ns3:cad>
          </ns3:TrackPointExtension>
        </extensions>
      </trkpt>
      <trkpt lat="68.9857877232134342193603515625" lon="20.43398131616413593292236328125">
        <ele>778.5999755859375</ele>
        <time>2026-08-22T09:45:05.000Z</time>
        <extensions>
          <ns3:TrackPointExtension>
            <ns3:cad>69</ns3:cad>
          </ns3:TrackPointExtension>
        </extensions>
      </trkpt>
      <trkpt lat="68.985816054046154022216796875" lon="20.434111990034580230712890625">
        <ele>778.79998779296875</ele>
        <time>2026-08-22T09:45:11.000Z</time>
        <extensions>
          <ns3:TrackPointExtension>
            <ns3:cad>0</ns3:cad>
          </ns3:TrackPointExtension>
        </extensions>
      </trkpt>
      <trkpt lat="68.98583625443279743194580078125" lon="20.4341688193380832672119140625">
        <ele>779</ele>
        <time>2026-08-22T09:45:17.000Z</time>
        <extensions>
          <ns3:TrackPointExtension>
            <ns3:cad>0</ns3:cad>
          </ns3:TrackPointExtension>
        </extensions>
      </trkpt>
      <trkpt lat="68.9858343265950679779052734375" lon="20.43416731059551239013671875">
        <ele>779</ele>
        <time>2026-08-22T09:45:18.000Z</time>
        <extensions>
          <ns3:TrackPointExtension>
            <ns3:cad>0</ns3:cad>
          </ns3:TrackPointExtension>
        </extensions>
      </trkpt>
      <trkpt lat="68.98582837544381618499755859375" lon="20.43416538275778293609619140625">
        <ele>779</ele>
        <time>2026-08-22T09:45:25.000Z</time>
        <extensions>
          <ns3:TrackPointExtension>
            <ns3:cad>0</ns3:cad>
          </ns3:TrackPointExtension>
        </extensions>
      </trkpt>
      <trkpt lat="68.985835500061511993408203125" lon="20.43419186957180500030517578125">
        <ele>779</ele>
        <time>2026-08-22T09:45:33.000Z</time>
        <extensions>
          <ns3:TrackPointExtension>
            <ns3:cad>0</ns3:cad>
          </ns3:TrackPointExtension>
        </extensions>
      </trkpt>
      <trkpt lat="68.98584580980241298675537109375" lon="20.43418885208666324615478515625">
        <ele>778.79998779296875</ele>
        <time>2026-08-22T09:45:39.000Z</time>
        <extensions>
          <ns3:TrackPointExtension>
            <ns3:cad>0</ns3:cad>
          </ns3:TrackPointExtension>
        </extensions>
      </trkpt>
      <trkpt lat="68.98584329523146152496337890625" lon="20.4341855831444263458251953125">
        <ele>779</ele>
        <time>2026-08-22T09:45:47.000Z</time>
        <extensions>
          <ns3:TrackPointExtension>
            <ns3:cad>0</ns3:cad>
          </ns3:TrackPointExtension>
        </extensions>
      </trkpt>
      <trkpt lat="68.98584329523146152496337890625" lon="20.4342149198055267333984375">
        <ele>779</ele>
        <time>2026-08-22T09:45:55.000Z</time>
        <extensions>
          <ns3:TrackPointExtension>
            <ns3:cad>0</ns3:cad>
          </ns3:TrackPointExtension>
        </extensions>
      </trkpt>
      <trkpt lat="68.98584044538438320159912109375" lon="20.4342229664325714111328125">
        <ele>778.79998779296875</ele>
        <time>2026-08-22T09:46:00.000Z</time>
        <extensions>
          <ns3:TrackPointExtension>
            <ns3:cad>0</ns3:cad>
          </ns3:TrackPointExtension>
        </extensions>
      </trkpt>
      <trkpt lat="68.98584329523146152496337890625" lon="20.4341979883611202239990234375">
        <ele>779</ele>
        <time>2026-08-22T09:46:09.000Z</time>
        <extensions>
          <ns3:TrackPointExtension>
            <ns3:cad>0</ns3:cad>
          </ns3:TrackPointExtension>
        </extensions>
      </trkpt>
      <trkpt lat="68.98583977483212947845458984375" lon="20.43421986512839794158935546875">
        <ele>779</ele>
        <time>2026-08-22T09:46:17.000Z</time>
        <extensions>
          <ns3:TrackPointExtension>
            <ns3:cad>0</ns3:cad>
          </ns3:TrackPointExtension>
        </extensions>
      </trkpt>
      <trkpt lat="68.98586131632328033447265625" lon="20.43425054289400577545166015625">
        <ele>779</ele>
        <time>2026-08-22T09:46:24.000Z</time>
        <extensions>
          <ns3:TrackPointExtension>
            <ns3:cad>0</ns3:cad>
          </ns3:TrackPointExtension>
        </extensions>
      </trkpt>
      <trkpt lat="68.98589291609823703765869140625" lon="20.4343847371637821197509765625">
        <ele>779</ele>
        <time>2026-08-22T09:46:31.000Z</time>
        <extensions>
          <ns3:TrackPointExtension>
            <ns3:cad>52</ns3:cad>
          </ns3:TrackPointExtension>
        </extensions>
      </trkpt>
      <trkpt lat="68.98590716533362865447998046875" lon="20.4345346055924892425537109375">
        <ele>779.4000244140625</ele>
        <time>2026-08-22T09:46:37.000Z</time>
        <extensions>
          <ns3:TrackPointExtension>
            <ns3:cad>0</ns3:cad>
          </ns3:TrackPointExtension>
        </extensions>
      </trkpt>
      <trkpt lat="68.98594203405082225799560546875" lon="20.434681959450244903564453125">
        <ele>779.5999755859375</ele>
        <time>2026-08-22T09:46:44.000Z</time>
        <extensions>
          <ns3:TrackPointExtension>
            <ns3:cad>43</ns3:cad>
          </ns3:TrackPointExtension>
        </extensions>
      </trkpt>
      <trkpt lat="68.98595661856234073638916015625" lon="20.43471188284456729888916015625">
        <ele>779.5999755859375</ele>
        <time>2026-08-22T09:46:46.000Z</time>
        <extensions>
          <ns3:TrackPointExtension>
            <ns3:cad>43</ns3:cad>
          </ns3:TrackPointExtension>
        </extensions>
      </trkpt>
      <trkpt lat="68.9859852008521556854248046875" lon="20.4347763396799564361572265625">
        <ele>779.5999755859375</ele>
        <time>2026-08-22T09:46:50.000Z</time>
        <extensions>
          <ns3:TrackPointExtension>
            <ns3:cad>0</ns3:cad>
          </ns3:TrackPointExtension>
        </extensions>
      </trkpt>
      <trkpt lat="68.9860019646584987640380859375" lon="20.43480307795107364654541015625">
        <ele>779.5999755859375</ele>
        <time>2026-08-22T09:46:52.000Z</time>
        <extensions>
          <ns3:TrackPointExtension>
            <ns3:cad>0</ns3:cad>
          </ns3:TrackPointExtension>
        </extensions>
      </trkpt>
      <trkpt lat="68.98602551780641078948974609375" lon="20.43485135771334171295166015625">
        <ele>779.79998779296875</ele>
        <time>2026-08-22T09:46:55.000Z</time>
        <extensions>
          <ns3:TrackPointExtension>
            <ns3:cad>0</ns3:cad>
          </ns3:TrackPointExtension>
        </extensions>
      </trkpt>
      <trkpt lat="68.98605041205883026123046875" lon="20.43497423641383647918701171875">
        <ele>779.5999755859375</ele>
        <time>2026-08-22T09:47:01.000Z</time>
        <extensions>
          <ns3:TrackPointExtension>
            <ns3:cad>0</ns3:cad>
          </ns3:TrackPointExtension>
        </extensions>
      </trkpt>
      <trkpt lat="68.98606072179973125457763671875" lon="20.43505352921783924102783203125">
        <ele>779.4000244140625</ele>
        <time>2026-08-22T09:47:05.000Z</time>
        <extensions>
          <ns3:TrackPointExtension>
            <ns3:cad>46</ns3:cad>
          </ns3:TrackPointExtension>
        </extensions>
      </trkpt>
      <trkpt lat="68.986064493656158447265625" lon="20.43507213704288005828857421875">
        <ele>779.4000244140625</ele>
        <time>2026-08-22T09:47:06.000Z</time>
        <extensions>
          <ns3:TrackPointExtension>
            <ns3:cad>46</ns3:cad>
          </ns3:TrackPointExtension>
        </extensions>
      </trkpt>
      <trkpt lat="68.9860901422798633575439453125" lon="20.4352395236492156982421875">
        <ele>778.79998779296875</ele>
        <time>2026-08-22T09:47:12.000Z</time>
        <extensions>
          <ns3:TrackPointExtension>
            <ns3:cad>49</ns3:cad>
          </ns3:TrackPointExtension>
        </extensions>
      </trkpt>
      <trkpt lat="68.986113108694553375244140625" lon="20.43535980395972728729248046875">
        <ele>778.4000244140625</ele>
        <time>2026-08-22T09:47:17.000Z</time>
        <extensions>
          <ns3:TrackPointExtension>
            <ns3:cad>49</ns3:cad>
          </ns3:TrackPointExtension>
        </extensions>
      </trkpt>
      <trkpt lat="68.98614638485014438629150390625" lon="20.4354894720017910003662109375">
        <ele>778.20001220703125</ele>
        <time>2026-08-22T09:47:22.000Z</time>
        <extensions>
          <ns3:TrackPointExtension>
            <ns3:cad>47</ns3:cad>
          </ns3:TrackPointExtension>
        </extensions>
      </trkpt>
      <trkpt lat="68.98615744896233081817626953125" lon="20.435538254678249359130859375">
        <ele>778</ele>
        <time>2026-08-22T09:47:24.000Z</time>
        <extensions>
          <ns3:TrackPointExtension>
            <ns3:cad>47</ns3:cad>
          </ns3:TrackPointExtension>
        </extensions>
      </trkpt>
      <trkpt lat="68.98617555387318134307861328125" lon="20.43558443896472454071044921875">
        <ele>777.4000244140625</ele>
        <time>2026-08-22T09:47:27.000Z</time>
        <extensions>
          <ns3:TrackPointExtension>
            <ns3:cad>48</ns3:cad>
          </ns3:TrackPointExtension>
        </extensions>
      </trkpt>
      <trkpt lat="68.986187539994716644287109375" lon="20.4357000254094600677490234375">
        <ele>776.79998779296875</ele>
        <time>2026-08-22T09:47:32.000Z</time>
        <extensions>
          <ns3:TrackPointExtension>
            <ns3:cad>49</ns3:cad>
          </ns3:TrackPointExtension>
        </extensions>
      </trkpt>
      <trkpt lat="68.98620002903044223785400390625" lon="20.4358322918415069580078125">
        <ele>776.4000244140625</ele>
        <time>2026-08-22T09:47:37.000Z</time>
        <extensions>
          <ns3:TrackPointExtension>
            <ns3:cad>47</ns3:cad>
          </ns3:TrackPointExtension>
        </extensions>
      </trkpt>
      <trkpt lat="68.98620522581040859222412109375" lon="20.43585366569459438323974609375">
        <ele>776.4000244140625</ele>
        <time>2026-08-22T09:47:38.000Z</time>
        <extensions>
          <ns3:TrackPointExtension>
            <ns3:cad>47</ns3:cad>
          </ns3:TrackPointExtension>
        </extensions>
      </trkpt>
      <trkpt lat="68.986219055950641632080078125" lon="20.43593614362180233001708984375">
        <ele>776.5999755859375</ele>
        <time>2026-08-22T09:47:42.000Z</time>
        <extensions>
          <ns3:TrackPointExtension>
            <ns3:cad>46</ns3:cad>
          </ns3:TrackPointExtension>
        </extensions>
      </trkpt>
      <trkpt lat="68.98624596185982227325439453125" lon="20.43605818413197994232177734375">
        <ele>776.20001220703125</ele>
        <time>2026-08-22T09:47:47.000Z</time>
        <extensions>
          <ns3:TrackPointExtension>
            <ns3:cad>47</ns3:cad>
          </ns3:TrackPointExtension>
        </extensions>
      </trkpt>
      <trkpt lat="68.98626498878002166748046875" lon="20.436160527169704437255859375">
        <ele>775.79998779296875</ele>
        <time>2026-08-22T09:47:51.000Z</time>
        <extensions>
          <ns3:TrackPointExtension>
            <ns3:cad>49</ns3:cad>
          </ns3:TrackPointExtension>
        </extensions>
      </trkpt>
      <trkpt lat="68.98626926355063915252685546875" lon="20.43618424795567989349365234375">
        <ele>775.5999755859375</ele>
        <time>2026-08-22T09:47:52.000Z</time>
        <extensions>
          <ns3:TrackPointExtension>
            <ns3:cad>49</ns3:cad>
          </ns3:TrackPointExtension>
        </extensions>
      </trkpt>
      <trkpt lat="68.9862911403179168701171875" lon="20.43632623739540576934814453125">
        <ele>775.20001220703125</ele>
        <time>2026-08-22T09:47:59.000Z</time>
        <extensions>
          <ns3:TrackPointExtension>
            <ns3:cad>46</ns3:cad>
          </ns3:TrackPointExtension>
        </extensions>
      </trkpt>
      <trkpt lat="68.98632911033928394317626953125" lon="20.43646252714097499847412109375">
        <ele>775</ele>
        <time>2026-08-22T09:48:05.000Z</time>
        <extensions>
          <ns3:TrackPointExtension>
            <ns3:cad>44</ns3:cad>
          </ns3:TrackPointExtension>
        </extensions>
      </trkpt>
      <trkpt lat="68.986361213028430938720703125" lon="20.43658507056534290313720703125">
        <ele>775</ele>
        <time>2026-08-22T09:48:11.000Z</time>
        <extensions>
          <ns3:TrackPointExtension>
            <ns3:cad>0</ns3:cad>
          </ns3:TrackPointExtension>
        </extensions>
      </trkpt>
      <trkpt lat="68.9863838441669940948486328125" lon="20.436754636466503143310546875">
        <ele>774.79998779296875</ele>
        <time>2026-08-22T09:48:18.000Z</time>
        <extensions>
          <ns3:TrackPointExtension>
            <ns3:cad>43</ns3:cad>
          </ns3:TrackPointExtension>
        </extensions>
      </trkpt>
      <trkpt lat="68.98642919026315212249755859375" lon="20.4368520341813564300537109375">
        <ele>775.20001220703125</ele>
        <time>2026-08-22T09:48:24.000Z</time>
        <extensions>
          <ns3:TrackPointExtension>
            <ns3:cad>0</ns3:cad>
          </ns3:TrackPointExtension>
        </extensions>
      </trkpt>
      <trkpt lat="68.9864574372768402099609375" lon="20.43694683350622653961181640625">
        <ele>775</ele>
        <time>2026-08-22T09:48:30.000Z</time>
        <extensions>
          <ns3:TrackPointExtension>
            <ns3:cad>66</ns3:cad>
          </ns3:TrackPointExtension>
        </extensions>
      </trkpt>
      <trkpt lat="68.98647562600672245025634765625" lon="20.43701187707483768463134765625">
        <ele>774.79998779296875</ele>
        <time>2026-08-22T09:48:33.000Z</time>
        <extensions>
          <ns3:TrackPointExtension>
            <ns3:cad>45</ns3:cad>
          </ns3:TrackPointExtension>
        </extensions>
      </trkpt>
      <trkpt lat="68.9864948205649852752685546875" lon="20.4371044971048831939697265625">
        <ele>774.20001220703125</ele>
        <time>2026-08-22T09:48:37.000Z</time>
        <extensions>
          <ns3:TrackPointExtension>
            <ns3:cad>46</ns3:cad>
          </ns3:TrackPointExtension>
        </extensions>
      </trkpt>
      <trkpt lat="68.98649406619369983673095703125" lon="20.4371125437319278717041015625">
        <ele>774</ele>
        <time>2026-08-22T09:48:38.000Z</time>
        <extensions>
          <ns3:TrackPointExtension>
            <ns3:cad>46</ns3:cad>
          </ns3:TrackPointExtension>
        </extensions>
      </trkpt>
      <trkpt lat="68.98649658076465129852294921875" lon="20.43711732141673564910888671875">
        <ele>773.79998779296875</ele>
        <time>2026-08-22T09:48:41.000Z</time>
        <extensions>
          <ns3:TrackPointExtension>
            <ns3:cad>0</ns3:cad>
          </ns3:TrackPointExtension>
        </extensions>
      </trkpt>
      <trkpt lat="68.9864964969456195831298828125" lon="20.4371162317693233489990234375">
        <ele>773.5999755859375</ele>
        <time>2026-08-22T09:48:42.000Z</time>
        <extensions>
          <ns3:TrackPointExtension>
            <ns3:cad>0</ns3:cad>
          </ns3:TrackPointExtension>
        </extensions>
      </trkpt>
      <trkpt lat="68.98650060407817363739013671875" lon="20.43711111880838871002197265625">
        <ele>773.5999755859375</ele>
        <time>2026-08-22T09:48:49.000Z</time>
        <extensions>
          <ns3:TrackPointExtension>
            <ns3:cad>0</ns3:cad>
          </ns3:TrackPointExtension>
        </extensions>
      </trkpt>
      <trkpt lat="68.98650831542909145355224609375" lon="20.43716073967516422271728515625">
        <ele>773.4000244140625</ele>
        <time>2026-08-22T09:48:55.000Z</time>
        <extensions>
          <ns3:TrackPointExtension>
            <ns3:cad>0</ns3:cad>
          </ns3:TrackPointExtension>
        </extensions>
      </trkpt>
      <trkpt lat="68.98651200346648693084716796875" lon="20.43716132640838623046875">
        <ele>773</ele>
        <time>2026-08-22T09:49:00.000Z</time>
        <extensions>
          <ns3:TrackPointExtension>
            <ns3:cad>0</ns3:cad>
          </ns3:TrackPointExtension>
        </extensions>
      </trkpt>
      <trkpt lat="68.9865115843713283538818359375" lon="20.43718253262341022491455078125">
        <ele>772.79998779296875</ele>
        <time>2026-08-22T09:49:07.000Z</time>
        <extensions>
          <ns3:TrackPointExtension>
            <ns3:cad>0</ns3:cad>
          </ns3:TrackPointExtension>
        </extensions>
      </trkpt>
      <trkpt lat="68.9865146018564701080322265625" lon="20.43717482127249240875244140625">
        <ele>772.5999755859375</ele>
        <time>2026-08-22T09:49:09.000Z</time>
        <extensions>
          <ns3:TrackPointExtension>
            <ns3:cad>0</ns3:cad>
          </ns3:TrackPointExtension>
        </extensions>
      </trkpt>
      <trkpt lat="68.98652172647416591644287109375" lon="20.43724170885980129241943359375">
        <ele>772.79998779296875</ele>
        <time>2026-08-22T09:49:13.000Z</time>
        <extensions>
          <ns3:TrackPointExtension>
            <ns3:cad>0</ns3:cad>
          </ns3:TrackPointExtension>
        </extensions>
      </trkpt>
      <trkpt lat="68.98652994073927402496337890625" lon="20.43732066638767719268798828125">
        <ele>772</ele>
        <time>2026-08-22T09:49:18.000Z</time>
        <extensions>
          <ns3:TrackPointExtension>
            <ns3:cad>79</ns3:cad>
          </ns3:TrackPointExtension>
        </extensions>
      </trkpt>
      <trkpt lat="68.9865464530885219573974609375" lon="20.4373703710734844207763671875">
        <ele>771.5999755859375</ele>
        <time>2026-08-22T09:49:22.000Z</time>
        <extensions>
          <ns3:TrackPointExtension>
            <ns3:cad>0</ns3:cad>
          </ns3:TrackPointExtension>
        </extensions>
      </trkpt>
      <trkpt lat="68.98655676282942295074462890625" lon="20.4374287091195583343505859375">
        <ele>770.79998779296875</ele>
        <time>2026-08-22T09:49:25.000Z</time>
        <extensions>
          <ns3:TrackPointExtension>
            <ns3:cad>0</ns3:cad>
          </ns3:TrackPointExtension>
        </extensions>
      </trkpt>
      <trkpt lat="68.9865665696561336517333984375" lon="20.43745008297264575958251953125">
        <ele>770.4000244140625</ele>
        <time>2026-08-22T09:49:27.000Z</time>
        <extensions>
          <ns3:TrackPointExtension>
            <ns3:cad>0</ns3:cad>
          </ns3:TrackPointExtension>
        </extensions>
      </trkpt>
      <trkpt lat="68.98657989688217639923095703125" lon="20.43750791810452938079833984375">
        <ele>769.79998779296875</ele>
        <time>2026-08-22T09:49:31.000Z</time>
        <extensions>
          <ns3:TrackPointExtension>
            <ns3:cad>0</ns3:cad>
          </ns3:TrackPointExtension>
        </extensions>
      </trkpt>
      <trkpt lat="68.9865880273282527923583984375" lon="20.43754630722105503082275390625">
        <ele>769.20001220703125</ele>
        <time>2026-08-22T09:49:34.000Z</time>
        <extensions>
          <ns3:TrackPointExtension>
            <ns3:cad>0</ns3:cad>
          </ns3:TrackPointExtension>
        </extensions>
      </trkpt>
      <trkpt lat="68.98660386912524700164794921875" lon="20.43761436827480792999267578125">
        <ele>768.5999755859375</ele>
        <time>2026-08-22T09:49:39.000Z</time>
        <extensions>
          <ns3:TrackPointExtension>
            <ns3:cad>0</ns3:cad>
          </ns3:TrackPointExtension>
        </extensions>
      </trkpt>
      <trkpt lat="68.98661007173359394073486328125" lon="20.437658540904521942138671875">
        <ele>768.20001220703125</ele>
        <time>2026-08-22T09:49:42.000Z</time>
        <extensions>
          <ns3:TrackPointExtension>
            <ns3:cad>60</ns3:cad>
          </ns3:TrackPointExtension>
        </extensions>
      </trkpt>
      <trkpt lat="68.986624069511890411376953125" lon="20.437697432935237884521484375">
        <ele>767.5999755859375</ele>
        <time>2026-08-22T09:49:46.000Z</time>
        <extensions>
          <ns3:TrackPointExtension>
            <ns3:cad>0</ns3:cad>
          </ns3:TrackPointExtension>
        </extensions>
      </trkpt>
      <trkpt lat="68.98663722909986972808837890625" lon="20.43773640878498554229736328125">
        <ele>767.20001220703125</ele>
        <time>2026-08-22T09:49:49.000Z</time>
        <extensions>
          <ns3:TrackPointExtension>
            <ns3:cad>0</ns3:cad>
          </ns3:TrackPointExtension>
        </extensions>
      </trkpt>
      <trkpt lat="68.9866393245756626129150390625" lon="20.43777563609182834625244140625">
        <ele>766.79998779296875</ele>
        <time>2026-08-22T09:49:52.000Z</time>
        <extensions>
          <ns3:TrackPointExtension>
            <ns3:cad>0</ns3:cad>
          </ns3:TrackPointExtension>
        </extensions>
      </trkpt>
      <trkpt lat="68.9866389892995357513427734375" lon="20.43782852590084075927734375">
        <ele>766</ele>
        <time>2026-08-22T09:49:56.000Z</time>
        <extensions>
          <ns3:TrackPointExtension>
            <ns3:cad>0</ns3:cad>
          </ns3:TrackPointExtension>
        </extensions>
      </trkpt>
      <trkpt lat="68.986644186079502105712890625" lon="20.4378508217632770538330078125">
        <ele>765.4000244140625</ele>
        <time>2026-08-22T09:50:00.000Z</time>
        <extensions>
          <ns3:TrackPointExtension>
            <ns3:cad>0</ns3:cad>
          </ns3:TrackPointExtension>
        </extensions>
      </trkpt>
      <trkpt lat="68.986643515527248382568359375" lon="20.43788694776594638824462890625">
        <ele>765</ele>
        <time>2026-08-22T09:50:03.000Z</time>
        <extensions>
          <ns3:TrackPointExtension>
            <ns3:cad>0</ns3:cad>
          </ns3:TrackPointExtension>
        </extensions>
      </trkpt>
      <trkpt lat="68.9866339601576328277587890625" lon="20.437916703522205352783203125">
        <ele>764.20001220703125</ele>
        <time>2026-08-22T09:50:06.000Z</time>
        <extensions>
          <ns3:TrackPointExtension>
            <ns3:cad>0</ns3:cad>
          </ns3:TrackPointExtension>
        </extensions>
      </trkpt>
      <trkpt lat="68.98663337342441082000732421875" lon="20.43793221004307270050048828125">
        <ele>764</ele>
        <time>2026-08-22T09:50:07.000Z</time>
        <extensions>
          <ns3:TrackPointExtension>
            <ns3:cad>0</ns3:cad>
          </ns3:TrackPointExtension>
        </extensions>
      </trkpt>
      <trkpt lat="68.9866279251873493194580078125" lon="20.438026674091815948486328125">
        <ele>763.20001220703125</ele>
        <time>2026-08-22T09:50:12.000Z</time>
        <extensions>
          <ns3:TrackPointExtension>
            <ns3:cad>0</ns3:cad>
          </ns3:TrackPointExtension>
        </extensions>
      </trkpt>
      <trkpt lat="68.9866242371499538421630859375" lon="20.43804218061268329620361328125">
        <ele>762.79998779296875</ele>
        <time>2026-08-22T09:50:13.000Z</time>
        <extensions>
          <ns3:TrackPointExtension>
            <ns3:cad>0</ns3:cad>
          </ns3:TrackPointExtension>
        </extensions>
      </trkpt>
      <trkpt lat="68.98660361766815185546875" lon="20.43814796023070812225341796875">
        <ele>762</ele>
        <time>2026-08-22T09:50:19.000Z</time>
        <extensions>
          <ns3:TrackPointExtension>
            <ns3:cad>0</ns3:cad>
          </ns3:TrackPointExtension>
        </extensions>
      </trkpt>
      <trkpt lat="68.98660353384912014007568359375" lon="20.43817008845508098602294921875">
        <ele>761.79998779296875</ele>
        <time>2026-08-22T09:50:20.000Z</time>
        <extensions>
          <ns3:TrackPointExtension>
            <ns3:cad>0</ns3:cad>
          </ns3:TrackPointExtension>
        </extensions>
      </trkpt>
      <trkpt lat="68.9865920506417751312255859375" lon="20.4383520595729351043701171875">
        <ele>761.4000244140625</ele>
        <time>2026-08-22T09:50:27.000Z</time>
        <extensions>
          <ns3:TrackPointExtension>
            <ns3:cad>41</ns3:cad>
          </ns3:TrackPointExtension>
        </extensions>
      </trkpt>
      <trkpt lat="68.98657017387449741363525390625" lon="20.4384519718587398529052734375">
        <ele>761</ele>
        <time>2026-08-22T09:50:32.000Z</time>
        <extensions>
          <ns3:TrackPointExtension>
            <ns3:cad>43</ns3:cad>
          </ns3:TrackPointExtension>
        </extensions>
      </trkpt>
      <trkpt lat="68.98653949610888957977294921875" lon="20.438551716506481170654296875">
        <ele>761</ele>
        <time>2026-08-22T09:50:37.000Z</time>
        <extensions>
          <ns3:TrackPointExtension>
            <ns3:cad>0</ns3:cad>
          </ns3:TrackPointExtension>
        </extensions>
      </trkpt>
      <trkpt lat="68.9865162782371044158935546875" lon="20.438623465597629547119140625">
        <ele>761</ele>
        <time>2026-08-22T09:50:42.000Z</time>
        <extensions>
          <ns3:TrackPointExtension>
            <ns3:cad>0</ns3:cad>
          </ns3:TrackPointExtension>
        </extensions>
      </trkpt>
      <trkpt lat="68.98651250638067722320556640625" lon="20.438632853329181671142578125">
        <ele>761</ele>
        <time>2026-08-22T09:50:43.000Z</time>
        <extensions>
          <ns3:TrackPointExtension>
            <ns3:cad>0</ns3:cad>
          </ns3:TrackPointExtension>
        </extensions>
      </trkpt>
      <trkpt lat="68.986506722867488861083984375" lon="20.43867618776857852935791015625">
        <ele>761</ele>
        <time>2026-08-22T09:50:46.000Z</time>
        <extensions>
          <ns3:TrackPointExtension>
            <ns3:cad>0</ns3:cad>
          </ns3:TrackPointExtension>
        </extensions>
      </trkpt>
      <trkpt lat="68.98650194518268108367919921875" lon="20.43876285664737224578857421875">
        <ele>761</ele>
        <time>2026-08-22T09:50:52.000Z</time>
        <extensions>
          <ns3:TrackPointExtension>
            <ns3:cad>0</ns3:cad>
          </ns3:TrackPointExtension>
        </extensions>
      </trkpt>
      <trkpt lat="68.98649456910789012908935546875" lon="20.4388915188610553741455078125">
        <ele>761</ele>
        <time>2026-08-22T09:50:58.000Z</time>
        <extensions>
          <ns3:TrackPointExtension>
            <ns3:cad>40</ns3:cad>
          </ns3:TrackPointExtension>
        </extensions>
      </trkpt>
      <trkpt lat="68.98646472953259944915771484375" lon="20.43900677002966403961181640625">
        <ele>761</ele>
        <time>2026-08-22T09:51:03.000Z</time>
        <extensions>
          <ns3:TrackPointExtension>
            <ns3:cad>0</ns3:cad>
          </ns3:TrackPointExtension>
        </extensions>
      </trkpt>
      <trkpt lat="68.98645886220037937164306640625" lon="20.43905471451580524444580078125">
        <ele>761</ele>
        <time>2026-08-22T09:51:09.000Z</time>
        <extensions>
          <ns3:TrackPointExtension>
            <ns3:cad>0</ns3:cad>
          </ns3:TrackPointExtension>
        </extensions>
      </trkpt>
      <trkpt lat="68.98646875284612178802490234375" lon="20.43914658017456531524658203125">
        <ele>761</ele>
        <time>2026-08-22T09:51:16.000Z</time>
        <extensions>
          <ns3:TrackPointExtension>
            <ns3:cad>0</ns3:cad>
          </ns3:TrackPointExtension>
        </extensions>
      </trkpt>
      <trkpt lat="68.986475206911563873291015625" lon="20.43918262235820293426513671875">
        <ele>761</ele>
        <time>2026-08-22T09:51:18.000Z</time>
        <extensions>
          <ns3:TrackPointExtension>
            <ns3:cad>0</ns3:cad>
          </ns3:TrackPointExtension>
        </extensions>
      </trkpt>
      <trkpt lat="68.9864783920347690582275390625" lon="20.4392274655401706695556640625">
        <ele>761</ele>
        <time>2026-08-22T09:51:20.000Z</time>
        <extensions>
          <ns3:TrackPointExtension>
            <ns3:cad>0</ns3:cad>
          </ns3:TrackPointExtension>
        </extensions>
      </trkpt>
      <trkpt lat="68.9864788949489593505859375" lon="20.4392526112496852874755859375">
        <ele>760.79998779296875</ele>
        <time>2026-08-22T09:51:21.000Z</time>
        <extensions>
          <ns3:TrackPointExtension>
            <ns3:cad>0</ns3:cad>
          </ns3:TrackPointExtension>
        </extensions>
      </trkpt>
      <trkpt lat="68.98647981695830821990966796875" lon="20.4392713867127895355224609375">
        <ele>760.79998779296875</ele>
        <time>2026-08-22T09:51:22.000Z</time>
        <extensions>
          <ns3:TrackPointExtension>
            <ns3:cad>0</ns3:cad>
          </ns3:TrackPointExtension>
        </extensions>
      </trkpt>
      <trkpt lat="68.9864815771579742431640625" lon="20.43932628817856311798095703125">
        <ele>760.79998779296875</ele>
        <time>2026-08-22T09:51:27.000Z</time>
        <extensions>
          <ns3:TrackPointExtension>
            <ns3:cad>0</ns3:cad>
          </ns3:TrackPointExtension>
        </extensions>
      </trkpt>
      <trkpt lat="68.9865015260875225067138671875" lon="20.43934724293649196624755859375">
        <ele>760.79998779296875</ele>
        <time>2026-08-22T09:51:33.000Z</time>
        <extensions>
          <ns3:TrackPointExtension>
            <ns3:cad>0</ns3:cad>
          </ns3:TrackPointExtension>
        </extensions>
      </trkpt>
      <trkpt lat="68.9865112490952014923095703125" lon="20.43940356932580471038818359375">
        <ele>760.79998779296875</ele>
        <time>2026-08-22T09:51:39.000Z</time>
        <extensions>
          <ns3:TrackPointExtension>
            <ns3:cad>0</ns3:cad>
          </ns3:TrackPointExtension>
        </extensions>
      </trkpt>
      <trkpt lat="68.98650177754461765289306640625" lon="20.4394759051501750946044921875">
        <ele>760.5999755859375</ele>
        <time>2026-08-22T09:51:46.000Z</time>
        <extensions>
          <ns3:TrackPointExtension>
            <ns3:cad>0</ns3:cad>
          </ns3:TrackPointExtension>
        </extensions>
      </trkpt>
      <trkpt lat="68.98650563322007656097412109375" lon="20.439502894878387451171875">
        <ele>760.79998779296875</ele>
        <time>2026-08-22T09:51:52.000Z</time>
        <extensions>
          <ns3:TrackPointExtension>
            <ns3:cad>0</ns3:cad>
          </ns3:TrackPointExtension>
        </extensions>
      </trkpt>
      <trkpt lat="68.98649607785046100616455078125" lon="20.43953063897788524627685546875">
        <ele>760.5999755859375</ele>
        <time>2026-08-22T09:51:59.000Z</time>
        <extensions>
          <ns3:TrackPointExtension>
            <ns3:cad>55</ns3:cad>
          </ns3:TrackPointExtension>
        </extensions>
      </trkpt>
      <trkpt lat="68.986485935747623443603515625" lon="20.43957053683698177337646484375">
        <ele>760.5999755859375</ele>
        <time>2026-08-22T09:52:05.000Z</time>
        <extensions>
          <ns3:TrackPointExtension>
            <ns3:cad>0</ns3:cad>
          </ns3:TrackPointExtension>
        </extensions>
      </trkpt>
      <trkpt lat="68.98647847585380077362060546875" lon="20.439577996730804443359375">
        <ele>760.5999755859375</ele>
        <time>2026-08-22T09:52:11.000Z</time>
        <extensions>
          <ns3:TrackPointExtension>
            <ns3:cad>0</ns3:cad>
          </ns3:TrackPointExtension>
        </extensions>
      </trkpt>
      <trkpt lat="68.98647864349186420440673828125" lon="20.43963633477687835693359375">
        <ele>760.5999755859375</ele>
        <time>2026-08-22T09:52:17.000Z</time>
        <extensions>
          <ns3:TrackPointExtension>
            <ns3:cad>0</ns3:cad>
          </ns3:TrackPointExtension>
        </extensions>
      </trkpt>
      <trkpt lat="68.98646422661840915679931640625" lon="20.43971051461994647979736328125">
        <ele>760.5999755859375</ele>
        <time>2026-08-22T09:52:22.000Z</time>
        <extensions>
          <ns3:TrackPointExtension>
            <ns3:cad>0</ns3:cad>
          </ns3:TrackPointExtension>
        </extensions>
      </trkpt>
      <trkpt lat="68.98646540008485317230224609375" lon="20.43976013548672199249267578125">
        <ele>760.5999755859375</ele>
        <time>2026-08-22T09:52:28.000Z</time>
        <extensions>
          <ns3:TrackPointExtension>
            <ns3:cad>0</ns3:cad>
          </ns3:TrackPointExtension>
        </extensions>
      </trkpt>
      <trkpt lat="68.98646942339837551116943359375" lon="20.43979584239423274993896484375">
        <ele>760.5999755859375</ele>
        <time>2026-08-22T09:52:34.000Z</time>
        <extensions>
          <ns3:TrackPointExtension>
            <ns3:cad>0</ns3:cad>
          </ns3:TrackPointExtension>
        </extensions>
      </trkpt>
      <trkpt lat="68.98649540729820728302001953125" lon="20.43984060175716876983642578125">
        <ele>760.79998779296875</ele>
        <time>2026-08-22T09:52:41.000Z</time>
        <extensions>
          <ns3:TrackPointExtension>
            <ns3:cad>0</ns3:cad>
          </ns3:TrackPointExtension>
        </extensions>
      </trkpt>
      <trkpt lat="68.9865327067673206329345703125" lon="20.439843870699405670166015625">
        <ele>760.5999755859375</ele>
        <time>2026-08-22T09:52:47.000Z</time>
        <extensions>
          <ns3:TrackPointExtension>
            <ns3:cad>0</ns3:cad>
          </ns3:TrackPointExtension>
        </extensions>
      </trkpt>
      <trkpt lat="68.98655525408685207366943359375" lon="20.4398390091955661773681640625">
        <ele>760.5999755859375</ele>
        <time>2026-08-22T09:52:52.000Z</time>
        <extensions>
          <ns3:TrackPointExtension>
            <ns3:cad>0</ns3:cad>
          </ns3:TrackPointExtension>
        </extensions>
      </trkpt>
      <trkpt lat="68.986581824719905853271484375" lon="20.43984781019389629364013671875">
        <ele>760.5999755859375</ele>
        <time>2026-08-22T09:52:58.000Z</time>
        <extensions>
          <ns3:TrackPointExtension>
            <ns3:cad>0</ns3:cad>
          </ns3:TrackPointExtension>
        </extensions>
      </trkpt>
      <trkpt lat="68.98661107756197452545166015625" lon="20.4398943297564983367919921875">
        <ele>761</ele>
        <time>2026-08-22T09:53:05.000Z</time>
        <extensions>
          <ns3:TrackPointExtension>
            <ns3:cad>0</ns3:cad>
          </ns3:TrackPointExtension>
        </extensions>
      </trkpt>
      <trkpt lat="68.98662968538701534271240234375" lon="20.439947135746479034423828125">
        <ele>761.5999755859375</ele>
        <time>2026-08-22T09:53:12.000Z</time>
        <extensions>
          <ns3:TrackPointExtension>
            <ns3:cad>0</ns3:cad>
          </ns3:TrackPointExtension>
        </extensions>
      </trkpt>
      <trkpt lat="68.986630775034427642822265625" lon="20.439953841269016265869140625">
        <ele>762</ele>
        <time>2026-08-22T09:53:15.000Z</time>
        <extensions>
          <ns3:TrackPointExtension>
            <ns3:cad>0</ns3:cad>
          </ns3:TrackPointExtension>
        </extensions>
      </trkpt>
      <trkpt lat="68.9866302721202373504638671875" lon="20.43995342217385768890380859375">
        <ele>762</ele>
        <time>2026-08-22T09:53:19.000Z</time>
        <extensions>
          <ns3:TrackPointExtension>
            <ns3:cad>0</ns3:cad>
          </ns3:TrackPointExtension>
        </extensions>
      </trkpt>
      <trkpt lat="68.98666019551455974578857421875" lon="20.43999315239489078521728515625">
        <ele>762</ele>
        <time>2026-08-22T09:53:28.000Z</time>
        <extensions>
          <ns3:TrackPointExtension>
            <ns3:cad>0</ns3:cad>
          </ns3:TrackPointExtension>
        </extensions>
      </trkpt>
      <trkpt lat="68.98670663125813007354736328125" lon="20.4400555975735187530517578125">
        <ele>762</ele>
        <time>2026-08-22T09:53:36.000Z</time>
        <extensions>
          <ns3:TrackPointExtension>
            <ns3:cad>0</ns3:cad>
          </ns3:TrackPointExtension>
        </extensions>
      </trkpt>
      <trkpt lat="68.98672766983509063720703125" lon="20.44008962810039520263671875">
        <ele>761.79998779296875</ele>
        <time>2026-08-22T09:53:41.000Z</time>
        <extensions>
          <ns3:TrackPointExtension>
            <ns3:cad>0</ns3:cad>
          </ns3:TrackPointExtension>
        </extensions>
      </trkpt>
      <trkpt lat="68.98671451024711132049560546875" lon="20.44007210992276668548583984375">
        <ele>762</ele>
        <time>2026-08-22T09:53:48.000Z</time>
        <extensions>
          <ns3:TrackPointExtension>
            <ns3:cad>0</ns3:cad>
          </ns3:TrackPointExtension>
        </extensions>
      </trkpt>
      <trkpt lat="68.98672188632190227508544921875" lon="20.4400676675140857696533203125">
        <ele>762</ele>
        <time>2026-08-22T09:53:54.000Z</time>
        <extensions>
          <ns3:TrackPointExtension>
            <ns3:cad>0</ns3:cad>
          </ns3:TrackPointExtension>
        </extensions>
      </trkpt>
      <trkpt lat="68.9867154322564601898193359375" lon="20.4400755465030670166015625">
        <ele>762</ele>
        <time>2026-08-22T09:54:01.000Z</time>
        <extensions>
          <ns3:TrackPointExtension>
            <ns3:cad>0</ns3:cad>
          </ns3:TrackPointExtension>
        </extensions>
      </trkpt>
      <trkpt lat="68.98670562542974948883056640625" lon="20.440085940062999725341796875">
        <ele>762</ele>
        <time>2026-08-22T09:54:07.000Z</time>
        <extensions>
          <ns3:TrackPointExtension>
            <ns3:cad>0</ns3:cad>
          </ns3:TrackPointExtension>
        </extensions>
      </trkpt>
      <trkpt lat="68.986718617379665374755859375" lon="20.4401018656790256500244140625">
        <ele>762</ele>
        <time>2026-08-22T09:54:14.000Z</time>
        <extensions>
          <ns3:TrackPointExtension>
            <ns3:cad>0</ns3:cad>
          </ns3:TrackPointExtension>
        </extensions>
      </trkpt>
      <trkpt lat="68.98673303425312042236328125" lon="20.4401561804115772247314453125">
        <ele>762</ele>
        <time>2026-08-22T09:54:21.000Z</time>
        <extensions>
          <ns3:TrackPointExtension>
            <ns3:cad>0</ns3:cad>
          </ns3:TrackPointExtension>
        </extensions>
      </trkpt>
      <trkpt lat="68.98676647804677486419677734375" lon="20.44029003940522670745849609375">
        <ele>762</ele>
        <time>2026-08-22T09:54:27.000Z</time>
        <extensions>
          <ns3:TrackPointExtension>
            <ns3:cad>0</ns3:cad>
          </ns3:TrackPointExtension>
        </extensions>
      </trkpt>
      <trkpt lat="68.98680436424911022186279296875" lon="20.44042431749403476715087890625">
        <ele>761.79998779296875</ele>
        <time>2026-08-22T09:54:34.000Z</time>
        <extensions>
          <ns3:TrackPointExtension>
            <ns3:cad>46</ns3:cad>
          </ns3:TrackPointExtension>
        </extensions>
      </trkpt>
      <trkpt lat="68.98682967759668827056884765625" lon="20.44049522839486598968505859375">
        <ele>761.5999755859375</ele>
        <time>2026-08-22T09:54:39.000Z</time>
        <extensions>
          <ns3:TrackPointExtension>
            <ns3:cad>0</ns3:cad>
          </ns3:TrackPointExtension>
        </extensions>
      </trkpt>
      <trkpt lat="68.98683621548116207122802734375" lon="20.4405041970312595367431640625">
        <ele>761.79998779296875</ele>
        <time>2026-08-22T09:54:40.000Z</time>
        <extensions>
          <ns3:TrackPointExtension>
            <ns3:cad>0</ns3:cad>
          </ns3:TrackPointExtension>
        </extensions>
      </trkpt>
      <trkpt lat="68.98685314692556858062744140625" lon="20.4405799694359302520751953125">
        <ele>762.20001220703125</ele>
        <time>2026-08-22T09:54:44.000Z</time>
        <extensions>
          <ns3:TrackPointExtension>
            <ns3:cad>0</ns3:cad>
          </ns3:TrackPointExtension>
        </extensions>
      </trkpt>
      <trkpt lat="68.98687695153057575225830078125" lon="20.44066119007766246795654296875">
        <ele>762.79998779296875</ele>
        <time>2026-08-22T09:54:50.000Z</time>
        <extensions>
          <ns3:TrackPointExtension>
            <ns3:cad>0</ns3:cad>
          </ns3:TrackPointExtension>
        </extensions>
      </trkpt>
      <trkpt lat="68.98688181303441524505615234375" lon="20.4406885989010334014892578125">
        <ele>763</ele>
        <time>2026-08-22T09:54:52.000Z</time>
        <extensions>
          <ns3:TrackPointExtension>
            <ns3:cad>0</ns3:cad>
          </ns3:TrackPointExtension>
        </extensions>
      </trkpt>
      <trkpt lat="68.9868917874991893768310546875" lon="20.44077015481889247894287109375">
        <ele>762.79998779296875</ele>
        <time>2026-08-22T09:54:56.000Z</time>
        <extensions>
          <ns3:TrackPointExtension>
            <ns3:cad>0</ns3:cad>
          </ns3:TrackPointExtension>
        </extensions>
      </trkpt>
      <trkpt lat="68.98691249080002307891845703125" lon="20.4409231245517730712890625">
        <ele>762.5999755859375</ele>
        <time>2026-08-22T09:55:03.000Z</time>
        <extensions>
          <ns3:TrackPointExtension>
            <ns3:cad>0</ns3:cad>
          </ns3:TrackPointExtension>
        </extensions>
      </trkpt>
      <trkpt lat="68.98696026764810085296630859375" lon="20.4410969652235507965087890625">
        <ele>762.79998779296875</ele>
        <time>2026-08-22T09:55:11.000Z</time>
        <extensions>
          <ns3:TrackPointExtension>
            <ns3:cad>0</ns3:cad>
          </ns3:TrackPointExtension>
        </extensions>
      </trkpt>
      <trkpt lat="68.98699932731688022613525390625" lon="20.44120986945927143096923828125">
        <ele>763.20001220703125</ele>
        <time>2026-08-22T09:55:17.000Z</time>
        <extensions>
          <ns3:TrackPointExtension>
            <ns3:cad>42</ns3:cad>
          </ns3:TrackPointExtension>
        </extensions>
      </trkpt>
      <trkpt lat="68.986992873251438140869140625" lon="20.4412961192429065704345703125">
        <ele>763</ele>
        <time>2026-08-22T09:55:24.000Z</time>
        <extensions>
          <ns3:TrackPointExtension>
            <ns3:cad>43</ns3:cad>
          </ns3:TrackPointExtension>
        </extensions>
      </trkpt>
      <trkpt lat="68.986992202699184417724609375" lon="20.44131539762020111083984375">
        <ele>762.4000244140625</ele>
        <time>2026-08-22T09:55:31.000Z</time>
        <extensions>
          <ns3:TrackPointExtension>
            <ns3:cad>0</ns3:cad>
          </ns3:TrackPointExtension>
        </extensions>
      </trkpt>
      <trkpt lat="68.9869900234043598175048828125" lon="20.44131137430667877197265625">
        <ele>762.5999755859375</ele>
        <time>2026-08-22T09:55:37.000Z</time>
        <extensions>
          <ns3:TrackPointExtension>
            <ns3:cad>0</ns3:cad>
          </ns3:TrackPointExtension>
        </extensions>
      </trkpt>
      <trkpt lat="68.98697518743574619293212890625" lon="20.4413018189370632171630859375">
        <ele>762.4000244140625</ele>
        <time>2026-08-22T09:55:44.000Z</time>
        <extensions>
          <ns3:TrackPointExtension>
            <ns3:cad>0</ns3:cad>
          </ns3:TrackPointExtension>
        </extensions>
      </trkpt>
      <trkpt lat="68.98697820492088794708251953125" lon="20.441316403448581695556640625">
        <ele>762.4000244140625</ele>
        <time>2026-08-22T09:55:52.000Z</time>
        <extensions>
          <ns3:TrackPointExtension>
            <ns3:cad>0</ns3:cad>
          </ns3:TrackPointExtension>
        </extensions>
      </trkpt>
      <trkpt lat="68.98699295707046985626220703125" lon="20.44130223803222179412841796875">
        <ele>762.5999755859375</ele>
        <time>2026-08-22T09:56:01.000Z</time>
        <extensions>
          <ns3:TrackPointExtension>
            <ns3:cad>0</ns3:cad>
          </ns3:TrackPointExtension>
        </extensions>
      </trkpt>
      <trkpt lat="68.98700871504843235015869140625" lon="20.44139410369098186492919921875">
        <ele>761.79998779296875</ele>
        <time>2026-08-22T09:56:07.000Z</time>
        <extensions>
          <ns3:TrackPointExtension>
            <ns3:cad>0</ns3:cad>
          </ns3:TrackPointExtension>
        </extensions>
      </trkpt>
      <trkpt lat="68.9870128221809864044189453125" lon="20.44146023690700531005859375">
        <ele>761.79998779296875</ele>
        <time>2026-08-22T09:56:14.000Z</time>
        <extensions>
          <ns3:TrackPointExtension>
            <ns3:cad>0</ns3:cad>
          </ns3:TrackPointExtension>
        </extensions>
      </trkpt>
      <trkpt lat="68.98701894097030162811279296875" lon="20.44156484305858612060546875">
        <ele>761.79998779296875</ele>
        <time>2026-08-22T09:56:20.000Z</time>
        <extensions>
          <ns3:TrackPointExtension>
            <ns3:cad>0</ns3:cad>
          </ns3:TrackPointExtension>
        </extensions>
      </trkpt>
      <trkpt lat="68.98702832870185375213623046875" lon="20.44167456217110157012939453125">
        <ele>761.79998779296875</ele>
        <time>2026-08-22T09:56:26.000Z</time>
        <extensions>
          <ns3:TrackPointExtension>
            <ns3:cad>0</ns3:cad>
          </ns3:TrackPointExtension>
        </extensions>
      </trkpt>
      <trkpt lat="68.98704157210886478424072265625" lon="20.441794507205486297607421875">
        <ele>762</ele>
        <time>2026-08-22T09:56:32.000Z</time>
        <extensions>
          <ns3:TrackPointExtension>
            <ns3:cad>0</ns3:cad>
          </ns3:TrackPointExtension>
        </extensions>
      </trkpt>
      <trkpt lat="68.98704140447080135345458984375" lon="20.4419250972568988800048828125">
        <ele>762.20001220703125</ele>
        <time>2026-08-22T09:56:38.000Z</time>
        <extensions>
          <ns3:TrackPointExtension>
            <ns3:cad>0</ns3:cad>
          </ns3:TrackPointExtension>
        </extensions>
      </trkpt>
      <trkpt lat="68.98703771643340587615966796875" lon="20.442045293748378753662109375">
        <ele>762</ele>
        <time>2026-08-22T09:56:44.000Z</time>
        <extensions>
          <ns3:TrackPointExtension>
            <ns3:cad>0</ns3:cad>
          </ns3:TrackPointExtension>
        </extensions>
      </trkpt>
      <trkpt lat="68.9870406500995159149169921875" lon="20.44214394874870777130126953125">
        <ele>762.20001220703125</ele>
        <time>2026-08-22T09:56:51.000Z</time>
        <extensions>
          <ns3:TrackPointExtension>
            <ns3:cad>0</ns3:cad>
          </ns3:TrackPointExtension>
        </extensions>
      </trkpt>
      <trkpt lat="68.98702204227447509765625" lon="20.44227571226656436920166015625">
        <ele>762.20001220703125</ele>
        <time>2026-08-22T09:57:00.000Z</time>
        <extensions>
          <ns3:TrackPointExtension>
            <ns3:cad>0</ns3:cad>
          </ns3:TrackPointExtension>
        </extensions>
      </trkpt>
      <trkpt lat="68.98700150661170482635498046875" lon="20.4423257522284984588623046875">
        <ele>762.4000244140625</ele>
        <time>2026-08-22T09:57:06.000Z</time>
        <extensions>
          <ns3:TrackPointExtension>
            <ns3:cad>0</ns3:cad>
          </ns3:TrackPointExtension>
        </extensions>
      </trkpt>
      <trkpt lat="68.98697979748249053955078125" lon="20.4424487985670566558837890625">
        <ele>762.4000244140625</ele>
        <time>2026-08-22T09:57:13.000Z</time>
        <extensions>
          <ns3:TrackPointExtension>
            <ns3:cad>0</ns3:cad>
          </ns3:TrackPointExtension>
        </extensions>
      </trkpt>
      <trkpt lat="68.9869957230985164642333984375" lon="20.4424504749476909637451171875">
        <ele>762.5999755859375</ele>
        <time>2026-08-22T09:57:18.000Z</time>
        <extensions>
          <ns3:TrackPointExtension>
            <ns3:cad>0</ns3:cad>
          </ns3:TrackPointExtension>
        </extensions>
      </trkpt>
      <trkpt lat="68.98702581413090229034423828125" lon="20.442505963146686553955078125">
        <ele>762.4000244140625</ele>
        <time>2026-08-22T09:57:24.000Z</time>
        <extensions>
          <ns3:TrackPointExtension>
            <ns3:cad>0</ns3:cad>
          </ns3:TrackPointExtension>
        </extensions>
      </trkpt>
      <trkpt lat="68.9870248921215534210205078125" lon="20.442568324506282806396484375">
        <ele>762.5999755859375</ele>
        <time>2026-08-22T09:57:30.000Z</time>
        <extensions>
          <ns3:TrackPointExtension>
            <ns3:cad>0</ns3:cad>
          </ns3:TrackPointExtension>
        </extensions>
      </trkpt>
      <trkpt lat="68.98705515079200267791748046875" lon="20.4426006786525249481201171875">
        <ele>762.5999755859375</ele>
        <time>2026-08-22T09:57:36.000Z</time>
        <extensions>
          <ns3:TrackPointExtension>
            <ns3:cad>0</ns3:cad>
          </ns3:TrackPointExtension>
        </extensions>
      </trkpt>
      <trkpt lat="68.98709035478532314300537109375" lon="20.44260193593800067901611328125">
        <ele>762.5999755859375</ele>
        <time>2026-08-22T09:57:44.000Z</time>
        <extensions>
          <ns3:TrackPointExtension>
            <ns3:cad>0</ns3:cad>
          </ns3:TrackPointExtension>
        </extensions>
      </trkpt>
      <trkpt lat="68.98710443638265132904052734375" lon="20.442684330046176910400390625">
        <ele>762.4000244140625</ele>
        <time>2026-08-22T09:57:48.000Z</time>
        <extensions>
          <ns3:TrackPointExtension>
            <ns3:cad>0</ns3:cad>
          </ns3:TrackPointExtension>
        </extensions>
      </trkpt>
      <trkpt lat="68.98712555877864360809326171875" lon="20.44275649823248386383056640625">
        <ele>762.5999755859375</ele>
        <time>2026-08-22T09:57:53.000Z</time>
        <extensions>
          <ns3:TrackPointExtension>
            <ns3:cad>0</ns3:cad>
          </ns3:TrackPointExtension>
        </extensions>
      </trkpt>
      <trkpt lat="68.9871499501168727874755859375" lon="20.44275381602346897125244140625">
        <ele>762.5999755859375</ele>
        <time>2026-08-22T09:57:59.000Z</time>
        <extensions>
          <ns3:TrackPointExtension>
            <ns3:cad>0</ns3:cad>
          </ns3:TrackPointExtension>
        </extensions>
      </trkpt>
      <trkpt lat="68.98715975694358348846435546875" lon="20.4428005032241344451904296875">
        <ele>762.5999755859375</ele>
        <time>2026-08-22T09:58:04.000Z</time>
        <extensions>
          <ns3:TrackPointExtension>
            <ns3:cad>0</ns3:cad>
          </ns3:TrackPointExtension>
        </extensions>
      </trkpt>
      <trkpt lat="68.98718624375760555267333984375" lon="20.442799665033817291259765625">
        <ele>762.4000244140625</ele>
        <time>2026-08-22T09:58:09.000Z</time>
        <extensions>
          <ns3:TrackPointExtension>
            <ns3:cad>0</ns3:cad>
          </ns3:TrackPointExtension>
        </extensions>
      </trkpt>
      <trkpt lat="68.98720912635326385498046875" lon="20.44280938804149627685546875">
        <ele>762.5999755859375</ele>
        <time>2026-08-22T09:58:14.000Z</time>
        <extensions>
          <ns3:TrackPointExtension>
            <ns3:cad>0</ns3:cad>
          </ns3:TrackPointExtension>
        </extensions>
      </trkpt>
      <trkpt lat="68.9872532151639461517333984375" lon="20.44283210299909114837646484375">
        <ele>762.4000244140625</ele>
        <time>2026-08-22T09:58:21.000Z</time>
        <extensions>
          <ns3:TrackPointExtension>
            <ns3:cad>0</ns3:cad>
          </ns3:TrackPointExtension>
        </extensions>
      </trkpt>
      <trkpt lat="68.98728800006210803985595703125" lon="20.442846603691577911376953125">
        <ele>762.5999755859375</ele>
        <time>2026-08-22T09:58:28.000Z</time>
        <extensions>
          <ns3:TrackPointExtension>
            <ns3:cad>0</ns3:cad>
          </ns3:TrackPointExtension>
        </extensions>
      </trkpt>
      <trkpt lat="68.9873293228447437286376953125" lon="20.442827157676219940185546875">
        <ele>762.79998779296875</ele>
        <time>2026-08-22T09:58:32.000Z</time>
        <extensions>
          <ns3:TrackPointExtension>
            <ns3:cad>0</ns3:cad>
          </ns3:TrackPointExtension>
        </extensions>
      </trkpt>
      <trkpt lat="68.9873390458524227142333984375" lon="20.44282472692430019378662109375">
        <ele>762.79998779296875</ele>
        <time>2026-08-22T09:58:33.000Z</time>
        <extensions>
          <ns3:TrackPointExtension>
            <ns3:cad>0</ns3:cad>
          </ns3:TrackPointExtension>
        </extensions>
      </trkpt>
      <trkpt lat="68.98737651295959949493408203125" lon="20.4428383894264698028564453125">
        <ele>763</ele>
        <time>2026-08-22T09:58:39.000Z</time>
        <extensions>
          <ns3:TrackPointExtension>
            <ns3:cad>0</ns3:cad>
          </ns3:TrackPointExtension>
        </extensions>
      </trkpt>
      <trkpt lat="68.9874322526156902313232421875" lon="20.4428682290017604827880859375">
        <ele>762.79998779296875</ele>
        <time>2026-08-22T09:58:46.000Z</time>
        <extensions>
          <ns3:TrackPointExtension>
            <ns3:cad>0</ns3:cad>
          </ns3:TrackPointExtension>
        </extensions>
      </trkpt>
      <trkpt lat="68.98748748935759067535400390625" lon="20.44287116266787052154541015625">
        <ele>763.20001220703125</ele>
        <time>2026-08-22T09:58:52.000Z</time>
        <extensions>
          <ns3:TrackPointExtension>
            <ns3:cad>0</ns3:cad>
          </ns3:TrackPointExtension>
        </extensions>
      </trkpt>
      <trkpt lat="68.9875415526330471038818359375" lon="20.44286764226853847503662109375">
        <ele>763.4000244140625</ele>
        <time>2026-08-22T09:58:59.000Z</time>
        <extensions>
          <ns3:TrackPointExtension>
            <ns3:cad>0</ns3:cad>
          </ns3:TrackPointExtension>
        </extensions>
      </trkpt>
      <trkpt lat="68.9875807799398899078369140625" lon="20.4428621940314769744873046875">
        <ele>763.4000244140625</ele>
        <time>2026-08-22T09:59:05.000Z</time>
        <extensions>
          <ns3:TrackPointExtension>
            <ns3:cad>0</ns3:cad>
          </ns3:TrackPointExtension>
        </extensions>
      </trkpt>
      <trkpt lat="68.9876143075525760650634765625" lon="20.44285473413765430450439453125">
        <ele>763.5999755859375</ele>
        <time>2026-08-22T09:59:11.000Z</time>
        <extensions>
          <ns3:TrackPointExtension>
            <ns3:cad>0</ns3:cad>
          </ns3:TrackPointExtension>
        </extensions>
      </trkpt>
      <trkpt lat="68.9876421354711055755615234375" lon="20.44281131587922573089599609375">
        <ele>763.5999755859375</ele>
        <time>2026-08-22T09:59:17.000Z</time>
        <extensions>
          <ns3:TrackPointExtension>
            <ns3:cad>79</ns3:cad>
          </ns3:TrackPointExtension>
        </extensions>
      </trkpt>
      <trkpt lat="68.98766376078128814697265625" lon="20.4427793808281421661376953125">
        <ele>763.79998779296875</ele>
        <time>2026-08-22T09:59:20.000Z</time>
        <extensions>
          <ns3:TrackPointExtension>
            <ns3:cad>79</ns3:cad>
          </ns3:TrackPointExtension>
        </extensions>
      </trkpt>
      <trkpt lat="68.98768111132085323333740234375" lon="20.4427228868007659912109375">
        <ele>763.79998779296875</ele>
        <time>2026-08-22T09:59:23.000Z</time>
        <extensions>
          <ns3:TrackPointExtension>
            <ns3:cad>77</ns3:cad>
          </ns3:TrackPointExtension>
        </extensions>
      </trkpt>
      <trkpt lat="68.98771044798195362091064453125" lon="20.44266521930694580078125">
        <ele>763.20001220703125</ele>
        <time>2026-08-22T09:59:28.000Z</time>
        <extensions>
          <ns3:TrackPointExtension>
            <ns3:cad>0</ns3:cad>
          </ns3:TrackPointExtension>
        </extensions>
      </trkpt>
      <trkpt lat="68.98775822483003139495849609375" lon="20.44262699782848358154296875">
        <ele>763</ele>
        <time>2026-08-22T09:59:34.000Z</time>
        <extensions>
          <ns3:TrackPointExtension>
            <ns3:cad>0</ns3:cad>
          </ns3:TrackPointExtension>
        </extensions>
      </trkpt>
      <trkpt lat="68.9877826161682605743408203125" lon="20.44259925372898578643798828125">
        <ele>763</ele>
        <time>2026-08-22T09:59:37.000Z</time>
        <extensions>
          <ns3:TrackPointExtension>
            <ns3:cad>0</ns3:cad>
          </ns3:TrackPointExtension>
        </extensions>
      </trkpt>
      <trkpt lat="68.98780147545039653778076171875" lon="20.44257762841880321502685546875">
        <ele>762.79998779296875</ele>
        <time>2026-08-22T09:59:39.000Z</time>
        <extensions>
          <ns3:TrackPointExtension>
            <ns3:cad>0</ns3:cad>
          </ns3:TrackPointExtension>
        </extensions>
      </trkpt>
      <trkpt lat="68.98781237192451953887939453125" lon="20.442573688924312591552734375">
        <ele>762.79998779296875</ele>
        <time>2026-08-22T09:59:40.000Z</time>
        <extensions>
          <ns3:TrackPointExtension>
            <ns3:cad>0</ns3:cad>
          </ns3:TrackPointExtension>
        </extensions>
      </trkpt>
      <trkpt lat="68.987834751605987548828125" lon="20.442576706409454345703125">
        <ele>763</ele>
        <time>2026-08-22T09:59:44.000Z</time>
        <extensions>
          <ns3:TrackPointExtension>
            <ns3:cad>0</ns3:cad>
          </ns3:TrackPointExtension>
        </extensions>
      </trkpt>
      <trkpt lat="68.987840451300144195556640625" lon="20.4425646364688873291015625">
        <ele>763</ele>
        <time>2026-08-22T09:59:45.000Z</time>
        <extensions>
          <ns3:TrackPointExtension>
            <ns3:cad>0</ns3:cad>
          </ns3:TrackPointExtension>
        </extensions>
      </trkpt>
      <trkpt lat="68.98785294033586978912353515625" lon="20.44251727871596813201904296875">
        <ele>762.79998779296875</ele>
        <time>2026-08-22T09:59:49.000Z</time>
        <extensions>
          <ns3:TrackPointExtension>
            <ns3:cad>0</ns3:cad>
          </ns3:TrackPointExtension>
        </extensions>
      </trkpt>
      <trkpt lat="68.98785713128745555877685546875" lon="20.4425088129937648773193359375">
        <ele>762.79998779296875</ele>
        <time>2026-08-22T09:59:50.000Z</time>
        <extensions>
          <ns3:TrackPointExtension>
            <ns3:cad>0</ns3:cad>
          </ns3:TrackPointExtension>
        </extensions>
      </trkpt>
      <trkpt lat="68.98787054233253002166748046875" lon="20.4424920491874217987060546875">
        <ele>763</ele>
        <time>2026-08-22T09:59:55.000Z</time>
        <extensions>
          <ns3:TrackPointExtension>
            <ns3:cad>0</ns3:cad>
          </ns3:TrackPointExtension>
        </extensions>
      </trkpt>
      <trkpt lat="68.98790054954588413238525390625" lon="20.442489199340343475341796875">
        <ele>762.79998779296875</ele>
        <time>2026-08-22T10:00:01.000Z</time>
        <extensions>
          <ns3:TrackPointExtension>
            <ns3:cad>0</ns3:cad>
          </ns3:TrackPointExtension>
        </extensions>
      </trkpt>
      <trkpt lat="68.9879348315298557281494140625" lon="20.44246095232665538787841796875">
        <ele>763</ele>
        <time>2026-08-22T10:00:07.000Z</time>
        <extensions>
          <ns3:TrackPointExtension>
            <ns3:cad>0</ns3:cad>
          </ns3:TrackPointExtension>
        </extensions>
      </trkpt>
      <trkpt lat="68.9879715442657470703125" lon="20.44239020906388759613037109375">
        <ele>763.20001220703125</ele>
        <time>2026-08-22T10:00:13.000Z</time>
        <extensions>
          <ns3:TrackPointExtension>
            <ns3:cad>0</ns3:cad>
          </ns3:TrackPointExtension>
        </extensions>
      </trkpt>
      <trkpt lat="68.9880399405956268310546875" lon="20.4422985948622226715087890625">
        <ele>763.5999755859375</ele>
        <time>2026-08-22T10:00:21.000Z</time>
        <extensions>
          <ns3:TrackPointExtension>
            <ns3:cad>0</ns3:cad>
          </ns3:TrackPointExtension>
        </extensions>
      </trkpt>
      <trkpt lat="68.98805762641131877899169921875" lon="20.4422922246158123016357421875">
        <ele>764</ele>
        <time>2026-08-22T10:00:24.000Z</time>
        <extensions>
          <ns3:TrackPointExtension>
            <ns3:cad>41</ns3:cad>
          </ns3:TrackPointExtension>
        </extensions>
      </trkpt>
      <trkpt lat="68.9880474843084812164306640625" lon="20.44228711165487766265869140625">
        <ele>764.4000244140625</ele>
        <time>2026-08-22T10:00:27.000Z</time>
        <extensions>
          <ns3:TrackPointExtension>
            <ns3:cad>0</ns3:cad>
          </ns3:TrackPointExtension>
        </extensions>
      </trkpt>
      <trkpt lat="68.988043628633022308349609375" lon="20.44228141196072101593017578125">
        <ele>764.5999755859375</ele>
        <time>2026-08-22T10:00:28.000Z</time>
        <extensions>
          <ns3:TrackPointExtension>
            <ns3:cad>0</ns3:cad>
          </ns3:TrackPointExtension>
        </extensions>
      </trkpt>
      <trkpt lat="68.9880515076220035552978515625" lon="20.44229172170162200927734375">
        <ele>764.79998779296875</ele>
        <time>2026-08-22T10:00:33.000Z</time>
        <extensions>
          <ns3:TrackPointExtension>
            <ns3:cad>0</ns3:cad>
          </ns3:TrackPointExtension>
        </extensions>
      </trkpt>
      <trkpt lat="68.98805201053619384765625" lon="20.44229599647223949432373046875">
        <ele>764.5999755859375</ele>
        <time>2026-08-22T10:00:34.000Z</time>
        <extensions>
          <ns3:TrackPointExtension>
            <ns3:cad>0</ns3:cad>
          </ns3:TrackPointExtension>
        </extensions>
      </trkpt>
      <trkpt lat="68.9880474843084812164306640625" lon="20.44228526763617992401123046875">
        <ele>764.5999755859375</ele>
        <time>2026-08-22T10:00:38.000Z</time>
        <extensions>
          <ns3:TrackPointExtension>
            <ns3:cad>0</ns3:cad>
          </ns3:TrackPointExtension>
        </extensions>
      </trkpt>
      <trkpt lat="68.9880431257188320159912109375" lon="20.44228426180779933929443359375">
        <ele>764.5999755859375</ele>
        <time>2026-08-22T10:00:41.000Z</time>
        <extensions>
          <ns3:TrackPointExtension>
            <ns3:cad>0</ns3:cad>
          </ns3:TrackPointExtension>
        </extensions>
      </trkpt>
      <trkpt lat="68.9880632422864437103271484375" lon="20.44228862039744853973388671875">
        <ele>764.5999755859375</ele>
        <time>2026-08-22T10:00:47.000Z</time>
        <extensions>
          <ns3:TrackPointExtension>
            <ns3:cad>0</ns3:cad>
          </ns3:TrackPointExtension>
        </extensions>
      </trkpt>
      <trkpt lat="68.988091908395290374755859375" lon="20.44227587990462779998779296875">
        <ele>764.79998779296875</ele>
        <time>2026-08-22T10:00:52.000Z</time>
        <extensions>
          <ns3:TrackPointExtension>
            <ns3:cad>0</ns3:cad>
          </ns3:TrackPointExtension>
        </extensions>
      </trkpt>
      <trkpt lat="68.9881259389221668243408203125" lon="20.4422362335026264190673828125">
        <ele>765</ele>
        <time>2026-08-22T10:00:56.000Z</time>
        <extensions>
          <ns3:TrackPointExtension>
            <ns3:cad>0</ns3:cad>
          </ns3:TrackPointExtension>
        </extensions>
      </trkpt>
      <trkpt lat="68.9881396852433681488037109375" lon="20.44220848940312862396240234375">
        <ele>765</ele>
        <time>2026-08-22T10:00:58.000Z</time>
        <extensions>
          <ns3:TrackPointExtension>
            <ns3:cad>0</ns3:cad>
          </ns3:TrackPointExtension>
        </extensions>
      </trkpt>
      <trkpt lat="68.9881688542664051055908203125" lon="20.44214612804353237152099609375">
        <ele>765.20001220703125</ele>
        <time>2026-08-22T10:01:03.000Z</time>
        <extensions>
          <ns3:TrackPointExtension>
            <ns3:cad>0</ns3:cad>
          </ns3:TrackPointExtension>
        </extensions>
      </trkpt>
      <trkpt lat="68.98820665664970874786376953125" lon="20.44209080748260021209716796875">
        <ele>765.5999755859375</ele>
        <time>2026-08-22T10:01:08.000Z</time>
        <extensions>
          <ns3:TrackPointExtension>
            <ns3:cad>0</ns3:cad>
          </ns3:TrackPointExtension>
        </extensions>
      </trkpt>
      <trkpt lat="68.98823431693017482757568359375" lon="20.44199575670063495635986328125">
        <ele>765.79998779296875</ele>
        <time>2026-08-22T10:01:14.000Z</time>
        <extensions>
          <ns3:TrackPointExtension>
            <ns3:cad>0</ns3:cad>
          </ns3:TrackPointExtension>
        </extensions>
      </trkpt>
      <trkpt lat="68.988244123756885528564453125" lon="20.44197429902851581573486328125">
        <ele>766</ele>
        <time>2026-08-22T10:01:16.000Z</time>
        <extensions>
          <ns3:TrackPointExtension>
            <ns3:cad>0</ns3:cad>
          </ns3:TrackPointExtension>
        </extensions>
      </trkpt>
      <trkpt lat="68.9882647432386875152587890625" lon="20.44193909503519535064697265625">
        <ele>766.4000244140625</ele>
        <time>2026-08-22T10:01:20.000Z</time>
        <extensions>
          <ns3:TrackPointExtension>
            <ns3:cad>0</ns3:cad>
          </ns3:TrackPointExtension>
        </extensions>
      </trkpt>
      <trkpt lat="68.9882908947765827178955078125" lon="20.44191009365022182464599609375">
        <ele>766.5999755859375</ele>
        <time>2026-08-22T10:01:24.000Z</time>
        <extensions>
          <ns3:TrackPointExtension>
            <ns3:cad>77</ns3:cad>
          </ns3:TrackPointExtension>
        </extensions>
      </trkpt>
      <trkpt lat="68.9883113466203212738037109375" lon="20.44191545806825160980224609375">
        <ele>766.5999755859375</ele>
        <time>2026-08-22T10:01:26.000Z</time>
        <extensions>
          <ns3:TrackPointExtension>
            <ns3:cad>77</ns3:cad>
          </ns3:TrackPointExtension>
        </extensions>
      </trkpt>
      <trkpt lat="68.9883535914123058319091796875" lon="20.4419623129069805145263671875">
        <ele>767</ele>
        <time>2026-08-22T10:01:32.000Z</time>
        <extensions>
          <ns3:TrackPointExtension>
            <ns3:cad>75</ns3:cad>
          </ns3:TrackPointExtension>
        </extensions>
      </trkpt>
      <trkpt lat="68.98840346373617649078369140625" lon="20.44195217080414295196533203125">
        <ele>767.5999755859375</ele>
        <time>2026-08-22T10:01:39.000Z</time>
        <extensions>
          <ns3:TrackPointExtension>
            <ns3:cad>0</ns3:cad>
          </ns3:TrackPointExtension>
        </extensions>
      </trkpt>
      <trkpt lat="68.98844671435654163360595703125" lon="20.441924594342708587646484375">
        <ele>767.5999755859375</ele>
        <time>2026-08-22T10:01:45.000Z</time>
        <extensions>
          <ns3:TrackPointExtension>
            <ns3:cad>59</ns3:cad>
          </ns3:TrackPointExtension>
        </extensions>
      </trkpt>
      <trkpt lat="68.98848527111113071441650390625" lon="20.44188746251165866851806640625">
        <ele>767.79998779296875</ele>
        <time>2026-08-22T10:01:50.000Z</time>
        <extensions>
          <ns3:TrackPointExtension>
            <ns3:cad>0</ns3:cad>
          </ns3:TrackPointExtension>
        </extensions>
      </trkpt>
      <trkpt lat="68.9885269291698932647705078125" lon="20.4418493248522281646728515625">
        <ele>767.79998779296875</ele>
        <time>2026-08-22T10:01:55.000Z</time>
        <extensions>
          <ns3:TrackPointExtension>
            <ns3:cad>68</ns3:cad>
          </ns3:TrackPointExtension>
        </extensions>
      </trkpt>
      <trkpt lat="68.98856054060161113739013671875" lon="20.44183247722685337066650390625">
        <ele>768</ele>
        <time>2026-08-22T10:02:00.000Z</time>
        <extensions>
          <ns3:TrackPointExtension>
            <ns3:cad>0</ns3:cad>
          </ns3:TrackPointExtension>
        </extensions>
      </trkpt>
      <trkpt lat="68.98856925778090953826904296875" lon="20.44182275421917438507080078125">
        <ele>768.20001220703125</ele>
        <time>2026-08-22T10:02:01.000Z</time>
        <extensions>
          <ns3:TrackPointExtension>
            <ns3:cad>0</ns3:cad>
          </ns3:TrackPointExtension>
        </extensions>
      </trkpt>
      <trkpt lat="68.98861468769609928131103515625" lon="20.44179811142385005950927734375">
        <ele>768.5999755859375</ele>
        <time>2026-08-22T10:02:07.000Z</time>
        <extensions>
          <ns3:TrackPointExtension>
            <ns3:cad>0</ns3:cad>
          </ns3:TrackPointExtension>
        </extensions>
      </trkpt>
      <trkpt lat="68.98866028524935245513916015625" lon="20.4418618977069854736328125">
        <ele>769</ele>
        <time>2026-08-22T10:02:14.000Z</time>
        <extensions>
          <ns3:TrackPointExtension>
            <ns3:cad>0</ns3:cad>
          </ns3:TrackPointExtension>
        </extensions>
      </trkpt>
      <trkpt lat="68.9886640571057796478271484375" lon="20.4418664239346981048583984375">
        <ele>769.20001220703125</ele>
        <time>2026-08-22T10:02:15.000Z</time>
        <extensions>
          <ns3:TrackPointExtension>
            <ns3:cad>0</ns3:cad>
          </ns3:TrackPointExtension>
        </extensions>
      </trkpt>
      <trkpt lat="68.98869465105235576629638671875" lon="20.44190573506057262420654296875">
        <ele>769.4000244140625</ele>
        <time>2026-08-22T10:02:21.000Z</time>
        <extensions>
          <ns3:TrackPointExtension>
            <ns3:cad>0</ns3:cad>
          </ns3:TrackPointExtension>
        </extensions>
      </trkpt>
      <trkpt lat="68.9887254126369953155517578125" lon="20.4419448785483837127685546875">
        <ele>769.5999755859375</ele>
        <time>2026-08-22T10:02:28.000Z</time>
        <extensions>
          <ns3:TrackPointExtension>
            <ns3:cad>0</ns3:cad>
          </ns3:TrackPointExtension>
        </extensions>
      </trkpt>
      <trkpt lat="68.98878299631178379058837890625" lon="20.44196851551532745361328125">
        <ele>770</ele>
        <time>2026-08-22T10:02:35.000Z</time>
        <extensions>
          <ns3:TrackPointExtension>
            <ns3:cad>0</ns3:cad>
          </ns3:TrackPointExtension>
        </extensions>
      </trkpt>
      <trkpt lat="68.98878567852079868316650390625" lon="20.4419717006385326385498046875">
        <ele>770.20001220703125</ele>
        <time>2026-08-22T10:02:36.000Z</time>
        <extensions>
          <ns3:TrackPointExtension>
            <ns3:cad>0</ns3:cad>
          </ns3:TrackPointExtension>
        </extensions>
      </trkpt>
      <trkpt lat="68.98882205598056316375732421875" lon="20.441954098641872406005859375">
        <ele>770.20001220703125</ele>
        <time>2026-08-22T10:02:43.000Z</time>
        <extensions>
          <ns3:TrackPointExtension>
            <ns3:cad>0</ns3:cad>
          </ns3:TrackPointExtension>
        </extensions>
      </trkpt>
      <trkpt lat="68.98886010982096195220947265625" lon="20.4419670067727565765380859375">
        <ele>770.4000244140625</ele>
        <time>2026-08-22T10:02:48.000Z</time>
        <extensions>
          <ns3:TrackPointExtension>
            <ns3:cad>0</ns3:cad>
          </ns3:TrackPointExtension>
        </extensions>
      </trkpt>
      <trkpt lat="68.98888793773949146270751953125" lon="20.44198804534971714019775390625">
        <ele>770.5999755859375</ele>
        <time>2026-08-22T10:02:52.000Z</time>
        <extensions>
          <ns3:TrackPointExtension>
            <ns3:cad>0</ns3:cad>
          </ns3:TrackPointExtension>
        </extensions>
      </trkpt>
      <trkpt lat="68.9889168553054332733154296875" lon="20.44201771728694438934326171875">
        <ele>770.79998779296875</ele>
        <time>2026-08-22T10:02:58.000Z</time>
        <extensions>
          <ns3:TrackPointExtension>
            <ns3:cad>0</ns3:cad>
          </ns3:TrackPointExtension>
        </extensions>
      </trkpt>
      <trkpt lat="68.9889339543879032135009765625" lon="20.4420058988034725189208984375">
        <ele>771</ele>
        <time>2026-08-22T10:03:04.000Z</time>
        <extensions>
          <ns3:TrackPointExtension>
            <ns3:cad>0</ns3:cad>
          </ns3:TrackPointExtension>
        </extensions>
      </trkpt>
      <trkpt lat="68.98894275538623332977294921875" lon="20.4420092515647411346435546875">
        <ele>771.20001220703125</ele>
        <time>2026-08-22T10:03:06.000Z</time>
        <extensions>
          <ns3:TrackPointExtension>
            <ns3:cad>0</ns3:cad>
          </ns3:TrackPointExtension>
        </extensions>
      </trkpt>
      <trkpt lat="68.98896102793514728546142578125" lon="20.44202475808560848236083984375">
        <ele>771.5999755859375</ele>
        <time>2026-08-22T10:03:11.000Z</time>
        <extensions>
          <ns3:TrackPointExtension>
            <ns3:cad>0</ns3:cad>
          </ns3:TrackPointExtension>
        </extensions>
      </trkpt>
      <trkpt lat="68.98899941705167293548583984375" lon="20.44204001314938068389892578125">
        <ele>772.4000244140625</ele>
        <time>2026-08-22T10:03:17.000Z</time>
        <extensions>
          <ns3:TrackPointExtension>
            <ns3:cad>0</ns3:cad>
          </ns3:TrackPointExtension>
        </extensions>
      </trkpt>
      <trkpt lat="68.98900830186903476715087890625" lon="20.44204822741448879241943359375">
        <ele>772.5999755859375</ele>
        <time>2026-08-22T10:03:18.000Z</time>
        <extensions>
          <ns3:TrackPointExtension>
            <ns3:cad>0</ns3:cad>
          </ns3:TrackPointExtension>
        </extensions>
      </trkpt>
      <trkpt lat="68.9890278317034244537353515625" lon="20.44206281192600727081298828125">
        <ele>772.79998779296875</ele>
        <time>2026-08-22T10:03:23.000Z</time>
        <extensions>
          <ns3:TrackPointExtension>
            <ns3:cad>0</ns3:cad>
          </ns3:TrackPointExtension>
        </extensions>
      </trkpt>
      <trkpt lat="68.989030681550502777099609375" lon="20.44206373393535614013671875">
        <ele>772.79998779296875</ele>
        <time>2026-08-22T10:03:24.000Z</time>
        <extensions>
          <ns3:TrackPointExtension>
            <ns3:cad>0</ns3:cad>
          </ns3:TrackPointExtension>
        </extensions>
      </trkpt>
      <trkpt lat="68.98905641399323940277099609375" lon="20.44207387603819370269775390625">
        <ele>773</ele>
        <time>2026-08-22T10:03:28.000Z</time>
        <extensions>
          <ns3:TrackPointExtension>
            <ns3:cad>0</ns3:cad>
          </ns3:TrackPointExtension>
        </extensions>
      </trkpt>
      <trkpt lat="68.98908675648272037506103515625" lon="20.44210002757608890533447265625">
        <ele>773.20001220703125</ele>
        <time>2026-08-22T10:03:33.000Z</time>
        <extensions>
          <ns3:TrackPointExtension>
            <ns3:cad>0</ns3:cad>
          </ns3:TrackPointExtension>
        </extensions>
      </trkpt>
      <trkpt lat="68.98910352028906345367431640625" lon="20.442108996212482452392578125">
        <ele>773.4000244140625</ele>
        <time>2026-08-22T10:03:36.000Z</time>
        <extensions>
          <ns3:TrackPointExtension>
            <ns3:cad>0</ns3:cad>
          </ns3:TrackPointExtension>
        </extensions>
      </trkpt>
      <trkpt lat="68.98912548087537288665771484375" lon="20.442119725048542022705078125">
        <ele>774.20001220703125</ele>
        <time>2026-08-22T10:03:39.000Z</time>
        <extensions>
          <ns3:TrackPointExtension>
            <ns3:cad>0</ns3:cad>
          </ns3:TrackPointExtension>
        </extensions>
      </trkpt>
      <trkpt lat="68.98913604207336902618408203125" lon="20.4421272687613964080810546875">
        <ele>774.5999755859375</ele>
        <time>2026-08-22T10:03:41.000Z</time>
        <extensions>
          <ns3:TrackPointExtension>
            <ns3:cad>0</ns3:cad>
          </ns3:TrackPointExtension>
        </extensions>
      </trkpt>
      <trkpt lat="68.98916470818221569061279296875" lon="20.44213506393134593963623046875">
        <ele>774.79998779296875</ele>
        <time>2026-08-22T10:03:45.000Z</time>
        <extensions>
          <ns3:TrackPointExtension>
            <ns3:cad>0</ns3:cad>
          </ns3:TrackPointExtension>
        </extensions>
      </trkpt>
      <trkpt lat="68.98919085972011089324951171875" lon="20.44217613525688648223876953125">
        <ele>775.20001220703125</ele>
        <time>2026-08-22T10:03:50.000Z</time>
        <extensions>
          <ns3:TrackPointExtension>
            <ns3:cad>0</ns3:cad>
          </ns3:TrackPointExtension>
        </extensions>
      </trkpt>
      <trkpt lat="68.9892147481441497802734375" lon="20.44220597483217716217041015625">
        <ele>775.5999755859375</ele>
        <time>2026-08-22T10:03:54.000Z</time>
        <extensions>
          <ns3:TrackPointExtension>
            <ns3:cad>0</ns3:cad>
          </ns3:TrackPointExtension>
        </extensions>
      </trkpt>
      <trkpt lat="68.98922220803797245025634765625" lon="20.44221469201147556304931640625">
        <ele>776</ele>
        <time>2026-08-22T10:03:56.000Z</time>
        <extensions>
          <ns3:TrackPointExtension>
            <ns3:cad>0</ns3:cad>
          </ns3:TrackPointExtension>
        </extensions>
      </trkpt>
      <trkpt lat="68.98925757966935634613037109375" lon="20.4422731138765811920166015625">
        <ele>776.4000244140625</ele>
        <time>2026-08-22T10:04:03.000Z</time>
        <extensions>
          <ns3:TrackPointExtension>
            <ns3:cad>0</ns3:cad>
          </ns3:TrackPointExtension>
        </extensions>
      </trkpt>
      <trkpt lat="68.98927065543830394744873046875" lon="20.442279987037181854248046875">
        <ele>776.5999755859375</ele>
        <time>2026-08-22T10:04:05.000Z</time>
        <extensions>
          <ns3:TrackPointExtension>
            <ns3:cad>0</ns3:cad>
          </ns3:TrackPointExtension>
        </extensions>
      </trkpt>
      <trkpt lat="68.9892977289855480194091796875" lon="20.442289374768733978271484375">
        <ele>777.20001220703125</ele>
        <time>2026-08-22T10:04:09.000Z</time>
        <extensions>
          <ns3:TrackPointExtension>
            <ns3:cad>0</ns3:cad>
          </ns3:TrackPointExtension>
        </extensions>
      </trkpt>
      <trkpt lat="68.98930384777486324310302734375" lon="20.44229515828192234039306640625">
        <ele>777.5999755859375</ele>
        <time>2026-08-22T10:04:11.000Z</time>
        <extensions>
          <ns3:TrackPointExtension>
            <ns3:cad>70</ns3:cad>
          </ns3:TrackPointExtension>
        </extensions>
      </trkpt>
      <trkpt lat="68.98931625299155712127685546875" lon="20.44230605475604534149169921875">
        <ele>777.79998779296875</ele>
        <time>2026-08-22T10:04:13.000Z</time>
        <extensions>
          <ns3:TrackPointExtension>
            <ns3:cad>0</ns3:cad>
          </ns3:TrackPointExtension>
        </extensions>
      </trkpt>
      <trkpt lat="68.98934726603329181671142578125" lon="20.442351065576076507568359375">
        <ele>778.5999755859375</ele>
        <time>2026-08-22T10:04:19.000Z</time>
        <extensions>
          <ns3:TrackPointExtension>
            <ns3:cad>0</ns3:cad>
          </ns3:TrackPointExtension>
        </extensions>
      </trkpt>
      <trkpt lat="68.98935330100357532501220703125" lon="20.442361123859882354736328125">
        <ele>778.79998779296875</ele>
        <time>2026-08-22T10:04:20.000Z</time>
        <extensions>
          <ns3:TrackPointExtension>
            <ns3:cad>0</ns3:cad>
          </ns3:TrackPointExtension>
        </extensions>
      </trkpt>
      <trkpt lat="68.989376015961170196533203125" lon="20.44238769449293613433837890625">
        <ele>779.79998779296875</ele>
        <time>2026-08-22T10:04:24.000Z</time>
        <extensions>
          <ns3:TrackPointExtension>
            <ns3:cad>0</ns3:cad>
          </ns3:TrackPointExtension>
        </extensions>
      </trkpt>
      <trkpt lat="68.98938079364597797393798828125" lon="20.442401356995105743408203125">
        <ele>779.79998779296875</ele>
        <time>2026-08-22T10:04:25.000Z</time>
        <extensions>
          <ns3:TrackPointExtension>
            <ns3:cad>0</ns3:cad>
          </ns3:TrackPointExtension>
        </extensions>
      </trkpt>
      <trkpt lat="68.989398479461669921875" lon="20.4424394108355045318603515625">
        <ele>780</ele>
        <time>2026-08-22T10:04:28.000Z</time>
        <extensions>
          <ns3:TrackPointExtension>
            <ns3:cad>0</ns3:cad>
          </ns3:TrackPointExtension>
        </extensions>
      </trkpt>
      <trkpt lat="68.9894207753241062164306640625" lon="20.442491881549358367919921875">
        <ele>780</ele>
        <time>2026-08-22T10:04:33.000Z</time>
        <extensions>
          <ns3:TrackPointExtension>
            <ns3:cad>0</ns3:cad>
          </ns3:TrackPointExtension>
        </extensions>
      </trkpt>
      <trkpt lat="68.98944072425365447998046875" lon="20.44252985157072544097900390625">
        <ele>780.5999755859375</ele>
        <time>2026-08-22T10:04:38.000Z</time>
        <extensions>
          <ns3:TrackPointExtension>
            <ns3:cad>0</ns3:cad>
          </ns3:TrackPointExtension>
        </extensions>
      </trkpt>
      <trkpt lat="68.98945908062160015106201171875" lon="20.44255055487155914306640625">
        <ele>781</ele>
        <time>2026-08-22T10:04:41.000Z</time>
        <extensions>
          <ns3:TrackPointExtension>
            <ns3:cad>0</ns3:cad>
          </ns3:TrackPointExtension>
        </extensions>
      </trkpt>
      <trkpt lat="68.9894771017134189605712890625" lon="20.44257611967623233795166015625">
        <ele>781.20001220703125</ele>
        <time>2026-08-22T10:04:44.000Z</time>
        <extensions>
          <ns3:TrackPointExtension>
            <ns3:cad>0</ns3:cad>
          </ns3:TrackPointExtension>
        </extensions>
      </trkpt>
      <trkpt lat="68.98951775394380092620849609375" lon="20.44265289790928363800048828125">
        <ele>781.4000244140625</ele>
        <time>2026-08-22T10:04:51.000Z</time>
        <extensions>
          <ns3:TrackPointExtension>
            <ns3:cad>0</ns3:cad>
          </ns3:TrackPointExtension>
        </extensions>
      </trkpt>
      <trkpt lat="68.989538289606571197509765625" lon="20.4427264072000980377197265625">
        <ele>782</ele>
        <time>2026-08-22T10:04:57.000Z</time>
        <extensions>
          <ns3:TrackPointExtension>
            <ns3:cad>0</ns3:cad>
          </ns3:TrackPointExtension>
        </extensions>
      </trkpt>
      <trkpt lat="68.9895719848573207855224609375" lon="20.44276890344917774200439453125">
        <ele>782</ele>
        <time>2026-08-22T10:05:02.000Z</time>
        <extensions>
          <ns3:TrackPointExtension>
            <ns3:cad>0</ns3:cad>
          </ns3:TrackPointExtension>
        </extensions>
      </trkpt>
      <trkpt lat="68.989607356488704681396484375" lon="20.44281533919274806976318359375">
        <ele>782.5999755859375</ele>
        <time>2026-08-22T10:05:08.000Z</time>
        <extensions>
          <ns3:TrackPointExtension>
            <ns3:cad>0</ns3:cad>
          </ns3:TrackPointExtension>
        </extensions>
      </trkpt>
      <trkpt lat="68.98964096792042255401611328125" lon="20.44288977049291133880615234375">
        <ele>782.4000244140625</ele>
        <time>2026-08-22T10:05:15.000Z</time>
        <extensions>
          <ns3:TrackPointExtension>
            <ns3:cad>0</ns3:cad>
          </ns3:TrackPointExtension>
        </extensions>
      </trkpt>
      <trkpt lat="68.98967365734279155731201171875" lon="20.44293603859841823577880859375">
        <ele>782.79998779296875</ele>
        <time>2026-08-22T10:05:20.000Z</time>
        <extensions>
          <ns3:TrackPointExtension>
            <ns3:cad>71</ns3:cad>
          </ns3:TrackPointExtension>
        </extensions>
      </trkpt>
      <trkpt lat="68.989681787788867950439453125" lon="20.44294760562479496002197265625">
        <ele>783.20001220703125</ele>
        <time>2026-08-22T10:05:22.000Z</time>
        <extensions>
          <ns3:TrackPointExtension>
            <ns3:cad>71</ns3:cad>
          </ns3:TrackPointExtension>
        </extensions>
      </trkpt>
      <trkpt lat="68.989703245460987091064453125" lon="20.44298800639808177947998046875">
        <ele>783.5999755859375</ele>
        <time>2026-08-22T10:05:27.000Z</time>
        <extensions>
          <ns3:TrackPointExtension>
            <ns3:cad>0</ns3:cad>
          </ns3:TrackPointExtension>
        </extensions>
      </trkpt>
      <trkpt lat="68.9897190034389495849609375" lon="20.44302723370492458343505859375">
        <ele>784</ele>
        <time>2026-08-22T10:05:32.000Z</time>
        <extensions>
          <ns3:TrackPointExtension>
            <ns3:cad>65</ns3:cad>
          </ns3:TrackPointExtension>
        </extensions>
      </trkpt>
      <trkpt lat="68.9897298999130725860595703125" lon="20.44302756898105144500732421875">
        <ele>784.4000244140625</ele>
        <time>2026-08-22T10:05:34.000Z</time>
        <extensions>
          <ns3:TrackPointExtension>
            <ns3:cad>65</ns3:cad>
          </ns3:TrackPointExtension>
        </extensions>
      </trkpt>
      <trkpt lat="68.9897439815104007720947265625" lon="20.4430439136922359466552734375">
        <ele>784.79998779296875</ele>
        <time>2026-08-22T10:05:38.000Z</time>
        <extensions>
          <ns3:TrackPointExtension>
            <ns3:cad>0</ns3:cad>
          </ns3:TrackPointExtension>
        </extensions>
      </trkpt>
      <trkpt lat="68.98975647054612636566162109375" lon="20.44306595809757709503173828125">
        <ele>785.20001220703125</ele>
        <time>2026-08-22T10:05:43.000Z</time>
        <extensions>
          <ns3:TrackPointExtension>
            <ns3:cad>0</ns3:cad>
          </ns3:TrackPointExtension>
        </extensions>
      </trkpt>
      <trkpt lat="68.9897594042122364044189453125" lon="20.44307358562946319580078125">
        <ele>785.4000244140625</ele>
        <time>2026-08-22T10:05:44.000Z</time>
        <extensions>
          <ns3:TrackPointExtension>
            <ns3:cad>0</ns3:cad>
          </ns3:TrackPointExtension>
        </extensions>
      </trkpt>
      <trkpt lat="68.98978362791240215301513671875" lon="20.443094037473201751708984375">
        <ele>786.20001220703125</ele>
        <time>2026-08-22T10:05:49.000Z</time>
        <extensions>
          <ns3:TrackPointExtension>
            <ns3:cad>0</ns3:cad>
          </ns3:TrackPointExtension>
        </extensions>
      </trkpt>
      <trkpt lat="68.9897976256906986236572265625" lon="20.4430983960628509521484375">
        <ele>786.4000244140625</ele>
        <time>2026-08-22T10:05:51.000Z</time>
        <extensions>
          <ns3:TrackPointExtension>
            <ns3:cad>0</ns3:cad>
          </ns3:TrackPointExtension>
        </extensions>
      </trkpt>
      <trkpt lat="68.9898455701768398284912109375" lon="20.4431190155446529388427734375">
        <ele>786.79998779296875</ele>
        <time>2026-08-22T10:05:56.000Z</time>
        <extensions>
          <ns3:TrackPointExtension>
            <ns3:cad>0</ns3:cad>
          </ns3:TrackPointExtension>
        </extensions>
      </trkpt>
      <trkpt lat="68.98986912332475185394287109375" lon="20.44317408464848995208740234375">
        <ele>787.20001220703125</ele>
        <time>2026-08-22T10:06:01.000Z</time>
        <extensions>
          <ns3:TrackPointExtension>
            <ns3:cad>0</ns3:cad>
          </ns3:TrackPointExtension>
        </extensions>
      </trkpt>
      <trkpt lat="68.98987348191440105438232421875" lon="20.44321498833596706390380859375">
        <ele>787.4000244140625</ele>
        <time>2026-08-22T10:06:03.000Z</time>
        <extensions>
          <ns3:TrackPointExtension>
            <ns3:cad>0</ns3:cad>
          </ns3:TrackPointExtension>
        </extensions>
      </trkpt>
      <trkpt lat="68.98987079970538616180419921875" lon="20.44322387315332889556884765625">
        <ele>787.5999755859375</ele>
        <time>2026-08-22T10:06:05.000Z</time>
        <extensions>
          <ns3:TrackPointExtension>
            <ns3:cad>0</ns3:cad>
          </ns3:TrackPointExtension>
        </extensions>
      </trkpt>
      <trkpt lat="68.98987012915313243865966796875" lon="20.4432289861142635345458984375">
        <ele>787.5999755859375</ele>
        <time>2026-08-22T10:06:06.000Z</time>
        <extensions>
          <ns3:TrackPointExtension>
            <ns3:cad>0</ns3:cad>
          </ns3:TrackPointExtension>
        </extensions>
      </trkpt>
      <trkpt lat="68.9898826181888580322265625" lon="20.44325136579573154449462890625">
        <ele>788</ele>
        <time>2026-08-22T10:06:10.000Z</time>
        <extensions>
          <ns3:TrackPointExtension>
            <ns3:cad>0</ns3:cad>
          </ns3:TrackPointExtension>
        </extensions>
      </trkpt>
      <trkpt lat="68.989889323711395263671875" lon="20.44325337745249271392822265625">
        <ele>788.4000244140625</ele>
        <time>2026-08-22T10:06:12.000Z</time>
        <extensions>
          <ns3:TrackPointExtension>
            <ns3:cad>0</ns3:cad>
          </ns3:TrackPointExtension>
        </extensions>
      </trkpt>
      <trkpt lat="68.98989401757717132568359375" lon="20.44325488619506359100341796875">
        <ele>788.5999755859375</ele>
        <time>2026-08-22T10:06:16.000Z</time>
        <extensions>
          <ns3:TrackPointExtension>
            <ns3:cad>0</ns3:cad>
          </ns3:TrackPointExtension>
        </extensions>
      </trkpt>
      <trkpt lat="68.98990315385162830352783203125" lon="20.443263687193393707275390625">
        <ele>788.4000244140625</ele>
        <time>2026-08-22T10:06:23.000Z</time>
        <extensions>
          <ns3:TrackPointExtension>
            <ns3:cad>0</ns3:cad>
          </ns3:TrackPointExtension>
        </extensions>
      </trkpt>
      <trkpt lat="68.9899022318422794342041015625" lon="20.443257987499237060546875">
        <ele>788.20001220703125</ele>
        <time>2026-08-22T10:06:35.000Z</time>
        <extensions>
          <ns3:TrackPointExtension>
            <ns3:cad>0</ns3:cad>
          </ns3:TrackPointExtension>
        </extensions>
      </trkpt>
      <trkpt lat="68.989926539361476898193359375" lon="20.44325731694698333740234375">
        <ele>788.20001220703125</ele>
        <time>2026-08-22T10:06:44.000Z</time>
        <extensions>
          <ns3:TrackPointExtension>
            <ns3:cad>0</ns3:cad>
          </ns3:TrackPointExtension>
        </extensions>
      </trkpt>
      <trkpt lat="68.9899541996419429779052734375" lon="20.44327475130558013916015625">
        <ele>789</ele>
        <time>2026-08-22T10:06:49.000Z</time>
        <extensions>
          <ns3:TrackPointExtension>
            <ns3:cad>0</ns3:cad>
          </ns3:TrackPointExtension>
        </extensions>
      </trkpt>
      <trkpt lat="68.989979512989521026611328125" lon="20.4433409683406352996826171875">
        <ele>789.4000244140625</ele>
        <time>2026-08-22T10:06:55.000Z</time>
        <extensions>
          <ns3:TrackPointExtension>
            <ns3:cad>0</ns3:cad>
          </ns3:TrackPointExtension>
        </extensions>
      </trkpt>
      <trkpt lat="68.99000105448067188262939453125" lon="20.44341020286083221435546875">
        <ele>790.20001220703125</ele>
        <time>2026-08-22T10:07:00.000Z</time>
        <extensions>
          <ns3:TrackPointExtension>
            <ns3:cad>0</ns3:cad>
          </ns3:TrackPointExtension>
        </extensions>
      </trkpt>
      <trkpt lat="68.9900115318596363067626953125" lon="20.44343006797134876251220703125">
        <ele>790.4000244140625</ele>
        <time>2026-08-22T10:07:02.000Z</time>
        <extensions>
          <ns3:TrackPointExtension>
            <ns3:cad>0</ns3:cad>
          </ns3:TrackPointExtension>
        </extensions>
      </trkpt>
      <trkpt lat="68.99002452380955219268798828125" lon="20.44344029389321804046630859375">
        <ele>790.79998779296875</ele>
        <time>2026-08-22T10:07:05.000Z</time>
        <extensions>
          <ns3:TrackPointExtension>
            <ns3:cad>0</ns3:cad>
          </ns3:TrackPointExtension>
        </extensions>
      </trkpt>
      <trkpt lat="68.99005419574677944183349609375" lon="20.44345177710056304931640625">
        <ele>791.20001220703125</ele>
        <time>2026-08-22T10:07:10.000Z</time>
        <extensions>
          <ns3:TrackPointExtension>
            <ns3:cad>16</ns3:cad>
          </ns3:TrackPointExtension>
        </extensions>
      </trkpt>
      <trkpt lat="68.9900909923017024993896484375" lon="20.44345035217702388763427734375">
        <ele>791.4000244140625</ele>
        <time>2026-08-22T10:07:17.000Z</time>
        <extensions>
          <ns3:TrackPointExtension>
            <ns3:cad>16</ns3:cad>
          </ns3:TrackPointExtension>
        </extensions>
      </trkpt>
      <trkpt lat="68.9900940097868442535400390625" lon="20.44345990754663944244384765625">
        <ele>791.5999755859375</ele>
        <time>2026-08-22T10:07:18.000Z</time>
        <extensions>
          <ns3:TrackPointExtension>
            <ns3:cad>16</ns3:cad>
          </ns3:TrackPointExtension>
        </extensions>
      </trkpt>
      <trkpt lat="68.990112282335758209228515625" lon="20.44350902549922466278076171875">
        <ele>792</ele>
        <time>2026-08-22T10:07:22.000Z</time>
        <extensions>
          <ns3:TrackPointExtension>
            <ns3:cad>0</ns3:cad>
          </ns3:TrackPointExtension>
        </extensions>
      </trkpt>
      <trkpt lat="68.99012762121856212615966796875" lon="20.44352956116199493408203125">
        <ele>792.5999755859375</ele>
        <time>2026-08-22T10:07:26.000Z</time>
        <extensions>
          <ns3:TrackPointExtension>
            <ns3:cad>0</ns3:cad>
          </ns3:TrackPointExtension>
        </extensions>
      </trkpt>
      <trkpt lat="68.990142457187175750732421875" lon="20.44354171492159366607666015625">
        <ele>793</ele>
        <time>2026-08-22T10:07:29.000Z</time>
        <extensions>
          <ns3:TrackPointExtension>
            <ns3:cad>0</ns3:cad>
          </ns3:TrackPointExtension>
        </extensions>
      </trkpt>
      <trkpt lat="68.99018176831305027008056640625" lon="20.443569459021091461181640625">
        <ele>793.79998779296875</ele>
        <time>2026-08-22T10:07:34.000Z</time>
        <extensions>
          <ns3:TrackPointExtension>
            <ns3:cad>0</ns3:cad>
          </ns3:TrackPointExtension>
        </extensions>
      </trkpt>
      <trkpt lat="68.99018646217882633209228515625" lon="20.44357507489621639251708984375">
        <ele>793.79998779296875</ele>
        <time>2026-08-22T10:07:35.000Z</time>
        <extensions>
          <ns3:TrackPointExtension>
            <ns3:cad>0</ns3:cad>
          </ns3:TrackPointExtension>
        </extensions>
      </trkpt>
      <trkpt lat="68.99020381271839141845703125" lon="20.4436160624027252197265625">
        <ele>794.4000244140625</ele>
        <time>2026-08-22T10:07:40.000Z</time>
        <extensions>
          <ns3:TrackPointExtension>
            <ns3:cad>0</ns3:cad>
          </ns3:TrackPointExtension>
        </extensions>
      </trkpt>
      <trkpt lat="68.9902090094983577728271484375" lon="20.44361866079270839691162109375">
        <ele>794.4000244140625</ele>
        <time>2026-08-22T10:07:41.000Z</time>
        <extensions>
          <ns3:TrackPointExtension>
            <ns3:cad>0</ns3:cad>
          </ns3:TrackPointExtension>
        </extensions>
      </trkpt>
      <trkpt lat="68.99022401310503482818603515625" lon="20.4436407051980495452880859375">
        <ele>794.79998779296875</ele>
        <time>2026-08-22T10:07:44.000Z</time>
        <extensions>
          <ns3:TrackPointExtension>
            <ns3:cad>0</ns3:cad>
          </ns3:TrackPointExtension>
        </extensions>
      </trkpt>
      <trkpt lat="68.9902259409427642822265625" lon="20.4436504282057285308837890625">
        <ele>795</ele>
        <time>2026-08-22T10:07:45.000Z</time>
        <extensions>
          <ns3:TrackPointExtension>
            <ns3:cad>0</ns3:cad>
          </ns3:TrackPointExtension>
        </extensions>
      </trkpt>
      <trkpt lat="68.99023591540753841400146484375" lon="20.44366727583110332489013671875">
        <ele>795.20001220703125</ele>
        <time>2026-08-22T10:07:47.000Z</time>
        <extensions>
          <ns3:TrackPointExtension>
            <ns3:cad>0</ns3:cad>
          </ns3:TrackPointExtension>
        </extensions>
      </trkpt>
      <trkpt lat="68.9902475662529468536376953125" lon="20.4436846263706684112548828125">
        <ele>795.4000244140625</ele>
        <time>2026-08-22T10:07:49.000Z</time>
        <extensions>
          <ns3:TrackPointExtension>
            <ns3:cad>0</ns3:cad>
          </ns3:TrackPointExtension>
        </extensions>
      </trkpt>
      <trkpt lat="68.9902780763804912567138671875" lon="20.44370750896632671356201171875">
        <ele>795.5999755859375</ele>
        <time>2026-08-22T10:07:55.000Z</time>
        <extensions>
          <ns3:TrackPointExtension>
            <ns3:cad>0</ns3:cad>
          </ns3:TrackPointExtension>
        </extensions>
      </trkpt>
      <trkpt lat="68.99029056541621685028076171875" lon="20.44372142292559146881103515625">
        <ele>795.79998779296875</ele>
        <time>2026-08-22T10:07:59.000Z</time>
        <extensions>
          <ns3:TrackPointExtension>
            <ns3:cad>0</ns3:cad>
          </ns3:TrackPointExtension>
        </extensions>
      </trkpt>
      <trkpt lat="68.99029626511037349700927734375" lon="20.4437287151813507080078125">
        <ele>796</ele>
        <time>2026-08-22T10:08:00.000Z</time>
        <extensions>
          <ns3:TrackPointExtension>
            <ns3:cad>0</ns3:cad>
          </ns3:TrackPointExtension>
        </extensions>
      </trkpt>
      <trkpt lat="68.990334235131740570068359375" lon="20.4437657631933689117431640625">
        <ele>796.5999755859375</ele>
        <time>2026-08-22T10:08:06.000Z</time>
        <extensions>
          <ns3:TrackPointExtension>
            <ns3:cad>0</ns3:cad>
          </ns3:TrackPointExtension>
        </extensions>
      </trkpt>
      <trkpt lat="68.9903545193374156951904296875" lon="20.443810187280178070068359375">
        <ele>796.79998779296875</ele>
        <time>2026-08-22T10:08:10.000Z</time>
        <extensions>
          <ns3:TrackPointExtension>
            <ns3:cad>0</ns3:cad>
          </ns3:TrackPointExtension>
        </extensions>
      </trkpt>
      <trkpt lat="68.9903642423450946807861328125" lon="20.44384337961673736572265625">
        <ele>797</ele>
        <time>2026-08-22T10:08:13.000Z</time>
        <extensions>
          <ns3:TrackPointExtension>
            <ns3:cad>0</ns3:cad>
          </ns3:TrackPointExtension>
        </extensions>
      </trkpt>
      <trkpt lat="68.99036952294409275054931640625" lon="20.44384832493960857391357421875">
        <ele>797.20001220703125</ele>
        <time>2026-08-22T10:08:14.000Z</time>
        <extensions>
          <ns3:TrackPointExtension>
            <ns3:cad>0</ns3:cad>
          </ns3:TrackPointExtension>
        </extensions>
      </trkpt>
      <trkpt lat="68.9903890527784824371337890625" lon="20.44386944733560085296630859375">
        <ele>798</ele>
        <time>2026-08-22T10:08:19.000Z</time>
        <extensions>
          <ns3:TrackPointExtension>
            <ns3:cad>0</ns3:cad>
          </ns3:TrackPointExtension>
        </extensions>
      </trkpt>
      <trkpt lat="68.99041109718382358551025390625" lon="20.4439022205770015716552734375">
        <ele>798.79998779296875</ele>
        <time>2026-08-22T10:08:25.000Z</time>
        <extensions>
          <ns3:TrackPointExtension>
            <ns3:cad>0</ns3:cad>
          </ns3:TrackPointExtension>
        </extensions>
      </trkpt>
      <trkpt lat="68.9904155395925045013427734375" lon="20.443930216133594512939453125">
        <ele>799</ele>
        <time>2026-08-22T10:08:28.000Z</time>
        <extensions>
          <ns3:TrackPointExtension>
            <ns3:cad>0</ns3:cad>
          </ns3:TrackPointExtension>
        </extensions>
      </trkpt>
      <trkpt lat="68.99042316712439060211181640625" lon="20.44395779259502887725830078125">
        <ele>799.20001220703125</ele>
        <time>2026-08-22T10:08:30.000Z</time>
        <extensions>
          <ns3:TrackPointExtension>
            <ns3:cad>0</ns3:cad>
          </ns3:TrackPointExtension>
        </extensions>
      </trkpt>
      <trkpt lat="68.99045233614742755889892578125" lon="20.4440168850123882293701171875">
        <ele>800.20001220703125</ele>
        <time>2026-08-22T10:08:36.000Z</time>
        <extensions>
          <ns3:TrackPointExtension>
            <ns3:cad>0</ns3:cad>
          </ns3:TrackPointExtension>
        </extensions>
      </trkpt>
      <trkpt lat="68.99047832004725933074951171875" lon="20.44406642206013202667236328125">
        <ele>800.79998779296875</ele>
        <time>2026-08-22T10:08:43.000Z</time>
        <extensions>
          <ns3:TrackPointExtension>
            <ns3:cad>0</ns3:cad>
          </ns3:TrackPointExtension>
        </extensions>
      </trkpt>
      <trkpt lat="68.9904789067804813385009765625" lon="20.44405586086213588714599609375">
        <ele>801.20001220703125</ele>
        <time>2026-08-22T10:08:49.000Z</time>
        <extensions>
          <ns3:TrackPointExtension>
            <ns3:cad>0</ns3:cad>
          </ns3:TrackPointExtension>
        </extensions>
      </trkpt>
      <trkpt lat="68.9904779009521007537841796875" lon="20.444072373211383819580078125">
        <ele>801</ele>
        <time>2026-08-22T10:08:56.000Z</time>
        <extensions>
          <ns3:TrackPointExtension>
            <ns3:cad>0</ns3:cad>
          </ns3:TrackPointExtension>
        </extensions>
      </trkpt>
      <trkpt lat="68.9904752187430858612060546875" lon="20.44406021945178508758544921875">
        <ele>801.20001220703125</ele>
        <time>2026-08-22T10:09:07.000Z</time>
        <extensions>
          <ns3:TrackPointExtension>
            <ns3:cad>0</ns3:cad>
          </ns3:TrackPointExtension>
        </extensions>
      </trkpt>
      <trkpt lat="68.9904708601534366607666015625" lon="20.4440846107900142669677734375">
        <ele>800.79998779296875</ele>
        <time>2026-08-22T10:09:13.000Z</time>
        <extensions>
          <ns3:TrackPointExtension>
            <ns3:cad>0</ns3:cad>
          </ns3:TrackPointExtension>
        </extensions>
      </trkpt>
      <trkpt lat="68.990482427179813385009765625" lon="20.4440457187592983245849609375">
        <ele>800.4000244140625</ele>
        <time>2026-08-22T10:09:28.000Z</time>
        <extensions>
          <ns3:TrackPointExtension>
            <ns3:cad>0</ns3:cad>
          </ns3:TrackPointExtension>
        </extensions>
      </trkpt>
      <trkpt lat="68.9904879592359066009521484375" lon="20.44405837543308734893798828125">
        <ele>800.5999755859375</ele>
        <time>2026-08-22T10:09:40.000Z</time>
        <extensions>
          <ns3:TrackPointExtension>
            <ns3:cad>0</ns3:cad>
          </ns3:TrackPointExtension>
        </extensions>
      </trkpt>
      <trkpt lat="68.9904903061687946319580078125" lon="20.44407673180103302001953125">
        <ele>800.4000244140625</ele>
        <time>2026-08-22T10:09:46.000Z</time>
        <extensions>
          <ns3:TrackPointExtension>
            <ns3:cad>0</ns3:cad>
          </ns3:TrackPointExtension>
        </extensions>
      </trkpt>
      <trkpt lat="68.99048469029366970062255859375" lon="20.44407782144844532012939453125">
        <ele>800.5999755859375</ele>
        <time>2026-08-22T10:09:53.000Z</time>
        <extensions>
          <ns3:TrackPointExtension>
            <ns3:cad>0</ns3:cad>
          </ns3:TrackPointExtension>
        </extensions>
      </trkpt>
      <trkpt lat="68.9904966764152050018310546875" lon="20.44409877620637416839599609375">
        <ele>800.5999755859375</ele>
        <time>2026-08-22T10:10:02.000Z</time>
        <extensions>
          <ns3:TrackPointExtension>
            <ns3:cad>0</ns3:cad>
          </ns3:TrackPointExtension>
        </extensions>
      </trkpt>
      <trkpt lat="68.990530036389827728271484375" lon="20.44417689554393291473388671875">
        <ele>801</ele>
        <time>2026-08-22T10:10:09.000Z</time>
        <extensions>
          <ns3:TrackPointExtension>
            <ns3:cad>0</ns3:cad>
          </ns3:TrackPointExtension>
        </extensions>
      </trkpt>
      <trkpt lat="68.99056532420217990875244140625" lon="20.444210506975650787353515625">
        <ele>801.20001220703125</ele>
        <time>2026-08-22T10:10:15.000Z</time>
        <extensions>
          <ns3:TrackPointExtension>
            <ns3:cad>0</ns3:cad>
          </ns3:TrackPointExtension>
        </extensions>
      </trkpt>
      <trkpt lat="68.9906197227537631988525390625" lon="20.44425870291888713836669921875">
        <ele>801.79998779296875</ele>
        <time>2026-08-22T10:10:21.000Z</time>
        <extensions>
          <ns3:TrackPointExtension>
            <ns3:cad>0</ns3:cad>
          </ns3:TrackPointExtension>
        </extensions>
      </trkpt>
      <trkpt lat="68.99063288234174251556396484375" lon="20.44428317807614803314208984375">
        <ele>802</ele>
        <time>2026-08-22T10:10:26.000Z</time>
        <extensions>
          <ns3:TrackPointExtension>
            <ns3:cad>0</ns3:cad>
          </ns3:TrackPointExtension>
        </extensions>
      </trkpt>
      <trkpt lat="68.990638665854930877685546875" lon="20.4443027079105377197265625">
        <ele>802.20001220703125</ele>
        <time>2026-08-22T10:10:29.000Z</time>
        <extensions>
          <ns3:TrackPointExtension>
            <ns3:cad>0</ns3:cad>
          </ns3:TrackPointExtension>
        </extensions>
      </trkpt>
      <trkpt lat="68.99065249599516391754150390625" lon="20.444341264665126800537109375">
        <ele>802.20001220703125</ele>
        <time>2026-08-22T10:10:32.000Z</time>
        <extensions>
          <ns3:TrackPointExtension>
            <ns3:cad>0</ns3:cad>
          </ns3:TrackPointExtension>
        </extensions>
      </trkpt>
      <trkpt lat="68.99069373495876789093017578125" lon="20.4444279335439205169677734375">
        <ele>802.79998779296875</ele>
        <time>2026-08-22T10:10:39.000Z</time>
        <extensions>
          <ns3:TrackPointExtension>
            <ns3:cad>0</ns3:cad>
          </ns3:TrackPointExtension>
        </extensions>
      </trkpt>
      <trkpt lat="68.990713097155094146728515625" lon="20.44447235763072967529296875">
        <ele>803.20001220703125</ele>
        <time>2026-08-22T10:10:44.000Z</time>
        <extensions>
          <ns3:TrackPointExtension>
            <ns3:cad>0</ns3:cad>
          </ns3:TrackPointExtension>
        </extensions>
      </trkpt>
      <trkpt lat="68.99072793312370777130126953125" lon="20.444496162235736846923828125">
        <ele>803.20001220703125</ele>
        <time>2026-08-22T10:10:46.000Z</time>
        <extensions>
          <ns3:TrackPointExtension>
            <ns3:cad>0</ns3:cad>
          </ns3:TrackPointExtension>
        </extensions>
      </trkpt>
      <trkpt lat="68.9907481335103511810302734375" lon="20.4445751197636127471923828125">
        <ele>803.5999755859375</ele>
        <time>2026-08-22T10:10:52.000Z</time>
        <extensions>
          <ns3:TrackPointExtension>
            <ns3:cad>0</ns3:cad>
          </ns3:TrackPointExtension>
        </extensions>
      </trkpt>
      <trkpt lat="68.9907612092792987823486328125" lon="20.44463203288614749908447265625">
        <ele>804.20001220703125</ele>
        <time>2026-08-22T10:10:57.000Z</time>
        <extensions>
          <ns3:TrackPointExtension>
            <ns3:cad>0</ns3:cad>
          </ns3:TrackPointExtension>
        </extensions>
      </trkpt>
      <trkpt lat="68.9907659031450748443603515625" lon="20.44464779086410999298095703125">
        <ele>804.20001220703125</ele>
        <time>2026-08-22T10:10:58.000Z</time>
        <extensions>
          <ns3:TrackPointExtension>
            <ns3:cad>0</ns3:cad>
          </ns3:TrackPointExtension>
        </extensions>
      </trkpt>
      <trkpt lat="68.99079431779682636260986328125" lon="20.444710738956928253173828125">
        <ele>804.79998779296875</ele>
        <time>2026-08-22T10:11:04.000Z</time>
        <extensions>
          <ns3:TrackPointExtension>
            <ns3:cad>0</ns3:cad>
          </ns3:TrackPointExtension>
        </extensions>
      </trkpt>
      <trkpt lat="68.99083681404590606689453125" lon="20.44477251358330249786376953125">
        <ele>805.4000244140625</ele>
        <time>2026-08-22T10:11:11.000Z</time>
        <extensions>
          <ns3:TrackPointExtension>
            <ns3:cad>0</ns3:cad>
          </ns3:TrackPointExtension>
        </extensions>
      </trkpt>
      <trkpt lat="68.990847207605838775634765625" lon="20.444799922406673431396484375">
        <ele>805.5999755859375</ele>
        <time>2026-08-22T10:11:13.000Z</time>
        <extensions>
          <ns3:TrackPointExtension>
            <ns3:cad>0</ns3:cad>
          </ns3:TrackPointExtension>
        </extensions>
      </trkpt>
      <trkpt lat="68.99086573161184787750244140625" lon="20.4448490403592586517333984375">
        <ele>806</ele>
        <time>2026-08-22T10:11:19.000Z</time>
        <extensions>
          <ns3:TrackPointExtension>
            <ns3:cad>0</ns3:cad>
          </ns3:TrackPointExtension>
        </extensions>
      </trkpt>
      <trkpt lat="68.99087076075375080108642578125" lon="20.44489103369414806365966796875">
        <ele>806.20001220703125</ele>
        <time>2026-08-22T10:11:25.000Z</time>
        <extensions>
          <ns3:TrackPointExtension>
            <ns3:cad>0</ns3:cad>
          </ns3:TrackPointExtension>
        </extensions>
      </trkpt>
      <trkpt lat="68.99088568054139614105224609375" lon="20.44486924074590206146240234375">
        <ele>806.20001220703125</ele>
        <time>2026-08-22T10:11:33.000Z</time>
        <extensions>
          <ns3:TrackPointExtension>
            <ns3:cad>0</ns3:cad>
          </ns3:TrackPointExtension>
        </extensions>
      </trkpt>
      <trkpt lat="68.99090386927127838134765625" lon="20.44495741836726665496826171875">
        <ele>806.20001220703125</ele>
        <time>2026-08-22T10:11:41.000Z</time>
        <extensions>
          <ns3:TrackPointExtension>
            <ns3:cad>0</ns3:cad>
          </ns3:TrackPointExtension>
        </extensions>
      </trkpt>
      <trkpt lat="68.99090546183288097381591796875" lon="20.44497393071651458740234375">
        <ele>806.20001220703125</ele>
        <time>2026-08-22T10:11:47.000Z</time>
        <extensions>
          <ns3:TrackPointExtension>
            <ns3:cad>0</ns3:cad>
          </ns3:TrackPointExtension>
        </extensions>
      </trkpt>
      <trkpt lat="68.99091719649732112884521484375" lon="20.44501324184238910675048828125">
        <ele>806.20001220703125</ele>
        <time>2026-08-22T10:11:54.000Z</time>
        <extensions>
          <ns3:TrackPointExtension>
            <ns3:cad>0</ns3:cad>
          </ns3:TrackPointExtension>
        </extensions>
      </trkpt>
      <trkpt lat="68.9909291826188564300537109375" lon="20.44503252021968364715576171875">
        <ele>806.4000244140625</ele>
        <time>2026-08-22T10:11:56.000Z</time>
        <extensions>
          <ns3:TrackPointExtension>
            <ns3:cad>0</ns3:cad>
          </ns3:TrackPointExtension>
        </extensions>
      </trkpt>
      <trkpt lat="68.990937732160091400146484375" lon="20.4450629465281963348388671875">
        <ele>806.5999755859375</ele>
        <time>2026-08-22T10:12:00.000Z</time>
        <extensions>
          <ns3:TrackPointExtension>
            <ns3:cad>61</ns3:cad>
          </ns3:TrackPointExtension>
        </extensions>
      </trkpt>
      <trkpt lat="68.99094452150166034698486328125" lon="20.44507057406008243560791015625">
        <ele>806.79998779296875</ele>
        <time>2026-08-22T10:12:06.000Z</time>
        <extensions>
          <ns3:TrackPointExtension>
            <ns3:cad>0</ns3:cad>
          </ns3:TrackPointExtension>
        </extensions>
      </trkpt>
      <trkpt lat="68.9909206330776214599609375" lon="20.44518372975289821624755859375">
        <ele>807.20001220703125</ele>
        <time>2026-08-22T10:12:12.000Z</time>
        <extensions>
          <ns3:TrackPointExtension>
            <ns3:cad>0</ns3:cad>
          </ns3:TrackPointExtension>
        </extensions>
      </trkpt>
      <trkpt lat="68.99090412072837352752685546875" lon="20.44521331787109375">
        <ele>807.4000244140625</ele>
        <time>2026-08-22T10:12:15.000Z</time>
        <extensions>
          <ns3:TrackPointExtension>
            <ns3:cad>0</ns3:cad>
          </ns3:TrackPointExtension>
        </extensions>
      </trkpt>
      <trkpt lat="68.9908892847597599029541015625" lon="20.44524441473186016082763671875">
        <ele>807.5999755859375</ele>
        <time>2026-08-22T10:12:18.000Z</time>
        <extensions>
          <ns3:TrackPointExtension>
            <ns3:cad>0</ns3:cad>
          </ns3:TrackPointExtension>
        </extensions>
      </trkpt>
      <trkpt lat="68.99087294004857540130615234375" lon="20.44529403559863567352294921875">
        <ele>808.4000244140625</ele>
        <time>2026-08-22T10:12:26.000Z</time>
        <extensions>
          <ns3:TrackPointExtension>
            <ns3:cad>0</ns3:cad>
          </ns3:TrackPointExtension>
        </extensions>
      </trkpt>
      <trkpt lat="68.9908696711063385009765625" lon="20.44531297869980335235595703125">
        <ele>808.4000244140625</ele>
        <time>2026-08-22T10:12:27.000Z</time>
        <extensions>
          <ns3:TrackPointExtension>
            <ns3:cad>0</ns3:cad>
          </ns3:TrackPointExtension>
        </extensions>
      </trkpt>
      <trkpt lat="68.99085466749966144561767578125" lon="20.445383973419666290283203125">
        <ele>809.20001220703125</ele>
        <time>2026-08-22T10:12:33.000Z</time>
        <extensions>
          <ns3:TrackPointExtension>
            <ns3:cad>0</ns3:cad>
          </ns3:TrackPointExtension>
        </extensions>
      </trkpt>
      <trkpt lat="68.99085030891001224517822265625" lon="20.4454200156033039093017578125">
        <ele>809.5999755859375</ele>
        <time>2026-08-22T10:12:37.000Z</time>
        <extensions>
          <ns3:TrackPointExtension>
            <ns3:cad>0</ns3:cad>
          </ns3:TrackPointExtension>
        </extensions>
      </trkpt>
      <trkpt lat="68.990850560367107391357421875" lon="20.44542646966874599456787109375">
        <ele>809.5999755859375</ele>
        <time>2026-08-22T10:12:38.000Z</time>
        <extensions>
          <ns3:TrackPointExtension>
            <ns3:cad>0</ns3:cad>
          </ns3:TrackPointExtension>
        </extensions>
      </trkpt>
      <trkpt lat="68.9908467046916484832763671875" lon="20.4454625956714153289794921875">
        <ele>810.4000244140625</ele>
        <time>2026-08-22T10:12:44.000Z</time>
        <extensions>
          <ns3:TrackPointExtension>
            <ns3:cad>0</ns3:cad>
          </ns3:TrackPointExtension>
        </extensions>
      </trkpt>
      <trkpt lat="68.99084812961518764495849609375" lon="20.44546938501298427581787109375">
        <ele>810.5999755859375</ele>
        <time>2026-08-22T10:12:46.000Z</time>
        <extensions>
          <ns3:TrackPointExtension>
            <ns3:cad>0</ns3:cad>
          </ns3:TrackPointExtension>
        </extensions>
      </trkpt>
      <trkpt lat="68.99085617624223232269287109375" lon="20.44546871446073055267333984375">
        <ele>810.5999755859375</ele>
        <time>2026-08-22T10:12:50.000Z</time>
        <extensions>
          <ns3:TrackPointExtension>
            <ns3:cad>0</ns3:cad>
          </ns3:TrackPointExtension>
        </extensions>
      </trkpt>
      <trkpt lat="68.99085517041385173797607421875" lon="20.445466451346874237060546875">
        <ele>811</ele>
        <time>2026-08-22T10:12:55.000Z</time>
        <extensions>
          <ns3:TrackPointExtension>
            <ns3:cad>0</ns3:cad>
          </ns3:TrackPointExtension>
        </extensions>
      </trkpt>
      <trkpt lat="68.9908520691096782684326171875" lon="20.44546703808009624481201171875">
        <ele>811</ele>
        <time>2026-08-22T10:13:03.000Z</time>
        <extensions>
          <ns3:TrackPointExtension>
            <ns3:cad>0</ns3:cad>
          </ns3:TrackPointExtension>
        </extensions>
      </trkpt>
      <trkpt lat="68.99085734970867633819580078125" lon="20.4454304091632366180419921875">
        <ele>811</ele>
        <time>2026-08-22T10:13:11.000Z</time>
        <extensions>
          <ns3:TrackPointExtension>
            <ns3:cad>0</ns3:cad>
          </ns3:TrackPointExtension>
        </extensions>
      </trkpt>
      <trkpt lat="68.99084142409265041351318359375" lon="20.4454599134624004364013671875">
        <ele>810.79998779296875</ele>
        <time>2026-08-22T10:13:19.000Z</time>
        <extensions>
          <ns3:TrackPointExtension>
            <ns3:cad>0</ns3:cad>
          </ns3:TrackPointExtension>
        </extensions>
      </trkpt>
      <trkpt lat="68.990827091038227081298828125" lon="20.44547684490680694580078125">
        <ele>810.79998779296875</ele>
        <time>2026-08-22T10:13:25.000Z</time>
        <extensions>
          <ns3:TrackPointExtension>
            <ns3:cad>0</ns3:cad>
          </ns3:TrackPointExtension>
        </extensions>
      </trkpt>
      <trkpt lat="68.990825749933719635009765625" lon="20.4454656131565570831298828125">
        <ele>810.79998779296875</ele>
        <time>2026-08-22T10:13:32.000Z</time>
        <extensions>
          <ns3:TrackPointExtension>
            <ns3:cad>0</ns3:cad>
          </ns3:TrackPointExtension>
        </extensions>
      </trkpt>
      <trkpt lat="68.99082952179014682769775390625" lon="20.44550375081598758697509765625">
        <ele>810.79998779296875</ele>
        <time>2026-08-22T10:13:38.000Z</time>
        <extensions>
          <ns3:TrackPointExtension>
            <ns3:cad>0</ns3:cad>
          </ns3:TrackPointExtension>
        </extensions>
      </trkpt>
      <trkpt lat="68.9908443577587604522705078125" lon="20.44560885988175868988037109375">
        <ele>811.20001220703125</ele>
        <time>2026-08-22T10:13:45.000Z</time>
        <extensions>
          <ns3:TrackPointExtension>
            <ns3:cad>0</ns3:cad>
          </ns3:TrackPointExtension>
        </extensions>
      </trkpt>
      <trkpt lat="68.990857936441898345947265625" lon="20.44569544494152069091796875">
        <ele>811.4000244140625</ele>
        <time>2026-08-22T10:13:50.000Z</time>
        <extensions>
          <ns3:TrackPointExtension>
            <ns3:cad>0</ns3:cad>
          </ns3:TrackPointExtension>
        </extensions>
      </trkpt>
      <trkpt lat="68.990870676934719085693359375" lon="20.44576023705303668975830078125">
        <ele>811.5999755859375</ele>
        <time>2026-08-22T10:13:54.000Z</time>
        <extensions>
          <ns3:TrackPointExtension>
            <ns3:cad>0</ns3:cad>
          </ns3:TrackPointExtension>
        </extensions>
      </trkpt>
      <trkpt lat="68.9908715151250362396240234375" lon="20.44580851681530475616455078125">
        <ele>811.79998779296875</ele>
        <time>2026-08-22T10:13:57.000Z</time>
        <extensions>
          <ns3:TrackPointExtension>
            <ns3:cad>0</ns3:cad>
          </ns3:TrackPointExtension>
        </extensions>
      </trkpt>
      <trkpt lat="68.99086422286927700042724609375" lon="20.44590943492949008941650390625">
        <ele>812.20001220703125</ele>
        <time>2026-08-22T10:14:02.000Z</time>
        <extensions>
          <ns3:TrackPointExtension>
            <ns3:cad>0</ns3:cad>
          </ns3:TrackPointExtension>
        </extensions>
      </trkpt>
      <trkpt lat="68.9908507280051708221435546875" lon="20.446014292538166046142578125">
        <ele>812.5999755859375</ele>
        <time>2026-08-22T10:14:09.000Z</time>
        <extensions>
          <ns3:TrackPointExtension>
            <ns3:cad>0</ns3:cad>
          </ns3:TrackPointExtension>
        </extensions>
      </trkpt>
      <trkpt lat="68.9908500574529170989990234375" lon="20.44601672329008579254150390625">
        <ele>812.5999755859375</ele>
        <time>2026-08-22T10:14:10.000Z</time>
        <extensions>
          <ns3:TrackPointExtension>
            <ns3:cad>0</ns3:cad>
          </ns3:TrackPointExtension>
        </extensions>
      </trkpt>
      <trkpt lat="68.9908490516245365142822265625" lon="20.44600063003599643707275390625">
        <ele>813</ele>
        <time>2026-08-22T10:14:15.000Z</time>
        <extensions>
          <ns3:TrackPointExtension>
            <ns3:cad>0</ns3:cad>
          </ns3:TrackPointExtension>
        </extensions>
      </trkpt>
      <trkpt lat="68.99084092117846012115478515625" lon="20.44599928893148899078369140625">
        <ele>813</ele>
        <time>2026-08-22T10:14:23.000Z</time>
        <extensions>
          <ns3:TrackPointExtension>
            <ns3:cad>0</ns3:cad>
          </ns3:TrackPointExtension>
        </extensions>
      </trkpt>
      <trkpt lat="68.99086891673505306243896484375" lon="20.44610037468373775482177734375">
        <ele>813.4000244140625</ele>
        <time>2026-08-22T10:14:30.000Z</time>
        <extensions>
          <ns3:TrackPointExtension>
            <ns3:cad>0</ns3:cad>
          </ns3:TrackPointExtension>
        </extensions>
      </trkpt>
      <trkpt lat="68.99088299833238124847412109375" lon="20.44613641686737537384033203125">
        <ele>813.5999755859375</ele>
        <time>2026-08-22T10:14:34.000Z</time>
        <extensions>
          <ns3:TrackPointExtension>
            <ns3:cad>0</ns3:cad>
          </ns3:TrackPointExtension>
        </extensions>
      </trkpt>
      <trkpt lat="68.99088769219815731048583984375" lon="20.44614831916987895965576171875">
        <ele>813.79998779296875</ele>
        <time>2026-08-22T10:14:35.000Z</time>
        <extensions>
          <ns3:TrackPointExtension>
            <ns3:cad>0</ns3:cad>
          </ns3:TrackPointExtension>
        </extensions>
      </trkpt>
      <trkpt lat="68.99094167165458202362060546875" lon="20.4461760632693767547607421875">
        <ele>813.79998779296875</ele>
        <time>2026-08-22T10:14:41.000Z</time>
        <extensions>
          <ns3:TrackPointExtension>
            <ns3:cad>0</ns3:cad>
          </ns3:TrackPointExtension>
        </extensions>
      </trkpt>
      <trkpt lat="68.99097000248730182647705078125" lon="20.446229875087738037109375">
        <ele>813.5999755859375</ele>
        <time>2026-08-22T10:14:46.000Z</time>
        <extensions>
          <ns3:TrackPointExtension>
            <ns3:cad>0</ns3:cad>
          </ns3:TrackPointExtension>
        </extensions>
      </trkpt>
      <trkpt lat="68.99098123423755168914794921875" lon="20.4463530890643596649169921875">
        <ele>813.79998779296875</ele>
        <time>2026-08-22T10:14:53.000Z</time>
        <extensions>
          <ns3:TrackPointExtension>
            <ns3:cad>0</ns3:cad>
          </ns3:TrackPointExtension>
        </extensions>
      </trkpt>
      <trkpt lat="68.991004787385463714599609375" lon="20.4464429430663585662841796875">
        <ele>814</ele>
        <time>2026-08-22T10:14:59.000Z</time>
        <extensions>
          <ns3:TrackPointExtension>
            <ns3:cad>0</ns3:cad>
          </ns3:TrackPointExtension>
        </extensions>
      </trkpt>
      <trkpt lat="68.9910220541059970855712890625" lon="20.44652868993580341339111328125">
        <ele>814.4000244140625</ele>
        <time>2026-08-22T10:15:05.000Z</time>
        <extensions>
          <ns3:TrackPointExtension>
            <ns3:cad>0</ns3:cad>
          </ns3:TrackPointExtension>
        </extensions>
      </trkpt>
      <trkpt lat="68.9910572580993175506591796875" lon="20.44663145206868648529052734375">
        <ele>814.5999755859375</ele>
        <time>2026-08-22T10:15:12.000Z</time>
        <extensions>
          <ns3:TrackPointExtension>
            <ns3:cad>0</ns3:cad>
          </ns3:TrackPointExtension>
        </extensions>
      </trkpt>
      <trkpt lat="68.99108449928462505340576171875" lon="20.4467064701020717620849609375">
        <ele>814.5999755859375</ele>
        <time>2026-08-22T10:15:19.000Z</time>
        <extensions>
          <ns3:TrackPointExtension>
            <ns3:cad>0</ns3:cad>
          </ns3:TrackPointExtension>
        </extensions>
      </trkpt>
      <trkpt lat="68.99111836217343807220458984375" lon="20.446771681308746337890625">
        <ele>814.79998779296875</ele>
        <time>2026-08-22T10:15:24.000Z</time>
        <extensions>
          <ns3:TrackPointExtension>
            <ns3:cad>0</ns3:cad>
          </ns3:TrackPointExtension>
        </extensions>
      </trkpt>
      <trkpt lat="68.991133533418178558349609375" lon="20.44679523445665836334228515625">
        <ele>814.79998779296875</ele>
        <time>2026-08-22T10:15:26.000Z</time>
        <extensions>
          <ns3:TrackPointExtension>
            <ns3:cad>0</ns3:cad>
          </ns3:TrackPointExtension>
        </extensions>
      </trkpt>
      <trkpt lat="68.9911531470715999603271484375" lon="20.446858517825603485107421875">
        <ele>814.79998779296875</ele>
        <time>2026-08-22T10:15:31.000Z</time>
        <extensions>
          <ns3:TrackPointExtension>
            <ns3:cad>0</ns3:cad>
          </ns3:TrackPointExtension>
        </extensions>
      </trkpt>
      <trkpt lat="68.99118206463754177093505859375" lon="20.44694175012409687042236328125">
        <ele>815</ele>
        <time>2026-08-22T10:15:37.000Z</time>
        <extensions>
          <ns3:TrackPointExtension>
            <ns3:cad>68</ns3:cad>
          </ns3:TrackPointExtension>
        </extensions>
      </trkpt>
      <trkpt lat="68.99122145958244800567626953125" lon="20.44706563465297222137451171875">
        <ele>815.20001220703125</ele>
        <time>2026-08-22T10:15:45.000Z</time>
        <extensions>
          <ns3:TrackPointExtension>
            <ns3:cad>0</ns3:cad>
          </ns3:TrackPointExtension>
        </extensions>
      </trkpt>
      <trkpt lat="68.99124476127326488494873046875" lon="20.44712950475513935089111328125">
        <ele>815.20001220703125</ele>
        <time>2026-08-22T10:15:50.000Z</time>
        <extensions>
          <ns3:TrackPointExtension>
            <ns3:cad>0</ns3:cad>
          </ns3:TrackPointExtension>
        </extensions>
      </trkpt>
      <trkpt lat="68.99125783704221248626708984375" lon="20.44714383780956268310546875">
        <ele>815.20001220703125</ele>
        <time>2026-08-22T10:15:52.000Z</time>
        <extensions>
          <ns3:TrackPointExtension>
            <ns3:cad>0</ns3:cad>
          </ns3:TrackPointExtension>
        </extensions>
      </trkpt>
      <trkpt lat="68.99127359502017498016357421875" lon="20.44717107899487018585205078125">
        <ele>815.4000244140625</ele>
        <time>2026-08-22T10:15:55.000Z</time>
        <extensions>
          <ns3:TrackPointExtension>
            <ns3:cad>0</ns3:cad>
          </ns3:TrackPointExtension>
        </extensions>
      </trkpt>
      <trkpt lat="68.99131248705089092254638671875" lon="20.44721466489136219024658203125">
        <ele>815.20001220703125</ele>
        <time>2026-08-22T10:16:02.000Z</time>
        <extensions>
          <ns3:TrackPointExtension>
            <ns3:cad>57</ns3:cad>
          </ns3:TrackPointExtension>
        </extensions>
      </trkpt>
      <trkpt lat="68.99132899940013885498046875" lon="20.4472365416586399078369140625">
        <ele>815.4000244140625</ele>
        <time>2026-08-22T10:16:05.000Z</time>
        <extensions>
          <ns3:TrackPointExtension>
            <ns3:cad>0</ns3:cad>
          </ns3:TrackPointExtension>
        </extensions>
      </trkpt>
      <trkpt lat="68.99133947677910327911376953125" lon="20.4472616873681545257568359375">
        <ele>815</ele>
        <time>2026-08-22T10:16:07.000Z</time>
        <extensions>
          <ns3:TrackPointExtension>
            <ns3:cad>0</ns3:cad>
          </ns3:TrackPointExtension>
        </extensions>
      </trkpt>
      <trkpt lat="68.99137836880981922149658203125" lon="20.44736855663359165191650390625">
        <ele>815.20001220703125</ele>
        <time>2026-08-22T10:16:15.000Z</time>
        <extensions>
          <ns3:TrackPointExtension>
            <ns3:cad>0</ns3:cad>
          </ns3:TrackPointExtension>
        </extensions>
      </trkpt>
      <trkpt lat="68.9914113096892833709716796875" lon="20.4474232904613018035888671875">
        <ele>815.20001220703125</ele>
        <time>2026-08-22T10:16:20.000Z</time>
        <extensions>
          <ns3:TrackPointExtension>
            <ns3:cad>0</ns3:cad>
          </ns3:TrackPointExtension>
        </extensions>
      </trkpt>
      <trkpt lat="68.99145196191966533660888671875" lon="20.4474578239023685455322265625">
        <ele>815.20001220703125</ele>
        <time>2026-08-22T10:16:26.000Z</time>
        <extensions>
          <ns3:TrackPointExtension>
            <ns3:cad>0</ns3:cad>
          </ns3:TrackPointExtension>
        </extensions>
      </trkpt>
      <trkpt lat="68.991488926112651824951171875" lon="20.4475731588900089263916015625">
        <ele>815</ele>
        <time>2026-08-22T10:16:34.000Z</time>
        <extensions>
          <ns3:TrackPointExtension>
            <ns3:cad>0</ns3:cad>
          </ns3:TrackPointExtension>
        </extensions>
      </trkpt>
      <trkpt lat="68.99152656085789203643798828125" lon="20.4476382024586200714111328125">
        <ele>814.79998779296875</ele>
        <time>2026-08-22T10:16:40.000Z</time>
        <extensions>
          <ns3:TrackPointExtension>
            <ns3:cad>0</ns3:cad>
          </ns3:TrackPointExtension>
        </extensions>
      </trkpt>
      <trkpt lat="68.99153728969395160675048828125" lon="20.4476472549140453338623046875">
        <ele>814.79998779296875</ele>
        <time>2026-08-22T10:16:42.000Z</time>
        <extensions>
          <ns3:TrackPointExtension>
            <ns3:cad>0</ns3:cad>
          </ns3:TrackPointExtension>
        </extensions>
      </trkpt>
      <trkpt lat="68.991588167846202850341796875" lon="20.44768656603991985321044921875">
        <ele>814.5999755859375</ele>
        <time>2026-08-22T10:16:50.000Z</time>
        <extensions>
          <ns3:TrackPointExtension>
            <ns3:cad>0</ns3:cad>
          </ns3:TrackPointExtension>
        </extensions>
      </trkpt>
      <trkpt lat="68.9916134811937808990478515625" lon="20.44769880361855030059814453125">
        <ele>814.4000244140625</ele>
        <time>2026-08-22T10:16:53.000Z</time>
        <extensions>
          <ns3:TrackPointExtension>
            <ns3:cad>0</ns3:cad>
          </ns3:TrackPointExtension>
        </extensions>
      </trkpt>
      <trkpt lat="68.99163267575204372406005859375" lon="20.44774071313440799713134765625">
        <ele>814.20001220703125</ele>
        <time>2026-08-22T10:16:56.000Z</time>
        <extensions>
          <ns3:TrackPointExtension>
            <ns3:cad>0</ns3:cad>
          </ns3:TrackPointExtension>
        </extensions>
      </trkpt>
      <trkpt lat="68.99167760275304317474365234375" lon="20.447761751711368560791015625">
        <ele>814</ele>
        <time>2026-08-22T10:17:02.000Z</time>
        <extensions>
          <ns3:TrackPointExtension>
            <ns3:cad>52</ns3:cad>
          </ns3:TrackPointExtension>
        </extensions>
      </trkpt>
      <trkpt lat="68.99169654585421085357666015625" lon="20.44777239672839641571044921875">
        <ele>813.5999755859375</ele>
        <time>2026-08-22T10:17:06.000Z</time>
        <extensions>
          <ns3:TrackPointExtension>
            <ns3:cad>0</ns3:cad>
          </ns3:TrackPointExtension>
        </extensions>
      </trkpt>
      <trkpt lat="68.9916957914829254150390625" lon="20.44777072034776210784912109375">
        <ele>813.5999755859375</ele>
        <time>2026-08-22T10:17:08.000Z</time>
        <extensions>
          <ns3:TrackPointExtension>
            <ns3:cad>0</ns3:cad>
          </ns3:TrackPointExtension>
        </extensions>
      </trkpt>
      <trkpt lat="68.99169168435037136077880859375" lon="20.44778488576412200927734375">
        <ele>813.5999755859375</ele>
        <time>2026-08-22T10:17:16.000Z</time>
        <extensions>
          <ns3:TrackPointExtension>
            <ns3:cad>0</ns3:cad>
          </ns3:TrackPointExtension>
        </extensions>
      </trkpt>
      <trkpt lat="68.99168883450329303741455078125" lon="20.44780089519917964935302734375">
        <ele>813.4000244140625</ele>
        <time>2026-08-22T10:17:21.000Z</time>
        <extensions>
          <ns3:TrackPointExtension>
            <ns3:cad>0</ns3:cad>
          </ns3:TrackPointExtension>
        </extensions>
      </trkpt>
      <trkpt lat="68.9916936121881008148193359375" lon="20.44782000593841075897216796875">
        <ele>813.4000244140625</ele>
        <time>2026-08-22T10:17:26.000Z</time>
        <extensions>
          <ns3:TrackPointExtension>
            <ns3:cad>0</ns3:cad>
          </ns3:TrackPointExtension>
        </extensions>
      </trkpt>
      <trkpt lat="68.99169922806322574615478515625" lon="20.44782972894608974456787109375">
        <ele>813.5999755859375</ele>
        <time>2026-08-22T10:17:32.000Z</time>
        <extensions>
          <ns3:TrackPointExtension>
            <ns3:cad>0</ns3:cad>
          </ns3:TrackPointExtension>
        </extensions>
      </trkpt>
      <trkpt lat="68.99170442484319210052490234375" lon="20.4478393681347370147705078125">
        <ele>813.4000244140625</ele>
        <time>2026-08-22T10:17:39.000Z</time>
        <extensions>
          <ns3:TrackPointExtension>
            <ns3:cad>0</ns3:cad>
          </ns3:TrackPointExtension>
        </extensions>
      </trkpt>
      <trkpt lat="68.99172998964786529541015625" lon="20.44785135425627231597900390625">
        <ele>813.5999755859375</ele>
        <time>2026-08-22T10:17:44.000Z</time>
        <extensions>
          <ns3:TrackPointExtension>
            <ns3:cad>0</ns3:cad>
          </ns3:TrackPointExtension>
        </extensions>
      </trkpt>
      <trkpt lat="68.991758488118648529052734375" lon="20.44790198095142841339111328125">
        <ele>813.5999755859375</ele>
        <time>2026-08-22T10:17:50.000Z</time>
        <extensions>
          <ns3:TrackPointExtension>
            <ns3:cad>0</ns3:cad>
          </ns3:TrackPointExtension>
        </extensions>
      </trkpt>
      <trkpt lat="68.991753123700618743896484375" lon="20.4479567147791385650634765625">
        <ele>813.4000244140625</ele>
        <time>2026-08-22T10:17:55.000Z</time>
        <extensions>
          <ns3:TrackPointExtension>
            <ns3:cad>0</ns3:cad>
          </ns3:TrackPointExtension>
        </extensions>
      </trkpt>
      <trkpt lat="68.991733007133007049560546875" lon="20.44812284409999847412109375">
        <ele>813.5999755859375</ele>
        <time>2026-08-22T10:18:03.000Z</time>
        <extensions>
          <ns3:TrackPointExtension>
            <ns3:cad>0</ns3:cad>
          </ns3:TrackPointExtension>
        </extensions>
      </trkpt>
      <trkpt lat="68.99174499325454235076904296875" lon="20.4482589662075042724609375">
        <ele>814</ele>
        <time>2026-08-22T10:18:09.000Z</time>
        <extensions>
          <ns3:TrackPointExtension>
            <ns3:cad>0</ns3:cad>
          </ns3:TrackPointExtension>
        </extensions>
      </trkpt>
      <trkpt lat="68.991756141185760498046875" lon="20.4483764804899692535400390625">
        <ele>814.20001220703125</ele>
        <time>2026-08-22T10:18:14.000Z</time>
        <extensions>
          <ns3:TrackPointExtension>
            <ns3:cad>0</ns3:cad>
          </ns3:TrackPointExtension>
        </extensions>
      </trkpt>
      <trkpt lat="68.99176343344151973724365234375" lon="20.44840657152235507965087890625">
        <ele>814.20001220703125</ele>
        <time>2026-08-22T10:18:16.000Z</time>
        <extensions>
          <ns3:TrackPointExtension>
            <ns3:cad>0</ns3:cad>
          </ns3:TrackPointExtension>
        </extensions>
      </trkpt>
      <trkpt lat="68.99178371764719486236572265625" lon="20.4485035501420497894287109375">
        <ele>814.4000244140625</ele>
        <time>2026-08-22T10:18:21.000Z</time>
        <extensions>
          <ns3:TrackPointExtension>
            <ns3:cad>0</ns3:cad>
          </ns3:TrackPointExtension>
        </extensions>
      </trkpt>
      <trkpt lat="68.9917762577533721923828125" lon="20.44853917323052883148193359375">
        <ele>814.5999755859375</ele>
        <time>2026-08-22T10:18:24.000Z</time>
        <extensions>
          <ns3:TrackPointExtension>
            <ns3:cad>64</ns3:cad>
          </ns3:TrackPointExtension>
        </extensions>
      </trkpt>
      <trkpt lat="68.9917817898094654083251953125" lon="20.44857404194772243499755859375">
        <ele>814.5999755859375</ele>
        <time>2026-08-22T10:18:26.000Z</time>
        <extensions>
          <ns3:TrackPointExtension>
            <ns3:cad>64</ns3:cad>
          </ns3:TrackPointExtension>
        </extensions>
      </trkpt>
      <trkpt lat="68.99178757332265377044677734375" lon="20.44858820736408233642578125">
        <ele>814.5999755859375</ele>
        <time>2026-08-22T10:18:27.000Z</time>
        <extensions>
          <ns3:TrackPointExtension>
            <ns3:cad>64</ns3:cad>
          </ns3:TrackPointExtension>
        </extensions>
      </trkpt>
      <trkpt lat="68.9917935244739055633544921875" lon="20.44860287569463253021240234375">
        <ele>814.79998779296875</ele>
        <time>2026-08-22T10:18:28.000Z</time>
        <extensions>
          <ns3:TrackPointExtension>
            <ns3:cad>64</ns3:cad>
          </ns3:TrackPointExtension>
        </extensions>
      </trkpt>
      <trkpt lat="68.99182847701013088226318359375" lon="20.44866758398711681365966796875">
        <ele>815.20001220703125</ele>
        <time>2026-08-22T10:18:33.000Z</time>
        <extensions>
          <ns3:TrackPointExtension>
            <ns3:cad>0</ns3:cad>
          </ns3:TrackPointExtension>
        </extensions>
      </trkpt>
      <trkpt lat="68.991885222494602203369140625" lon="20.44874955900013446807861328125">
        <ele>815.4000244140625</ele>
        <time>2026-08-22T10:18:41.000Z</time>
        <extensions>
          <ns3:TrackPointExtension>
            <ns3:cad>0</ns3:cad>
          </ns3:TrackPointExtension>
        </extensions>
      </trkpt>
      <trkpt lat="68.99189771153032779693603515625" lon="20.448799431324005126953125">
        <ele>815.5999755859375</ele>
        <time>2026-08-22T10:18:44.000Z</time>
        <extensions>
          <ns3:TrackPointExtension>
            <ns3:cad>0</ns3:cad>
          </ns3:TrackPointExtension>
        </extensions>
      </trkpt>
      <trkpt lat="68.991918079555034637451171875" lon="20.4488475434482097625732421875">
        <ele>815.5999755859375</ele>
        <time>2026-08-22T10:18:47.000Z</time>
        <extensions>
          <ns3:TrackPointExtension>
            <ns3:cad>77</ns3:cad>
          </ns3:TrackPointExtension>
        </extensions>
      </trkpt>
      <trkpt lat="68.9919702149927616119384765625" lon="20.4488958232104778289794921875">
        <ele>815.5999755859375</ele>
        <time>2026-08-22T10:18:54.000Z</time>
        <extensions>
          <ns3:TrackPointExtension>
            <ns3:cad>0</ns3:cad>
          </ns3:TrackPointExtension>
        </extensions>
      </trkpt>
      <trkpt lat="68.99201095104217529296875" lon="20.44887696392834186553955078125">
        <ele>815.5999755859375</ele>
        <time>2026-08-22T10:19:00.000Z</time>
        <extensions>
          <ns3:TrackPointExtension>
            <ns3:cad>0</ns3:cad>
          </ns3:TrackPointExtension>
        </extensions>
      </trkpt>
      <trkpt lat="68.992051519453525543212890625" lon="20.448890626430511474609375">
        <ele>815.79998779296875</ele>
        <time>2026-08-22T10:19:04.000Z</time>
        <extensions>
          <ns3:TrackPointExtension>
            <ns3:cad>68</ns3:cad>
          </ns3:TrackPointExtension>
        </extensions>
      </trkpt>
      <trkpt lat="68.992070965468883514404296875" lon="20.44890009798109531402587890625">
        <ele>815.79998779296875</ele>
        <time>2026-08-22T10:19:06.000Z</time>
        <extensions>
          <ns3:TrackPointExtension>
            <ns3:cad>68</ns3:cad>
          </ns3:TrackPointExtension>
        </extensions>
      </trkpt>
      <trkpt lat="68.9921073429286479949951171875" lon="20.4489162750542163848876953125">
        <ele>815.79998779296875</ele>
        <time>2026-08-22T10:19:11.000Z</time>
        <extensions>
          <ns3:TrackPointExtension>
            <ns3:cad>0</ns3:cad>
          </ns3:TrackPointExtension>
        </extensions>
      </trkpt>
      <trkpt lat="68.9921438880264759063720703125" lon="20.44893245212733745574951171875">
        <ele>816.20001220703125</ele>
        <time>2026-08-22T10:19:17.000Z</time>
        <extensions>
          <ns3:TrackPointExtension>
            <ns3:cad>0</ns3:cad>
          </ns3:TrackPointExtension>
        </extensions>
      </trkpt>
      <trkpt lat="68.99214782752096652984619140625" lon="20.448940582573413848876953125">
        <ele>816</ele>
        <time>2026-08-22T10:19:24.000Z</time>
        <extensions>
          <ns3:TrackPointExtension>
            <ns3:cad>0</ns3:cad>
          </ns3:TrackPointExtension>
        </extensions>
      </trkpt>
      <trkpt lat="68.9921891503036022186279296875" lon="20.44898810796439647674560546875">
        <ele>816.20001220703125</ele>
        <time>2026-08-22T10:19:31.000Z</time>
        <extensions>
          <ns3:TrackPointExtension>
            <ns3:cad>0</ns3:cad>
          </ns3:TrackPointExtension>
        </extensions>
      </trkpt>
      <trkpt lat="68.99223466403782367706298828125" lon="20.4490379802882671356201171875">
        <ele>816.4000244140625</ele>
        <time>2026-08-22T10:19:38.000Z</time>
        <extensions>
          <ns3:TrackPointExtension>
            <ns3:cad>0</ns3:cad>
          </ns3:TrackPointExtension>
        </extensions>
      </trkpt>
      <trkpt lat="68.99227154441177845001220703125" lon="20.449064634740352630615234375">
        <ele>816.79998779296875</ele>
        <time>2026-08-22T10:19:43.000Z</time>
        <extensions>
          <ns3:TrackPointExtension>
            <ns3:cad>0</ns3:cad>
          </ns3:TrackPointExtension>
        </extensions>
      </trkpt>
      <trkpt lat="68.9922793395817279815673828125" lon="20.44907561503350734710693359375">
        <ele>816.79998779296875</ele>
        <time>2026-08-22T10:19:44.000Z</time>
        <extensions>
          <ns3:TrackPointExtension>
            <ns3:cad>0</ns3:cad>
          </ns3:TrackPointExtension>
        </extensions>
      </trkpt>
      <trkpt lat="68.99233239702880382537841796875" lon="20.44917871244251728057861328125">
        <ele>817.4000244140625</ele>
        <time>2026-08-22T10:19:51.000Z</time>
        <extensions>
          <ns3:TrackPointExtension>
            <ns3:cad>0</ns3:cad>
          </ns3:TrackPointExtension>
        </extensions>
      </trkpt>
      <trkpt lat="68.99236190132796764373779296875" lon="20.44923017732799053192138671875">
        <ele>817.79998779296875</ele>
        <time>2026-08-22T10:19:57.000Z</time>
        <extensions>
          <ns3:TrackPointExtension>
            <ns3:cad>0</ns3:cad>
          </ns3:TrackPointExtension>
        </extensions>
      </trkpt>
      <trkpt lat="68.992402218282222747802734375" lon="20.449271835386753082275390625">
        <ele>818.20001220703125</ele>
        <time>2026-08-22T10:20:02.000Z</time>
        <extensions>
          <ns3:TrackPointExtension>
            <ns3:cad>0</ns3:cad>
          </ns3:TrackPointExtension>
        </extensions>
      </trkpt>
      <trkpt lat="68.99243809282779693603515625" lon="20.4493095539510250091552734375">
        <ele>818.20001220703125</ele>
        <time>2026-08-22T10:20:08.000Z</time>
        <extensions>
          <ns3:TrackPointExtension>
            <ns3:cad>0</ns3:cad>
          </ns3:TrackPointExtension>
        </extensions>
      </trkpt>
      <trkpt lat="68.99247338064014911651611328125" lon="20.44933813624083995819091796875">
        <ele>818.79998779296875</ele>
        <time>2026-08-22T10:20:13.000Z</time>
        <extensions>
          <ns3:TrackPointExtension>
            <ns3:cad>0</ns3:cad>
          </ns3:TrackPointExtension>
        </extensions>
      </trkpt>
      <trkpt lat="68.992480672895908355712890625" lon="20.4493464343249797821044921875">
        <ele>819</ele>
        <time>2026-08-22T10:20:14.000Z</time>
        <extensions>
          <ns3:TrackPointExtension>
            <ns3:cad>0</ns3:cad>
          </ns3:TrackPointExtension>
        </extensions>
      </trkpt>
      <trkpt lat="68.9925163798034191131591796875" lon="20.44938691891729831695556640625">
        <ele>819.4000244140625</ele>
        <time>2026-08-22T10:20:20.000Z</time>
        <extensions>
          <ns3:TrackPointExtension>
            <ns3:cad>0</ns3:cad>
          </ns3:TrackPointExtension>
        </extensions>
      </trkpt>
      <trkpt lat="68.99255250580608844757080078125" lon="20.449494458734989166259765625">
        <ele>820</ele>
        <time>2026-08-22T10:20:28.000Z</time>
        <extensions>
          <ns3:TrackPointExtension>
            <ns3:cad>0</ns3:cad>
          </ns3:TrackPointExtension>
        </extensions>
      </trkpt>
      <trkpt lat="68.992556445300579071044921875" lon="20.44950912706553936004638671875">
        <ele>820</ele>
        <time>2026-08-22T10:20:29.000Z</time>
        <extensions>
          <ns3:TrackPointExtension>
            <ns3:cad>0</ns3:cad>
          </ns3:TrackPointExtension>
        </extensions>
      </trkpt>
      <trkpt lat="68.992582261562347412109375" lon="20.44957458972930908203125">
        <ele>820.5999755859375</ele>
        <time>2026-08-22T10:20:35.000Z</time>
        <extensions>
          <ns3:TrackPointExtension>
            <ns3:cad>0</ns3:cad>
          </ns3:TrackPointExtension>
        </extensions>
      </trkpt>
      <trkpt lat="68.99260346777737140655517578125" lon="20.44959763996303081512451171875">
        <ele>821</ele>
        <time>2026-08-22T10:20:39.000Z</time>
        <extensions>
          <ns3:TrackPointExtension>
            <ns3:cad>0</ns3:cad>
          </ns3:TrackPointExtension>
        </extensions>
      </trkpt>
      <trkpt lat="68.9926112629473209381103515625" lon="20.449620187282562255859375">
        <ele>821.4000244140625</ele>
        <time>2026-08-22T10:20:41.000Z</time>
        <extensions>
          <ns3:TrackPointExtension>
            <ns3:cad>0</ns3:cad>
          </ns3:TrackPointExtension>
        </extensions>
      </trkpt>
      <trkpt lat="68.992626853287220001220703125" lon="20.44970744289457798004150390625">
        <ele>822</ele>
        <time>2026-08-22T10:20:47.000Z</time>
        <extensions>
          <ns3:TrackPointExtension>
            <ns3:cad>0</ns3:cad>
          </ns3:TrackPointExtension>
        </extensions>
      </trkpt>
      <trkpt lat="68.99263096041977405548095703125" lon="20.4497222788631916046142578125">
        <ele>822.20001220703125</ele>
        <time>2026-08-22T10:20:48.000Z</time>
        <extensions>
          <ns3:TrackPointExtension>
            <ns3:cad>0</ns3:cad>
          </ns3:TrackPointExtension>
        </extensions>
      </trkpt>
      <trkpt lat="68.9926538430154323577880859375" lon="20.4498181678354740142822265625">
        <ele>823</ele>
        <time>2026-08-22T10:20:55.000Z</time>
        <extensions>
          <ns3:TrackPointExtension>
            <ns3:cad>0</ns3:cad>
          </ns3:TrackPointExtension>
        </extensions>
      </trkpt>
      <trkpt lat="68.9926533401012420654296875" lon="20.4499013163149356842041015625">
        <ele>823</ele>
        <time>2026-08-22T10:21:00.000Z</time>
        <extensions>
          <ns3:TrackPointExtension>
            <ns3:cad>0</ns3:cad>
          </ns3:TrackPointExtension>
        </extensions>
      </trkpt>
      <trkpt lat="68.9926662482321262359619140625" lon="20.45000173151493072509765625">
        <ele>823</ele>
        <time>2026-08-22T10:21:05.000Z</time>
        <extensions>
          <ns3:TrackPointExtension>
            <ns3:cad>0</ns3:cad>
          </ns3:TrackPointExtension>
        </extensions>
      </trkpt>
      <trkpt lat="68.9926689304411411285400390625" lon="20.45001070015132427215576171875">
        <ele>823</ele>
        <time>2026-08-22T10:21:06.000Z</time>
        <extensions>
          <ns3:TrackPointExtension>
            <ns3:cad>0</ns3:cad>
          </ns3:TrackPointExtension>
        </extensions>
      </trkpt>
      <trkpt lat="68.99269080720841884613037109375" lon="20.45006476342678070068359375">
        <ele>823.4000244140625</ele>
        <time>2026-08-22T10:21:11.000Z</time>
        <extensions>
          <ns3:TrackPointExtension>
            <ns3:cad>0</ns3:cad>
          </ns3:TrackPointExtension>
        </extensions>
      </trkpt>
      <trkpt lat="68.99272617883980274200439453125" lon="20.4501660168170928955078125">
        <ele>823.79998779296875</ele>
        <time>2026-08-22T10:21:18.000Z</time>
        <extensions>
          <ns3:TrackPointExtension>
            <ns3:cad>0</ns3:cad>
          </ns3:TrackPointExtension>
        </extensions>
      </trkpt>
      <trkpt lat="68.99273808114230632781982421875" lon="20.450205914676189422607421875">
        <ele>824.20001220703125</ele>
        <time>2026-08-22T10:21:22.000Z</time>
        <extensions>
          <ns3:TrackPointExtension>
            <ns3:cad>0</ns3:cad>
          </ns3:TrackPointExtension>
        </extensions>
      </trkpt>
      <trkpt lat="68.99274646304547786712646484375" lon="20.450249500572681427001953125">
        <ele>824.4000244140625</ele>
        <time>2026-08-22T10:21:25.000Z</time>
        <extensions>
          <ns3:TrackPointExtension>
            <ns3:cad>0</ns3:cad>
          </ns3:TrackPointExtension>
        </extensions>
      </trkpt>
      <trkpt lat="68.99276054464280605316162109375" lon="20.45030775479972362518310546875">
        <ele>825</ele>
        <time>2026-08-22T10:21:32.000Z</time>
        <extensions>
          <ns3:TrackPointExtension>
            <ns3:cad>0</ns3:cad>
          </ns3:TrackPointExtension>
        </extensions>
      </trkpt>
      <trkpt lat="68.9927621372044086456298828125" lon="20.45031462796032428741455078125">
        <ele>825.20001220703125</ele>
        <time>2026-08-22T10:21:33.000Z</time>
        <extensions>
          <ns3:TrackPointExtension>
            <ns3:cad>0</ns3:cad>
          </ns3:TrackPointExtension>
        </extensions>
      </trkpt>
      <trkpt lat="68.99277177639305591583251953125" lon="20.4503948427736759185791015625">
        <ele>825.5999755859375</ele>
        <time>2026-08-22T10:21:39.000Z</time>
        <extensions>
          <ns3:TrackPointExtension>
            <ns3:cad>0</ns3:cad>
          </ns3:TrackPointExtension>
        </extensions>
      </trkpt>
      <trkpt lat="68.99280798621475696563720703125" lon="20.45046097598969936370849609375">
        <ele>826</ele>
        <time>2026-08-22T10:21:45.000Z</time>
        <extensions>
          <ns3:TrackPointExtension>
            <ns3:cad>0</ns3:cad>
          </ns3:TrackPointExtension>
        </extensions>
      </trkpt>
      <trkpt lat="68.99282039143145084381103515625" lon="20.45048126019537448883056640625">
        <ele>826.20001220703125</ele>
        <time>2026-08-22T10:21:47.000Z</time>
        <extensions>
          <ns3:TrackPointExtension>
            <ns3:cad>0</ns3:cad>
          </ns3:TrackPointExtension>
        </extensions>
      </trkpt>
      <trkpt lat="68.99283128790557384490966796875" lon="20.45051545836031436920166015625">
        <ele>826.4000244140625</ele>
        <time>2026-08-22T10:21:50.000Z</time>
        <extensions>
          <ns3:TrackPointExtension>
            <ns3:cad>0</ns3:cad>
          </ns3:TrackPointExtension>
        </extensions>
      </trkpt>
      <trkpt lat="68.9928707666695117950439453125" lon="20.45058368705213069915771484375">
        <ele>826.79998779296875</ele>
        <time>2026-08-22T10:21:57.000Z</time>
        <extensions>
          <ns3:TrackPointExtension>
            <ns3:cad>0</ns3:cad>
          </ns3:TrackPointExtension>
        </extensions>
      </trkpt>
      <trkpt lat="68.99288509972393512725830078125" lon="20.450594834983348846435546875">
        <ele>827.20001220703125</ele>
        <time>2026-08-22T10:22:00.000Z</time>
        <extensions>
          <ns3:TrackPointExtension>
            <ns3:cad>0</ns3:cad>
          </ns3:TrackPointExtension>
        </extensions>
      </trkpt>
      <trkpt lat="68.99290437810122966766357421875" lon="20.4506053961813449859619140625">
        <ele>827.4000244140625</ele>
        <time>2026-08-22T10:22:02.000Z</time>
        <extensions>
          <ns3:TrackPointExtension>
            <ns3:cad>0</ns3:cad>
          </ns3:TrackPointExtension>
        </extensions>
      </trkpt>
      <trkpt lat="68.99294846691191196441650390625" lon="20.45062341727316379547119140625">
        <ele>827.4000244140625</ele>
        <time>2026-08-22T10:22:08.000Z</time>
        <extensions>
          <ns3:TrackPointExtension>
            <ns3:cad>0</ns3:cad>
          </ns3:TrackPointExtension>
        </extensions>
      </trkpt>
      <trkpt lat="68.99296238087117671966552734375" lon="20.4506302066147327423095703125">
        <ele>827.79998779296875</ele>
        <time>2026-08-22T10:22:13.000Z</time>
        <extensions>
          <ns3:TrackPointExtension>
            <ns3:cad>0</ns3:cad>
          </ns3:TrackPointExtension>
        </extensions>
      </trkpt>
      <trkpt lat="68.992963470518589019775390625" lon="20.45063531957566738128662109375">
        <ele>827.5999755859375</ele>
        <time>2026-08-22T10:22:19.000Z</time>
        <extensions>
          <ns3:TrackPointExtension>
            <ns3:cad>0</ns3:cad>
          </ns3:TrackPointExtension>
        </extensions>
      </trkpt>
      <trkpt lat="68.99297914467751979827880859375" lon="20.45066013000905513763427734375">
        <ele>827.79998779296875</ele>
        <time>2026-08-22T10:22:25.000Z</time>
        <extensions>
          <ns3:TrackPointExtension>
            <ns3:cad>0</ns3:cad>
          </ns3:TrackPointExtension>
        </extensions>
      </trkpt>
      <trkpt lat="68.99298517964780330657958984375" lon="20.45072634704411029815673828125">
        <ele>828.4000244140625</ele>
        <time>2026-08-22T10:22:29.000Z</time>
        <extensions>
          <ns3:TrackPointExtension>
            <ns3:cad>0</ns3:cad>
          </ns3:TrackPointExtension>
        </extensions>
      </trkpt>
      <trkpt lat="68.9929881133139133453369140625" lon="20.45074009336531162261962890625">
        <ele>828.5999755859375</ele>
        <time>2026-08-22T10:22:31.000Z</time>
        <extensions>
          <ns3:TrackPointExtension>
            <ns3:cad>0</ns3:cad>
          </ns3:TrackPointExtension>
        </extensions>
      </trkpt>
      <trkpt lat="68.992998339235782623291015625" lon="20.45079030096530914306640625">
        <ele>829.4000244140625</ele>
        <time>2026-08-22T10:22:35.000Z</time>
        <extensions>
          <ns3:TrackPointExtension>
            <ns3:cad>0</ns3:cad>
          </ns3:TrackPointExtension>
        </extensions>
      </trkpt>
      <trkpt lat="68.99300403892993927001953125" lon="20.45083078555762767791748046875">
        <ele>829.79998779296875</ele>
        <time>2026-08-22T10:22:38.000Z</time>
        <extensions>
          <ns3:TrackPointExtension>
            <ns3:cad>0</ns3:cad>
          </ns3:TrackPointExtension>
        </extensions>
      </trkpt>
      <trkpt lat="68.99301099590957164764404296875" lon="20.45088375918567180633544921875">
        <ele>830.4000244140625</ele>
        <time>2026-08-22T10:22:43.000Z</time>
        <extensions>
          <ns3:TrackPointExtension>
            <ns3:cad>0</ns3:cad>
          </ns3:TrackPointExtension>
        </extensions>
      </trkpt>
      <trkpt lat="68.99301351048052310943603515625" lon="20.45089063234627246856689453125">
        <ele>830.5999755859375</ele>
        <time>2026-08-22T10:22:44.000Z</time>
        <extensions>
          <ns3:TrackPointExtension>
            <ns3:cad>0</ns3:cad>
          </ns3:TrackPointExtension>
        </extensions>
      </trkpt>
      <trkpt lat="68.99303362704813480377197265625" lon="20.45094494707882404327392578125">
        <ele>831.4000244140625</ele>
        <time>2026-08-22T10:22:51.000Z</time>
        <extensions>
          <ns3:TrackPointExtension>
            <ns3:cad>0</ns3:cad>
          </ns3:TrackPointExtension>
        </extensions>
      </trkpt>
      <trkpt lat="68.99303832091391086578369140625" lon="20.4509648121893405914306640625">
        <ele>831.5999755859375</ele>
        <time>2026-08-22T10:22:53.000Z</time>
        <extensions>
          <ns3:TrackPointExtension>
            <ns3:cad>0</ns3:cad>
          </ns3:TrackPointExtension>
        </extensions>
      </trkpt>
      <trkpt lat="68.9930679090321063995361328125" lon="20.45103832148015499114990234375">
        <ele>831.4000244140625</ele>
        <time>2026-08-22T10:23:00.000Z</time>
        <extensions>
          <ns3:TrackPointExtension>
            <ns3:cad>0</ns3:cad>
          </ns3:TrackPointExtension>
        </extensions>
      </trkpt>
      <trkpt lat="68.9930964075028896331787109375" lon="20.4511101543903350830078125">
        <ele>831.79998779296875</ele>
        <time>2026-08-22T10:23:06.000Z</time>
        <extensions>
          <ns3:TrackPointExtension>
            <ns3:cad>0</ns3:cad>
          </ns3:TrackPointExtension>
        </extensions>
      </trkpt>
      <trkpt lat="68.993123732507228851318359375" lon="20.45123395510017871856689453125">
        <ele>832.5999755859375</ele>
        <time>2026-08-22T10:23:12.000Z</time>
        <extensions>
          <ns3:TrackPointExtension>
            <ns3:cad>68</ns3:cad>
          </ns3:TrackPointExtension>
        </extensions>
      </trkpt>
      <trkpt lat="68.99315164424479007720947265625" lon="20.45135096646845340728759765625">
        <ele>833</ele>
        <time>2026-08-22T10:23:18.000Z</time>
        <extensions>
          <ns3:TrackPointExtension>
            <ns3:cad>0</ns3:cad>
          </ns3:TrackPointExtension>
        </extensions>
      </trkpt>
      <trkpt lat="68.99317880161106586456298828125" lon="20.4514794610440731048583984375">
        <ele>833.4000244140625</ele>
        <time>2026-08-22T10:23:25.000Z</time>
        <extensions>
          <ns3:TrackPointExtension>
            <ns3:cad>0</ns3:cad>
          </ns3:TrackPointExtension>
        </extensions>
      </trkpt>
      <trkpt lat="68.993206880986690521240234375" lon="20.4515813849866390228271484375">
        <ele>833.4000244140625</ele>
        <time>2026-08-22T10:23:32.000Z</time>
        <extensions>
          <ns3:TrackPointExtension>
            <ns3:cad>0</ns3:cad>
          </ns3:TrackPointExtension>
        </extensions>
      </trkpt>
      <trkpt lat="68.99323680438101291656494140625" lon="20.45168087817728519439697265625">
        <ele>833.4000244140625</ele>
        <time>2026-08-22T10:23:39.000Z</time>
        <extensions>
          <ns3:TrackPointExtension>
            <ns3:cad>0</ns3:cad>
          </ns3:TrackPointExtension>
        </extensions>
      </trkpt>
      <trkpt lat="68.99326563812792301177978515625" lon="20.45176620595157146453857421875">
        <ele>833.5999755859375</ele>
        <time>2026-08-22T10:23:46.000Z</time>
        <extensions>
          <ns3:TrackPointExtension>
            <ns3:cad>0</ns3:cad>
          </ns3:TrackPointExtension>
        </extensions>
      </trkpt>
      <trkpt lat="68.9932714216411113739013671875" lon="20.45177861116826534271240234375">
        <ele>833.5999755859375</ele>
        <time>2026-08-22T10:23:47.000Z</time>
        <extensions>
          <ns3:TrackPointExtension>
            <ns3:cad>0</ns3:cad>
          </ns3:TrackPointExtension>
        </extensions>
      </trkpt>
      <trkpt lat="68.99330771528184413909912109375" lon="20.4518616758286952972412109375">
        <ele>834</ele>
        <time>2026-08-22T10:23:52.000Z</time>
        <extensions>
          <ns3:TrackPointExtension>
            <ns3:cad>0</ns3:cad>
          </ns3:TrackPointExtension>
        </extensions>
      </trkpt>
      <trkpt lat="68.99334602057933807373046875" lon="20.45194004662334918975830078125">
        <ele>833.79998779296875</ele>
        <time>2026-08-22T10:23:58.000Z</time>
        <extensions>
          <ns3:TrackPointExtension>
            <ns3:cad>0</ns3:cad>
          </ns3:TrackPointExtension>
        </extensions>
      </trkpt>
      <trkpt lat="68.99337845854461193084716796875" lon="20.45204230584204196929931640625">
        <ele>834</ele>
        <time>2026-08-22T10:24:05.000Z</time>
        <extensions>
          <ns3:TrackPointExtension>
            <ns3:cad>77</ns3:cad>
          </ns3:TrackPointExtension>
        </extensions>
      </trkpt>
      <trkpt lat="68.99341039359569549560546875" lon="20.4521355964243412017822265625">
        <ele>834.4000244140625</ele>
        <time>2026-08-22T10:24:11.000Z</time>
        <extensions>
          <ns3:TrackPointExtension>
            <ns3:cad>0</ns3:cad>
          </ns3:TrackPointExtension>
        </extensions>
      </trkpt>
      <trkpt lat="68.993442915380001068115234375" lon="20.45221681706607341766357421875">
        <ele>834.4000244140625</ele>
        <time>2026-08-22T10:24:17.000Z</time>
        <extensions>
          <ns3:TrackPointExtension>
            <ns3:cad>0</ns3:cad>
          </ns3:TrackPointExtension>
        </extensions>
      </trkpt>
      <trkpt lat="68.99345599114894866943359375" lon="20.4522442258894443511962890625">
        <ele>834.5999755859375</ele>
        <time>2026-08-22T10:24:19.000Z</time>
        <extensions>
          <ns3:TrackPointExtension>
            <ns3:cad>0</ns3:cad>
          </ns3:TrackPointExtension>
        </extensions>
      </trkpt>
      <trkpt lat="68.993479125201702117919921875" lon="20.45230616815388202667236328125">
        <ele>835</ele>
        <time>2026-08-22T10:24:24.000Z</time>
        <extensions>
          <ns3:TrackPointExtension>
            <ns3:cad>0</ns3:cad>
          </ns3:TrackPointExtension>
        </extensions>
      </trkpt>
      <trkpt lat="68.9935076236724853515625" lon="20.45237909071147441864013671875">
        <ele>835.79998779296875</ele>
        <time>2026-08-22T10:24:30.000Z</time>
        <extensions>
          <ns3:TrackPointExtension>
            <ns3:cad>0</ns3:cad>
          </ns3:TrackPointExtension>
        </extensions>
      </trkpt>
      <trkpt lat="68.99351189844310283660888671875" lon="20.4523940943181514739990234375">
        <ele>835.79998779296875</ele>
        <time>2026-08-22T10:24:31.000Z</time>
        <extensions>
          <ns3:TrackPointExtension>
            <ns3:cad>0</ns3:cad>
          </ns3:TrackPointExtension>
        </extensions>
      </trkpt>
      <trkpt lat="68.99354718625545501708984375" lon="20.45246089808642864227294921875">
        <ele>836.4000244140625</ele>
        <time>2026-08-22T10:24:37.000Z</time>
        <extensions>
          <ns3:TrackPointExtension>
            <ns3:cad>0</ns3:cad>
          </ns3:TrackPointExtension>
        </extensions>
      </trkpt>
      <trkpt lat="68.99358985014259815216064453125" lon="20.45253952033817768096923828125">
        <ele>836.5999755859375</ele>
        <time>2026-08-22T10:24:44.000Z</time>
        <extensions>
          <ns3:TrackPointExtension>
            <ns3:cad>0</ns3:cad>
          </ns3:TrackPointExtension>
        </extensions>
      </trkpt>
      <trkpt lat="68.99363427422940731048583984375" lon="20.45264965854585170745849609375">
        <ele>836.79998779296875</ele>
        <time>2026-08-22T10:24:52.000Z</time>
        <extensions>
          <ns3:TrackPointExtension>
            <ns3:cad>0</ns3:cad>
          </ns3:TrackPointExtension>
        </extensions>
      </trkpt>
      <trkpt lat="68.9936398901045322418212890625" lon="20.4526636563241481781005859375">
        <ele>836.79998779296875</ele>
        <time>2026-08-22T10:24:53.000Z</time>
        <extensions>
          <ns3:TrackPointExtension>
            <ns3:cad>0</ns3:cad>
          </ns3:TrackPointExtension>
        </extensions>
      </trkpt>
      <trkpt lat="68.99369068443775177001953125" lon="20.4527903907001018524169921875">
        <ele>837.20001220703125</ele>
        <time>2026-08-22T10:25:01.000Z</time>
        <extensions>
          <ns3:TrackPointExtension>
            <ns3:cad>0</ns3:cad>
          </ns3:TrackPointExtension>
        </extensions>
      </trkpt>
      <trkpt lat="68.99372429586946964263916015625" lon="20.452882759273052215576171875">
        <ele>837.79998779296875</ele>
        <time>2026-08-22T10:25:08.000Z</time>
        <extensions>
          <ns3:TrackPointExtension>
            <ns3:cad>0</ns3:cad>
          </ns3:TrackPointExtension>
        </extensions>
      </trkpt>
      <trkpt lat="68.99376402609050273895263671875" lon="20.452955178916454315185546875">
        <ele>838.4000244140625</ele>
        <time>2026-08-22T10:25:15.000Z</time>
        <extensions>
          <ns3:TrackPointExtension>
            <ns3:cad>0</ns3:cad>
          </ns3:TrackPointExtension>
        </extensions>
      </trkpt>
      <trkpt lat="68.99379260838031768798828125" lon="20.453014858067035675048828125">
        <ele>838.79998779296875</ele>
        <time>2026-08-22T10:25:20.000Z</time>
        <extensions>
          <ns3:TrackPointExtension>
            <ns3:cad>0</ns3:cad>
          </ns3:TrackPointExtension>
        </extensions>
      </trkpt>
      <trkpt lat="68.9938031695783138275146484375" lon="20.4530381597578525543212890625">
        <ele>838.79998779296875</ele>
        <time>2026-08-22T10:25:22.000Z</time>
        <extensions>
          <ns3:TrackPointExtension>
            <ns3:cad>0</ns3:cad>
          </ns3:TrackPointExtension>
        </extensions>
      </trkpt>
      <trkpt lat="68.993811048567295074462890625" lon="20.45305316336452960968017578125">
        <ele>838.79998779296875</ele>
        <time>2026-08-22T10:25:23.000Z</time>
        <extensions>
          <ns3:TrackPointExtension>
            <ns3:cad>0</ns3:cad>
          </ns3:TrackPointExtension>
        </extensions>
      </trkpt>
      <trkpt lat="68.99382772855460643768310546875" lon="20.45308467932045459747314453125">
        <ele>839</ele>
        <time>2026-08-22T10:25:25.000Z</time>
        <extensions>
          <ns3:TrackPointExtension>
            <ns3:cad>0</ns3:cad>
          </ns3:TrackPointExtension>
        </extensions>
      </trkpt>
      <trkpt lat="68.99386997334659099578857421875" lon="20.45321929268538951873779296875">
        <ele>839.20001220703125</ele>
        <time>2026-08-22T10:25:32.000Z</time>
        <extensions>
          <ns3:TrackPointExtension>
            <ns3:cad>0</ns3:cad>
          </ns3:TrackPointExtension>
        </extensions>
      </trkpt>
      <trkpt lat="68.9938762597739696502685546875" lon="20.45323647558689117431640625">
        <ele>839.20001220703125</ele>
        <time>2026-08-22T10:25:33.000Z</time>
        <extensions>
          <ns3:TrackPointExtension>
            <ns3:cad>0</ns3:cad>
          </ns3:TrackPointExtension>
        </extensions>
      </trkpt>
      <trkpt lat="68.9938831329345703125" lon="20.453305877745151519775390625">
        <ele>839.79998779296875</ele>
        <time>2026-08-22T10:25:37.000Z</time>
        <extensions>
          <ns3:TrackPointExtension>
            <ns3:cad>0</ns3:cad>
          </ns3:TrackPointExtension>
        </extensions>
      </trkpt>
      <trkpt lat="68.99388707242906093597412109375" lon="20.453321970999240875244140625">
        <ele>839.79998779296875</ele>
        <time>2026-08-22T10:25:38.000Z</time>
        <extensions>
          <ns3:TrackPointExtension>
            <ns3:cad>0</ns3:cad>
          </ns3:TrackPointExtension>
        </extensions>
      </trkpt>
      <trkpt lat="68.99391205050051212310791015625" lon="20.4534297622740268707275390625">
        <ele>840.4000244140625</ele>
        <time>2026-08-22T10:25:45.000Z</time>
        <extensions>
          <ns3:TrackPointExtension>
            <ns3:cad>0</ns3:cad>
          </ns3:TrackPointExtension>
        </extensions>
      </trkpt>
      <trkpt lat="68.9939470030367374420166015625" lon="20.4535370506346225738525390625">
        <ele>840.79998779296875</ele>
        <time>2026-08-22T10:25:52.000Z</time>
        <extensions>
          <ns3:TrackPointExtension>
            <ns3:cad>0</ns3:cad>
          </ns3:TrackPointExtension>
        </extensions>
      </trkpt>
      <trkpt lat="68.99395597167313098907470703125" lon="20.45356999151408672332763671875">
        <ele>841</ele>
        <time>2026-08-22T10:25:54.000Z</time>
        <extensions>
          <ns3:TrackPointExtension>
            <ns3:cad>0</ns3:cad>
          </ns3:TrackPointExtension>
        </extensions>
      </trkpt>
      <trkpt lat="68.9939610846340656280517578125" lon="20.45359681360423564910888671875">
        <ele>841.20001220703125</ele>
        <time>2026-08-22T10:25:56.000Z</time>
        <extensions>
          <ns3:TrackPointExtension>
            <ns3:cad>0</ns3:cad>
          </ns3:TrackPointExtension>
        </extensions>
      </trkpt>
      <trkpt lat="68.9939604140818119049072265625" lon="20.45362983830273151397705078125">
        <ele>841.4000244140625</ele>
        <time>2026-08-22T10:25:58.000Z</time>
        <extensions>
          <ns3:TrackPointExtension>
            <ns3:cad>65</ns3:cad>
          </ns3:TrackPointExtension>
        </extensions>
      </trkpt>
      <trkpt lat="68.9939641021192073822021484375" lon="20.453734695911407470703125">
        <ele>842</ele>
        <time>2026-08-22T10:26:04.000Z</time>
        <extensions>
          <ns3:TrackPointExtension>
            <ns3:cad>0</ns3:cad>
          </ns3:TrackPointExtension>
        </extensions>
      </trkpt>
      <trkpt lat="68.993977010250091552734375" lon="20.4538314230740070343017578125">
        <ele>842.79998779296875</ele>
        <time>2026-08-22T10:26:11.000Z</time>
        <extensions>
          <ns3:TrackPointExtension>
            <ns3:cad>0</ns3:cad>
          </ns3:TrackPointExtension>
        </extensions>
      </trkpt>
      <trkpt lat="68.99396452121436595916748046875" lon="20.45395120047032833099365234375">
        <ele>843</ele>
        <time>2026-08-22T10:26:18.000Z</time>
        <extensions>
          <ns3:TrackPointExtension>
            <ns3:cad>0</ns3:cad>
          </ns3:TrackPointExtension>
        </extensions>
      </trkpt>
      <trkpt lat="68.9939627610146999359130859375" lon="20.453961677849292755126953125">
        <ele>843.20001220703125</ele>
        <time>2026-08-22T10:26:19.000Z</time>
        <extensions>
          <ns3:TrackPointExtension>
            <ns3:cad>0</ns3:cad>
          </ns3:TrackPointExtension>
        </extensions>
      </trkpt>
      <trkpt lat="68.9939677901566028594970703125" lon="20.45398020185530185699462890625">
        <ele>843.20001220703125</ele>
        <time>2026-08-22T10:26:23.000Z</time>
        <extensions>
          <ns3:TrackPointExtension>
            <ns3:cad>0</ns3:cad>
          </ns3:TrackPointExtension>
        </extensions>
      </trkpt>
      <trkpt lat="68.99396820925176143646240234375" lon="20.454066954553127288818359375">
        <ele>843.5999755859375</ele>
        <time>2026-08-22T10:26:30.000Z</time>
        <extensions>
          <ns3:TrackPointExtension>
            <ns3:cad>0</ns3:cad>
          </ns3:TrackPointExtension>
        </extensions>
      </trkpt>
      <trkpt lat="68.99398681707680225372314453125" lon="20.45416443608701229095458984375">
        <ele>843.5999755859375</ele>
        <time>2026-08-22T10:26:35.000Z</time>
        <extensions>
          <ns3:TrackPointExtension>
            <ns3:cad>0</ns3:cad>
          </ns3:TrackPointExtension>
        </extensions>
      </trkpt>
      <trkpt lat="68.99398975074291229248046875" lon="20.45433911494910717010498046875">
        <ele>843.79998779296875</ele>
        <time>2026-08-22T10:26:42.000Z</time>
        <extensions>
          <ns3:TrackPointExtension>
            <ns3:cad>0</ns3:cad>
          </ns3:TrackPointExtension>
        </extensions>
      </trkpt>
      <trkpt lat="68.9939785189926624298095703125" lon="20.45441673137247562408447265625">
        <ele>844</ele>
        <time>2026-08-22T10:26:50.000Z</time>
        <extensions>
          <ns3:TrackPointExtension>
            <ns3:cad>0</ns3:cad>
          </ns3:TrackPointExtension>
        </extensions>
      </trkpt>
      <trkpt lat="68.9939805306494235992431640625" lon="20.45441824011504650115966796875">
        <ele>844.20001220703125</ele>
        <time>2026-08-22T10:26:55.000Z</time>
        <extensions>
          <ns3:TrackPointExtension>
            <ns3:cad>0</ns3:cad>
          </ns3:TrackPointExtension>
        </extensions>
      </trkpt>
      <trkpt lat="68.9939852245151996612548828125" lon="20.454458557069301605224609375">
        <ele>844</ele>
        <time>2026-08-22T10:26:58.000Z</time>
        <extensions>
          <ns3:TrackPointExtension>
            <ns3:cad>0</ns3:cad>
          </ns3:TrackPointExtension>
        </extensions>
      </trkpt>
      <trkpt lat="68.993987403810024261474609375" lon="20.4545891471207141876220703125">
        <ele>843.79998779296875</ele>
        <time>2026-08-22T10:27:05.000Z</time>
        <extensions>
          <ns3:TrackPointExtension>
            <ns3:cad>0</ns3:cad>
          </ns3:TrackPointExtension>
        </extensions>
      </trkpt>
      <trkpt lat="68.99398312903940677642822265625" lon="20.45471043325960636138916015625">
        <ele>844.20001220703125</ele>
        <time>2026-08-22T10:27:12.000Z</time>
        <extensions>
          <ns3:TrackPointExtension>
            <ns3:cad>0</ns3:cad>
          </ns3:TrackPointExtension>
        </extensions>
      </trkpt>
      <trkpt lat="68.99398195557296276092529296875" lon="20.45480783097445964813232421875">
        <ele>844.4000244140625</ele>
        <time>2026-08-22T10:27:18.000Z</time>
        <extensions>
          <ns3:TrackPointExtension>
            <ns3:cad>0</ns3:cad>
          </ns3:TrackPointExtension>
        </extensions>
      </trkpt>
      <trkpt lat="68.99398648180067539215087890625" lon="20.454863570630550384521484375">
        <ele>844.79998779296875</ele>
        <time>2026-08-22T10:27:24.000Z</time>
        <extensions>
          <ns3:TrackPointExtension>
            <ns3:cad>0</ns3:cad>
          </ns3:TrackPointExtension>
        </extensions>
      </trkpt>
      <trkpt lat="68.9939785189926624298095703125" lon="20.45491151511669158935546875">
        <ele>844.79998779296875</ele>
        <time>2026-08-22T10:27:29.000Z</time>
        <extensions>
          <ns3:TrackPointExtension>
            <ns3:cad>0</ns3:cad>
          </ns3:TrackPointExtension>
        </extensions>
      </trkpt>
      <trkpt lat="68.99397340603172779083251953125" lon="20.45506431721150875091552734375">
        <ele>845</ele>
        <time>2026-08-22T10:27:36.000Z</time>
        <extensions>
          <ns3:TrackPointExtension>
            <ns3:cad>0</ns3:cad>
          </ns3:TrackPointExtension>
        </extensions>
      </trkpt>
      <trkpt lat="68.99397122673690319061279296875" lon="20.45513279736042022705078125">
        <ele>845.20001220703125</ele>
        <time>2026-08-22T10:27:39.000Z</time>
        <extensions>
          <ns3:TrackPointExtension>
            <ns3:cad>0</ns3:cad>
          </ns3:TrackPointExtension>
        </extensions>
      </trkpt>
      <trkpt lat="68.993965946137905120849609375" lon="20.45517437160015106201171875">
        <ele>845.4000244140625</ele>
        <time>2026-08-22T10:27:43.000Z</time>
        <extensions>
          <ns3:TrackPointExtension>
            <ns3:cad>0</ns3:cad>
          </ns3:TrackPointExtension>
        </extensions>
      </trkpt>
      <trkpt lat="68.9939630962908267974853515625" lon="20.45525307767093181610107421875">
        <ele>845.20001220703125</ele>
        <time>2026-08-22T10:27:49.000Z</time>
        <extensions>
          <ns3:TrackPointExtension>
            <ns3:cad>0</ns3:cad>
          </ns3:TrackPointExtension>
        </extensions>
      </trkpt>
      <trkpt lat="68.99396250955760478973388671875" lon="20.455349721014499664306640625">
        <ele>845</ele>
        <time>2026-08-22T10:27:55.000Z</time>
        <extensions>
          <ns3:TrackPointExtension>
            <ns3:cad>0</ns3:cad>
          </ns3:TrackPointExtension>
        </extensions>
      </trkpt>
      <trkpt lat="68.99396670050919055938720703125" lon="20.455459691584110260009765625">
        <ele>844.79998779296875</ele>
        <time>2026-08-22T10:28:00.000Z</time>
        <extensions>
          <ns3:TrackPointExtension>
            <ns3:cad>0</ns3:cad>
          </ns3:TrackPointExtension>
        </extensions>
      </trkpt>
      <trkpt lat="68.993955217301845550537109375" lon="20.4556154273450374603271484375">
        <ele>844.5999755859375</ele>
        <time>2026-08-22T10:28:08.000Z</time>
        <extensions>
          <ns3:TrackPointExtension>
            <ns3:cad>0</ns3:cad>
          </ns3:TrackPointExtension>
        </extensions>
      </trkpt>
      <trkpt lat="68.99392160587012767791748046875" lon="20.45571156777441501617431640625">
        <ele>844.79998779296875</ele>
        <time>2026-08-22T10:28:15.000Z</time>
        <extensions>
          <ns3:TrackPointExtension>
            <ns3:cad>0</ns3:cad>
          </ns3:TrackPointExtension>
        </extensions>
      </trkpt>
      <trkpt lat="68.99391598999500274658203125" lon="20.45581751503050327301025390625">
        <ele>844.79998779296875</ele>
        <time>2026-08-22T10:28:20.000Z</time>
        <extensions>
          <ns3:TrackPointExtension>
            <ns3:cad>0</ns3:cad>
          </ns3:TrackPointExtension>
        </extensions>
      </trkpt>
      <trkpt lat="68.99390702135860919952392578125" lon="20.45588289387524127960205078125">
        <ele>844.79998779296875</ele>
        <time>2026-08-22T10:28:25.000Z</time>
        <extensions>
          <ns3:TrackPointExtension>
            <ns3:cad>0</ns3:cad>
          </ns3:TrackPointExtension>
        </extensions>
      </trkpt>
      <trkpt lat="68.9939439855515956878662109375" lon="20.4559208638966083526611328125">
        <ele>844.5999755859375</ele>
        <time>2026-08-22T10:28:31.000Z</time>
        <extensions>
          <ns3:TrackPointExtension>
            <ns3:cad>0</ns3:cad>
          </ns3:TrackPointExtension>
        </extensions>
      </trkpt>
      <trkpt lat="68.9939671196043491363525390625" lon="20.455994792282581329345703125">
        <ele>844.20001220703125</ele>
        <time>2026-08-22T10:28:36.000Z</time>
        <extensions>
          <ns3:TrackPointExtension>
            <ns3:cad>0</ns3:cad>
          </ns3:TrackPointExtension>
        </extensions>
      </trkpt>
      <trkpt lat="68.9939681254327297210693359375" lon="20.45600845478475093841552734375">
        <ele>844</ele>
        <time>2026-08-22T10:28:37.000Z</time>
        <extensions>
          <ns3:TrackPointExtension>
            <ns3:cad>0</ns3:cad>
          </ns3:TrackPointExtension>
        </extensions>
      </trkpt>
      <trkpt lat="68.99397709406912326812744140625" lon="20.45608892105519771575927734375">
        <ele>844</ele>
        <time>2026-08-22T10:28:43.000Z</time>
        <extensions>
          <ns3:TrackPointExtension>
            <ns3:cad>0</ns3:cad>
          </ns3:TrackPointExtension>
        </extensions>
      </trkpt>
      <trkpt lat="68.9939865656197071075439453125" lon="20.456132926046848297119140625">
        <ele>843.5999755859375</ele>
        <time>2026-08-22T10:28:50.000Z</time>
        <extensions>
          <ns3:TrackPointExtension>
            <ns3:cad>0</ns3:cad>
          </ns3:TrackPointExtension>
        </extensions>
      </trkpt>
      <trkpt lat="68.99400676600635051727294921875" lon="20.4562236182391643524169921875">
        <ele>843</ele>
        <time>2026-08-22T10:28:56.000Z</time>
        <extensions>
          <ns3:TrackPointExtension>
            <ns3:cad>0</ns3:cad>
          </ns3:TrackPointExtension>
        </extensions>
      </trkpt>
      <trkpt lat="68.99401078931987285614013671875" lon="20.45623208396136760711669921875">
        <ele>843</ele>
        <time>2026-08-22T10:28:57.000Z</time>
        <extensions>
          <ns3:TrackPointExtension>
            <ns3:cad>0</ns3:cad>
          </ns3:TrackPointExtension>
        </extensions>
      </trkpt>
      <trkpt lat="68.9940123818814754486083984375" lon="20.45625773258507251739501953125">
        <ele>842.4000244140625</ele>
        <time>2026-08-22T10:29:02.000Z</time>
        <extensions>
          <ns3:TrackPointExtension>
            <ns3:cad>0</ns3:cad>
          </ns3:TrackPointExtension>
        </extensions>
      </trkpt>
      <trkpt lat="68.99401724338531494140625" lon="20.4562581516802310943603515625">
        <ele>842.20001220703125</ele>
        <time>2026-08-22T10:29:07.000Z</time>
        <extensions>
          <ns3:TrackPointExtension>
            <ns3:cad>0</ns3:cad>
          </ns3:TrackPointExtension>
        </extensions>
      </trkpt>
      <trkpt lat="68.99402788840234279632568359375" lon="20.4562782682478427886962890625">
        <ele>842</ele>
        <time>2026-08-22T10:29:09.000Z</time>
        <extensions>
          <ns3:TrackPointExtension>
            <ns3:cad>0</ns3:cad>
          </ns3:TrackPointExtension>
        </extensions>
      </trkpt>
      <trkpt lat="68.9940415509045124053955078125" lon="20.456269048154354095458984375">
        <ele>841.5999755859375</ele>
        <time>2026-08-22T10:29:13.000Z</time>
        <extensions>
          <ns3:TrackPointExtension>
            <ns3:cad>0</ns3:cad>
          </ns3:TrackPointExtension>
        </extensions>
      </trkpt>
      <trkpt lat="68.9940482564270496368408203125" lon="20.45628103427588939666748046875">
        <ele>841.5999755859375</ele>
        <time>2026-08-22T10:29:19.000Z</time>
        <extensions>
          <ns3:TrackPointExtension>
            <ns3:cad>0</ns3:cad>
          </ns3:TrackPointExtension>
        </extensions>
      </trkpt>
      <trkpt lat="68.99404817260801792144775390625" lon="20.4562836326658725738525390625">
        <ele>841.5999755859375</ele>
        <time>2026-08-22T10:29:20.000Z</time>
        <extensions>
          <ns3:TrackPointExtension>
            <ns3:cad>0</ns3:cad>
          </ns3:TrackPointExtension>
        </extensions>
      </trkpt>
      <trkpt lat="68.9940507709980010986328125" lon="20.45630483888089656829833984375">
        <ele>841</ele>
        <time>2026-08-22T10:44:32.000Z</time>
        <extensions>
          <ns3:TrackPointExtension>
            <ns3:cad>0</ns3:cad>
          </ns3:TrackPointExtension>
        </extensions>
      </trkpt>
      <trkpt lat="68.9940636791288852691650390625" lon="20.45629830099642276763916015625">
        <ele>840.79998779296875</ele>
        <time>2026-08-22T10:44:36.000Z</time>
        <extensions>
          <ns3:TrackPointExtension>
            <ns3:cad>0</ns3:cad>
          </ns3:TrackPointExtension>
        </extensions>
      </trkpt>
      <trkpt lat="68.99408957920968532562255859375" lon="20.4563114605844020843505859375">
        <ele>840.5999755859375</ele>
        <time>2026-08-22T10:44:44.000Z</time>
        <extensions>
          <ns3:TrackPointExtension>
            <ns3:cad>0</ns3:cad>
          </ns3:TrackPointExtension>
        </extensions>
      </trkpt>
      <trkpt lat="68.9941179938614368438720703125" lon="20.45629243366420269012451171875">
        <ele>840.20001220703125</ele>
        <time>2026-08-22T10:44:48.000Z</time>
        <extensions>
          <ns3:TrackPointExtension>
            <ns3:cad>0</ns3:cad>
          </ns3:TrackPointExtension>
        </extensions>
      </trkpt>
      <trkpt lat="68.99416971020400524139404296875" lon="20.45625505037605762481689453125">
        <ele>840</ele>
        <time>2026-08-22T10:44:55.000Z</time>
        <extensions>
          <ns3:TrackPointExtension>
            <ns3:cad>0</ns3:cad>
          </ns3:TrackPointExtension>
        </extensions>
      </trkpt>
      <trkpt lat="68.99417390115559101104736328125" lon="20.4562407173216342926025390625">
        <ele>839.79998779296875</ele>
        <time>2026-08-22T10:44:56.000Z</time>
        <extensions>
          <ns3:TrackPointExtension>
            <ns3:cad>0</ns3:cad>
          </ns3:TrackPointExtension>
        </extensions>
      </trkpt>
      <trkpt lat="68.99420340545475482940673828125" lon="20.45623359270393848419189453125">
        <ele>839.79998779296875</ele>
        <time>2026-08-22T10:45:01.000Z</time>
        <extensions>
          <ns3:TrackPointExtension>
            <ns3:cad>0</ns3:cad>
          </ns3:TrackPointExtension>
        </extensions>
      </trkpt>
      <trkpt lat="68.99425269104540348052978515625" lon="20.4562420584261417388916015625">
        <ele>839.20001220703125</ele>
        <time>2026-08-22T10:45:07.000Z</time>
        <extensions>
          <ns3:TrackPointExtension>
            <ns3:cad>0</ns3:cad>
          </ns3:TrackPointExtension>
        </extensions>
      </trkpt>
      <trkpt lat="68.99427984841167926788330078125" lon="20.45623979531228542327880859375">
        <ele>838.79998779296875</ele>
        <time>2026-08-22T10:45:11.000Z</time>
        <extensions>
          <ns3:TrackPointExtension>
            <ns3:cad>0</ns3:cad>
          </ns3:TrackPointExtension>
        </extensions>
      </trkpt>
      <trkpt lat="68.99430834688246250152587890625" lon="20.45624457299709320068359375">
        <ele>838.5999755859375</ele>
        <time>2026-08-22T10:45:15.000Z</time>
        <extensions>
          <ns3:TrackPointExtension>
            <ns3:cad>0</ns3:cad>
          </ns3:TrackPointExtension>
        </extensions>
      </trkpt>
      <trkpt lat="68.9943429641425609588623046875" lon="20.456256307661533355712890625">
        <ele>838.4000244140625</ele>
        <time>2026-08-22T10:45:20.000Z</time>
        <extensions>
          <ns3:TrackPointExtension>
            <ns3:cad>0</ns3:cad>
          </ns3:TrackPointExtension>
        </extensions>
      </trkpt>
      <trkpt lat="68.9943848736584186553955078125" lon="20.4562889970839023590087890625">
        <ele>838.20001220703125</ele>
        <time>2026-08-22T10:45:25.000Z</time>
        <extensions>
          <ns3:TrackPointExtension>
            <ns3:cad>0</ns3:cad>
          </ns3:TrackPointExtension>
        </extensions>
      </trkpt>
      <trkpt lat="68.99440281093120574951171875" lon="20.4563218541443347930908203125">
        <ele>837.79998779296875</ele>
        <time>2026-08-22T10:45:28.000Z</time>
        <extensions>
          <ns3:TrackPointExtension>
            <ns3:cad>0</ns3:cad>
          </ns3:TrackPointExtension>
        </extensions>
      </trkpt>
      <trkpt lat="68.9944247715175151824951171875" lon="20.45634674839675426483154296875">
        <ele>837.4000244140625</ele>
        <time>2026-08-22T10:45:31.000Z</time>
        <extensions>
          <ns3:TrackPointExtension>
            <ns3:cad>0</ns3:cad>
          </ns3:TrackPointExtension>
        </extensions>
      </trkpt>
      <trkpt lat="68.99445218034088611602783203125" lon="20.45639066956937313079833984375">
        <ele>836.79998779296875</ele>
        <time>2026-08-22T10:45:35.000Z</time>
        <extensions>
          <ns3:TrackPointExtension>
            <ns3:cad>0</ns3:cad>
          </ns3:TrackPointExtension>
        </extensions>
      </trkpt>
      <trkpt lat="68.99445804767310619354248046875" lon="20.4563972912728786468505859375">
        <ele>836.5999755859375</ele>
        <time>2026-08-22T10:45:36.000Z</time>
        <extensions>
          <ns3:TrackPointExtension>
            <ns3:cad>0</ns3:cad>
          </ns3:TrackPointExtension>
        </extensions>
      </trkpt>
      <trkpt lat="68.9944772422313690185546875" lon="20.45643274672329425811767578125">
        <ele>836</ele>
        <time>2026-08-22T10:45:40.000Z</time>
        <extensions>
          <ns3:TrackPointExtension>
            <ns3:cad>0</ns3:cad>
          </ns3:TrackPointExtension>
        </extensions>
      </trkpt>
      <trkpt lat="68.9944921620190143585205078125" lon="20.45645588077604770660400390625">
        <ele>835.5999755859375</ele>
        <time>2026-08-22T10:45:44.000Z</time>
        <extensions>
          <ns3:TrackPointExtension>
            <ns3:cad>0</ns3:cad>
          </ns3:TrackPointExtension>
        </extensions>
      </trkpt>
      <trkpt lat="68.99449911899864673614501953125" lon="20.4564660228788852691650390625">
        <ele>835.20001220703125</ele>
        <time>2026-08-22T10:45:46.000Z</time>
        <extensions>
          <ns3:TrackPointExtension>
            <ns3:cad>0</ns3:cad>
          </ns3:TrackPointExtension>
        </extensions>
      </trkpt>
      <trkpt lat="68.99452409707009792327880859375" lon="20.45649242587387561798095703125">
        <ele>834.5999755859375</ele>
        <time>2026-08-22T10:45:50.000Z</time>
        <extensions>
          <ns3:TrackPointExtension>
            <ns3:cad>0</ns3:cad>
          </ns3:TrackPointExtension>
        </extensions>
      </trkpt>
      <trkpt lat="68.9945308864116668701171875" lon="20.45649561099708080291748046875">
        <ele>834.4000244140625</ele>
        <time>2026-08-22T10:45:51.000Z</time>
        <extensions>
          <ns3:TrackPointExtension>
            <ns3:cad>0</ns3:cad>
          </ns3:TrackPointExtension>
        </extensions>
      </trkpt>
      <trkpt lat="68.99455829523503780364990234375" lon="20.4565200023353099822998046875">
        <ele>833.5999755859375</ele>
        <time>2026-08-22T10:45:57.000Z</time>
        <extensions>
          <ns3:TrackPointExtension>
            <ns3:cad>0</ns3:cad>
          </ns3:TrackPointExtension>
        </extensions>
      </trkpt>
      <trkpt lat="68.99456365965306758880615234375" lon="20.4565233550965785980224609375">
        <ele>833.4000244140625</ele>
        <time>2026-08-22T10:45:58.000Z</time>
        <extensions>
          <ns3:TrackPointExtension>
            <ns3:cad>0</ns3:cad>
          </ns3:TrackPointExtension>
        </extensions>
      </trkpt>
      <trkpt lat="68.99459995329380035400390625" lon="20.45653869397938251495361328125">
        <ele>833</ele>
        <time>2026-08-22T10:46:04.000Z</time>
        <extensions>
          <ns3:TrackPointExtension>
            <ns3:cad>0</ns3:cad>
          </ns3:TrackPointExtension>
        </extensions>
      </trkpt>
      <trkpt lat="68.99462250061333179473876953125" lon="20.45657020993530750274658203125">
        <ele>832.4000244140625</ele>
        <time>2026-08-22T10:46:08.000Z</time>
        <extensions>
          <ns3:TrackPointExtension>
            <ns3:cad>67</ns3:cad>
          </ns3:TrackPointExtension>
        </extensions>
      </trkpt>
      <trkpt lat="68.99463213980197906494140625" lon="20.45660608448088169097900390625">
        <ele>832</ele>
        <time>2026-08-22T10:46:10.000Z</time>
        <extensions>
          <ns3:TrackPointExtension>
            <ns3:cad>0</ns3:cad>
          </ns3:TrackPointExtension>
        </extensions>
      </trkpt>
      <trkpt lat="68.99464513175189495086669921875" lon="20.45669979415833950042724609375">
        <ele>831.5999755859375</ele>
        <time>2026-08-22T10:46:15.000Z</time>
        <extensions>
          <ns3:TrackPointExtension>
            <ns3:cad>0</ns3:cad>
          </ns3:TrackPointExtension>
        </extensions>
      </trkpt>
      <trkpt lat="68.9946668408811092376708984375" lon="20.4567486606538295745849609375">
        <ele>831.20001220703125</ele>
        <time>2026-08-22T10:46:19.000Z</time>
        <extensions>
          <ns3:TrackPointExtension>
            <ns3:cad>0</ns3:cad>
          </ns3:TrackPointExtension>
        </extensions>
      </trkpt>
      <trkpt lat="68.9946945011615753173828125" lon="20.456832312047481536865234375">
        <ele>831.20001220703125</ele>
        <time>2026-08-22T10:46:26.000Z</time>
        <extensions>
          <ns3:TrackPointExtension>
            <ns3:cad>0</ns3:cad>
          </ns3:TrackPointExtension>
        </extensions>
      </trkpt>
      <trkpt lat="68.9947372488677501678466796875" lon="20.456918142735958099365234375">
        <ele>831.20001220703125</ele>
        <time>2026-08-22T10:46:33.000Z</time>
        <extensions>
          <ns3:TrackPointExtension>
            <ns3:cad>0</ns3:cad>
          </ns3:TrackPointExtension>
        </extensions>
      </trkpt>
      <trkpt lat="68.99477739818394184112548828125" lon="20.45704294927418231964111328125">
        <ele>831</ele>
        <time>2026-08-22T10:46:40.000Z</time>
        <extensions>
          <ns3:TrackPointExtension>
            <ns3:cad>0</ns3:cad>
          </ns3:TrackPointExtension>
        </extensions>
      </trkpt>
      <trkpt lat="68.99480707012116909027099609375" lon="20.4571845196187496185302734375">
        <ele>831</ele>
        <time>2026-08-22T10:46:47.000Z</time>
        <extensions>
          <ns3:TrackPointExtension>
            <ns3:cad>0</ns3:cad>
          </ns3:TrackPointExtension>
        </extensions>
      </trkpt>
      <trkpt lat="68.99484747089445590972900390625" lon="20.457245372235774993896484375">
        <ele>830.79998779296875</ele>
        <time>2026-08-22T10:46:53.000Z</time>
        <extensions>
          <ns3:TrackPointExtension>
            <ns3:cad>0</ns3:cad>
          </ns3:TrackPointExtension>
        </extensions>
      </trkpt>
      <trkpt lat="68.99490564130246639251708984375" lon="20.457315780222415924072265625">
        <ele>831</ele>
        <time>2026-08-22T10:47:00.000Z</time>
        <extensions>
          <ns3:TrackPointExtension>
            <ns3:cad>78</ns3:cad>
          </ns3:TrackPointExtension>
        </extensions>
      </trkpt>
      <trkpt lat="68.9949296973645687103271484375" lon="20.45736682601273059844970703125">
        <ele>831</ele>
        <time>2026-08-22T10:47:06.000Z</time>
        <extensions>
          <ns3:TrackPointExtension>
            <ns3:cad>79</ns3:cad>
          </ns3:TrackPointExtension>
        </extensions>
      </trkpt>
      <trkpt lat="68.99494864046573638916015625" lon="20.457455255091190338134765625">
        <ele>830.4000244140625</ele>
        <time>2026-08-22T10:47:12.000Z</time>
        <extensions>
          <ns3:TrackPointExtension>
            <ns3:cad>0</ns3:cad>
          </ns3:TrackPointExtension>
        </extensions>
      </trkpt>
      <trkpt lat="68.99496112950146198272705078125" lon="20.45749993063509464263916015625">
        <ele>830.20001220703125</ele>
        <time>2026-08-22T10:47:15.000Z</time>
        <extensions>
          <ns3:TrackPointExtension>
            <ns3:cad>0</ns3:cad>
          </ns3:TrackPointExtension>
        </extensions>
      </trkpt>
      <trkpt lat="68.994974792003631591796875" lon="20.457564890384674072265625">
        <ele>830.20001220703125</ele>
        <time>2026-08-22T10:47:18.000Z</time>
        <extensions>
          <ns3:TrackPointExtension>
            <ns3:cad>0</ns3:cad>
          </ns3:TrackPointExtension>
        </extensions>
      </trkpt>
      <trkpt lat="68.99497680366039276123046875" lon="20.45767444185912609100341796875">
        <ele>830.20001220703125</ele>
        <time>2026-08-22T10:47:22.000Z</time>
        <extensions>
          <ns3:TrackPointExtension>
            <ns3:cad>0</ns3:cad>
          </ns3:TrackPointExtension>
        </extensions>
      </trkpt>
      <trkpt lat="68.9949907176196575164794921875" lon="20.45780134387314319610595703125">
        <ele>830</ele>
        <time>2026-08-22T10:47:28.000Z</time>
        <extensions>
          <ns3:TrackPointExtension>
            <ns3:cad>0</ns3:cad>
          </ns3:TrackPointExtension>
        </extensions>
      </trkpt>
      <trkpt lat="68.995005302131175994873046875" lon="20.45791449956595897674560546875">
        <ele>829.5999755859375</ele>
        <time>2026-08-22T10:47:34.000Z</time>
        <extensions>
          <ns3:TrackPointExtension>
            <ns3:cad>0</ns3:cad>
          </ns3:TrackPointExtension>
        </extensions>
      </trkpt>
      <trkpt lat="68.99501946754753589630126953125" lon="20.45797686092555522918701171875">
        <ele>829.4000244140625</ele>
        <time>2026-08-22T10:47:37.000Z</time>
        <extensions>
          <ns3:TrackPointExtension>
            <ns3:cad>0</ns3:cad>
          </ns3:TrackPointExtension>
        </extensions>
      </trkpt>
      <trkpt lat="68.995026089251041412353515625" lon="20.45800116844475269317626953125">
        <ele>829.20001220703125</ele>
        <time>2026-08-22T10:47:38.000Z</time>
        <extensions>
          <ns3:TrackPointExtension>
            <ns3:cad>0</ns3:cad>
          </ns3:TrackPointExtension>
        </extensions>
      </trkpt>
      <trkpt lat="68.99504922330379486083984375" lon="20.4580760188400745391845703125">
        <ele>828.79998779296875</ele>
        <time>2026-08-22T10:47:41.000Z</time>
        <extensions>
          <ns3:TrackPointExtension>
            <ns3:cad>43</ns3:cad>
          </ns3:TrackPointExtension>
        </extensions>
      </trkpt>
      <trkpt lat="68.9950765483081340789794921875" lon="20.45821524225175380706787109375">
        <ele>828.5999755859375</ele>
        <time>2026-08-22T10:47:47.000Z</time>
        <extensions>
          <ns3:TrackPointExtension>
            <ns3:cad>0</ns3:cad>
          </ns3:TrackPointExtension>
        </extensions>
      </trkpt>
      <trkpt lat="68.9950953237712383270263671875" lon="20.45834650285542011260986328125">
        <ele>828.20001220703125</ele>
        <time>2026-08-22T10:47:53.000Z</time>
        <extensions>
          <ns3:TrackPointExtension>
            <ns3:cad>0</ns3:cad>
          </ns3:TrackPointExtension>
        </extensions>
      </trkpt>
      <trkpt lat="68.9951003529131412506103515625" lon="20.45839302241802215576171875">
        <ele>828.20001220703125</ele>
        <time>2026-08-22T10:47:55.000Z</time>
        <extensions>
          <ns3:TrackPointExtension>
            <ns3:cad>42</ns3:cad>
          </ns3:TrackPointExtension>
        </extensions>
      </trkpt>
      <trkpt lat="68.99510278366506099700927734375" lon="20.45841741375625133514404296875">
        <ele>828</ele>
        <time>2026-08-22T10:47:56.000Z</time>
        <extensions>
          <ns3:TrackPointExtension>
            <ns3:cad>42</ns3:cad>
          </ns3:TrackPointExtension>
        </extensions>
      </trkpt>
      <trkpt lat="68.99510546587407588958740234375" lon="20.45845697633922100067138671875">
        <ele>828</ele>
        <time>2026-08-22T10:47:58.000Z</time>
        <extensions>
          <ns3:TrackPointExtension>
            <ns3:cad>0</ns3:cad>
          </ns3:TrackPointExtension>
        </extensions>
      </trkpt>
      <trkpt lat="68.99512072093784809112548828125" lon="20.4585695452988147735595703125">
        <ele>827.20001220703125</ele>
        <time>2026-08-22T10:48:04.000Z</time>
        <extensions>
          <ns3:TrackPointExtension>
            <ns3:cad>0</ns3:cad>
          </ns3:TrackPointExtension>
        </extensions>
      </trkpt>
      <trkpt lat="68.99512474425137042999267578125" lon="20.4585926793515682220458984375">
        <ele>827</ele>
        <time>2026-08-22T10:48:05.000Z</time>
        <extensions>
          <ns3:TrackPointExtension>
            <ns3:cad>0</ns3:cad>
          </ns3:TrackPointExtension>
        </extensions>
      </trkpt>
      <trkpt lat="68.99512700736522674560546875" lon="20.45862863771617412567138671875">
        <ele>826.5999755859375</ele>
        <time>2026-08-22T10:48:07.000Z</time>
        <extensions>
          <ns3:TrackPointExtension>
            <ns3:cad>0</ns3:cad>
          </ns3:TrackPointExtension>
        </extensions>
      </trkpt>
      <trkpt lat="68.99512642063200473785400390625" lon="20.4586875624954700469970703125">
        <ele>826.20001220703125</ele>
        <time>2026-08-22T10:48:10.000Z</time>
        <extensions>
          <ns3:TrackPointExtension>
            <ns3:cad>0</ns3:cad>
          </ns3:TrackPointExtension>
        </extensions>
      </trkpt>
      <trkpt lat="68.99512826465070247650146484375" lon="20.4587348364293575286865234375">
        <ele>826</ele>
        <time>2026-08-22T10:48:12.000Z</time>
        <extensions>
          <ns3:TrackPointExtension>
            <ns3:cad>0</ns3:cad>
          </ns3:TrackPointExtension>
        </extensions>
      </trkpt>
      <trkpt lat="68.99513379670679569244384765625" lon="20.45878001488745212554931640625">
        <ele>825.79998779296875</ele>
        <time>2026-08-22T10:48:14.000Z</time>
        <extensions>
          <ns3:TrackPointExtension>
            <ns3:cad>0</ns3:cad>
          </ns3:TrackPointExtension>
        </extensions>
      </trkpt>
      <trkpt lat="68.99513798765838146209716796875" lon="20.4588072560727596282958984375">
        <ele>825.79998779296875</ele>
        <time>2026-08-22T10:48:15.000Z</time>
        <extensions>
          <ns3:TrackPointExtension>
            <ns3:cad>0</ns3:cad>
          </ns3:TrackPointExtension>
        </extensions>
      </trkpt>
      <trkpt lat="68.99516162462532520294189453125" lon="20.4589202441275119781494140625">
        <ele>825</ele>
        <time>2026-08-22T10:48:20.000Z</time>
        <extensions>
          <ns3:TrackPointExtension>
            <ns3:cad>0</ns3:cad>
          </ns3:TrackPointExtension>
        </extensions>
      </trkpt>
      <trkpt lat="68.9951664023101329803466796875" lon="20.4589504189789295196533203125">
        <ele>825</ele>
        <time>2026-08-22T10:48:21.000Z</time>
        <extensions>
          <ns3:TrackPointExtension>
            <ns3:cad>0</ns3:cad>
          </ns3:TrackPointExtension>
        </extensions>
      </trkpt>
      <trkpt lat="68.9951747842133045196533203125" lon="20.45899459160864353179931640625">
        <ele>824.79998779296875</ele>
        <time>2026-08-22T10:48:23.000Z</time>
        <extensions>
          <ns3:TrackPointExtension>
            <ns3:cad>0</ns3:cad>
          </ns3:TrackPointExtension>
        </extensions>
      </trkpt>
      <trkpt lat="68.9951995946466922760009765625" lon="20.459070615470409393310546875">
        <ele>825</ele>
        <time>2026-08-22T10:48:27.000Z</time>
        <extensions>
          <ns3:TrackPointExtension>
            <ns3:cad>0</ns3:cad>
          </ns3:TrackPointExtension>
        </extensions>
      </trkpt>
      <trkpt lat="68.99523069150745868682861328125" lon="20.45918955467641353607177734375">
        <ele>825.20001220703125</ele>
        <time>2026-08-22T10:48:32.000Z</time>
        <extensions>
          <ns3:TrackPointExtension>
            <ns3:cad>0</ns3:cad>
          </ns3:TrackPointExtension>
        </extensions>
      </trkpt>
      <trkpt lat="68.9952639676630496978759765625" lon="20.45931796543300151824951171875">
        <ele>825.20001220703125</ele>
        <time>2026-08-22T10:48:38.000Z</time>
        <extensions>
          <ns3:TrackPointExtension>
            <ns3:cad>0</ns3:cad>
          </ns3:TrackPointExtension>
        </extensions>
      </trkpt>
      <trkpt lat="68.99529556743800640106201171875" lon="20.4594405926764011383056640625">
        <ele>825</ele>
        <time>2026-08-22T10:48:44.000Z</time>
        <extensions>
          <ns3:TrackPointExtension>
            <ns3:cad>0</ns3:cad>
          </ns3:TrackPointExtension>
        </extensions>
      </trkpt>
      <trkpt lat="68.99533814750611782073974609375" lon="20.45957109890878200531005859375">
        <ele>824.5999755859375</ele>
        <time>2026-08-22T10:48:51.000Z</time>
        <extensions>
          <ns3:TrackPointExtension>
            <ns3:cad>0</ns3:cad>
          </ns3:TrackPointExtension>
        </extensions>
      </trkpt>
      <trkpt lat="68.9953471161425113677978515625" lon="20.45961820520460605621337890625">
        <ele>824.5999755859375</ele>
        <time>2026-08-22T10:48:53.000Z</time>
        <extensions>
          <ns3:TrackPointExtension>
            <ns3:cad>0</ns3:cad>
          </ns3:TrackPointExtension>
        </extensions>
      </trkpt>
      <trkpt lat="68.9953571744263172149658203125" lon="20.45966380275785923004150390625">
        <ele>824.79998779296875</ele>
        <time>2026-08-22T10:48:55.000Z</time>
        <extensions>
          <ns3:TrackPointExtension>
            <ns3:cad>0</ns3:cad>
          </ns3:TrackPointExtension>
        </extensions>
      </trkpt>
      <trkpt lat="68.99536848999559879302978515625" lon="20.45970059931278228759765625">
        <ele>824.79998779296875</ele>
        <time>2026-08-22T10:48:57.000Z</time>
        <extensions>
          <ns3:TrackPointExtension>
            <ns3:cad>0</ns3:cad>
          </ns3:TrackPointExtension>
        </extensions>
      </trkpt>
      <trkpt lat="68.99540537036955356597900390625" lon="20.45982406474649906158447265625">
        <ele>824.4000244140625</ele>
        <time>2026-08-22T10:49:04.000Z</time>
        <extensions>
          <ns3:TrackPointExtension>
            <ns3:cad>0</ns3:cad>
          </ns3:TrackPointExtension>
        </extensions>
      </trkpt>
      <trkpt lat="68.995409309864044189453125" lon="20.45984501950442790985107421875">
        <ele>824.4000244140625</ele>
        <time>2026-08-22T10:49:05.000Z</time>
        <extensions>
          <ns3:TrackPointExtension>
            <ns3:cad>0</ns3:cad>
          </ns3:TrackPointExtension>
        </extensions>
      </trkpt>
      <trkpt lat="68.99544023908674716949462890625" lon="20.4599414952099323272705078125">
        <ele>824.20001220703125</ele>
        <time>2026-08-22T10:49:09.000Z</time>
        <extensions>
          <ns3:TrackPointExtension>
            <ns3:cad>0</ns3:cad>
          </ns3:TrackPointExtension>
        </extensions>
      </trkpt>
      <trkpt lat="68.9954642951488494873046875" lon="20.4600311815738677978515625">
        <ele>823.79998779296875</ele>
        <time>2026-08-22T10:49:13.000Z</time>
        <extensions>
          <ns3:TrackPointExtension>
            <ns3:cad>15</ns3:cad>
          </ns3:TrackPointExtension>
        </extensions>
      </trkpt>
      <trkpt lat="68.9954725094139575958251953125" lon="20.460064373910427093505859375">
        <ele>823.5999755859375</ele>
        <time>2026-08-22T10:49:15.000Z</time>
        <extensions>
          <ns3:TrackPointExtension>
            <ns3:cad>15</ns3:cad>
          </ns3:TrackPointExtension>
        </extensions>
      </trkpt>
      <trkpt lat="68.99548365734517574310302734375" lon="20.46009932644665241241455078125">
        <ele>823.5999755859375</ele>
        <time>2026-08-22T10:49:17.000Z</time>
        <extensions>
          <ns3:TrackPointExtension>
            <ns3:cad>0</ns3:cad>
          </ns3:TrackPointExtension>
        </extensions>
      </trkpt>
      <trkpt lat="68.9955191127955913543701171875" lon="20.4601899348199367523193359375">
        <ele>823.20001220703125</ele>
        <time>2026-08-22T10:49:23.000Z</time>
        <extensions>
          <ns3:TrackPointExtension>
            <ns3:cad>0</ns3:cad>
          </ns3:TrackPointExtension>
        </extensions>
      </trkpt>
      <trkpt lat="68.9955590106546878814697265625" lon="20.46028037555515766143798828125">
        <ele>823</ele>
        <time>2026-08-22T10:49:30.000Z</time>
        <extensions>
          <ns3:TrackPointExtension>
            <ns3:cad>0</ns3:cad>
          </ns3:TrackPointExtension>
        </extensions>
      </trkpt>
      <trkpt lat="68.99558792822062969207763671875" lon="20.46034927479922771453857421875">
        <ele>822.79998779296875</ele>
        <time>2026-08-22T10:49:34.000Z</time>
        <extensions>
          <ns3:TrackPointExtension>
            <ns3:cad>0</ns3:cad>
          </ns3:TrackPointExtension>
        </extensions>
      </trkpt>
      <trkpt lat="68.99560402147471904754638671875" lon="20.4603877477347850799560546875">
        <ele>822.5999755859375</ele>
        <time>2026-08-22T10:49:36.000Z</time>
        <extensions>
          <ns3:TrackPointExtension>
            <ns3:cad>0</ns3:cad>
          </ns3:TrackPointExtension>
        </extensions>
      </trkpt>
      <trkpt lat="68.995634950697422027587890625" lon="20.4604742489755153656005859375">
        <ele>822.20001220703125</ele>
        <time>2026-08-22T10:49:42.000Z</time>
        <extensions>
          <ns3:TrackPointExtension>
            <ns3:cad>0</ns3:cad>
          </ns3:TrackPointExtension>
        </extensions>
      </trkpt>
      <trkpt lat="68.99565749801695346832275390625" lon="20.46050794422626495361328125">
        <ele>821.79998779296875</ele>
        <time>2026-08-22T10:49:47.000Z</time>
        <extensions>
          <ns3:TrackPointExtension>
            <ns3:cad>0</ns3:cad>
          </ns3:TrackPointExtension>
        </extensions>
      </trkpt>
      <trkpt lat="68.9956629462540149688720703125" lon="20.46051490120589733123779296875">
        <ele>821.79998779296875</ele>
        <time>2026-08-22T10:49:48.000Z</time>
        <extensions>
          <ns3:TrackPointExtension>
            <ns3:cad>0</ns3:cad>
          </ns3:TrackPointExtension>
        </extensions>
      </trkpt>
      <trkpt lat="68.99570108391344547271728515625" lon="20.46057709492743015289306640625">
        <ele>821</ele>
        <time>2026-08-22T10:49:54.000Z</time>
        <extensions>
          <ns3:TrackPointExtension>
            <ns3:cad>0</ns3:cad>
          </ns3:TrackPointExtension>
        </extensions>
      </trkpt>
      <trkpt lat="68.99573159404098987579345703125" lon="20.46060291118919849395751953125">
        <ele>820.79998779296875</ele>
        <time>2026-08-22T10:49:59.000Z</time>
        <extensions>
          <ns3:TrackPointExtension>
            <ns3:cad>0</ns3:cad>
          </ns3:TrackPointExtension>
        </extensions>
      </trkpt>
      <trkpt lat="68.99575154297053813934326171875" lon="20.460623614490032196044921875">
        <ele>820.79998779296875</ele>
        <time>2026-08-22T10:50:02.000Z</time>
        <extensions>
          <ns3:TrackPointExtension>
            <ns3:cad>0</ns3:cad>
          </ns3:TrackPointExtension>
        </extensions>
      </trkpt>
      <trkpt lat="68.99576914496719837188720703125" lon="20.4606422223150730133056640625">
        <ele>820.4000244140625</ele>
        <time>2026-08-22T10:50:05.000Z</time>
        <extensions>
          <ns3:TrackPointExtension>
            <ns3:cad>0</ns3:cad>
          </ns3:TrackPointExtension>
        </extensions>
      </trkpt>
      <trkpt lat="68.995778448879718780517578125" lon="20.460651777684688568115234375">
        <ele>820.20001220703125</ele>
        <time>2026-08-22T10:50:08.000Z</time>
        <extensions>
          <ns3:TrackPointExtension>
            <ns3:cad>0</ns3:cad>
          </ns3:TrackPointExtension>
        </extensions>
      </trkpt>
      <trkpt lat="68.99580719880759716033935546875" lon="20.4607086069881916046142578125">
        <ele>819.5999755859375</ele>
        <time>2026-08-22T10:50:14.000Z</time>
        <extensions>
          <ns3:TrackPointExtension>
            <ns3:cad>0</ns3:cad>
          </ns3:TrackPointExtension>
        </extensions>
      </trkpt>
      <trkpt lat="68.99584173224866390228271484375" lon="20.46078823506832122802734375">
        <ele>819</ele>
        <time>2026-08-22T10:50:20.000Z</time>
        <extensions>
          <ns3:TrackPointExtension>
            <ns3:cad>0</ns3:cad>
          </ns3:TrackPointExtension>
        </extensions>
      </trkpt>
      <trkpt lat="68.995846845209598541259765625" lon="20.46082100830972194671630859375">
        <ele>818.5999755859375</ele>
        <time>2026-08-22T10:50:22.000Z</time>
        <extensions>
          <ns3:TrackPointExtension>
            <ns3:cad>0</ns3:cad>
          </ns3:TrackPointExtension>
        </extensions>
      </trkpt>
      <trkpt lat="68.99586327373981475830078125" lon="20.4608624987304210662841796875">
        <ele>818</ele>
        <time>2026-08-22T10:50:25.000Z</time>
        <extensions>
          <ns3:TrackPointExtension>
            <ns3:cad>0</ns3:cad>
          </ns3:TrackPointExtension>
        </extensions>
      </trkpt>
      <trkpt lat="68.9958802051842212677001953125" lon="20.46090164221823215484619140625">
        <ele>817.4000244140625</ele>
        <time>2026-08-22T10:50:28.000Z</time>
        <extensions>
          <ns3:TrackPointExtension>
            <ns3:cad>0</ns3:cad>
          </ns3:TrackPointExtension>
        </extensions>
      </trkpt>
      <trkpt lat="68.99589554406702518463134765625" lon="20.4609349183738231658935546875">
        <ele>817.20001220703125</ele>
        <time>2026-08-22T10:50:31.000Z</time>
        <extensions>
          <ns3:TrackPointExtension>
            <ns3:cad>0</ns3:cad>
          </ns3:TrackPointExtension>
        </extensions>
      </trkpt>
      <trkpt lat="68.99593108333647251129150390625" lon="20.46101110987365245819091796875">
        <ele>816.4000244140625</ele>
        <time>2026-08-22T10:50:36.000Z</time>
        <extensions>
          <ns3:TrackPointExtension>
            <ns3:cad>46</ns3:cad>
          </ns3:TrackPointExtension>
        </extensions>
      </trkpt>
      <trkpt lat="68.99595924653112888336181640625" lon="20.461073555052280426025390625">
        <ele>816</ele>
        <time>2026-08-22T10:50:40.000Z</time>
        <extensions>
          <ns3:TrackPointExtension>
            <ns3:cad>47</ns3:cad>
          </ns3:TrackPointExtension>
        </extensions>
      </trkpt>
      <trkpt lat="68.9959891699254512786865234375" lon="20.46112895943224430084228515625">
        <ele>815.20001220703125</ele>
        <time>2026-08-22T10:50:46.000Z</time>
        <extensions>
          <ns3:TrackPointExtension>
            <ns3:cad>0</ns3:cad>
          </ns3:TrackPointExtension>
        </extensions>
      </trkpt>
      <trkpt lat="68.99601222015917301177978515625" lon="20.46118997968733310699462890625">
        <ele>814.5999755859375</ele>
        <time>2026-08-22T10:50:52.000Z</time>
        <extensions>
          <ns3:TrackPointExtension>
            <ns3:cad>0</ns3:cad>
          </ns3:TrackPointExtension>
        </extensions>
      </trkpt>
      <trkpt lat="68.99601557292044162750244140625" lon="20.46121680177748203277587890625">
        <ele>814.20001220703125</ele>
        <time>2026-08-22T10:50:54.000Z</time>
        <extensions>
          <ns3:TrackPointExtension>
            <ns3:cad>0</ns3:cad>
          </ns3:TrackPointExtension>
        </extensions>
      </trkpt>
      <trkpt lat="68.996017165482044219970703125" lon="20.46126893721520900726318359375">
        <ele>813.79998779296875</ele>
        <time>2026-08-22T10:50:57.000Z</time>
        <extensions>
          <ns3:TrackPointExtension>
            <ns3:cad>0</ns3:cad>
          </ns3:TrackPointExtension>
        </extensions>
      </trkpt>
      <trkpt lat="68.99602496065199375152587890625" lon="20.46136935241520404815673828125">
        <ele>813.20001220703125</ele>
        <time>2026-08-22T10:51:02.000Z</time>
        <extensions>
          <ns3:TrackPointExtension>
            <ns3:cad>0</ns3:cad>
          </ns3:TrackPointExtension>
        </extensions>
      </trkpt>
      <trkpt lat="68.996058069169521331787109375" lon="20.46142014674842357635498046875">
        <ele>812.20001220703125</ele>
        <time>2026-08-22T10:51:08.000Z</time>
        <extensions>
          <ns3:TrackPointExtension>
            <ns3:cad>0</ns3:cad>
          </ns3:TrackPointExtension>
        </extensions>
      </trkpt>
      <trkpt lat="68.99611003696918487548828125" lon="20.46142249368131160736083984375">
        <ele>811.5999755859375</ele>
        <time>2026-08-22T10:51:14.000Z</time>
        <extensions>
          <ns3:TrackPointExtension>
            <ns3:cad>0</ns3:cad>
          </ns3:TrackPointExtension>
        </extensions>
      </trkpt>
      <trkpt lat="68.9961437322199344635009765625" lon="20.46147278510034084320068359375">
        <ele>811</ele>
        <time>2026-08-22T10:51:20.000Z</time>
        <extensions>
          <ns3:TrackPointExtension>
            <ns3:cad>0</ns3:cad>
          </ns3:TrackPointExtension>
        </extensions>
      </trkpt>
      <trkpt lat="68.99617172777652740478515625" lon="20.46150698326528072357177734375">
        <ele>810.4000244140625</ele>
        <time>2026-08-22T10:51:24.000Z</time>
        <extensions>
          <ns3:TrackPointExtension>
            <ns3:cad>0</ns3:cad>
          </ns3:TrackPointExtension>
        </extensions>
      </trkpt>
      <trkpt lat="68.9962235279381275177001953125" lon="20.46153749339282512664794921875">
        <ele>809.79998779296875</ele>
        <time>2026-08-22T10:51:29.000Z</time>
        <extensions>
          <ns3:TrackPointExtension>
            <ns3:cad>0</ns3:cad>
          </ns3:TrackPointExtension>
        </extensions>
      </trkpt>
      <trkpt lat="68.99623878300189971923828125" lon="20.46155291609466075897216796875">
        <ele>809.5999755859375</ele>
        <time>2026-08-22T10:51:31.000Z</time>
        <extensions>
          <ns3:TrackPointExtension>
            <ns3:cad>0</ns3:cad>
          </ns3:TrackPointExtension>
        </extensions>
      </trkpt>
      <trkpt lat="68.99627826176583766937255859375" lon="20.4615789838135242462158203125">
        <ele>809</ele>
        <time>2026-08-22T10:51:36.000Z</time>
        <extensions>
          <ns3:TrackPointExtension>
            <ns3:cad>0</ns3:cad>
          </ns3:TrackPointExtension>
        </extensions>
      </trkpt>
      <trkpt lat="68.996285386383533477783203125" lon="20.4615843482315540313720703125">
        <ele>808.5999755859375</ele>
        <time>2026-08-22T10:51:37.000Z</time>
        <extensions>
          <ns3:TrackPointExtension>
            <ns3:cad>0</ns3:cad>
          </ns3:TrackPointExtension>
        </extensions>
      </trkpt>
      <trkpt lat="68.99631245993077754974365234375" lon="20.4616161994636058807373046875">
        <ele>808.20001220703125</ele>
        <time>2026-08-22T10:51:41.000Z</time>
        <extensions>
          <ns3:TrackPointExtension>
            <ns3:cad>0</ns3:cad>
          </ns3:TrackPointExtension>
        </extensions>
      </trkpt>
      <trkpt lat="68.9963579736649990081787109375" lon="20.46163070015609264373779296875">
        <ele>807.79998779296875</ele>
        <time>2026-08-22T10:51:47.000Z</time>
        <extensions>
          <ns3:TrackPointExtension>
            <ns3:cad>0</ns3:cad>
          </ns3:TrackPointExtension>
        </extensions>
      </trkpt>
      <trkpt lat="68.9963874779641628265380859375" lon="20.46163321472704410552978515625">
        <ele>807.5999755859375</ele>
        <time>2026-08-22T10:51:50.000Z</time>
        <extensions>
          <ns3:TrackPointExtension>
            <ns3:cad>0</ns3:cad>
          </ns3:TrackPointExtension>
        </extensions>
      </trkpt>
      <trkpt lat="68.99641354568302631378173828125" lon="20.46163313090801239013671875">
        <ele>807.20001220703125</ele>
        <time>2026-08-22T10:51:53.000Z</time>
        <extensions>
          <ns3:TrackPointExtension>
            <ns3:cad>0</ns3:cad>
          </ns3:TrackPointExtension>
        </extensions>
      </trkpt>
      <trkpt lat="68.996455036103725433349609375" lon="20.46167202293872833251953125">
        <ele>806.5999755859375</ele>
        <time>2026-08-22T10:51:59.000Z</time>
        <extensions>
          <ns3:TrackPointExtension>
            <ns3:cad>43</ns3:cad>
          </ns3:TrackPointExtension>
        </extensions>
      </trkpt>
      <trkpt lat="68.99646333418786525726318359375" lon="20.46167193911969661712646484375">
        <ele>806.4000244140625</ele>
        <time>2026-08-22T10:52:00.000Z</time>
        <extensions>
          <ns3:TrackPointExtension>
            <ns3:cad>45</ns3:cad>
          </ns3:TrackPointExtension>
        </extensions>
      </trkpt>
      <trkpt lat="68.99647322483360767364501953125" lon="20.46166908927261829376220703125">
        <ele>806.4000244140625</ele>
        <time>2026-08-22T10:52:01.000Z</time>
        <extensions>
          <ns3:TrackPointExtension>
            <ns3:cad>45</ns3:cad>
          </ns3:TrackPointExtension>
        </extensions>
      </trkpt>
      <trkpt lat="68.9965148828923702239990234375" lon="20.46167043037712574005126953125">
        <ele>806.20001220703125</ele>
        <time>2026-08-22T10:52:05.000Z</time>
        <extensions>
          <ns3:TrackPointExtension>
            <ns3:cad>0</ns3:cad>
          </ns3:TrackPointExtension>
        </extensions>
      </trkpt>
      <trkpt lat="68.99653558619320392608642578125" lon="20.461663305759429931640625">
        <ele>805.79998779296875</ele>
        <time>2026-08-22T10:52:07.000Z</time>
        <extensions>
          <ns3:TrackPointExtension>
            <ns3:cad>41</ns3:cad>
          </ns3:TrackPointExtension>
        </extensions>
      </trkpt>
      <trkpt lat="68.9965712092816829681396484375" lon="20.461654923856258392333984375">
        <ele>805.5999755859375</ele>
        <time>2026-08-22T10:52:11.000Z</time>
        <extensions>
          <ns3:TrackPointExtension>
            <ns3:cad>0</ns3:cad>
          </ns3:TrackPointExtension>
        </extensions>
      </trkpt>
      <trkpt lat="68.99658738635480403900146484375" lon="20.46165081672370433807373046875">
        <ele>805.4000244140625</ele>
        <time>2026-08-22T10:52:13.000Z</time>
        <extensions>
          <ns3:TrackPointExtension>
            <ns3:cad>0</ns3:cad>
          </ns3:TrackPointExtension>
        </extensions>
      </trkpt>
      <trkpt lat="68.99660968221724033355712890625" lon="20.46166070736944675445556640625">
        <ele>805.20001220703125</ele>
        <time>2026-08-22T10:52:16.000Z</time>
        <extensions>
          <ns3:TrackPointExtension>
            <ns3:cad>0</ns3:cad>
          </ns3:TrackPointExtension>
        </extensions>
      </trkpt>
      <trkpt lat="68.9966496638953685760498046875" lon="20.461645536124706268310546875">
        <ele>804.4000244140625</ele>
        <time>2026-08-22T10:52:21.000Z</time>
        <extensions>
          <ns3:TrackPointExtension>
            <ns3:cad>0</ns3:cad>
          </ns3:TrackPointExtension>
        </extensions>
      </trkpt>
      <trkpt lat="68.996666260063648223876953125" lon="20.46165970154106616973876953125">
        <ele>804.20001220703125</ele>
        <time>2026-08-22T10:52:23.000Z</time>
        <extensions>
          <ns3:TrackPointExtension>
            <ns3:cad>0</ns3:cad>
          </ns3:TrackPointExtension>
        </extensions>
      </trkpt>
      <trkpt lat="68.9966865442693233489990234375" lon="20.46166623942553997039794921875">
        <ele>803.79998779296875</ele>
        <time>2026-08-22T10:52:26.000Z</time>
        <extensions>
          <ns3:TrackPointExtension>
            <ns3:cad>0</ns3:cad>
          </ns3:TrackPointExtension>
        </extensions>
      </trkpt>
      <trkpt lat="68.99671814404428005218505859375" lon="20.46164545230567455291748046875">
        <ele>803.20001220703125</ele>
        <time>2026-08-22T10:52:31.000Z</time>
        <extensions>
          <ns3:TrackPointExtension>
            <ns3:cad>0</ns3:cad>
          </ns3:TrackPointExtension>
        </extensions>
      </trkpt>
      <trkpt lat="68.9967302978038787841796875" lon="20.46164880506694316864013671875">
        <ele>803</ele>
        <time>2026-08-22T10:52:33.000Z</time>
        <extensions>
          <ns3:TrackPointExtension>
            <ns3:cad>0</ns3:cad>
          </ns3:TrackPointExtension>
        </extensions>
      </trkpt>
      <trkpt lat="68.99676608853042125701904296875" lon="20.46164561994373798370361328125">
        <ele>802.4000244140625</ele>
        <time>2026-08-22T10:52:38.000Z</time>
        <extensions>
          <ns3:TrackPointExtension>
            <ns3:cad>0</ns3:cad>
          </ns3:TrackPointExtension>
        </extensions>
      </trkpt>
      <trkpt lat="68.9967763982713222503662109375" lon="20.461640842258930206298828125">
        <ele>802.20001220703125</ele>
        <time>2026-08-22T10:52:39.000Z</time>
        <extensions>
          <ns3:TrackPointExtension>
            <ns3:cad>0</ns3:cad>
          </ns3:TrackPointExtension>
        </extensions>
      </trkpt>
      <trkpt lat="68.99679173715412616729736328125" lon="20.4616470448672771453857421875">
        <ele>802</ele>
        <time>2026-08-22T10:52:41.000Z</time>
        <extensions>
          <ns3:TrackPointExtension>
            <ns3:cad>0</ns3:cad>
          </ns3:TrackPointExtension>
        </extensions>
      </trkpt>
      <trkpt lat="68.99680850096046924591064453125" lon="20.46165685169398784637451171875">
        <ele>801.79998779296875</ele>
        <time>2026-08-22T10:52:43.000Z</time>
        <extensions>
          <ns3:TrackPointExtension>
            <ns3:cad>0</ns3:cad>
          </ns3:TrackPointExtension>
        </extensions>
      </trkpt>
      <trkpt lat="68.9968407712876796722412109375" lon="20.4616936482489109039306640625">
        <ele>801</ele>
        <time>2026-08-22T10:52:48.000Z</time>
        <extensions>
          <ns3:TrackPointExtension>
            <ns3:cad>0</ns3:cad>
          </ns3:TrackPointExtension>
        </extensions>
      </trkpt>
      <trkpt lat="68.99686373770236968994140625" lon="20.46170094050467014312744140625">
        <ele>800.5999755859375</ele>
        <time>2026-08-22T10:52:51.000Z</time>
        <extensions>
          <ns3:TrackPointExtension>
            <ns3:cad>0</ns3:cad>
          </ns3:TrackPointExtension>
        </extensions>
      </trkpt>
      <trkpt lat="68.99688159115612506866455078125" lon="20.46174586750566959381103515625">
        <ele>800</ele>
        <time>2026-08-22T10:52:55.000Z</time>
        <extensions>
          <ns3:TrackPointExtension>
            <ns3:cad>0</ns3:cad>
          </ns3:TrackPointExtension>
        </extensions>
      </trkpt>
      <trkpt lat="68.99688720703125" lon="20.4617536626756191253662109375">
        <ele>799.79998779296875</ele>
        <time>2026-08-22T10:52:56.000Z</time>
        <extensions>
          <ns3:TrackPointExtension>
            <ns3:cad>0</ns3:cad>
          </ns3:TrackPointExtension>
        </extensions>
      </trkpt>
      <trkpt lat="68.996915705502033233642578125" lon="20.46175307594239711761474609375">
        <ele>798.79998779296875</ele>
        <time>2026-08-22T10:53:02.000Z</time>
        <extensions>
          <ns3:TrackPointExtension>
            <ns3:cad>0</ns3:cad>
          </ns3:TrackPointExtension>
        </extensions>
      </trkpt>
      <trkpt lat="68.99692249484360218048095703125" lon="20.4617504775524139404296875">
        <ele>798.79998779296875</ele>
        <time>2026-08-22T10:53:03.000Z</time>
        <extensions>
          <ns3:TrackPointExtension>
            <ns3:cad>0</ns3:cad>
          </ns3:TrackPointExtension>
        </extensions>
      </trkpt>
      <trkpt lat="68.9969540946185588836669921875" lon="20.461780987679958343505859375">
        <ele>797.79998779296875</ele>
        <time>2026-08-22T10:53:09.000Z</time>
        <extensions>
          <ns3:TrackPointExtension>
            <ns3:cad>0</ns3:cad>
          </ns3:TrackPointExtension>
        </extensions>
      </trkpt>
      <trkpt lat="68.99695669300854206085205078125" lon="20.461790375411510467529296875">
        <ele>797.5999755859375</ele>
        <time>2026-08-22T10:53:10.000Z</time>
        <extensions>
          <ns3:TrackPointExtension>
            <ns3:cad>0</ns3:cad>
          </ns3:TrackPointExtension>
        </extensions>
      </trkpt>
      <trkpt lat="68.9969799108803272247314453125" lon="20.4618398286402225494384765625">
        <ele>796.79998779296875</ele>
        <time>2026-08-22T10:53:15.000Z</time>
        <extensions>
          <ns3:TrackPointExtension>
            <ns3:cad>0</ns3:cad>
          </ns3:TrackPointExtension>
        </extensions>
      </trkpt>
      <trkpt lat="68.99698552675545215606689453125" lon="20.46184209175407886505126953125">
        <ele>796.79998779296875</ele>
        <time>2026-08-22T10:53:16.000Z</time>
        <extensions>
          <ns3:TrackPointExtension>
            <ns3:cad>0</ns3:cad>
          </ns3:TrackPointExtension>
        </extensions>
      </trkpt>
      <trkpt lat="68.997015617787837982177734375" lon="20.46184946782886981964111328125">
        <ele>796.20001220703125</ele>
        <time>2026-08-22T10:53:20.000Z</time>
        <extensions>
          <ns3:TrackPointExtension>
            <ns3:cad>0</ns3:cad>
          </ns3:TrackPointExtension>
        </extensions>
      </trkpt>
      <trkpt lat="68.99703271687030792236328125" lon="20.4618550837039947509765625">
        <ele>795.79998779296875</ele>
        <time>2026-08-22T10:53:22.000Z</time>
        <extensions>
          <ns3:TrackPointExtension>
            <ns3:cad>0</ns3:cad>
          </ns3:TrackPointExtension>
        </extensions>
      </trkpt>
      <trkpt lat="68.99705308489501476287841796875" lon="20.4618552513420581817626953125">
        <ele>795.4000244140625</ele>
        <time>2026-08-22T10:53:25.000Z</time>
        <extensions>
          <ns3:TrackPointExtension>
            <ns3:cad>0</ns3:cad>
          </ns3:TrackPointExtension>
        </extensions>
      </trkpt>
      <trkpt lat="68.9970818348228931427001953125" lon="20.461875535547733306884765625">
        <ele>794.5999755859375</ele>
        <time>2026-08-22T10:53:30.000Z</time>
        <extensions>
          <ns3:TrackPointExtension>
            <ns3:cad>0</ns3:cad>
          </ns3:TrackPointExtension>
        </extensions>
      </trkpt>
      <trkpt lat="68.9971153624355792999267578125" lon="20.46189757995307445526123046875">
        <ele>794.20001220703125</ele>
        <time>2026-08-22T10:53:35.000Z</time>
        <extensions>
          <ns3:TrackPointExtension>
            <ns3:cad>0</ns3:cad>
          </ns3:TrackPointExtension>
        </extensions>
      </trkpt>
      <trkpt lat="68.9971344731748104095458984375" lon="20.4619440995156764984130859375">
        <ele>793.5999755859375</ele>
        <time>2026-08-22T10:53:39.000Z</time>
        <extensions>
          <ns3:TrackPointExtension>
            <ns3:cad>0</ns3:cad>
          </ns3:TrackPointExtension>
        </extensions>
      </trkpt>
      <trkpt lat="68.997149728238582611083984375" lon="20.4619704186916351318359375">
        <ele>793</ele>
        <time>2026-08-22T10:53:42.000Z</time>
        <extensions>
          <ns3:TrackPointExtension>
            <ns3:cad>0</ns3:cad>
          </ns3:TrackPointExtension>
        </extensions>
      </trkpt>
      <trkpt lat="68.99716146290302276611328125" lon="20.46200755052268505096435546875">
        <ele>792.5999755859375</ele>
        <time>2026-08-22T10:53:46.000Z</time>
        <extensions>
          <ns3:TrackPointExtension>
            <ns3:cad>0</ns3:cad>
          </ns3:TrackPointExtension>
        </extensions>
      </trkpt>
      <trkpt lat="68.99717445485293865203857421875" lon="20.4620133340358734130859375">
        <ele>792.20001220703125</ele>
        <time>2026-08-22T10:53:48.000Z</time>
        <extensions>
          <ns3:TrackPointExtension>
            <ns3:cad>0</ns3:cad>
          </ns3:TrackPointExtension>
        </extensions>
      </trkpt>
      <trkpt lat="68.99719901382923126220703125" lon="20.46203973703086376190185546875">
        <ele>791.5999755859375</ele>
        <time>2026-08-22T10:53:53.000Z</time>
        <extensions>
          <ns3:TrackPointExtension>
            <ns3:cad>0</ns3:cad>
          </ns3:TrackPointExtension>
        </extensions>
      </trkpt>
      <trkpt lat="68.9972099103033542633056640625" lon="20.46204484999179840087890625">
        <ele>791.4000244140625</ele>
        <time>2026-08-22T10:53:54.000Z</time>
        <extensions>
          <ns3:TrackPointExtension>
            <ns3:cad>0</ns3:cad>
          </ns3:TrackPointExtension>
        </extensions>
      </trkpt>
      <trkpt lat="68.99726280011236667633056640625" lon="20.462062619626522064208984375">
        <ele>790.5999755859375</ele>
        <time>2026-08-22T10:54:00.000Z</time>
        <extensions>
          <ns3:TrackPointExtension>
            <ns3:cad>0</ns3:cad>
          </ns3:TrackPointExtension>
        </extensions>
      </trkpt>
      <trkpt lat="68.99727855809032917022705078125" lon="20.46207703649997711181640625">
        <ele>790.4000244140625</ele>
        <time>2026-08-22T10:54:02.000Z</time>
        <extensions>
          <ns3:TrackPointExtension>
            <ns3:cad>0</ns3:cad>
          </ns3:TrackPointExtension>
        </extensions>
      </trkpt>
      <trkpt lat="68.99729733355343341827392578125" lon="20.4621219635009765625">
        <ele>789.79998779296875</ele>
        <time>2026-08-22T10:54:07.000Z</time>
        <extensions>
          <ns3:TrackPointExtension>
            <ns3:cad>0</ns3:cad>
          </ns3:TrackPointExtension>
        </extensions>
      </trkpt>
      <trkpt lat="68.99732247926294803619384765625" lon="20.46215926297008991241455078125">
        <ele>789.20001220703125</ele>
        <time>2026-08-22T10:54:13.000Z</time>
        <extensions>
          <ns3:TrackPointExtension>
            <ns3:cad>0</ns3:cad>
          </ns3:TrackPointExtension>
        </extensions>
      </trkpt>
      <trkpt lat="68.99734209291636943817138671875" lon="20.46217091381549835205078125">
        <ele>789</ele>
        <time>2026-08-22T10:54:18.000Z</time>
        <extensions>
          <ns3:TrackPointExtension>
            <ns3:cad>0</ns3:cad>
          </ns3:TrackPointExtension>
        </extensions>
      </trkpt>
      <trkpt lat="68.9973815716803073883056640625" lon="20.46222095377743244171142578125">
        <ele>788.20001220703125</ele>
        <time>2026-08-22T10:54:24.000Z</time>
        <extensions>
          <ns3:TrackPointExtension>
            <ns3:cad>0</ns3:cad>
          </ns3:TrackPointExtension>
        </extensions>
      </trkpt>
      <trkpt lat="68.9974144287407398223876953125" lon="20.46226210892200469970703125">
        <ele>787.5999755859375</ele>
        <time>2026-08-22T10:54:29.000Z</time>
        <extensions>
          <ns3:TrackPointExtension>
            <ns3:cad>0</ns3:cad>
          </ns3:TrackPointExtension>
        </extensions>
      </trkpt>
      <trkpt lat="68.99744351394474506378173828125" lon="20.46224844641983509063720703125">
        <ele>787.20001220703125</ele>
        <time>2026-08-22T10:54:33.000Z</time>
        <extensions>
          <ns3:TrackPointExtension>
            <ns3:cad>0</ns3:cad>
          </ns3:TrackPointExtension>
        </extensions>
      </trkpt>
      <trkpt lat="68.99748039431869983673095703125" lon="20.46224475838243961334228515625">
        <ele>786.5999755859375</ele>
        <time>2026-08-22T10:54:37.000Z</time>
        <extensions>
          <ns3:TrackPointExtension>
            <ns3:cad>0</ns3:cad>
          </ns3:TrackPointExtension>
        </extensions>
      </trkpt>
      <trkpt lat="68.99750587530434131622314453125" lon="20.4622654616832733154296875">
        <ele>786</ele>
        <time>2026-08-22T10:54:42.000Z</time>
        <extensions>
          <ns3:TrackPointExtension>
            <ns3:cad>0</ns3:cad>
          </ns3:TrackPointExtension>
        </extensions>
      </trkpt>
      <trkpt lat="68.997549712657928466796875" lon="20.462277866899967193603515625">
        <ele>785.4000244140625</ele>
        <time>2026-08-22T10:54:48.000Z</time>
        <extensions>
          <ns3:TrackPointExtension>
            <ns3:cad>0</ns3:cad>
          </ns3:TrackPointExtension>
        </extensions>
      </trkpt>
      <trkpt lat="68.99756488390266895294189453125" lon="20.46231650747358798980712890625">
        <ele>785</ele>
        <time>2026-08-22T10:54:52.000Z</time>
        <extensions>
          <ns3:TrackPointExtension>
            <ns3:cad>0</ns3:cad>
          </ns3:TrackPointExtension>
        </extensions>
      </trkpt>
      <trkpt lat="68.99757578037679195404052734375" lon="20.46234450303018093109130859375">
        <ele>784.5999755859375</ele>
        <time>2026-08-22T10:54:54.000Z</time>
        <extensions>
          <ns3:TrackPointExtension>
            <ns3:cad>0</ns3:cad>
          </ns3:TrackPointExtension>
        </extensions>
      </trkpt>
      <trkpt lat="68.9975944720208644866943359375" lon="20.4623994044959545135498046875">
        <ele>784</ele>
        <time>2026-08-22T10:54:58.000Z</time>
        <extensions>
          <ns3:TrackPointExtension>
            <ns3:cad>0</ns3:cad>
          </ns3:TrackPointExtension>
        </extensions>
      </trkpt>
      <trkpt lat="68.99760126136243343353271484375" lon="20.4624118097126483917236328125">
        <ele>783.79998779296875</ele>
        <time>2026-08-22T10:54:59.000Z</time>
        <extensions>
          <ns3:TrackPointExtension>
            <ns3:cad>0</ns3:cad>
          </ns3:TrackPointExtension>
        </extensions>
      </trkpt>
      <trkpt lat="68.9976531453430652618408203125" lon="20.46243536286056041717529296875">
        <ele>783</ele>
        <time>2026-08-22T10:55:05.000Z</time>
        <extensions>
          <ns3:TrackPointExtension>
            <ns3:cad>0</ns3:cad>
          </ns3:TrackPointExtension>
        </extensions>
      </trkpt>
      <trkpt lat="68.9976642094552516937255859375" lon="20.462437458336353302001953125">
        <ele>783</ele>
        <time>2026-08-22T10:55:06.000Z</time>
        <extensions>
          <ns3:TrackPointExtension>
            <ns3:cad>0</ns3:cad>
          </ns3:TrackPointExtension>
        </extensions>
      </trkpt>
      <trkpt lat="68.9977299235761165618896484375" lon="20.46247794292867183685302734375">
        <ele>782</ele>
        <time>2026-08-22T10:55:13.000Z</time>
        <extensions>
          <ns3:TrackPointExtension>
            <ns3:cad>48</ns3:cad>
          </ns3:TrackPointExtension>
        </extensions>
      </trkpt>
      <trkpt lat="68.997744508087635040283203125" lon="20.462497137486934661865234375">
        <ele>781.79998779296875</ele>
        <time>2026-08-22T10:55:15.000Z</time>
        <extensions>
          <ns3:TrackPointExtension>
            <ns3:cad>47</ns3:cad>
          </ns3:TrackPointExtension>
        </extensions>
      </trkpt>
      <trkpt lat="68.997772000730037689208984375" lon="20.46251314692199230194091796875">
        <ele>781.4000244140625</ele>
        <time>2026-08-22T10:55:19.000Z</time>
        <extensions>
          <ns3:TrackPointExtension>
            <ns3:cad>46</ns3:cad>
          </ns3:TrackPointExtension>
        </extensions>
      </trkpt>
      <trkpt lat="68.997780047357082366943359375" lon="20.46251499094069004058837890625">
        <ele>781.20001220703125</ele>
        <time>2026-08-22T10:55:20.000Z</time>
        <extensions>
          <ns3:TrackPointExtension>
            <ns3:cad>46</ns3:cad>
          </ns3:TrackPointExtension>
        </extensions>
      </trkpt>
      <trkpt lat="68.9977969788014888763427734375" lon="20.46253058128058910369873046875">
        <ele>780.79998779296875</ele>
        <time>2026-08-22T10:55:23.000Z</time>
        <extensions>
          <ns3:TrackPointExtension>
            <ns3:cad>0</ns3:cad>
          </ns3:TrackPointExtension>
        </extensions>
      </trkpt>
      <trkpt lat="68.99781131185591220855712890625" lon="20.46253628097474575042724609375">
        <ele>780.5999755859375</ele>
        <time>2026-08-22T10:55:25.000Z</time>
        <extensions>
          <ns3:TrackPointExtension>
            <ns3:cad>44</ns3:cad>
          </ns3:TrackPointExtension>
        </extensions>
      </trkpt>
      <trkpt lat="68.9978613518178462982177734375" lon="20.46254801563918590545654296875">
        <ele>779.79998779296875</ele>
        <time>2026-08-22T10:55:32.000Z</time>
        <extensions>
          <ns3:TrackPointExtension>
            <ns3:cad>0</ns3:cad>
          </ns3:TrackPointExtension>
        </extensions>
      </trkpt>
      <trkpt lat="68.99786596186459064483642578125" lon="20.46255505643784999847412109375">
        <ele>779.79998779296875</ele>
        <time>2026-08-22T10:55:33.000Z</time>
        <extensions>
          <ns3:TrackPointExtension>
            <ns3:cad>0</ns3:cad>
          </ns3:TrackPointExtension>
        </extensions>
      </trkpt>
      <trkpt lat="68.9979116432368755340576171875" lon="20.4626116342842578887939453125">
        <ele>779</ele>
        <time>2026-08-22T10:55:39.000Z</time>
        <extensions>
          <ns3:TrackPointExtension>
            <ns3:cad>0</ns3:cad>
          </ns3:TrackPointExtension>
        </extensions>
      </trkpt>
      <trkpt lat="68.99793284945189952850341796875" lon="20.46266200952231884002685546875">
        <ele>778.79998779296875</ele>
        <time>2026-08-22T10:55:42.000Z</time>
        <extensions>
          <ns3:TrackPointExtension>
            <ns3:cad>0</ns3:cad>
          </ns3:TrackPointExtension>
        </extensions>
      </trkpt>
      <trkpt lat="68.9979374594986438751220703125" lon="20.4626716487109661102294921875">
        <ele>778.5999755859375</ele>
        <time>2026-08-22T10:55:43.000Z</time>
        <extensions>
          <ns3:TrackPointExtension>
            <ns3:cad>0</ns3:cad>
          </ns3:TrackPointExtension>
        </extensions>
      </trkpt>
      <trkpt lat="68.99794324301183223724365234375" lon="20.4626780189573764801025390625">
        <ele>778.4000244140625</ele>
        <time>2026-08-22T10:55:44.000Z</time>
        <extensions>
          <ns3:TrackPointExtension>
            <ns3:cad>0</ns3:cad>
          </ns3:TrackPointExtension>
        </extensions>
      </trkpt>
      <trkpt lat="68.9979505352675914764404296875" lon="20.46267785131931304931640625">
        <ele>778.4000244140625</ele>
        <time>2026-08-22T10:55:45.000Z</time>
        <extensions>
          <ns3:TrackPointExtension>
            <ns3:cad>0</ns3:cad>
          </ns3:TrackPointExtension>
        </extensions>
      </trkpt>
      <trkpt lat="68.997977860271930694580078125" lon="20.46270291320979595184326171875">
        <ele>777.79998779296875</ele>
        <time>2026-08-22T10:55:49.000Z</time>
        <extensions>
          <ns3:TrackPointExtension>
            <ns3:cad>0</ns3:cad>
          </ns3:TrackPointExtension>
        </extensions>
      </trkpt>
      <trkpt lat="68.99798397906124591827392578125" lon="20.4627081938087940216064453125">
        <ele>777.5999755859375</ele>
        <time>2026-08-22T10:55:50.000Z</time>
        <extensions>
          <ns3:TrackPointExtension>
            <ns3:cad>0</ns3:cad>
          </ns3:TrackPointExtension>
        </extensions>
      </trkpt>
      <trkpt lat="68.9980350248515605926513671875" lon="20.462744571268558502197265625">
        <ele>777</ele>
        <time>2026-08-22T10:55:56.000Z</time>
        <extensions>
          <ns3:TrackPointExtension>
            <ns3:cad>0</ns3:cad>
          </ns3:TrackPointExtension>
        </extensions>
      </trkpt>
      <trkpt lat="68.99806201457977294921875" lon="20.4627588205039501190185546875">
        <ele>776.4000244140625</ele>
        <time>2026-08-22T10:55:59.000Z</time>
        <extensions>
          <ns3:TrackPointExtension>
            <ns3:cad>0</ns3:cad>
          </ns3:TrackPointExtension>
        </extensions>
      </trkpt>
      <trkpt lat="68.99807919748127460479736328125" lon="20.46275923959910869598388671875">
        <ele>776.20001220703125</ele>
        <time>2026-08-22T10:56:01.000Z</time>
        <extensions>
          <ns3:TrackPointExtension>
            <ns3:cad>0</ns3:cad>
          </ns3:TrackPointExtension>
        </extensions>
      </trkpt>
      <trkpt lat="68.99812295101583003997802734375" lon="20.46278488822281360626220703125">
        <ele>775.5999755859375</ele>
        <time>2026-08-22T10:56:06.000Z</time>
        <extensions>
          <ns3:TrackPointExtension>
            <ns3:cad>0</ns3:cad>
          </ns3:TrackPointExtension>
        </extensions>
      </trkpt>
      <trkpt lat="68.99812932126224040985107421875" lon="20.4627911746501922607421875">
        <ele>775.4000244140625</ele>
        <time>2026-08-22T10:56:07.000Z</time>
        <extensions>
          <ns3:TrackPointExtension>
            <ns3:cad>0</ns3:cad>
          </ns3:TrackPointExtension>
        </extensions>
      </trkpt>
      <trkpt lat="68.99816938675940036773681640625" lon="20.46285755932331085205078125">
        <ele>774.79998779296875</ele>
        <time>2026-08-22T10:56:13.000Z</time>
        <extensions>
          <ns3:TrackPointExtension>
            <ns3:cad>0</ns3:cad>
          </ns3:TrackPointExtension>
        </extensions>
      </trkpt>
      <trkpt lat="68.998191095888614654541015625" lon="20.4629227705299854278564453125">
        <ele>774.4000244140625</ele>
        <time>2026-08-22T10:56:17.000Z</time>
        <extensions>
          <ns3:TrackPointExtension>
            <ns3:cad>47</ns3:cad>
          </ns3:TrackPointExtension>
        </extensions>
      </trkpt>
      <trkpt lat="68.99820484220981597900390625" lon="20.4629502631723880767822265625">
        <ele>774.20001220703125</ele>
        <time>2026-08-22T10:56:19.000Z</time>
        <extensions>
          <ns3:TrackPointExtension>
            <ns3:cad>47</ns3:cad>
          </ns3:TrackPointExtension>
        </extensions>
      </trkpt>
      <trkpt lat="68.99826426990330219268798828125" lon="20.46306467615067958831787109375">
        <ele>773.5999755859375</ele>
        <time>2026-08-22T10:56:26.000Z</time>
        <extensions>
          <ns3:TrackPointExtension>
            <ns3:cad>45</ns3:cad>
          </ns3:TrackPointExtension>
        </extensions>
      </trkpt>
      <trkpt lat="68.998288325965404510498046875" lon="20.46310172416269779205322265625">
        <ele>773.5999755859375</ele>
        <time>2026-08-22T10:56:29.000Z</time>
        <extensions>
          <ns3:TrackPointExtension>
            <ns3:cad>0</ns3:cad>
          </ns3:TrackPointExtension>
        </extensions>
      </trkpt>
      <trkpt lat="68.998304419219493865966796875" lon="20.46310893259942531585693359375">
        <ele>773.4000244140625</ele>
        <time>2026-08-22T10:56:31.000Z</time>
        <extensions>
          <ns3:TrackPointExtension>
            <ns3:cad>0</ns3:cad>
          </ns3:TrackPointExtension>
        </extensions>
      </trkpt>
      <trkpt lat="68.9983119629323482513427734375" lon="20.4631105251610279083251953125">
        <ele>773.4000244140625</ele>
        <time>2026-08-22T10:56:32.000Z</time>
        <extensions>
          <ns3:TrackPointExtension>
            <ns3:cad>0</ns3:cad>
          </ns3:TrackPointExtension>
        </extensions>
      </trkpt>
      <trkpt lat="68.99836183525621891021728515625" lon="20.4631236009299755096435546875">
        <ele>773.4000244140625</ele>
        <time>2026-08-22T10:56:37.000Z</time>
        <extensions>
          <ns3:TrackPointExtension>
            <ns3:cad>0</ns3:cad>
          </ns3:TrackPointExtension>
        </extensions>
      </trkpt>
      <trkpt lat="68.99839653633534908294677734375" lon="20.463119409978389739990234375">
        <ele>774</ele>
        <time>2026-08-22T10:56:43.000Z</time>
        <extensions>
          <ns3:TrackPointExtension>
            <ns3:cad>41</ns3:cad>
          </ns3:TrackPointExtension>
        </extensions>
      </trkpt>
      <trkpt lat="68.99843685328960418701171875" lon="20.46317162923514842987060546875">
        <ele>774</ele>
        <time>2026-08-22T10:56:49.000Z</time>
        <extensions>
          <ns3:TrackPointExtension>
            <ns3:cad>41</ns3:cad>
          </ns3:TrackPointExtension>
        </extensions>
      </trkpt>
      <trkpt lat="68.9984728954732418060302734375" lon="20.46321555040776729583740234375">
        <ele>774.20001220703125</ele>
        <time>2026-08-22T10:56:56.000Z</time>
        <extensions>
          <ns3:TrackPointExtension>
            <ns3:cad>60</ns3:cad>
          </ns3:TrackPointExtension>
        </extensions>
      </trkpt>
      <trkpt lat="68.9984853006899356842041015625" lon="20.46323164366185665130615234375">
        <ele>774.20001220703125</ele>
        <time>2026-08-22T10:57:01.000Z</time>
        <extensions>
          <ns3:TrackPointExtension>
            <ns3:cad>0</ns3:cad>
          </ns3:TrackPointExtension>
        </extensions>
      </trkpt>
      <trkpt lat="68.9985037408769130706787109375" lon="20.46334865503013134002685546875">
        <ele>774</ele>
        <time>2026-08-22T10:57:07.000Z</time>
        <extensions>
          <ns3:TrackPointExtension>
            <ns3:cad>0</ns3:cad>
          </ns3:TrackPointExtension>
        </extensions>
      </trkpt>
      <trkpt lat="68.9985086023807525634765625" lon="20.46346734277904033660888671875">
        <ele>773.79998779296875</ele>
        <time>2026-08-22T10:57:13.000Z</time>
        <extensions>
          <ns3:TrackPointExtension>
            <ns3:cad>0</ns3:cad>
          </ns3:TrackPointExtension>
        </extensions>
      </trkpt>
      <trkpt lat="68.99851220659911632537841796875" lon="20.46361587010324001312255859375">
        <ele>774</ele>
        <time>2026-08-22T10:57:20.000Z</time>
        <extensions>
          <ns3:TrackPointExtension>
            <ns3:cad>0</ns3:cad>
          </ns3:TrackPointExtension>
        </extensions>
      </trkpt>
      <trkpt lat="68.99852461181581020355224609375" lon="20.46381452120840549468994140625">
        <ele>774.20001220703125</ele>
        <time>2026-08-22T10:57:28.000Z</time>
        <extensions>
          <ns3:TrackPointExtension>
            <ns3:cad>0</ns3:cad>
          </ns3:TrackPointExtension>
        </extensions>
      </trkpt>
      <trkpt lat="68.9985211752355098724365234375" lon="20.4639497213065624237060546875">
        <ele>774</ele>
        <time>2026-08-22T10:57:34.000Z</time>
        <extensions>
          <ns3:TrackPointExtension>
            <ns3:cad>0</ns3:cad>
          </ns3:TrackPointExtension>
        </extensions>
      </trkpt>
      <trkpt lat="68.99851907975971698760986328125" lon="20.46401493251323699951171875">
        <ele>773.79998779296875</ele>
        <time>2026-08-22T10:57:37.000Z</time>
        <extensions>
          <ns3:TrackPointExtension>
            <ns3:cad>0</ns3:cad>
          </ns3:TrackPointExtension>
        </extensions>
      </trkpt>
      <trkpt lat="68.9985161460936069488525390625" lon="20.46405038796365261077880859375">
        <ele>773.79998779296875</ele>
        <time>2026-08-22T10:57:39.000Z</time>
        <extensions>
          <ns3:TrackPointExtension>
            <ns3:cad>0</ns3:cad>
          </ns3:TrackPointExtension>
        </extensions>
      </trkpt>
      <trkpt lat="68.9985131286084651947021484375" lon="20.46412582509219646453857421875">
        <ele>773.79998779296875</ele>
        <time>2026-08-22T10:57:45.000Z</time>
        <extensions>
          <ns3:TrackPointExtension>
            <ns3:cad>0</ns3:cad>
          </ns3:TrackPointExtension>
        </extensions>
      </trkpt>
      <trkpt lat="68.99850935675203800201416015625" lon="20.46408626250922679901123046875">
        <ele>774</ele>
        <time>2026-08-22T10:57:53.000Z</time>
        <extensions>
          <ns3:TrackPointExtension>
            <ns3:cad>0</ns3:cad>
          </ns3:TrackPointExtension>
        </extensions>
      </trkpt>
      <trkpt lat="68.99851220659911632537841796875" lon="20.4640764556825160980224609375">
        <ele>774</ele>
        <time>2026-08-22T10:57:59.000Z</time>
        <extensions>
          <ns3:TrackPointExtension>
            <ns3:cad>0</ns3:cad>
          </ns3:TrackPointExtension>
        </extensions>
      </trkpt>
      <trkpt lat="68.9985137991607189178466796875" lon="20.46410369686782360076904296875">
        <ele>774</ele>
        <time>2026-08-22T10:58:07.000Z</time>
        <extensions>
          <ns3:TrackPointExtension>
            <ns3:cad>0</ns3:cad>
          </ns3:TrackPointExtension>
        </extensions>
      </trkpt>
      <trkpt lat="68.99853064678609371185302734375" lon="20.4641770385205745697021484375">
        <ele>773.79998779296875</ele>
        <time>2026-08-22T10:58:12.000Z</time>
        <extensions>
          <ns3:TrackPointExtension>
            <ns3:cad>0</ns3:cad>
          </ns3:TrackPointExtension>
        </extensions>
      </trkpt>
      <trkpt lat="68.99851891212165355682373046875" lon="20.46421651728451251983642578125">
        <ele>773.5999755859375</ele>
        <time>2026-08-22T10:58:17.000Z</time>
        <extensions>
          <ns3:TrackPointExtension>
            <ns3:cad>0</ns3:cad>
          </ns3:TrackPointExtension>
        </extensions>
      </trkpt>
      <trkpt lat="68.99852427653968334197998046875" lon="20.464215762913227081298828125">
        <ele>773.20001220703125</ele>
        <time>2026-08-22T10:58:22.000Z</time>
        <extensions>
          <ns3:TrackPointExtension>
            <ns3:cad>0</ns3:cad>
          </ns3:TrackPointExtension>
        </extensions>
      </trkpt>
      <trkpt lat="68.99852595292031764984130859375" lon="20.4642075486481189727783203125">
        <ele>773.5999755859375</ele>
        <time>2026-08-22T10:58:26.000Z</time>
        <extensions>
          <ns3:TrackPointExtension>
            <ns3:cad>0</ns3:cad>
          </ns3:TrackPointExtension>
        </extensions>
      </trkpt>
      <trkpt lat="68.99853215552866458892822265625" lon="20.4641886055469512939453125">
        <ele>773.4000244140625</ele>
        <time>2026-08-22T10:58:31.000Z</time>
        <extensions>
          <ns3:TrackPointExtension>
            <ns3:cad>0</ns3:cad>
          </ns3:TrackPointExtension>
        </extensions>
      </trkpt>
      <trkpt lat="68.998529724776744842529296875" lon="20.46420562081038951873779296875">
        <ele>773.4000244140625</ele>
        <time>2026-08-22T10:58:38.000Z</time>
        <extensions>
          <ns3:TrackPointExtension>
            <ns3:cad>0</ns3:cad>
          </ns3:TrackPointExtension>
        </extensions>
      </trkpt>
      <trkpt lat="68.9985225163400173187255859375" lon="20.464163459837436676025390625">
        <ele>773.4000244140625</ele>
        <time>2026-08-22T10:58:47.000Z</time>
        <extensions>
          <ns3:TrackPointExtension>
            <ns3:cad>0</ns3:cad>
          </ns3:TrackPointExtension>
        </extensions>
      </trkpt>
      <trkpt lat="68.9985287189483642578125" lon="20.46415717341005802154541015625">
        <ele>773.20001220703125</ele>
        <time>2026-08-22T10:58:53.000Z</time>
        <extensions>
          <ns3:TrackPointExtension>
            <ns3:cad>0</ns3:cad>
          </ns3:TrackPointExtension>
        </extensions>
      </trkpt>
      <trkpt lat="68.9985111169517040252685546875" lon="20.46414091251790523529052734375">
        <ele>773.5999755859375</ele>
        <time>2026-08-22T10:58:59.000Z</time>
        <extensions>
          <ns3:TrackPointExtension>
            <ns3:cad>0</ns3:cad>
          </ns3:TrackPointExtension>
        </extensions>
      </trkpt>
      <trkpt lat="68.9985124580562114715576171875" lon="20.464142672717571258544921875">
        <ele>773.79998779296875</ele>
        <time>2026-08-22T10:59:01.000Z</time>
        <extensions>
          <ns3:TrackPointExtension>
            <ns3:cad>0</ns3:cad>
          </ns3:TrackPointExtension>
        </extensions>
      </trkpt>
      <trkpt lat="68.99853408336639404296875" lon="20.4640942253172397613525390625">
        <ele>773.4000244140625</ele>
        <time>2026-08-22T11:00:19.000Z</time>
        <extensions>
          <ns3:TrackPointExtension>
            <ns3:cad>0</ns3:cad>
          </ns3:TrackPointExtension>
        </extensions>
      </trkpt>
      <trkpt lat="68.998539783060550689697265625" lon="20.4640617035329341888427734375">
        <ele>773.4000244140625</ele>
        <time>2026-08-22T11:00:22.000Z</time>
        <extensions>
          <ns3:TrackPointExtension>
            <ns3:cad>0</ns3:cad>
          </ns3:TrackPointExtension>
        </extensions>
      </trkpt>
      <trkpt lat="68.9985704608261585235595703125" lon="20.46398433856666088104248046875">
        <ele>773.4000244140625</ele>
        <time>2026-08-22T11:00:28.000Z</time>
        <extensions>
          <ns3:TrackPointExtension>
            <ns3:cad>0</ns3:cad>
          </ns3:TrackPointExtension>
        </extensions>
      </trkpt>
      <trkpt lat="68.9985979534685611724853515625" lon="20.46388082206249237060546875">
        <ele>773</ele>
        <time>2026-08-22T11:00:35.000Z</time>
        <extensions>
          <ns3:TrackPointExtension>
            <ns3:cad>0</ns3:cad>
          </ns3:TrackPointExtension>
        </extensions>
      </trkpt>
      <trkpt lat="68.9986284635961055755615234375" lon="20.4637743718922138214111328125">
        <ele>772.5999755859375</ele>
        <time>2026-08-22T11:00:42.000Z</time>
        <extensions>
          <ns3:TrackPointExtension>
            <ns3:cad>0</ns3:cad>
          </ns3:TrackPointExtension>
        </extensions>
      </trkpt>
      <trkpt lat="68.9986361749470233917236328125" lon="20.46376548707485198974609375">
        <ele>772.4000244140625</ele>
        <time>2026-08-22T11:00:43.000Z</time>
        <extensions>
          <ns3:TrackPointExtension>
            <ns3:cad>0</ns3:cad>
          </ns3:TrackPointExtension>
        </extensions>
      </trkpt>
      <trkpt lat="68.99867397733032703399658203125" lon="20.46370807103812694549560546875">
        <ele>771.79998779296875</ele>
        <time>2026-08-22T11:00:47.000Z</time>
        <extensions>
          <ns3:TrackPointExtension>
            <ns3:cad>55</ns3:cad>
          </ns3:TrackPointExtension>
        </extensions>
      </trkpt>
      <trkpt lat="68.9987069182097911834716796875" lon="20.46364671550691127777099609375">
        <ele>771.20001220703125</ele>
        <time>2026-08-22T11:00:52.000Z</time>
        <extensions>
          <ns3:TrackPointExtension>
            <ns3:cad>0</ns3:cad>
          </ns3:TrackPointExtension>
        </extensions>
      </trkpt>
      <trkpt lat="68.99872862733900547027587890625" lon="20.46362073160707950592041015625">
        <ele>771.20001220703125</ele>
        <time>2026-08-22T11:00:55.000Z</time>
        <extensions>
          <ns3:TrackPointExtension>
            <ns3:cad>0</ns3:cad>
          </ns3:TrackPointExtension>
        </extensions>
      </trkpt>
      <trkpt lat="68.99875192902982234954833984375" lon="20.4635986872017383575439453125">
        <ele>770.79998779296875</ele>
        <time>2026-08-22T11:01:01.000Z</time>
        <extensions>
          <ns3:TrackPointExtension>
            <ns3:cad>0</ns3:cad>
          </ns3:TrackPointExtension>
        </extensions>
      </trkpt>
      <trkpt lat="68.9987739734351634979248046875" lon="20.463597513735294342041015625">
        <ele>770.20001220703125</ele>
        <time>2026-08-22T11:01:06.000Z</time>
        <extensions>
          <ns3:TrackPointExtension>
            <ns3:cad>0</ns3:cad>
          </ns3:TrackPointExtension>
        </extensions>
      </trkpt>
      <trkpt lat="68.998809345066547393798828125" lon="20.46364369802176952362060546875">
        <ele>769.20001220703125</ele>
        <time>2026-08-22T11:01:12.000Z</time>
        <extensions>
          <ns3:TrackPointExtension>
            <ns3:cad>47</ns3:cad>
          </ns3:TrackPointExtension>
        </extensions>
      </trkpt>
      <trkpt lat="68.9988121949136257171630859375" lon="20.46365073882043361663818359375">
        <ele>769</ele>
        <time>2026-08-22T11:01:13.000Z</time>
        <extensions>
          <ns3:TrackPointExtension>
            <ns3:cad>47</ns3:cad>
          </ns3:TrackPointExtension>
        </extensions>
      </trkpt>
      <trkpt lat="68.9988460578024387359619140625" lon="20.46371293254196643829345703125">
        <ele>768.20001220703125</ele>
        <time>2026-08-22T11:01:19.000Z</time>
        <extensions>
          <ns3:TrackPointExtension>
            <ns3:cad>48</ns3:cad>
          </ns3:TrackPointExtension>
        </extensions>
      </trkpt>
      <trkpt lat="68.998852930963039398193359375" lon="20.4637245833873748779296875">
        <ele>768</ele>
        <time>2026-08-22T11:01:20.000Z</time>
        <extensions>
          <ns3:TrackPointExtension>
            <ns3:cad>48</ns3:cad>
          </ns3:TrackPointExtension>
        </extensions>
      </trkpt>
      <trkpt lat="68.998886458575725555419921875" lon="20.46378954313695430755615234375">
        <ele>767.20001220703125</ele>
        <time>2026-08-22T11:01:25.000Z</time>
        <extensions>
          <ns3:TrackPointExtension>
            <ns3:cad>0</ns3:cad>
          </ns3:TrackPointExtension>
        </extensions>
      </trkpt>
      <trkpt lat="68.99890196509659290313720703125" lon="20.46380328945815563201904296875">
        <ele>766.79998779296875</ele>
        <time>2026-08-22T11:01:27.000Z</time>
        <extensions>
          <ns3:TrackPointExtension>
            <ns3:cad>0</ns3:cad>
          </ns3:TrackPointExtension>
        </extensions>
      </trkpt>
      <trkpt lat="68.9989100955426692962646484375" lon="20.463807396590709686279296875">
        <ele>766.79998779296875</ele>
        <time>2026-08-22T11:01:28.000Z</time>
        <extensions>
          <ns3:TrackPointExtension>
            <ns3:cad>0</ns3:cad>
          </ns3:TrackPointExtension>
        </extensions>
      </trkpt>
      <trkpt lat="68.998925350606441497802734375" lon="20.46382692642509937286376953125">
        <ele>766.5999755859375</ele>
        <time>2026-08-22T11:01:30.000Z</time>
        <extensions>
          <ns3:TrackPointExtension>
            <ns3:cad>0</ns3:cad>
          </ns3:TrackPointExtension>
        </extensions>
      </trkpt>
      <trkpt lat="68.99894152767956256866455078125" lon="20.4638625495135784149169921875">
        <ele>766.5999755859375</ele>
        <time>2026-08-22T11:01:32.000Z</time>
        <extensions>
          <ns3:TrackPointExtension>
            <ns3:cad>0</ns3:cad>
          </ns3:TrackPointExtension>
        </extensions>
      </trkpt>
      <trkpt lat="68.99897195398807525634765625" lon="20.46391024254262447357177734375">
        <ele>766.5999755859375</ele>
        <time>2026-08-22T11:01:35.000Z</time>
        <extensions>
          <ns3:TrackPointExtension>
            <ns3:cad>0</ns3:cad>
          </ns3:TrackPointExtension>
        </extensions>
      </trkpt>
      <trkpt lat="68.999010510742664337158203125" lon="20.4639544151723384857177734375">
        <ele>766.5999755859375</ele>
        <time>2026-08-22T11:01:39.000Z</time>
        <extensions>
          <ns3:TrackPointExtension>
            <ns3:cad>0</ns3:cad>
          </ns3:TrackPointExtension>
        </extensions>
      </trkpt>
      <trkpt lat="68.99906046688556671142578125" lon="20.46403496526181697845458984375">
        <ele>766.20001220703125</ele>
        <time>2026-08-22T11:01:46.000Z</time>
        <extensions>
          <ns3:TrackPointExtension>
            <ns3:cad>0</ns3:cad>
          </ns3:TrackPointExtension>
        </extensions>
      </trkpt>
      <trkpt lat="68.9991115964949131011962890625" lon="20.46409481205046176910400390625">
        <ele>765.79998779296875</ele>
        <time>2026-08-22T11:01:52.000Z</time>
        <extensions>
          <ns3:TrackPointExtension>
            <ns3:cad>46</ns3:cad>
          </ns3:TrackPointExtension>
        </extensions>
      </trkpt>
      <trkpt lat="68.99913984350860118865966796875" lon="20.4641052894294261932373046875">
        <ele>765.4000244140625</ele>
        <time>2026-08-22T11:01:56.000Z</time>
        <extensions>
          <ns3:TrackPointExtension>
            <ns3:cad>0</ns3:cad>
          </ns3:TrackPointExtension>
        </extensions>
      </trkpt>
      <trkpt lat="68.99914629757404327392578125" lon="20.46410889364778995513916015625">
        <ele>765.4000244140625</ele>
        <time>2026-08-22T11:01:57.000Z</time>
        <extensions>
          <ns3:TrackPointExtension>
            <ns3:cad>0</ns3:cad>
          </ns3:TrackPointExtension>
        </extensions>
      </trkpt>
      <trkpt lat="68.99917018599808216094970703125" lon="20.46412833966314792633056640625">
        <ele>765</ele>
        <time>2026-08-22T11:02:00.000Z</time>
        <extensions>
          <ns3:TrackPointExtension>
            <ns3:cad>0</ns3:cad>
          </ns3:TrackPointExtension>
        </extensions>
      </trkpt>
      <trkpt lat="68.99917714297771453857421875" lon="20.46412817202508449554443359375">
        <ele>764.79998779296875</ele>
        <time>2026-08-22T11:02:01.000Z</time>
        <extensions>
          <ns3:TrackPointExtension>
            <ns3:cad>0</ns3:cad>
          </ns3:TrackPointExtension>
        </extensions>
      </trkpt>
      <trkpt lat="68.99918862618505954742431640625" lon="20.46413135714828968048095703125">
        <ele>764.5999755859375</ele>
        <time>2026-08-22T11:02:02.000Z</time>
        <extensions>
          <ns3:TrackPointExtension>
            <ns3:cad>0</ns3:cad>
          </ns3:TrackPointExtension>
        </extensions>
      </trkpt>
      <trkpt lat="68.99922919459640979766845703125" lon="20.46417293138802051544189453125">
        <ele>763.79998779296875</ele>
        <time>2026-08-22T11:02:08.000Z</time>
        <extensions>
          <ns3:TrackPointExtension>
            <ns3:cad>0</ns3:cad>
          </ns3:TrackPointExtension>
        </extensions>
      </trkpt>
      <trkpt lat="68.99923372082412242889404296875" lon="20.46418835408985614776611328125">
        <ele>763.79998779296875</ele>
        <time>2026-08-22T11:02:09.000Z</time>
        <extensions>
          <ns3:TrackPointExtension>
            <ns3:cad>0</ns3:cad>
          </ns3:TrackPointExtension>
        </extensions>
      </trkpt>
      <trkpt lat="68.9992654882371425628662109375" lon="20.464272089302539825439453125">
        <ele>763.4000244140625</ele>
        <time>2026-08-22T11:02:14.000Z</time>
        <extensions>
          <ns3:TrackPointExtension>
            <ns3:cad>0</ns3:cad>
          </ns3:TrackPointExtension>
        </extensions>
      </trkpt>
      <trkpt lat="68.9992708526551723480224609375" lon="20.4642957262694835662841796875">
        <ele>763.20001220703125</ele>
        <time>2026-08-22T11:02:15.000Z</time>
        <extensions>
          <ns3:TrackPointExtension>
            <ns3:cad>0</ns3:cad>
          </ns3:TrackPointExtension>
        </extensions>
      </trkpt>
      <trkpt lat="68.99928686209022998809814453125" lon="20.464329421520233154296875">
        <ele>763.20001220703125</ele>
        <time>2026-08-22T11:02:17.000Z</time>
        <extensions>
          <ns3:TrackPointExtension>
            <ns3:cad>0</ns3:cad>
          </ns3:TrackPointExtension>
        </extensions>
      </trkpt>
      <trkpt lat="68.9993047155439853668212890625" lon="20.46435817144811153411865234375">
        <ele>763</ele>
        <time>2026-08-22T11:02:19.000Z</time>
        <extensions>
          <ns3:TrackPointExtension>
            <ns3:cad>0</ns3:cad>
          </ns3:TrackPointExtension>
        </extensions>
      </trkpt>
      <trkpt lat="68.9993362314999103546142578125" lon="20.464450456202030181884765625">
        <ele>762.5999755859375</ele>
        <time>2026-08-22T11:02:23.000Z</time>
        <extensions>
          <ns3:TrackPointExtension>
            <ns3:cad>0</ns3:cad>
          </ns3:TrackPointExtension>
        </extensions>
      </trkpt>
      <trkpt lat="68.9993456192314624786376953125" lon="20.46448406763374805450439453125">
        <ele>762.5999755859375</ele>
        <time>2026-08-22T11:02:25.000Z</time>
        <extensions>
          <ns3:TrackPointExtension>
            <ns3:cad>0</ns3:cad>
          </ns3:TrackPointExtension>
        </extensions>
      </trkpt>
      <trkpt lat="68.99937705136835575103759765625" lon="20.4644864983856678009033203125">
        <ele>762.79998779296875</ele>
        <time>2026-08-22T11:02:29.000Z</time>
        <extensions>
          <ns3:TrackPointExtension>
            <ns3:cad>0</ns3:cad>
          </ns3:TrackPointExtension>
        </extensions>
      </trkpt>
      <trkpt lat="68.99938191287219524383544921875" lon="20.46448004432022571563720703125">
        <ele>763</ele>
        <time>2026-08-22T11:02:30.000Z</time>
        <extensions>
          <ns3:TrackPointExtension>
            <ns3:cad>0</ns3:cad>
          </ns3:TrackPointExtension>
        </extensions>
      </trkpt>
      <trkpt lat="68.99939515627920627593994140625" lon="20.464492700994014739990234375">
        <ele>763.4000244140625</ele>
        <time>2026-08-22T11:02:34.000Z</time>
        <extensions>
          <ns3:TrackPointExtension>
            <ns3:cad>0</ns3:cad>
          </ns3:TrackPointExtension>
        </extensions>
      </trkpt>
      <trkpt lat="68.999415524303913116455078125" lon="20.46461733989417552947998046875">
        <ele>763.4000244140625</ele>
        <time>2026-08-22T11:02:40.000Z</time>
        <extensions>
          <ns3:TrackPointExtension>
            <ns3:cad>0</ns3:cad>
          </ns3:TrackPointExtension>
        </extensions>
      </trkpt>
      <trkpt lat="68.999438993632793426513671875" lon="20.46480945311486721038818359375">
        <ele>763.4000244140625</ele>
        <time>2026-08-22T11:02:47.000Z</time>
        <extensions>
          <ns3:TrackPointExtension>
            <ns3:cad>0</ns3:cad>
          </ns3:TrackPointExtension>
        </extensions>
      </trkpt>
      <trkpt lat="68.9994527399539947509765625" lon="20.46484415419399738311767578125">
        <ele>763.4000244140625</ele>
        <time>2026-08-22T11:02:49.000Z</time>
        <extensions>
          <ns3:TrackPointExtension>
            <ns3:cad>0</ns3:cad>
          </ns3:TrackPointExtension>
        </extensions>
      </trkpt>
      <trkpt lat="68.99948048405349254608154296875" lon="20.46489360742270946502685546875">
        <ele>763.20001220703125</ele>
        <time>2026-08-22T11:02:53.000Z</time>
        <extensions>
          <ns3:TrackPointExtension>
            <ns3:cad>40</ns3:cad>
          </ns3:TrackPointExtension>
        </extensions>
      </trkpt>
      <trkpt lat="68.999516777694225311279296875" lon="20.46500240452587604522705078125">
        <ele>763.20001220703125</ele>
        <time>2026-08-22T11:02:59.000Z</time>
        <extensions>
          <ns3:TrackPointExtension>
            <ns3:cad>0</ns3:cad>
          </ns3:TrackPointExtension>
        </extensions>
      </trkpt>
      <trkpt lat="68.999520801007747650146484375" lon="20.4650169052183628082275390625">
        <ele>763.20001220703125</ele>
        <time>2026-08-22T11:03:00.000Z</time>
        <extensions>
          <ns3:TrackPointExtension>
            <ns3:cad>0</ns3:cad>
          </ns3:TrackPointExtension>
        </extensions>
      </trkpt>
      <trkpt lat="68.99953898973762989044189453125" lon="20.4651367664337158203125">
        <ele>763</ele>
        <time>2026-08-22T11:03:05.000Z</time>
        <extensions>
          <ns3:TrackPointExtension>
            <ns3:cad>0</ns3:cad>
          </ns3:TrackPointExtension>
        </extensions>
      </trkpt>
      <trkpt lat="68.99953396059572696685791015625" lon="20.46517557464540004730224609375">
        <ele>763</ele>
        <time>2026-08-22T11:03:07.000Z</time>
        <extensions>
          <ns3:TrackPointExtension>
            <ns3:cad>42</ns3:cad>
          </ns3:TrackPointExtension>
        </extensions>
      </trkpt>
      <trkpt lat="68.99953010492026805877685546875" lon="20.46524128876626491546630859375">
        <ele>763</ele>
        <time>2026-08-22T11:03:10.000Z</time>
        <extensions>
          <ns3:TrackPointExtension>
            <ns3:cad>42</ns3:cad>
          </ns3:TrackPointExtension>
        </extensions>
      </trkpt>
      <trkpt lat="68.999524824321269989013671875" lon="20.465306751430034637451171875">
        <ele>763</ele>
        <time>2026-08-22T11:03:13.000Z</time>
        <extensions>
          <ns3:TrackPointExtension>
            <ns3:cad>0</ns3:cad>
          </ns3:TrackPointExtension>
        </extensions>
      </trkpt>
      <trkpt lat="68.99952272884547710418701171875" lon="20.4653622396290302276611328125">
        <ele>763</ele>
        <time>2026-08-22T11:03:15.000Z</time>
        <extensions>
          <ns3:TrackPointExtension>
            <ns3:cad>0</ns3:cad>
          </ns3:TrackPointExtension>
        </extensions>
      </trkpt>
      <trkpt lat="68.9995224773883819580078125" lon="20.465534068644046783447265625">
        <ele>762.79998779296875</ele>
        <time>2026-08-22T11:03:21.000Z</time>
        <extensions>
          <ns3:TrackPointExtension>
            <ns3:cad>0</ns3:cad>
          </ns3:TrackPointExtension>
        </extensions>
      </trkpt>
      <trkpt lat="68.99952373467385768890380859375" lon="20.4657219909131526947021484375">
        <ele>762.5999755859375</ele>
        <time>2026-08-22T11:03:28.000Z</time>
        <extensions>
          <ns3:TrackPointExtension>
            <ns3:cad>0</ns3:cad>
          </ns3:TrackPointExtension>
        </extensions>
      </trkpt>
      <trkpt lat="68.9995337091386318206787109375" lon="20.46576507389545440673828125">
        <ele>762.79998779296875</ele>
        <time>2026-08-22T11:03:35.000Z</time>
        <extensions>
          <ns3:TrackPointExtension>
            <ns3:cad>0</ns3:cad>
          </ns3:TrackPointExtension>
        </extensions>
      </trkpt>
      <trkpt lat="68.99953396059572696685791015625" lon="20.4657538421452045440673828125">
        <ele>762.79998779296875</ele>
        <time>2026-08-22T11:03:37.000Z</time>
        <extensions>
          <ns3:TrackPointExtension>
            <ns3:cad>0</ns3:cad>
          </ns3:TrackPointExtension>
        </extensions>
      </trkpt>
      <trkpt lat="68.99955089204013347625732421875" lon="20.46567614190280437469482421875">
        <ele>762.5999755859375</ele>
        <time>2026-08-22T11:03:42.000Z</time>
        <extensions>
          <ns3:TrackPointExtension>
            <ns3:cad>0</ns3:cad>
          </ns3:TrackPointExtension>
        </extensions>
      </trkpt>
      <trkpt lat="68.999572098255157470703125" lon="20.46555795706808567047119140625">
        <ele>762.5999755859375</ele>
        <time>2026-08-22T11:03:48.000Z</time>
        <extensions>
          <ns3:TrackPointExtension>
            <ns3:cad>0</ns3:cad>
          </ns3:TrackPointExtension>
        </extensions>
      </trkpt>
      <trkpt lat="68.9996088109910488128662109375" lon="20.46541881747543811798095703125">
        <ele>762.5999755859375</ele>
        <time>2026-08-22T11:03:55.000Z</time>
        <extensions>
          <ns3:TrackPointExtension>
            <ns3:cad>75</ns3:cad>
          </ns3:TrackPointExtension>
        </extensions>
      </trkpt>
      <trkpt lat="68.99964812211692333221435546875" lon="20.46534690074622631072998046875">
        <ele>762.5999755859375</ele>
        <time>2026-08-22T11:04:01.000Z</time>
        <extensions>
          <ns3:TrackPointExtension>
            <ns3:cad>0</ns3:cad>
          </ns3:TrackPointExtension>
        </extensions>
      </trkpt>
      <trkpt lat="68.999705873429775238037109375" lon="20.46539216302335262298583984375">
        <ele>762.4000244140625</ele>
        <time>2026-08-22T11:04:08.000Z</time>
        <extensions>
          <ns3:TrackPointExtension>
            <ns3:cad>0</ns3:cad>
          </ns3:TrackPointExtension>
        </extensions>
      </trkpt>
      <trkpt lat="68.999740071594715118408203125" lon="20.4654256068170070648193359375">
        <ele>762.4000244140625</ele>
        <time>2026-08-22T11:04:14.000Z</time>
        <extensions>
          <ns3:TrackPointExtension>
            <ns3:cad>0</ns3:cad>
          </ns3:TrackPointExtension>
        </extensions>
      </trkpt>
      <trkpt lat="68.99974887259304523468017578125" lon="20.46543113887310028076171875">
        <ele>762.4000244140625</ele>
        <time>2026-08-22T11:04:15.000Z</time>
        <extensions>
          <ns3:TrackPointExtension>
            <ns3:cad>0</ns3:cad>
          </ns3:TrackPointExtension>
        </extensions>
      </trkpt>
      <trkpt lat="68.99978843517601490020751953125" lon="20.46543390490114688873291015625">
        <ele>762.4000244140625</ele>
        <time>2026-08-22T11:04:20.000Z</time>
        <extensions>
          <ns3:TrackPointExtension>
            <ns3:cad>72</ns3:cad>
          </ns3:TrackPointExtension>
        </extensions>
      </trkpt>
      <trkpt lat="68.99981240741908550262451171875" lon="20.465471707284450531005859375">
        <ele>762.4000244140625</ele>
        <time>2026-08-22T11:04:25.000Z</time>
        <extensions>
          <ns3:TrackPointExtension>
            <ns3:cad>0</ns3:cad>
          </ns3:TrackPointExtension>
        </extensions>
      </trkpt>
      <trkpt lat="68.99983755312860012054443359375" lon="20.4655536822974681854248046875">
        <ele>762.20001220703125</ele>
        <time>2026-08-22T11:04:30.000Z</time>
        <extensions>
          <ns3:TrackPointExtension>
            <ns3:cad>0</ns3:cad>
          </ns3:TrackPointExtension>
        </extensions>
      </trkpt>
      <trkpt lat="68.99984300136566162109375" lon="20.465609170496463775634765625">
        <ele>762.20001220703125</ele>
        <time>2026-08-22T11:04:33.000Z</time>
        <extensions>
          <ns3:TrackPointExtension>
            <ns3:cad>0</ns3:cad>
          </ns3:TrackPointExtension>
        </extensions>
      </trkpt>
      <trkpt lat="68.99985062889754772186279296875" lon="20.46563054434955120086669921875">
        <ele>762.4000244140625</ele>
        <time>2026-08-22T11:04:35.000Z</time>
        <extensions>
          <ns3:TrackPointExtension>
            <ns3:cad>0</ns3:cad>
          </ns3:TrackPointExtension>
        </extensions>
      </trkpt>
      <trkpt lat="68.99986018426716327667236328125" lon="20.46563230454921722412109375">
        <ele>762.4000244140625</ele>
        <time>2026-08-22T11:04:36.000Z</time>
        <extensions>
          <ns3:TrackPointExtension>
            <ns3:cad>0</ns3:cad>
          </ns3:TrackPointExtension>
        </extensions>
      </trkpt>
      <trkpt lat="68.99989957921206951141357421875" lon="20.46563590876758098602294921875">
        <ele>762.4000244140625</ele>
        <time>2026-08-22T11:04:40.000Z</time>
        <extensions>
          <ns3:TrackPointExtension>
            <ns3:cad>0</ns3:cad>
          </ns3:TrackPointExtension>
        </extensions>
      </trkpt>
      <trkpt lat="68.99992438964545726776123046875" lon="20.46560347080230712890625">
        <ele>762.4000244140625</ele>
        <time>2026-08-22T11:04:43.000Z</time>
        <extensions>
          <ns3:TrackPointExtension>
            <ns3:cad>0</ns3:cad>
          </ns3:TrackPointExtension>
        </extensions>
      </trkpt>
      <trkpt lat="68.99996277876198291778564453125" lon="20.46555460430681705474853515625">
        <ele>762.79998779296875</ele>
        <time>2026-08-22T11:04:48.000Z</time>
        <extensions>
          <ns3:TrackPointExtension>
            <ns3:cad>0</ns3:cad>
          </ns3:TrackPointExtension>
        </extensions>
      </trkpt>
      <trkpt lat="69.00000317953526973724365234375" lon="20.4655385948717594146728515625">
        <ele>763.20001220703125</ele>
        <time>2026-08-22T11:04:55.000Z</time>
        <extensions>
          <ns3:TrackPointExtension>
            <ns3:cad>0</ns3:cad>
          </ns3:TrackPointExtension>
        </extensions>
      </trkpt>
      <trkpt lat="69.0000213682651519775390625" lon="20.46559634618461132049560546875">
        <ele>763.4000244140625</ele>
        <time>2026-08-22T11:04:58.000Z</time>
        <extensions>
          <ns3:TrackPointExtension>
            <ns3:cad>0</ns3:cad>
          </ns3:TrackPointExtension>
        </extensions>
      </trkpt>
      <trkpt lat="69.00003469549119472503662109375" lon="20.465654432773590087890625">
        <ele>763.4000244140625</ele>
        <time>2026-08-22T11:05:01.000Z</time>
        <extensions>
          <ns3:TrackPointExtension>
            <ns3:cad>64</ns3:cad>
          </ns3:TrackPointExtension>
        </extensions>
      </trkpt>
      <trkpt lat="69.00004089809954166412353515625" lon="20.465661473572254180908203125">
        <ele>763.4000244140625</ele>
        <time>2026-08-22T11:05:02.000Z</time>
        <extensions>
          <ns3:TrackPointExtension>
            <ns3:cad>64</ns3:cad>
          </ns3:TrackPointExtension>
        </extensions>
      </trkpt>
      <trkpt lat="69.00008129887282848358154296875" lon="20.4656584560871124267578125">
        <ele>763.5999755859375</ele>
        <time>2026-08-22T11:05:07.000Z</time>
        <extensions>
          <ns3:TrackPointExtension>
            <ns3:cad>0</ns3:cad>
          </ns3:TrackPointExtension>
        </extensions>
      </trkpt>
      <trkpt lat="69.00011633522808551788330078125" lon="20.46564814634621143341064453125">
        <ele>763.79998779296875</ele>
        <time>2026-08-22T11:05:11.000Z</time>
        <extensions>
          <ns3:TrackPointExtension>
            <ns3:cad>0</ns3:cad>
          </ns3:TrackPointExtension>
        </extensions>
      </trkpt>
      <trkpt lat="69.00012706406414508819580078125" lon="20.4656517505645751953125">
        <ele>763.79998779296875</ele>
        <time>2026-08-22T11:05:12.000Z</time>
        <extensions>
          <ns3:TrackPointExtension>
            <ns3:cad>0</ns3:cad>
          </ns3:TrackPointExtension>
        </extensions>
      </trkpt>
      <trkpt lat="69.00013527832925319671630859375" lon="20.46565468423068523406982421875">
        <ele>763.79998779296875</ele>
        <time>2026-08-22T11:05:13.000Z</time>
        <extensions>
          <ns3:TrackPointExtension>
            <ns3:cad>0</ns3:cad>
          </ns3:TrackPointExtension>
        </extensions>
      </trkpt>
      <trkpt lat="69.0002146549522876739501953125" lon="20.46572576276957988739013671875">
        <ele>763.5999755859375</ele>
        <time>2026-08-22T11:05:21.000Z</time>
        <extensions>
          <ns3:TrackPointExtension>
            <ns3:cad>0</ns3:cad>
          </ns3:TrackPointExtension>
        </extensions>
      </trkpt>
      <trkpt lat="69.00026201270520687103271484375" lon="20.46578024514019489288330078125">
        <ele>763.5999755859375</ele>
        <time>2026-08-22T11:05:27.000Z</time>
        <extensions>
          <ns3:TrackPointExtension>
            <ns3:cad>0</ns3:cad>
          </ns3:TrackPointExtension>
        </extensions>
      </trkpt>
      <trkpt lat="69.00029889307916164398193359375" lon="20.46582785435020923614501953125">
        <ele>763.5999755859375</ele>
        <time>2026-08-22T11:05:32.000Z</time>
        <extensions>
          <ns3:TrackPointExtension>
            <ns3:cad>0</ns3:cad>
          </ns3:TrackPointExtension>
        </extensions>
      </trkpt>
      <trkpt lat="69.00032890029251575469970703125" lon="20.46591921709477901458740234375">
        <ele>763.79998779296875</ele>
        <time>2026-08-22T11:05:38.000Z</time>
        <extensions>
          <ns3:TrackPointExtension>
            <ns3:cad>0</ns3:cad>
          </ns3:TrackPointExtension>
        </extensions>
      </trkpt>
      <trkpt lat="69.00033292360603809356689453125" lon="20.46605207026004791259765625">
        <ele>763.79998779296875</ele>
        <time>2026-08-22T11:05:44.000Z</time>
        <extensions>
          <ns3:TrackPointExtension>
            <ns3:cad>0</ns3:cad>
          </ns3:TrackPointExtension>
        </extensions>
      </trkpt>
      <trkpt lat="69.0003356896340847015380859375" lon="20.466141588985919952392578125">
        <ele>763.5999755859375</ele>
        <time>2026-08-22T11:05:49.000Z</time>
        <extensions>
          <ns3:TrackPointExtension>
            <ns3:cad>0</ns3:cad>
          </ns3:TrackPointExtension>
        </extensions>
      </trkpt>
      <trkpt lat="69.00033728219568729400634765625" lon="20.466212332248687744140625">
        <ele>763.5999755859375</ele>
        <time>2026-08-22T11:05:55.000Z</time>
        <extensions>
          <ns3:TrackPointExtension>
            <ns3:cad>0</ns3:cad>
          </ns3:TrackPointExtension>
        </extensions>
      </trkpt>
      <trkpt lat="69.00033929385244846343994140625" lon="20.466312579810619354248046875">
        <ele>763.5999755859375</ele>
        <time>2026-08-22T11:05:59.000Z</time>
        <extensions>
          <ns3:TrackPointExtension>
            <ns3:cad>0</ns3:cad>
          </ns3:TrackPointExtension>
        </extensions>
      </trkpt>
      <trkpt lat="69.00033979676663875579833984375" lon="20.4664550721645355224609375">
        <ele>763.5999755859375</ele>
        <time>2026-08-22T11:06:06.000Z</time>
        <extensions>
          <ns3:TrackPointExtension>
            <ns3:cad>0</ns3:cad>
          </ns3:TrackPointExtension>
        </extensions>
      </trkpt>
      <trkpt lat="69.000341556966304779052734375" lon="20.46661307103931903839111328125">
        <ele>763.5999755859375</ele>
        <time>2026-08-22T11:06:13.000Z</time>
        <extensions>
          <ns3:TrackPointExtension>
            <ns3:cad>0</ns3:cad>
          </ns3:TrackPointExtension>
        </extensions>
      </trkpt>
      <trkpt lat="69.00035186670720577239990234375" lon="20.4668133147060871124267578125">
        <ele>763.4000244140625</ele>
        <time>2026-08-22T11:06:21.000Z</time>
        <extensions>
          <ns3:TrackPointExtension>
            <ns3:cad>0</ns3:cad>
          </ns3:TrackPointExtension>
        </extensions>
      </trkpt>
      <trkpt lat="69.00036343373358249664306640625" lon="20.466936528682708740234375">
        <ele>763.4000244140625</ele>
        <time>2026-08-22T11:06:26.000Z</time>
        <extensions>
          <ns3:TrackPointExtension>
            <ns3:cad>0</ns3:cad>
          </ns3:TrackPointExtension>
        </extensions>
      </trkpt>
      <trkpt lat="69.00037206709384918212890625" lon="20.46696611680090427398681640625">
        <ele>763.4000244140625</ele>
        <time>2026-08-22T11:06:28.000Z</time>
        <extensions>
          <ns3:TrackPointExtension>
            <ns3:cad>0</ns3:cad>
          </ns3:TrackPointExtension>
        </extensions>
      </trkpt>
      <trkpt lat="69.00039008818566799163818359375" lon="20.46703870408236980438232421875">
        <ele>763.79998779296875</ele>
        <time>2026-08-22T11:06:33.000Z</time>
        <extensions>
          <ns3:TrackPointExtension>
            <ns3:cad>0</ns3:cad>
          </ns3:TrackPointExtension>
        </extensions>
      </trkpt>
      <trkpt lat="69.00039746426045894622802734375" lon="20.46706066466867923736572265625">
        <ele>763.79998779296875</ele>
        <time>2026-08-22T11:06:35.000Z</time>
        <extensions>
          <ns3:TrackPointExtension>
            <ns3:cad>0</ns3:cad>
          </ns3:TrackPointExtension>
        </extensions>
      </trkpt>
      <trkpt lat="69.0004074387252330780029296875" lon="20.46711598522961139678955078125">
        <ele>763.79998779296875</ele>
        <time>2026-08-22T11:06:38.000Z</time>
        <extensions>
          <ns3:TrackPointExtension>
            <ns3:cad>0</ns3:cad>
          </ns3:TrackPointExtension>
        </extensions>
      </trkpt>
      <trkpt lat="69.000443480908870697021484375" lon="20.4672793485224246978759765625">
        <ele>763.79998779296875</ele>
        <time>2026-08-22T11:06:45.000Z</time>
        <extensions>
          <ns3:TrackPointExtension>
            <ns3:cad>0</ns3:cad>
          </ns3:TrackPointExtension>
        </extensions>
      </trkpt>
      <trkpt lat="69.00047675706446170806884765625" lon="20.46738018281757831573486328125">
        <ele>764</ele>
        <time>2026-08-22T11:06:51.000Z</time>
        <extensions>
          <ns3:TrackPointExtension>
            <ns3:cad>0</ns3:cad>
          </ns3:TrackPointExtension>
        </extensions>
      </trkpt>
      <trkpt lat="69.00048916228115558624267578125" lon="20.46750708483159542083740234375">
        <ele>764.5999755859375</ele>
        <time>2026-08-22T11:06:57.000Z</time>
        <extensions>
          <ns3:TrackPointExtension>
            <ns3:cad>0</ns3:cad>
          </ns3:TrackPointExtension>
        </extensions>
      </trkpt>
      <trkpt lat="69.000496454536914825439453125" lon="20.4675479047000408172607421875">
        <ele>764.79998779296875</ele>
        <time>2026-08-22T11:07:01.000Z</time>
        <extensions>
          <ns3:TrackPointExtension>
            <ns3:cad>0</ns3:cad>
          </ns3:TrackPointExtension>
        </extensions>
      </trkpt>
      <trkpt lat="69.00049570016562938690185546875" lon="20.46758495271205902099609375">
        <ele>765</ele>
        <time>2026-08-22T11:07:03.000Z</time>
        <extensions>
          <ns3:TrackPointExtension>
            <ns3:cad>0</ns3:cad>
          </ns3:TrackPointExtension>
        </extensions>
      </trkpt>
      <trkpt lat="69.00050642900168895721435546875" lon="20.46769869513809680938720703125">
        <ele>765.20001220703125</ele>
        <time>2026-08-22T11:07:09.000Z</time>
        <extensions>
          <ns3:TrackPointExtension>
            <ns3:cad>0</ns3:cad>
          </ns3:TrackPointExtension>
        </extensions>
      </trkpt>
      <trkpt lat="69.00052235461771488189697265625" lon="20.467831380665302276611328125">
        <ele>765.20001220703125</ele>
        <time>2026-08-22T11:07:16.000Z</time>
        <extensions>
          <ns3:TrackPointExtension>
            <ns3:cad>0</ns3:cad>
          </ns3:TrackPointExtension>
        </extensions>
      </trkpt>
      <trkpt lat="69.00054213590919971466064453125" lon="20.46798057854175567626953125">
        <ele>765.5999755859375</ele>
        <time>2026-08-22T11:07:23.000Z</time>
        <extensions>
          <ns3:TrackPointExtension>
            <ns3:cad>0</ns3:cad>
          </ns3:TrackPointExtension>
        </extensions>
      </trkpt>
      <trkpt lat="69.0005489252507686614990234375" lon="20.46813405118882656097412109375">
        <ele>765.79998779296875</ele>
        <time>2026-08-22T11:07:29.000Z</time>
        <extensions>
          <ns3:TrackPointExtension>
            <ns3:cad>0</ns3:cad>
          </ns3:TrackPointExtension>
        </extensions>
      </trkpt>
      <trkpt lat="69.0005524456501007080078125" lon="20.46815785579383373260498046875">
        <ele>765.79998779296875</ele>
        <time>2026-08-22T11:07:30.000Z</time>
        <extensions>
          <ns3:TrackPointExtension>
            <ns3:cad>0</ns3:cad>
          </ns3:TrackPointExtension>
        </extensions>
      </trkpt>
      <trkpt lat="69.00056627579033374786376953125" lon="20.468251816928386688232421875">
        <ele>766</ele>
        <time>2026-08-22T11:07:35.000Z</time>
        <extensions>
          <ns3:TrackPointExtension>
            <ns3:cad>0</ns3:cad>
          </ns3:TrackPointExtension>
        </extensions>
      </trkpt>
      <trkpt lat="69.00057767517864704132080078125" lon="20.4684062115848064422607421875">
        <ele>766.5999755859375</ele>
        <time>2026-08-22T11:07:42.000Z</time>
        <extensions>
          <ns3:TrackPointExtension>
            <ns3:cad>76</ns3:cad>
          </ns3:TrackPointExtension>
        </extensions>
      </trkpt>
      <trkpt lat="69.000582285225391387939453125" lon="20.46844501979649066925048828125">
        <ele>766.79998779296875</ele>
        <time>2026-08-22T11:07:44.000Z</time>
        <extensions>
          <ns3:TrackPointExtension>
            <ns3:cad>76</ns3:cad>
          </ns3:TrackPointExtension>
        </extensions>
      </trkpt>
      <trkpt lat="69.00058572180569171905517578125" lon="20.4685510508716106414794921875">
        <ele>767.4000244140625</ele>
        <time>2026-08-22T11:07:49.000Z</time>
        <extensions>
          <ns3:TrackPointExtension>
            <ns3:cad>0</ns3:cad>
          </ns3:TrackPointExtension>
        </extensions>
      </trkpt>
      <trkpt lat="69.00057901628315448760986328125" lon="20.46862808056175708770751953125">
        <ele>767.79998779296875</ele>
        <time>2026-08-22T11:07:54.000Z</time>
        <extensions>
          <ns3:TrackPointExtension>
            <ns3:cad>0</ns3:cad>
          </ns3:TrackPointExtension>
        </extensions>
      </trkpt>
      <trkpt lat="69.0005792677402496337890625" lon="20.4686291702091693878173828125">
        <ele>767.79998779296875</ele>
        <time>2026-08-22T11:07:55.000Z</time>
        <extensions>
          <ns3:TrackPointExtension>
            <ns3:cad>0</ns3:cad>
          </ns3:TrackPointExtension>
        </extensions>
      </trkpt>
      <trkpt lat="69.00058018974959850311279296875" lon="20.468670912086963653564453125">
        <ele>768.4000244140625</ele>
        <time>2026-08-22T11:07:59.000Z</time>
        <extensions>
          <ns3:TrackPointExtension>
            <ns3:cad>0</ns3:cad>
          </ns3:TrackPointExtension>
        </extensions>
      </trkpt>
      <trkpt lat="69.00059913285076618194580078125" lon="20.46874224208295345306396484375">
        <ele>768.4000244140625</ele>
        <time>2026-08-22T11:08:05.000Z</time>
        <extensions>
          <ns3:TrackPointExtension>
            <ns3:cad>0</ns3:cad>
          </ns3:TrackPointExtension>
        </extensions>
      </trkpt>
      <trkpt lat="69.00058119557797908782958984375" lon="20.46879907138645648956298828125">
        <ele>768.4000244140625</ele>
        <time>2026-08-22T11:08:10.000Z</time>
        <extensions>
          <ns3:TrackPointExtension>
            <ns3:cad>0</ns3:cad>
          </ns3:TrackPointExtension>
        </extensions>
      </trkpt>
      <trkpt lat="69.0005613304674625396728515625" lon="20.46888389624655246734619140625">
        <ele>768</ele>
        <time>2026-08-22T11:08:15.000Z</time>
        <extensions>
          <ns3:TrackPointExtension>
            <ns3:cad>0</ns3:cad>
          </ns3:TrackPointExtension>
        </extensions>
      </trkpt>
      <trkpt lat="69.000538699328899383544921875" lon="20.4690137319266796112060546875">
        <ele>767.5999755859375</ele>
        <time>2026-08-22T11:08:21.000Z</time>
        <extensions>
          <ns3:TrackPointExtension>
            <ns3:cad>79</ns3:cad>
          </ns3:TrackPointExtension>
        </extensions>
      </trkpt>
      <trkpt lat="69.00051497854292392730712890625" lon="20.46910719014704227447509765625">
        <ele>767.4000244140625</ele>
        <time>2026-08-22T11:08:28.000Z</time>
        <extensions>
          <ns3:TrackPointExtension>
            <ns3:cad>75</ns3:cad>
          </ns3:TrackPointExtension>
        </extensions>
      </trkpt>
      <trkpt lat="69.00050994940102100372314453125" lon="20.46912730671465396881103515625">
        <ele>767.20001220703125</ele>
        <time>2026-08-22T11:08:35.000Z</time>
        <extensions>
          <ns3:TrackPointExtension>
            <ns3:cad>0</ns3:cad>
          </ns3:TrackPointExtension>
        </extensions>
      </trkpt>
      <trkpt lat="69.00048681534826755523681640625" lon="20.4691957868635654449462890625">
        <ele>767.20001220703125</ele>
        <time>2026-08-22T11:08:42.000Z</time>
        <extensions>
          <ns3:TrackPointExtension>
            <ns3:cad>0</ns3:cad>
          </ns3:TrackPointExtension>
        </extensions>
      </trkpt>
      <trkpt lat="69.0004808641970157623291015625" lon="20.46936434693634510040283203125">
        <ele>767.20001220703125</ele>
        <time>2026-08-22T11:08:50.000Z</time>
        <extensions>
          <ns3:TrackPointExtension>
            <ns3:cad>77</ns3:cad>
          </ns3:TrackPointExtension>
        </extensions>
      </trkpt>
      <trkpt lat="69.00049083866178989410400390625" lon="20.469442047178745269775390625">
        <ele>767.5999755859375</ele>
        <time>2026-08-22T11:08:56.000Z</time>
        <extensions>
          <ns3:TrackPointExtension>
            <ns3:cad>0</ns3:cad>
          </ns3:TrackPointExtension>
        </extensions>
      </trkpt>
      <trkpt lat="69.00049217976629734039306640625" lon="20.4694475792348384857177734375">
        <ele>767.5999755859375</ele>
        <time>2026-08-22T11:09:01.000Z</time>
        <extensions>
          <ns3:TrackPointExtension>
            <ns3:cad>0</ns3:cad>
          </ns3:TrackPointExtension>
        </extensions>
      </trkpt>
      <trkpt lat="69.00049637071788311004638671875" lon="20.4694351740181446075439453125">
        <ele>767.5999755859375</ele>
        <time>2026-08-22T11:09:10.000Z</time>
        <extensions>
          <ns3:TrackPointExtension>
            <ns3:cad>0</ns3:cad>
          </ns3:TrackPointExtension>
        </extensions>
      </trkpt>
      <trkpt lat="69.00050458498299121856689453125" lon="20.46941027976572513580322265625">
        <ele>767.5999755859375</ele>
        <time>2026-08-22T11:09:17.000Z</time>
        <extensions>
          <ns3:TrackPointExtension>
            <ns3:cad>0</ns3:cad>
          </ns3:TrackPointExtension>
        </extensions>
      </trkpt>
      <trkpt lat="69.0005231089890003204345703125" lon="20.4694345034658908843994140625">
        <ele>767.5999755859375</ele>
        <time>2026-08-22T11:09:22.000Z</time>
        <extensions>
          <ns3:TrackPointExtension>
            <ns3:cad>0</ns3:cad>
          </ns3:TrackPointExtension>
        </extensions>
      </trkpt>
      <trkpt lat="69.00055303238332271575927734375" lon="20.4694472439587116241455078125">
        <ele>767.79998779296875</ele>
        <time>2026-08-22T11:09:29.000Z</time>
        <extensions>
          <ns3:TrackPointExtension>
            <ns3:cad>0</ns3:cad>
          </ns3:TrackPointExtension>
        </extensions>
      </trkpt>
      <trkpt lat="69.00057549588382244110107421875" lon="20.46940089203417301177978515625">
        <ele>767.79998779296875</ele>
        <time>2026-08-22T11:09:35.000Z</time>
        <extensions>
          <ns3:TrackPointExtension>
            <ns3:cad>0</ns3:cad>
          </ns3:TrackPointExtension>
        </extensions>
      </trkpt>
      <trkpt lat="69.0006267093122005462646484375" lon="20.46928807161748409271240234375">
        <ele>767.79998779296875</ele>
        <time>2026-08-22T11:09:43.000Z</time>
        <extensions>
          <ns3:TrackPointExtension>
            <ns3:cad>0</ns3:cad>
          </ns3:TrackPointExtension>
        </extensions>
      </trkpt>
      <trkpt lat="69.0006666071712970733642578125" lon="20.4692239500582218170166015625">
        <ele>768.4000244140625</ele>
        <time>2026-08-22T11:09:49.000Z</time>
        <extensions>
          <ns3:TrackPointExtension>
            <ns3:cad>0</ns3:cad>
          </ns3:TrackPointExtension>
        </extensions>
      </trkpt>
      <trkpt lat="69.0007004700601100921630859375" lon="20.46917910687625408172607421875">
        <ele>769</ele>
        <time>2026-08-22T11:09:55.000Z</time>
        <extensions>
          <ns3:TrackPointExtension>
            <ns3:cad>70</ns3:cad>
          </ns3:TrackPointExtension>
        </extensions>
      </trkpt>
      <trkpt lat="69.000707007944583892822265625" lon="20.46917927451431751251220703125">
        <ele>769</ele>
        <time>2026-08-22T11:09:56.000Z</time>
        <extensions>
          <ns3:TrackPointExtension>
            <ns3:cad>72</ns3:cad>
          </ns3:TrackPointExtension>
        </extensions>
      </trkpt>
      <trkpt lat="69.000751264393329620361328125" lon="20.46918145380914211273193359375">
        <ele>769.5999755859375</ele>
        <time>2026-08-22T11:10:02.000Z</time>
        <extensions>
          <ns3:TrackPointExtension>
            <ns3:cad>74</ns3:cad>
          </ns3:TrackPointExtension>
        </extensions>
      </trkpt>
      <trkpt lat="69.00077548809349536895751953125" lon="20.46919888816773891448974609375">
        <ele>770</ele>
        <time>2026-08-22T11:10:08.000Z</time>
        <extensions>
          <ns3:TrackPointExtension>
            <ns3:cad>0</ns3:cad>
          </ns3:TrackPointExtension>
        </extensions>
      </trkpt>
      <trkpt lat="69.000799544155597686767578125" lon="20.469174496829509735107421875">
        <ele>770</ele>
        <time>2026-08-22T11:10:14.000Z</time>
        <extensions>
          <ns3:TrackPointExtension>
            <ns3:cad>0</ns3:cad>
          </ns3:TrackPointExtension>
        </extensions>
      </trkpt>
      <trkpt lat="69.0008064173161983489990234375" lon="20.46918489038944244384765625">
        <ele>770.20001220703125</ele>
        <time>2026-08-22T11:10:18.000Z</time>
        <extensions>
          <ns3:TrackPointExtension>
            <ns3:cad>0</ns3:cad>
          </ns3:TrackPointExtension>
        </extensions>
      </trkpt>
      <trkpt lat="69.00080717168748378753662109375" lon="20.469187907874584197998046875">
        <ele>770.20001220703125</ele>
        <time>2026-08-22T11:10:19.000Z</time>
        <extensions>
          <ns3:TrackPointExtension>
            <ns3:cad>0</ns3:cad>
          </ns3:TrackPointExtension>
        </extensions>
      </trkpt>
      <trkpt lat="69.00080633349716663360595703125" lon="20.4691786877810955047607421875">
        <ele>770.4000244140625</ele>
        <time>2026-08-22T11:10:21.000Z</time>
        <extensions>
          <ns3:TrackPointExtension>
            <ns3:cad>0</ns3:cad>
          </ns3:TrackPointExtension>
        </extensions>
      </trkpt>
      <trkpt lat="69.00080281309783458709716796875" lon="20.46916988678276538848876953125">
        <ele>770.4000244140625</ele>
        <time>2026-08-22T11:10:24.000Z</time>
        <extensions>
          <ns3:TrackPointExtension>
            <ns3:cad>0</ns3:cad>
          </ns3:TrackPointExtension>
        </extensions>
      </trkpt>
      <trkpt lat="69.000803567469120025634765625" lon="20.46917843632400035858154296875">
        <ele>770.4000244140625</ele>
        <time>2026-08-22T11:10:31.000Z</time>
        <extensions>
          <ns3:TrackPointExtension>
            <ns3:cad>0</ns3:cad>
          </ns3:TrackPointExtension>
        </extensions>
      </trkpt>
      <trkpt lat="69.00080264545977115631103515625" lon="20.469188578426837921142578125">
        <ele>770.5999755859375</ele>
        <time>2026-08-22T11:10:36.000Z</time>
        <extensions>
          <ns3:TrackPointExtension>
            <ns3:cad>0</ns3:cad>
          </ns3:TrackPointExtension>
        </extensions>
      </trkpt>
      <trkpt lat="69.00082804262638092041015625" lon="20.469191931188106536865234375">
        <ele>770.20001220703125</ele>
        <time>2026-08-22T11:10:42.000Z</time>
        <extensions>
          <ns3:TrackPointExtension>
            <ns3:cad>0</ns3:cad>
          </ns3:TrackPointExtension>
        </extensions>
      </trkpt>
      <trkpt lat="69.00084103457629680633544921875" lon="20.469213388860225677490234375">
        <ele>771</ele>
        <time>2026-08-22T11:10:45.000Z</time>
        <extensions>
          <ns3:TrackPointExtension>
            <ns3:cad>0</ns3:cad>
          </ns3:TrackPointExtension>
        </extensions>
      </trkpt>
      <trkpt lat="69.0008513443171977996826171875" lon="20.4692722298204898834228515625">
        <ele>771.5999755859375</ele>
        <time>2026-08-22T11:10:49.000Z</time>
        <extensions>
          <ns3:TrackPointExtension>
            <ns3:cad>0</ns3:cad>
          </ns3:TrackPointExtension>
        </extensions>
      </trkpt>
      <trkpt lat="69.0008607320487499237060546875" lon="20.469269715249538421630859375">
        <ele>771.79998779296875</ele>
        <time>2026-08-22T11:10:54.000Z</time>
        <extensions>
          <ns3:TrackPointExtension>
            <ns3:cad>0</ns3:cad>
          </ns3:TrackPointExtension>
        </extensions>
      </trkpt>
      <trkpt lat="69.000861905515193939208984375" lon="20.46928622759878635406494140625">
        <ele>772</ele>
        <time>2026-08-22T11:10:58.000Z</time>
        <extensions>
          <ns3:TrackPointExtension>
            <ns3:cad>0</ns3:cad>
          </ns3:TrackPointExtension>
        </extensions>
      </trkpt>
      <trkpt lat="69.00086224079132080078125" lon="20.46928815543651580810546875">
        <ele>772</ele>
        <time>2026-08-22T11:10:59.000Z</time>
        <extensions>
          <ns3:TrackPointExtension>
            <ns3:cad>0</ns3:cad>
          </ns3:TrackPointExtension>
        </extensions>
      </trkpt>
      <trkpt lat="69.00088705122470855712890625" lon="20.46933249570429325103759765625">
        <ele>772</ele>
        <time>2026-08-22T11:11:06.000Z</time>
        <extensions>
          <ns3:TrackPointExtension>
            <ns3:cad>75</ns3:cad>
          </ns3:TrackPointExtension>
        </extensions>
      </trkpt>
      <trkpt lat="69.00091714225709438323974609375" lon="20.46944598667323589324951171875">
        <ele>773</ele>
        <time>2026-08-22T11:11:13.000Z</time>
        <extensions>
          <ns3:TrackPointExtension>
            <ns3:cad>0</ns3:cad>
          </ns3:TrackPointExtension>
        </extensions>
      </trkpt>
      <trkpt lat="69.00091999210417270660400390625" lon="20.4694687016308307647705078125">
        <ele>773</ele>
        <time>2026-08-22T11:11:14.000Z</time>
        <extensions>
          <ns3:TrackPointExtension>
            <ns3:cad>0</ns3:cad>
          </ns3:TrackPointExtension>
        </extensions>
      </trkpt>
      <trkpt lat="69.000924937427043914794921875" lon="20.46954371966421604156494140625">
        <ele>773.4000244140625</ele>
        <time>2026-08-22T11:11:18.000Z</time>
        <extensions>
          <ns3:TrackPointExtension>
            <ns3:cad>0</ns3:cad>
          </ns3:TrackPointExtension>
        </extensions>
      </trkpt>
      <trkpt lat="69.0009415335953235626220703125" lon="20.46965519897639751434326171875">
        <ele>774</ele>
        <time>2026-08-22T11:11:23.000Z</time>
        <extensions>
          <ns3:TrackPointExtension>
            <ns3:cad>0</ns3:cad>
          </ns3:TrackPointExtension>
        </extensions>
      </trkpt>
      <trkpt lat="69.00093675591051578521728515625" lon="20.4697292111814022064208984375">
        <ele>774.4000244140625</ele>
        <time>2026-08-22T11:11:26.000Z</time>
        <extensions>
          <ns3:TrackPointExtension>
            <ns3:cad>0</ns3:cad>
          </ns3:TrackPointExtension>
        </extensions>
      </trkpt>
      <trkpt lat="69.00093826465308666229248046875" lon="20.4698160476982593536376953125">
        <ele>774.79998779296875</ele>
        <time>2026-08-22T11:11:32.000Z</time>
        <extensions>
          <ns3:TrackPointExtension>
            <ns3:cad>0</ns3:cad>
          </ns3:TrackPointExtension>
        </extensions>
      </trkpt>
      <trkpt lat="69.0009485743939876556396484375" lon="20.46992844901978969573974609375">
        <ele>775.20001220703125</ele>
        <time>2026-08-22T11:11:37.000Z</time>
        <extensions>
          <ns3:TrackPointExtension>
            <ns3:cad>0</ns3:cad>
          </ns3:TrackPointExtension>
        </extensions>
      </trkpt>
      <trkpt lat="69.000949077308177947998046875" lon="20.4699662514030933380126953125">
        <ele>775.20001220703125</ele>
        <time>2026-08-22T11:11:39.000Z</time>
        <extensions>
          <ns3:TrackPointExtension>
            <ns3:cad>0</ns3:cad>
          </ns3:TrackPointExtension>
        </extensions>
      </trkpt>
      <trkpt lat="69.00094916112720966339111328125" lon="20.4701003618538379669189453125">
        <ele>775.4000244140625</ele>
        <time>2026-08-22T11:11:46.000Z</time>
        <extensions>
          <ns3:TrackPointExtension>
            <ns3:cad>0</ns3:cad>
          </ns3:TrackPointExtension>
        </extensions>
      </trkpt>
      <trkpt lat="69.00093859992921352386474609375" lon="20.47022332437336444854736328125">
        <ele>775</ele>
        <time>2026-08-22T11:11:51.000Z</time>
        <extensions>
          <ns3:TrackPointExtension>
            <ns3:cad>0</ns3:cad>
          </ns3:TrackPointExtension>
        </extensions>
      </trkpt>
      <trkpt lat="69.00091764517128467559814453125" lon="20.4703213088214397430419921875">
        <ele>775.20001220703125</ele>
        <time>2026-08-22T11:11:58.000Z</time>
        <extensions>
          <ns3:TrackPointExtension>
            <ns3:cad>69</ns3:cad>
          </ns3:TrackPointExtension>
        </extensions>
      </trkpt>
      <trkpt lat="69.0009056590497493743896484375" lon="20.47034083865582942962646484375">
        <ele>775.4000244140625</ele>
        <time>2026-08-22T11:12:04.000Z</time>
        <extensions>
          <ns3:TrackPointExtension>
            <ns3:cad>0</ns3:cad>
          </ns3:TrackPointExtension>
        </extensions>
      </trkpt>
      <trkpt lat="69.00089618749916553497314453125" lon="20.4703353904187679290771484375">
        <ele>775.20001220703125</ele>
        <time>2026-08-22T11:12:11.000Z</time>
        <extensions>
          <ns3:TrackPointExtension>
            <ns3:cad>0</ns3:cad>
          </ns3:TrackPointExtension>
        </extensions>
      </trkpt>
      <trkpt lat="69.000910855829715728759765625" lon="20.4704185388982295989990234375">
        <ele>775.20001220703125</ele>
        <time>2026-08-22T11:12:18.000Z</time>
        <extensions>
          <ns3:TrackPointExtension>
            <ns3:cad>0</ns3:cad>
          </ns3:TrackPointExtension>
        </extensions>
      </trkpt>
      <trkpt lat="69.00092435069382190704345703125" lon="20.47050897963345050811767578125">
        <ele>775.20001220703125</ele>
        <time>2026-08-22T11:12:24.000Z</time>
        <extensions>
          <ns3:TrackPointExtension>
            <ns3:cad>0</ns3:cad>
          </ns3:TrackPointExtension>
        </extensions>
      </trkpt>
      <trkpt lat="69.00096089579164981842041015625" lon="20.47060109674930572509765625">
        <ele>775.20001220703125</ele>
        <time>2026-08-22T11:12:31.000Z</time>
        <extensions>
          <ns3:TrackPointExtension>
            <ns3:cad>0</ns3:cad>
          </ns3:TrackPointExtension>
        </extensions>
      </trkpt>
      <trkpt lat="69.00099492631852626800537109375" lon="20.47068650834262371063232421875">
        <ele>775</ele>
        <time>2026-08-22T11:12:38.000Z</time>
        <extensions>
          <ns3:TrackPointExtension>
            <ns3:cad>0</ns3:cad>
          </ns3:TrackPointExtension>
        </extensions>
      </trkpt>
      <trkpt lat="69.001034237444400787353515625" lon="20.47080988995730876922607421875">
        <ele>775.20001220703125</ele>
        <time>2026-08-22T11:12:46.000Z</time>
        <extensions>
          <ns3:TrackPointExtension>
            <ns3:cad>0</ns3:cad>
          </ns3:TrackPointExtension>
        </extensions>
      </trkpt>
      <trkpt lat="69.0010887198150157928466796875" lon="20.47084559686481952667236328125">
        <ele>775.5999755859375</ele>
        <time>2026-08-22T11:12:53.000Z</time>
        <extensions>
          <ns3:TrackPointExtension>
            <ns3:cad>75</ns3:cad>
          </ns3:TrackPointExtension>
        </extensions>
      </trkpt>
      <trkpt lat="69.00112065486609935760498046875" lon="20.4708912782371044158935546875">
        <ele>775.79998779296875</ele>
        <time>2026-08-22T11:13:00.000Z</time>
        <extensions>
          <ns3:TrackPointExtension>
            <ns3:cad>0</ns3:cad>
          </ns3:TrackPointExtension>
        </extensions>
      </trkpt>
      <trkpt lat="69.001128785312175750732421875" lon="20.4709972254931926727294921875">
        <ele>775.5999755859375</ele>
        <time>2026-08-22T11:13:06.000Z</time>
        <extensions>
          <ns3:TrackPointExtension>
            <ns3:cad>0</ns3:cad>
          </ns3:TrackPointExtension>
        </extensions>
      </trkpt>
      <trkpt lat="69.00112979114055633544921875" lon="20.4710153304040431976318359375">
        <ele>775.5999755859375</ele>
        <time>2026-08-22T11:13:07.000Z</time>
        <extensions>
          <ns3:TrackPointExtension>
            <ns3:cad>0</ns3:cad>
          </ns3:TrackPointExtension>
        </extensions>
      </trkpt>
      <trkpt lat="69.00114127434790134429931640625" lon="20.471041314303874969482421875">
        <ele>775.79998779296875</ele>
        <time>2026-08-22T11:13:10.000Z</time>
        <extensions>
          <ns3:TrackPointExtension>
            <ns3:cad>0</ns3:cad>
          </ns3:TrackPointExtension>
        </extensions>
      </trkpt>
      <trkpt lat="69.00114999152719974517822265625" lon="20.4710652865469455718994140625">
        <ele>775.79998779296875</ele>
        <time>2026-08-22T11:13:12.000Z</time>
        <extensions>
          <ns3:TrackPointExtension>
            <ns3:cad>0</ns3:cad>
          </ns3:TrackPointExtension>
        </extensions>
      </trkpt>
      <trkpt lat="69.0011532604694366455078125" lon="20.4710792005062103271484375">
        <ele>775.79998779296875</ele>
        <time>2026-08-22T11:13:13.000Z</time>
        <extensions>
          <ns3:TrackPointExtension>
            <ns3:cad>0</ns3:cad>
          </ns3:TrackPointExtension>
        </extensions>
      </trkpt>
      <trkpt lat="69.00117446668446063995361328125" lon="20.47113091684877872467041015625">
        <ele>775.4000244140625</ele>
        <time>2026-08-22T11:13:17.000Z</time>
        <extensions>
          <ns3:TrackPointExtension>
            <ns3:cad>0</ns3:cad>
          </ns3:TrackPointExtension>
        </extensions>
      </trkpt>
      <trkpt lat="69.00118737481534481048583984375" lon="20.4711601696908473968505859375">
        <ele>775.20001220703125</ele>
        <time>2026-08-22T11:13:19.000Z</time>
        <extensions>
          <ns3:TrackPointExtension>
            <ns3:cad>0</ns3:cad>
          </ns3:TrackPointExtension>
        </extensions>
      </trkpt>
      <trkpt lat="69.00120380334556102752685546875" lon="20.47122814692556858062744140625">
        <ele>775.20001220703125</ele>
        <time>2026-08-22T11:13:23.000Z</time>
        <extensions>
          <ns3:TrackPointExtension>
            <ns3:cad>0</ns3:cad>
          </ns3:TrackPointExtension>
        </extensions>
      </trkpt>
      <trkpt lat="69.00121553801000118255615234375" lon="20.4712537117302417755126953125">
        <ele>775.4000244140625</ele>
        <time>2026-08-22T11:13:25.000Z</time>
        <extensions>
          <ns3:TrackPointExtension>
            <ns3:cad>0</ns3:cad>
          </ns3:TrackPointExtension>
        </extensions>
      </trkpt>
      <trkpt lat="69.00122308172285556793212890625" lon="20.47125823795795440673828125">
        <ele>775.4000244140625</ele>
        <time>2026-08-22T11:13:26.000Z</time>
        <extensions>
          <ns3:TrackPointExtension>
            <ns3:cad>0</ns3:cad>
          </ns3:TrackPointExtension>
        </extensions>
      </trkpt>
      <trkpt lat="69.0012741275131702423095703125" lon="20.47127206809818744659423828125">
        <ele>775.79998779296875</ele>
        <time>2026-08-22T11:13:32.000Z</time>
        <extensions>
          <ns3:TrackPointExtension>
            <ns3:cad>0</ns3:cad>
          </ns3:TrackPointExtension>
        </extensions>
      </trkpt>
      <trkpt lat="69.00132299400866031646728515625" lon="20.471217669546604156494140625">
        <ele>776</ele>
        <time>2026-08-22T11:13:39.000Z</time>
        <extensions>
          <ns3:TrackPointExtension>
            <ns3:cad>0</ns3:cad>
          </ns3:TrackPointExtension>
        </extensions>
      </trkpt>
      <trkpt lat="69.0013576112687587738037109375" lon="20.47120392322540283203125">
        <ele>775.79998779296875</ele>
        <time>2026-08-22T11:13:46.000Z</time>
        <extensions>
          <ns3:TrackPointExtension>
            <ns3:cad>0</ns3:cad>
          </ns3:TrackPointExtension>
        </extensions>
      </trkpt>
      <trkpt lat="69.0014102496206760406494140625" lon="20.471239127218723297119140625">
        <ele>775.5999755859375</ele>
        <time>2026-08-22T11:13:53.000Z</time>
        <extensions>
          <ns3:TrackPointExtension>
            <ns3:cad>0</ns3:cad>
          </ns3:TrackPointExtension>
        </extensions>
      </trkpt>
      <trkpt lat="69.00145190767943859100341796875" lon="20.4713232815265655517578125">
        <ele>775.4000244140625</ele>
        <time>2026-08-22T11:14:00.000Z</time>
        <extensions>
          <ns3:TrackPointExtension>
            <ns3:cad>0</ns3:cad>
          </ns3:TrackPointExtension>
        </extensions>
      </trkpt>
      <trkpt lat="69.001470766961574554443359375" lon="20.4713941924273967742919921875">
        <ele>774.79998779296875</ele>
        <time>2026-08-22T11:14:06.000Z</time>
        <extensions>
          <ns3:TrackPointExtension>
            <ns3:cad>0</ns3:cad>
          </ns3:TrackPointExtension>
        </extensions>
      </trkpt>
      <trkpt lat="69.00148359127342700958251953125" lon="20.4714816994965076446533203125">
        <ele>774</ele>
        <time>2026-08-22T11:14:12.000Z</time>
        <extensions>
          <ns3:TrackPointExtension>
            <ns3:cad>43</ns3:cad>
          </ns3:TrackPointExtension>
        </extensions>
      </trkpt>
      <trkpt lat="69.00148694403469562530517578125" lon="20.47149335034191608428955078125">
        <ele>773.79998779296875</ele>
        <time>2026-08-22T11:14:13.000Z</time>
        <extensions>
          <ns3:TrackPointExtension>
            <ns3:cad>43</ns3:cad>
          </ns3:TrackPointExtension>
        </extensions>
      </trkpt>
      <trkpt lat="69.00149599649012088775634765625" lon="20.4715324938297271728515625">
        <ele>773.4000244140625</ele>
        <time>2026-08-22T11:14:15.000Z</time>
        <extensions>
          <ns3:TrackPointExtension>
            <ns3:cad>0</ns3:cad>
          </ns3:TrackPointExtension>
        </extensions>
      </trkpt>
      <trkpt lat="69.00150597095489501953125" lon="20.47157683409750461578369140625">
        <ele>773</ele>
        <time>2026-08-22T11:14:17.000Z</time>
        <extensions>
          <ns3:TrackPointExtension>
            <ns3:cad>0</ns3:cad>
          </ns3:TrackPointExtension>
        </extensions>
      </trkpt>
      <trkpt lat="69.00151812471449375152587890625" lon="20.4716124571859836578369140625">
        <ele>772.79998779296875</ele>
        <time>2026-08-22T11:14:19.000Z</time>
        <extensions>
          <ns3:TrackPointExtension>
            <ns3:cad>0</ns3:cad>
          </ns3:TrackPointExtension>
        </extensions>
      </trkpt>
      <trkpt lat="69.00153480470180511474609375" lon="20.4716805182397365570068359375">
        <ele>772.79998779296875</ele>
        <time>2026-08-22T11:14:22.000Z</time>
        <extensions>
          <ns3:TrackPointExtension>
            <ns3:cad>0</ns3:cad>
          </ns3:TrackPointExtension>
        </extensions>
      </trkpt>
      <trkpt lat="69.00155819021165370941162109375" lon="20.4717790894210338592529296875">
        <ele>772.4000244140625</ele>
        <time>2026-08-22T11:14:26.000Z</time>
        <extensions>
          <ns3:TrackPointExtension>
            <ns3:cad>44</ns3:cad>
          </ns3:TrackPointExtension>
        </extensions>
      </trkpt>
      <trkpt lat="69.00156975723803043365478515625" lon="20.471879504621028900146484375">
        <ele>772</ele>
        <time>2026-08-22T11:14:30.000Z</time>
        <extensions>
          <ns3:TrackPointExtension>
            <ns3:cad>44</ns3:cad>
          </ns3:TrackPointExtension>
        </extensions>
      </trkpt>
      <trkpt lat="69.00158132426440715789794921875" lon="20.47194890677928924560546875">
        <ele>772.20001220703125</ele>
        <time>2026-08-22T11:14:33.000Z</time>
        <extensions>
          <ns3:TrackPointExtension>
            <ns3:cad>45</ns3:cad>
          </ns3:TrackPointExtension>
        </extensions>
      </trkpt>
      <trkpt lat="69.00161736644804477691650390625" lon="20.47212065197527408599853515625">
        <ele>772.20001220703125</ele>
        <time>2026-08-22T11:14:40.000Z</time>
        <extensions>
          <ns3:TrackPointExtension>
            <ns3:cad>41</ns3:cad>
          </ns3:TrackPointExtension>
        </extensions>
      </trkpt>
      <trkpt lat="69.00165072642266750335693359375" lon="20.47219567000865936279296875">
        <ele>773</ele>
        <time>2026-08-22T11:14:46.000Z</time>
        <extensions>
          <ns3:TrackPointExtension>
            <ns3:cad>41</ns3:cad>
          </ns3:TrackPointExtension>
        </extensions>
      </trkpt>
      <trkpt lat="69.001657851040363311767578125" lon="20.47220815904438495635986328125">
        <ele>773</ele>
        <time>2026-08-22T11:14:47.000Z</time>
        <extensions>
          <ns3:TrackPointExtension>
            <ns3:cad>73</ns3:cad>
          </ns3:TrackPointExtension>
        </extensions>
      </trkpt>
      <trkpt lat="69.00167763233184814453125" lon="20.47226834110915660858154296875">
        <ele>772.79998779296875</ele>
        <time>2026-08-22T11:14:50.000Z</time>
        <extensions>
          <ns3:TrackPointExtension>
            <ns3:cad>73</ns3:cad>
          </ns3:TrackPointExtension>
        </extensions>
      </trkpt>
      <trkpt lat="69.0016977488994598388671875" lon="20.47232399694621562957763671875">
        <ele>772.4000244140625</ele>
        <time>2026-08-22T11:14:53.000Z</time>
        <extensions>
          <ns3:TrackPointExtension>
            <ns3:cad>44</ns3:cad>
          </ns3:TrackPointExtension>
        </extensions>
      </trkpt>
      <trkpt lat="69.00170470587909221649169921875" lon="20.47241292893886566162109375">
        <ele>772</ele>
        <time>2026-08-22T11:14:58.000Z</time>
        <extensions>
          <ns3:TrackPointExtension>
            <ns3:cad>0</ns3:cad>
          </ns3:TrackPointExtension>
        </extensions>
      </trkpt>
      <trkpt lat="69.00172499008476734161376953125" lon="20.47255651094019412994384765625">
        <ele>772.20001220703125</ele>
        <time>2026-08-22T11:15:04.000Z</time>
        <extensions>
          <ns3:TrackPointExtension>
            <ns3:cad>0</ns3:cad>
          </ns3:TrackPointExtension>
        </extensions>
      </trkpt>
      <trkpt lat="69.00172046385705471038818359375" lon="20.472596324980258941650390625">
        <ele>772</ele>
        <time>2026-08-22T11:15:06.000Z</time>
        <extensions>
          <ns3:TrackPointExtension>
            <ns3:cad>0</ns3:cad>
          </ns3:TrackPointExtension>
        </extensions>
      </trkpt>
      <trkpt lat="69.001710154116153717041015625" lon="20.47264485619962215423583984375">
        <ele>772.20001220703125</ele>
        <time>2026-08-22T11:15:09.000Z</time>
        <extensions>
          <ns3:TrackPointExtension>
            <ns3:cad>0</ns3:cad>
          </ns3:TrackPointExtension>
        </extensions>
      </trkpt>
      <trkpt lat="69.00169632397592067718505859375" lon="20.4726839996874332427978515625">
        <ele>772.4000244140625</ele>
        <time>2026-08-22T11:15:12.000Z</time>
        <extensions>
          <ns3:TrackPointExtension>
            <ns3:cad>0</ns3:cad>
          </ns3:TrackPointExtension>
        </extensions>
      </trkpt>
      <trkpt lat="69.00167738087475299835205078125" lon="20.472706295549869537353515625">
        <ele>772.79998779296875</ele>
        <time>2026-08-22T11:15:15.000Z</time>
        <extensions>
          <ns3:TrackPointExtension>
            <ns3:cad>0</ns3:cad>
          </ns3:TrackPointExtension>
        </extensions>
      </trkpt>
      <trkpt lat="69.001661203801631927490234375" lon="20.47274393029510974884033203125">
        <ele>773.20001220703125</ele>
        <time>2026-08-22T11:15:18.000Z</time>
        <extensions>
          <ns3:TrackPointExtension>
            <ns3:cad>0</ns3:cad>
          </ns3:TrackPointExtension>
        </extensions>
      </trkpt>
      <trkpt lat="69.00164033286273479461669921875" lon="20.47279112040996551513671875">
        <ele>773.20001220703125</ele>
        <time>2026-08-22T11:15:22.000Z</time>
        <extensions>
          <ns3:TrackPointExtension>
            <ns3:cad>0</ns3:cad>
          </ns3:TrackPointExtension>
        </extensions>
      </trkpt>
      <trkpt lat="69.0016328729689121246337890625" lon="20.47279958613216876983642578125">
        <ele>773.20001220703125</ele>
        <time>2026-08-22T11:15:28.000Z</time>
        <extensions>
          <ns3:TrackPointExtension>
            <ns3:cad>0</ns3:cad>
          </ns3:TrackPointExtension>
        </extensions>
      </trkpt>
      <trkpt lat="69.00163161568343639373779296875" lon="20.4727976582944393157958984375">
        <ele>773.4000244140625</ele>
        <time>2026-08-22T11:15:30.000Z</time>
        <extensions>
          <ns3:TrackPointExtension>
            <ns3:cad>0</ns3:cad>
          </ns3:TrackPointExtension>
        </extensions>
      </trkpt>
      <trkpt lat="69.00163714773952960968017578125" lon="20.47279204241931438446044921875">
        <ele>773.4000244140625</ele>
        <time>2026-08-22T11:15:34.000Z</time>
        <extensions>
          <ns3:TrackPointExtension>
            <ns3:cad>0</ns3:cad>
          </ns3:TrackPointExtension>
        </extensions>
      </trkpt>
      <trkpt lat="69.00163580663502216339111328125" lon="20.47283227555453777313232421875">
        <ele>773.4000244140625</ele>
        <time>2026-08-22T11:15:40.000Z</time>
        <extensions>
          <ns3:TrackPointExtension>
            <ns3:cad>0</ns3:cad>
          </ns3:TrackPointExtension>
        </extensions>
      </trkpt>
      <trkpt lat="69.0016365610063076019287109375" lon="20.472797490656375885009765625">
        <ele>773.20001220703125</ele>
        <time>2026-08-22T11:15:47.000Z</time>
        <extensions>
          <ns3:TrackPointExtension>
            <ns3:cad>0</ns3:cad>
          </ns3:TrackPointExtension>
        </extensions>
      </trkpt>
      <trkpt lat="69.00164167396724224090576171875" lon="20.47278030775487422943115234375">
        <ele>773.20001220703125</ele>
        <time>2026-08-22T11:15:54.000Z</time>
        <extensions>
          <ns3:TrackPointExtension>
            <ns3:cad>0</ns3:cad>
          </ns3:TrackPointExtension>
        </extensions>
      </trkpt>
      <trkpt lat="69.00165709666907787322998046875" lon="20.47279723919928073883056640625">
        <ele>773</ele>
        <time>2026-08-22T11:16:01.000Z</time>
        <extensions>
          <ns3:TrackPointExtension>
            <ns3:cad>0</ns3:cad>
          </ns3:TrackPointExtension>
        </extensions>
      </trkpt>
      <trkpt lat="69.00169565342366695404052734375" lon="20.4727758653461933135986328125">
        <ele>773</ele>
        <time>2026-08-22T11:16:08.000Z</time>
        <extensions>
          <ns3:TrackPointExtension>
            <ns3:cad>0</ns3:cad>
          </ns3:TrackPointExtension>
        </extensions>
      </trkpt>
      <trkpt lat="69.00172499008476734161376953125" lon="20.4727684892714023590087890625">
        <ele>772.5999755859375</ele>
        <time>2026-08-22T11:16:13.000Z</time>
        <extensions>
          <ns3:TrackPointExtension>
            <ns3:cad>0</ns3:cad>
          </ns3:TrackPointExtension>
        </extensions>
      </trkpt>
      <trkpt lat="69.00176723487675189971923828125" lon="20.47274015843868255615234375">
        <ele>772.4000244140625</ele>
        <time>2026-08-22T11:16:19.000Z</time>
        <extensions>
          <ns3:TrackPointExtension>
            <ns3:cad>0</ns3:cad>
          </ns3:TrackPointExtension>
        </extensions>
      </trkpt>
      <trkpt lat="69.00181082077324390411376953125" lon="20.47277024947106838226318359375">
        <ele>772.20001220703125</ele>
        <time>2026-08-22T11:16:24.000Z</time>
        <extensions>
          <ns3:TrackPointExtension>
            <ns3:cad>0</ns3:cad>
          </ns3:TrackPointExtension>
        </extensions>
      </trkpt>
      <trkpt lat="69.001867063343524932861328125" lon="20.4728627018630504608154296875">
        <ele>772.20001220703125</ele>
        <time>2026-08-22T11:16:31.000Z</time>
        <extensions>
          <ns3:TrackPointExtension>
            <ns3:cad>0</ns3:cad>
          </ns3:TrackPointExtension>
        </extensions>
      </trkpt>
      <trkpt lat="69.00189933367073535919189453125" lon="20.47297376208007335662841796875">
        <ele>772.20001220703125</ele>
        <time>2026-08-22T11:16:36.000Z</time>
        <extensions>
          <ns3:TrackPointExtension>
            <ns3:cad>42</ns3:cad>
          </ns3:TrackPointExtension>
        </extensions>
      </trkpt>
      <trkpt lat="69.0019188635051250457763671875" lon="20.473076440393924713134765625">
        <ele>772</ele>
        <time>2026-08-22T11:16:41.000Z</time>
        <extensions>
          <ns3:TrackPointExtension>
            <ns3:cad>0</ns3:cad>
          </ns3:TrackPointExtension>
        </extensions>
      </trkpt>
      <trkpt lat="69.0019463561475276947021484375" lon="20.4731352813541889190673828125">
        <ele>772.20001220703125</ele>
        <time>2026-08-22T11:16:46.000Z</time>
        <extensions>
          <ns3:TrackPointExtension>
            <ns3:cad>79</ns3:cad>
          </ns3:TrackPointExtension>
        </extensions>
      </trkpt>
      <trkpt lat="69.0019658021628856658935546875" lon="20.47320149838924407958984375">
        <ele>772.20001220703125</ele>
        <time>2026-08-22T11:16:52.000Z</time>
        <extensions>
          <ns3:TrackPointExtension>
            <ns3:cad>0</ns3:cad>
          </ns3:TrackPointExtension>
        </extensions>
      </trkpt>
      <trkpt lat="69.00199958123266696929931640625" lon="20.47328925691545009613037109375">
        <ele>772.20001220703125</ele>
        <time>2026-08-22T11:16:59.000Z</time>
        <extensions>
          <ns3:TrackPointExtension>
            <ns3:cad>0</ns3:cad>
          </ns3:TrackPointExtension>
        </extensions>
      </trkpt>
      <trkpt lat="69.00203461758792400360107421875" lon="20.47337676398456096649169921875">
        <ele>772.4000244140625</ele>
        <time>2026-08-22T11:17:05.000Z</time>
        <extensions>
          <ns3:TrackPointExtension>
            <ns3:cad>45</ns3:cad>
          </ns3:TrackPointExtension>
        </extensions>
      </trkpt>
      <trkpt lat="69.0020650438964366912841796875" lon="20.47346862964332103729248046875">
        <ele>772.4000244140625</ele>
        <time>2026-08-22T11:17:10.000Z</time>
        <extensions>
          <ns3:TrackPointExtension>
            <ns3:cad>41</ns3:cad>
          </ns3:TrackPointExtension>
        </extensions>
      </trkpt>
      <trkpt lat="69.00211323983967304229736328125" lon="20.47357575036585330963134765625">
        <ele>772.5999755859375</ele>
        <time>2026-08-22T11:17:19.000Z</time>
        <extensions>
          <ns3:TrackPointExtension>
            <ns3:cad>0</ns3:cad>
          </ns3:TrackPointExtension>
        </extensions>
      </trkpt>
      <trkpt lat="69.002123214304447174072265625" lon="20.47357273288071155548095703125">
        <ele>772.5999755859375</ele>
        <time>2026-08-22T11:17:21.000Z</time>
        <extensions>
          <ns3:TrackPointExtension>
            <ns3:cad>0</ns3:cad>
          </ns3:TrackPointExtension>
        </extensions>
      </trkpt>
      <trkpt lat="69.00213670916855335235595703125" lon="20.47359067015349864959716796875">
        <ele>772.79998779296875</ele>
        <time>2026-08-22T11:17:23.000Z</time>
        <extensions>
          <ns3:TrackPointExtension>
            <ns3:cad>0</ns3:cad>
          </ns3:TrackPointExtension>
        </extensions>
      </trkpt>
      <trkpt lat="69.0021619386970996856689453125" lon="20.47364414669573307037353515625">
        <ele>773.5999755859375</ele>
        <time>2026-08-22T11:17:27.000Z</time>
        <extensions>
          <ns3:TrackPointExtension>
            <ns3:cad>0</ns3:cad>
          </ns3:TrackPointExtension>
        </extensions>
      </trkpt>
      <trkpt lat="69.00218280963599681854248046875" lon="20.47367683611810207366943359375">
        <ele>774</ele>
        <time>2026-08-22T11:17:30.000Z</time>
        <extensions>
          <ns3:TrackPointExtension>
            <ns3:cad>0</ns3:cad>
          </ns3:TrackPointExtension>
        </extensions>
      </trkpt>
      <trkpt lat="69.00220158509910106658935546875" lon="20.473699383437633514404296875">
        <ele>774.4000244140625</ele>
        <time>2026-08-22T11:17:33.000Z</time>
        <extensions>
          <ns3:TrackPointExtension>
            <ns3:cad>0</ns3:cad>
          </ns3:TrackPointExtension>
        </extensions>
      </trkpt>
      <trkpt lat="69.00222639553248882293701171875" lon="20.47373232431709766387939453125">
        <ele>775.20001220703125</ele>
        <time>2026-08-22T11:17:37.000Z</time>
        <extensions>
          <ns3:TrackPointExtension>
            <ns3:cad>0</ns3:cad>
          </ns3:TrackPointExtension>
        </extensions>
      </trkpt>
      <trkpt lat="69.0022449195384979248046875" lon="20.473777167499065399169921875">
        <ele>775.5999755859375</ele>
        <time>2026-08-22T11:17:40.000Z</time>
        <extensions>
          <ns3:TrackPointExtension>
            <ns3:cad>0</ns3:cad>
          </ns3:TrackPointExtension>
        </extensions>
      </trkpt>
      <trkpt lat="69.002269394695758819580078125" lon="20.47382511198520660400390625">
        <ele>776.20001220703125</ele>
        <time>2026-08-22T11:17:45.000Z</time>
        <extensions>
          <ns3:TrackPointExtension>
            <ns3:cad>0</ns3:cad>
          </ns3:TrackPointExtension>
        </extensions>
      </trkpt>
      <trkpt lat="69.00227635167539119720458984375" lon="20.473833493888378143310546875">
        <ele>776.5999755859375</ele>
        <time>2026-08-22T11:17:47.000Z</time>
        <extensions>
          <ns3:TrackPointExtension>
            <ns3:cad>0</ns3:cad>
          </ns3:TrackPointExtension>
        </extensions>
      </trkpt>
      <trkpt lat="69.00229076854884624481201171875" lon="20.47389711253345012664794921875">
        <ele>777.20001220703125</ele>
        <time>2026-08-22T11:17:52.000Z</time>
        <extensions>
          <ns3:TrackPointExtension>
            <ns3:cad>0</ns3:cad>
          </ns3:TrackPointExtension>
        </extensions>
      </trkpt>
      <trkpt lat="69.0022943727672100067138671875" lon="20.4739101044833660125732421875">
        <ele>777.4000244140625</ele>
        <time>2026-08-22T11:17:53.000Z</time>
        <extensions>
          <ns3:TrackPointExtension>
            <ns3:cad>0</ns3:cad>
          </ns3:TrackPointExtension>
        </extensions>
      </trkpt>
      <trkpt lat="69.0023141540586948394775390625" lon="20.47397087328135967254638671875">
        <ele>778.4000244140625</ele>
        <time>2026-08-22T11:17:59.000Z</time>
        <extensions>
          <ns3:TrackPointExtension>
            <ns3:cad>0</ns3:cad>
          </ns3:TrackPointExtension>
        </extensions>
      </trkpt>
      <trkpt lat="69.00233368389308452606201171875" lon="20.47405402176082134246826171875">
        <ele>779.4000244140625</ele>
        <time>2026-08-22T11:18:06.000Z</time>
        <extensions>
          <ns3:TrackPointExtension>
            <ns3:cad>0</ns3:cad>
          </ns3:TrackPointExtension>
        </extensions>
      </trkpt>
      <trkpt lat="69.00236494839191436767578125" lon="20.47404362820088863372802734375">
        <ele>780.4000244140625</ele>
        <time>2026-08-22T11:18:12.000Z</time>
        <extensions>
          <ns3:TrackPointExtension>
            <ns3:cad>19</ns3:cad>
          </ns3:TrackPointExtension>
        </extensions>
      </trkpt>
      <trkpt lat="69.002369306981563568115234375" lon="20.4740321449935436248779296875">
        <ele>780.5999755859375</ele>
        <time>2026-08-22T11:18:13.000Z</time>
        <extensions>
          <ns3:TrackPointExtension>
            <ns3:cad>19</ns3:cad>
          </ns3:TrackPointExtension>
        </extensions>
      </trkpt>
      <trkpt lat="69.00238682515919208526611328125" lon="20.47399350441992282867431640625">
        <ele>781.20001220703125</ele>
        <time>2026-08-22T11:18:17.000Z</time>
        <extensions>
          <ns3:TrackPointExtension>
            <ns3:cad>0</ns3:cad>
          </ns3:TrackPointExtension>
        </extensions>
      </trkpt>
      <trkpt lat="69.0023983083665370941162109375" lon="20.4739640839397907257080078125">
        <ele>781.5999755859375</ele>
        <time>2026-08-22T11:18:19.000Z</time>
        <extensions>
          <ns3:TrackPointExtension>
            <ns3:cad>0</ns3:cad>
          </ns3:TrackPointExtension>
        </extensions>
      </trkpt>
      <trkpt lat="69.00240786373615264892578125" lon="20.4739308916032314300537109375">
        <ele>782.20001220703125</ele>
        <time>2026-08-22T11:18:23.000Z</time>
        <extensions>
          <ns3:TrackPointExtension>
            <ns3:cad>0</ns3:cad>
          </ns3:TrackPointExtension>
        </extensions>
      </trkpt>
      <trkpt lat="69.00241180323064327239990234375" lon="20.47382284887135028839111328125">
        <ele>782.5999755859375</ele>
        <time>2026-08-22T11:18:30.000Z</time>
        <extensions>
          <ns3:TrackPointExtension>
            <ns3:cad>0</ns3:cad>
          </ns3:TrackPointExtension>
        </extensions>
      </trkpt>
      <trkpt lat="69.002414233982563018798828125" lon="20.473806671798229217529296875">
        <ele>782.5999755859375</ele>
        <time>2026-08-22T11:18:31.000Z</time>
        <extensions>
          <ns3:TrackPointExtension>
            <ns3:cad>0</ns3:cad>
          </ns3:TrackPointExtension>
        </extensions>
      </trkpt>
      <trkpt lat="69.00241197086870670318603515625" lon="20.47373902983963489532470703125">
        <ele>783</ele>
        <time>2026-08-22T11:18:37.000Z</time>
        <extensions>
          <ns3:TrackPointExtension>
            <ns3:cad>0</ns3:cad>
          </ns3:TrackPointExtension>
        </extensions>
      </trkpt>
      <trkpt lat="69.0024187602102756500244140625" lon="20.4736422188580036163330078125">
        <ele>783</ele>
        <time>2026-08-22T11:18:45.000Z</time>
        <extensions>
          <ns3:TrackPointExtension>
            <ns3:cad>0</ns3:cad>
          </ns3:TrackPointExtension>
        </extensions>
      </trkpt>
      <trkpt lat="69.00242521427571773529052734375" lon="20.47356585972011089324951171875">
        <ele>783</ele>
        <time>2026-08-22T11:18:51.000Z</time>
        <extensions>
          <ns3:TrackPointExtension>
            <ns3:cad>0</ns3:cad>
          </ns3:TrackPointExtension>
        </extensions>
      </trkpt>
      <trkpt lat="69.00242353789508342742919921875" lon="20.47356636263430118560791015625">
        <ele>783</ele>
        <time>2026-08-22T11:18:58.000Z</time>
        <extensions>
          <ns3:TrackPointExtension>
            <ns3:cad>0</ns3:cad>
          </ns3:TrackPointExtension>
        </extensions>
      </trkpt>
      <trkpt lat="69.00239017792046070098876953125" lon="20.4734933562576770782470703125">
        <ele>782.5999755859375</ele>
        <time>2026-08-22T11:19:05.000Z</time>
        <extensions>
          <ns3:TrackPointExtension>
            <ns3:cad>0</ns3:cad>
          </ns3:TrackPointExtension>
        </extensions>
      </trkpt>
      <trkpt lat="69.00236369110643863677978515625" lon="20.4734014905989170074462890625">
        <ele>782.20001220703125</ele>
        <time>2026-08-22T11:19:13.000Z</time>
        <extensions>
          <ns3:TrackPointExtension>
            <ns3:cad>46</ns3:cad>
          </ns3:TrackPointExtension>
        </extensions>
      </trkpt>
      <trkpt lat="69.0023468434810638427734375" lon="20.47341163270175457000732421875">
        <ele>782.20001220703125</ele>
        <time>2026-08-22T11:19:19.000Z</time>
        <extensions>
          <ns3:TrackPointExtension>
            <ns3:cad>0</ns3:cad>
          </ns3:TrackPointExtension>
        </extensions>
      </trkpt>
      <trkpt lat="69.00234860368072986602783203125" lon="20.4734316654503345489501953125">
        <ele>782</ele>
        <time>2026-08-22T11:19:23.000Z</time>
        <extensions>
          <ns3:TrackPointExtension>
            <ns3:cad>0</ns3:cad>
          </ns3:TrackPointExtension>
        </extensions>
      </trkpt>
      <trkpt lat="69.00234458036720752716064453125" lon="20.4734242893755435943603515625">
        <ele>782</ele>
        <time>2026-08-22T11:19:28.000Z</time>
        <extensions>
          <ns3:TrackPointExtension>
            <ns3:cad>0</ns3:cad>
          </ns3:TrackPointExtension>
        </extensions>
      </trkpt>
      <trkpt lat="69.0023604221642017364501953125" lon="20.473430156707763671875">
        <ele>782</ele>
        <time>2026-08-22T11:19:35.000Z</time>
        <extensions>
          <ns3:TrackPointExtension>
            <ns3:cad>0</ns3:cad>
          </ns3:TrackPointExtension>
        </extensions>
      </trkpt>
      <trkpt lat="69.0023602545261383056640625" lon="20.4733334295451641082763671875">
        <ele>782.20001220703125</ele>
        <time>2026-08-22T11:19:41.000Z</time>
        <extensions>
          <ns3:TrackPointExtension>
            <ns3:cad>0</ns3:cad>
          </ns3:TrackPointExtension>
        </extensions>
      </trkpt>
      <trkpt lat="69.00237031280994415283203125" lon="20.4732398875057697296142578125">
        <ele>782</ele>
        <time>2026-08-22T11:19:47.000Z</time>
        <extensions>
          <ns3:TrackPointExtension>
            <ns3:cad>0</ns3:cad>
          </ns3:TrackPointExtension>
        </extensions>
      </trkpt>
      <trkpt lat="69.0023731626570224761962890625" lon="20.47314793802797794342041015625">
        <ele>781.5999755859375</ele>
        <time>2026-08-22T11:19:52.000Z</time>
        <extensions>
          <ns3:TrackPointExtension>
            <ns3:cad>0</ns3:cad>
          </ns3:TrackPointExtension>
        </extensions>
      </trkpt>
      <trkpt lat="69.00237391702830791473388671875" lon="20.47313184477388858795166015625">
        <ele>781.5999755859375</ele>
        <time>2026-08-22T11:19:53.000Z</time>
        <extensions>
          <ns3:TrackPointExtension>
            <ns3:cad>0</ns3:cad>
          </ns3:TrackPointExtension>
        </extensions>
      </trkpt>
      <trkpt lat="69.0023895911872386932373046875" lon="20.4729595966637134552001953125">
        <ele>781.20001220703125</ele>
        <time>2026-08-22T11:20:01.000Z</time>
        <extensions>
          <ns3:TrackPointExtension>
            <ns3:cad>0</ns3:cad>
          </ns3:TrackPointExtension>
        </extensions>
      </trkpt>
      <trkpt lat="69.00239420123398303985595703125" lon="20.47282867133617401123046875">
        <ele>781</ele>
        <time>2026-08-22T11:20:08.000Z</time>
        <extensions>
          <ns3:TrackPointExtension>
            <ns3:cad>0</ns3:cad>
          </ns3:TrackPointExtension>
        </extensions>
      </trkpt>
      <trkpt lat="69.0023899264633655548095703125" lon="20.47267151065170764923095703125">
        <ele>780.5999755859375</ele>
        <time>2026-08-22T11:20:14.000Z</time>
        <extensions>
          <ns3:TrackPointExtension>
            <ns3:cad>42</ns3:cad>
          </ns3:TrackPointExtension>
        </extensions>
      </trkpt>
      <trkpt lat="69.00238900445401668548583984375" lon="20.47265298664569854736328125">
        <ele>780.5999755859375</ele>
        <time>2026-08-22T11:20:15.000Z</time>
        <extensions>
          <ns3:TrackPointExtension>
            <ns3:cad>42</ns3:cad>
          </ns3:TrackPointExtension>
        </extensions>
      </trkpt>
      <trkpt lat="69.0023889206349849700927734375" lon="20.4725086502730846405029296875">
        <ele>780.20001220703125</ele>
        <time>2026-08-22T11:20:21.000Z</time>
        <extensions>
          <ns3:TrackPointExtension>
            <ns3:cad>0</ns3:cad>
          </ns3:TrackPointExtension>
        </extensions>
      </trkpt>
      <trkpt lat="69.002400152385234832763671875" lon="20.47235802747309207916259765625">
        <ele>779.79998779296875</ele>
        <time>2026-08-22T11:20:27.000Z</time>
        <extensions>
          <ns3:TrackPointExtension>
            <ns3:cad>0</ns3:cad>
          </ns3:TrackPointExtension>
        </extensions>
      </trkpt>
      <trkpt lat="69.002401828765869140625" lon="20.47221117652952671051025390625">
        <ele>779.79998779296875</ele>
        <time>2026-08-22T11:20:35.000Z</time>
        <extensions>
          <ns3:TrackPointExtension>
            <ns3:cad>0</ns3:cad>
          </ns3:TrackPointExtension>
        </extensions>
      </trkpt>
      <trkpt lat="69.00240409187972545623779296875" lon="20.4721505753695964813232421875">
        <ele>780.20001220703125</ele>
        <time>2026-08-22T11:20:40.000Z</time>
        <extensions>
          <ns3:TrackPointExtension>
            <ns3:cad>0</ns3:cad>
          </ns3:TrackPointExtension>
        </extensions>
      </trkpt>
      <trkpt lat="69.0024130605161190032958984375" lon="20.47200816683471202850341796875">
        <ele>780.20001220703125</ele>
        <time>2026-08-22T11:20:47.000Z</time>
        <extensions>
          <ns3:TrackPointExtension>
            <ns3:cad>0</ns3:cad>
          </ns3:TrackPointExtension>
        </extensions>
      </trkpt>
      <trkpt lat="69.0024120546877384185791015625" lon="20.47184706665575504302978515625">
        <ele>779.5999755859375</ele>
        <time>2026-08-22T11:20:54.000Z</time>
        <extensions>
          <ns3:TrackPointExtension>
            <ns3:cad>42</ns3:cad>
          </ns3:TrackPointExtension>
        </extensions>
      </trkpt>
      <trkpt lat="69.0024147368967533111572265625" lon="20.4718297161161899566650390625">
        <ele>779.5999755859375</ele>
        <time>2026-08-22T11:20:55.000Z</time>
        <extensions>
          <ns3:TrackPointExtension>
            <ns3:cad>42</ns3:cad>
          </ns3:TrackPointExtension>
        </extensions>
      </trkpt>
      <trkpt lat="69.00243627838790416717529296875" lon="20.4717173986136913299560546875">
        <ele>779.79998779296875</ele>
        <time>2026-08-22T11:21:01.000Z</time>
        <extensions>
          <ns3:TrackPointExtension>
            <ns3:cad>0</ns3:cad>
          </ns3:TrackPointExtension>
        </extensions>
      </trkpt>
      <trkpt lat="69.00245773606002330780029296875" lon="20.47156610526144504547119140625">
        <ele>780.20001220703125</ele>
        <time>2026-08-22T11:21:08.000Z</time>
        <extensions>
          <ns3:TrackPointExtension>
            <ns3:cad>0</ns3:cad>
          </ns3:TrackPointExtension>
        </extensions>
      </trkpt>
      <trkpt lat="69.00247449986636638641357421875" lon="20.4713916778564453125">
        <ele>780</ele>
        <time>2026-08-22T11:21:16.000Z</time>
        <extensions>
          <ns3:TrackPointExtension>
            <ns3:cad>0</ns3:cad>
          </ns3:TrackPointExtension>
        </extensions>
      </trkpt>
      <trkpt lat="69.00246745906770229339599609375" lon="20.471229068934917449951171875">
        <ele>780.5999755859375</ele>
        <time>2026-08-22T11:21:24.000Z</time>
        <extensions>
          <ns3:TrackPointExtension>
            <ns3:cad>0</ns3:cad>
          </ns3:TrackPointExtension>
        </extensions>
      </trkpt>
      <trkpt lat="69.00246712379157543182373046875" lon="20.47120182774960994720458984375">
        <ele>780.5999755859375</ele>
        <time>2026-08-22T11:21:25.000Z</time>
        <extensions>
          <ns3:TrackPointExtension>
            <ns3:cad>0</ns3:cad>
          </ns3:TrackPointExtension>
        </extensions>
      </trkpt>
      <trkpt lat="69.0024623461067676544189453125" lon="20.47111582942306995391845703125">
        <ele>781</ele>
        <time>2026-08-22T11:21:30.000Z</time>
        <extensions>
          <ns3:TrackPointExtension>
            <ns3:cad>0</ns3:cad>
          </ns3:TrackPointExtension>
        </extensions>
      </trkpt>
      <trkpt lat="69.0024422295391559600830078125" lon="20.4710750095546245574951171875">
        <ele>781.20001220703125</ele>
        <time>2026-08-22T11:21:36.000Z</time>
        <extensions>
          <ns3:TrackPointExtension>
            <ns3:cad>0</ns3:cad>
          </ns3:TrackPointExtension>
        </extensions>
      </trkpt>
      <trkpt lat="69.00241079740226268768310546875" lon="20.4710672982037067413330078125">
        <ele>781.20001220703125</ele>
        <time>2026-08-22T11:21:43.000Z</time>
        <extensions>
          <ns3:TrackPointExtension>
            <ns3:cad>0</ns3:cad>
          </ns3:TrackPointExtension>
        </extensions>
      </trkpt>
      <trkpt lat="69.00242672301828861236572265625" lon="20.47096059657633304595947265625">
        <ele>781.20001220703125</ele>
        <time>2026-08-22T11:21:52.000Z</time>
        <extensions>
          <ns3:TrackPointExtension>
            <ns3:cad>0</ns3:cad>
          </ns3:TrackPointExtension>
        </extensions>
      </trkpt>
      <trkpt lat="69.002429656684398651123046875" lon="20.47092723660171031951904296875">
        <ele>781.5999755859375</ele>
        <time>2026-08-22T11:21:56.000Z</time>
        <extensions>
          <ns3:TrackPointExtension>
            <ns3:cad>0</ns3:cad>
          </ns3:TrackPointExtension>
        </extensions>
      </trkpt>
      <trkpt lat="69.00242823176085948944091796875" lon="20.47087208367884159088134765625">
        <ele>781.79998779296875</ele>
        <time>2026-08-22T11:21:59.000Z</time>
        <extensions>
          <ns3:TrackPointExtension>
            <ns3:cad>0</ns3:cad>
          </ns3:TrackPointExtension>
        </extensions>
      </trkpt>
      <trkpt lat="69.0024031698703765869140625" lon="20.47073931433260440826416015625">
        <ele>781.79998779296875</ele>
        <time>2026-08-22T11:22:07.000Z</time>
        <extensions>
          <ns3:TrackPointExtension>
            <ns3:cad>0</ns3:cad>
          </ns3:TrackPointExtension>
        </extensions>
      </trkpt>
      <trkpt lat="69.002380035817623138427734375" lon="20.4706813953816890716552734375">
        <ele>781.79998779296875</ele>
        <time>2026-08-22T11:22:14.000Z</time>
        <extensions>
          <ns3:TrackPointExtension>
            <ns3:cad>0</ns3:cad>
          </ns3:TrackPointExtension>
        </extensions>
      </trkpt>
      <trkpt lat="69.00237760506570339202880859375" lon="20.47069690190255641937255859375">
        <ele>781.5999755859375</ele>
        <time>2026-08-22T11:22:20.000Z</time>
        <extensions>
          <ns3:TrackPointExtension>
            <ns3:cad>0</ns3:cad>
          </ns3:TrackPointExtension>
        </extensions>
      </trkpt>
      <trkpt lat="69.0023688040673732757568359375" lon="20.4706572555005550384521484375">
        <ele>781.79998779296875</ele>
        <time>2026-08-22T11:22:28.000Z</time>
        <extensions>
          <ns3:TrackPointExtension>
            <ns3:cad>0</ns3:cad>
          </ns3:TrackPointExtension>
        </extensions>
      </trkpt>
      <trkpt lat="69.00235614739358425140380859375" lon="20.470551140606403350830078125">
        <ele>781.79998779296875</ele>
        <time>2026-08-22T11:22:33.000Z</time>
        <extensions>
          <ns3:TrackPointExtension>
            <ns3:cad>0</ns3:cad>
          </ns3:TrackPointExtension>
        </extensions>
      </trkpt>
      <trkpt lat="69.00232597254216670989990234375" lon="20.47041895799338817596435546875">
        <ele>781.79998779296875</ele>
        <time>2026-08-22T11:22:41.000Z</time>
        <extensions>
          <ns3:TrackPointExtension>
            <ns3:cad>40</ns3:cad>
          </ns3:TrackPointExtension>
        </extensions>
      </trkpt>
      <trkpt lat="69.0022963844239711761474609375" lon="20.4702224023640155792236328125">
        <ele>781.5999755859375</ele>
        <time>2026-08-22T11:22:49.000Z</time>
        <extensions>
          <ns3:TrackPointExtension>
            <ns3:cad>0</ns3:cad>
          </ns3:TrackPointExtension>
        </extensions>
      </trkpt>
      <trkpt lat="69.00227844715118408203125" lon="20.470117628574371337890625">
        <ele>781.79998779296875</ele>
        <time>2026-08-22T11:22:56.000Z</time>
        <extensions>
          <ns3:TrackPointExtension>
            <ns3:cad>0</ns3:cad>
          </ns3:TrackPointExtension>
        </extensions>
      </trkpt>
      <trkpt lat="69.00226260535418987274169921875" lon="20.47001411207020282745361328125">
        <ele>781.5999755859375</ele>
        <time>2026-08-22T11:23:03.000Z</time>
        <extensions>
          <ns3:TrackPointExtension>
            <ns3:cad>0</ns3:cad>
          </ns3:TrackPointExtension>
        </extensions>
      </trkpt>
      <trkpt lat="69.00226729921996593475341796875" lon="20.4699521698057651519775390625">
        <ele>781.5999755859375</ele>
        <time>2026-08-22T11:23:09.000Z</time>
        <extensions>
          <ns3:TrackPointExtension>
            <ns3:cad>0</ns3:cad>
          </ns3:TrackPointExtension>
        </extensions>
      </trkpt>
      <trkpt lat="69.00226545520126819610595703125" lon="20.469965077936649322509765625">
        <ele>781.5999755859375</ele>
        <time>2026-08-22T11:23:10.000Z</time>
        <extensions>
          <ns3:TrackPointExtension>
            <ns3:cad>0</ns3:cad>
          </ns3:TrackPointExtension>
        </extensions>
      </trkpt>
      <trkpt lat="69.00225891731679439544677734375" lon="20.46998896636068820953369140625">
        <ele>781.4000244140625</ele>
        <time>2026-08-22T11:23:12.000Z</time>
        <extensions>
          <ns3:TrackPointExtension>
            <ns3:cad>0</ns3:cad>
          </ns3:TrackPointExtension>
        </extensions>
      </trkpt>
      <trkpt lat="69.0022444166243076324462890625" lon="20.47000229358673095703125">
        <ele>781.4000244140625</ele>
        <time>2026-08-22T11:23:15.000Z</time>
        <extensions>
          <ns3:TrackPointExtension>
            <ns3:cad>0</ns3:cad>
          </ns3:TrackPointExtension>
        </extensions>
      </trkpt>
      <trkpt lat="69.00223947130143642425537109375" lon="20.4700061492621898651123046875">
        <ele>781.5999755859375</ele>
        <time>2026-08-22T11:23:20.000Z</time>
        <extensions>
          <ns3:TrackPointExtension>
            <ns3:cad>0</ns3:cad>
          </ns3:TrackPointExtension>
        </extensions>
      </trkpt>
      <trkpt lat="69.00223762728273868560791015625" lon="20.4699964262545108795166015625">
        <ele>781.5999755859375</ele>
        <time>2026-08-22T11:23:22.000Z</time>
        <extensions>
          <ns3:TrackPointExtension>
            <ns3:cad>0</ns3:cad>
          </ns3:TrackPointExtension>
        </extensions>
      </trkpt>
      <trkpt lat="69.0022286586463451385498046875" lon="20.46995937824249267578125">
        <ele>781.5999755859375</ele>
        <time>2026-08-22T11:23:27.000Z</time>
        <extensions>
          <ns3:TrackPointExtension>
            <ns3:cad>0</ns3:cad>
          </ns3:TrackPointExtension>
        </extensions>
      </trkpt>
      <trkpt lat="69.0022356994450092315673828125" lon="20.4699293710291385650634765625">
        <ele>781.4000244140625</ele>
        <time>2026-08-22T11:23:33.000Z</time>
        <extensions>
          <ns3:TrackPointExtension>
            <ns3:cad>55</ns3:cad>
          </ns3:TrackPointExtension>
        </extensions>
      </trkpt>
      <trkpt lat="69.00224584154784679412841796875" lon="20.46989777125418186187744140625">
        <ele>781.4000244140625</ele>
        <time>2026-08-22T11:23:39.000Z</time>
        <extensions>
          <ns3:TrackPointExtension>
            <ns3:cad>0</ns3:cad>
          </ns3:TrackPointExtension>
        </extensions>
      </trkpt>
      <trkpt lat="69.0022556483745574951171875" lon="20.46985301189124584197998046875">
        <ele>781.20001220703125</ele>
        <time>2026-08-22T11:23:47.000Z</time>
        <extensions>
          <ns3:TrackPointExtension>
            <ns3:cad>0</ns3:cad>
          </ns3:TrackPointExtension>
        </extensions>
      </trkpt>
      <trkpt lat="69.00225992314517498016357421875" lon="20.46985049732029438018798828125">
        <ele>781</ele>
        <time>2026-08-22T11:23:53.000Z</time>
        <extensions>
          <ns3:TrackPointExtension>
            <ns3:cad>0</ns3:cad>
          </ns3:TrackPointExtension>
        </extensions>
      </trkpt>
      <trkpt lat="69.00225740857422351837158203125" lon="20.46983775682747364044189453125">
        <ele>781.20001220703125</ele>
        <time>2026-08-22T11:24:00.000Z</time>
        <extensions>
          <ns3:TrackPointExtension>
            <ns3:cad>0</ns3:cad>
          </ns3:TrackPointExtension>
        </extensions>
      </trkpt>
      <trkpt lat="69.002278782427310943603515625" lon="20.4697862081229686737060546875">
        <ele>781</ele>
        <time>2026-08-22T11:24:06.000Z</time>
        <extensions>
          <ns3:TrackPointExtension>
            <ns3:cad>0</ns3:cad>
          </ns3:TrackPointExtension>
        </extensions>
      </trkpt>
      <trkpt lat="69.00230325758457183837890625" lon="20.469760894775390625">
        <ele>780.79998779296875</ele>
        <time>2026-08-22T11:24:10.000Z</time>
        <extensions>
          <ns3:TrackPointExtension>
            <ns3:cad>0</ns3:cad>
          </ns3:TrackPointExtension>
        </extensions>
      </trkpt>
      <trkpt lat="69.002317674458026885986328125" lon="20.46974723227322101593017578125">
        <ele>780.5999755859375</ele>
        <time>2026-08-22T11:24:12.000Z</time>
        <extensions>
          <ns3:TrackPointExtension>
            <ns3:cad>0</ns3:cad>
          </ns3:TrackPointExtension>
        </extensions>
      </trkpt>
      <trkpt lat="69.0023356117308139801025390625" lon="20.4697409458458423614501953125">
        <ele>780.4000244140625</ele>
        <time>2026-08-22T11:24:16.000Z</time>
        <extensions>
          <ns3:TrackPointExtension>
            <ns3:cad>0</ns3:cad>
          </ns3:TrackPointExtension>
        </extensions>
      </trkpt>
      <trkpt lat="69.00237031280994415283203125" lon="20.4696809314191341400146484375">
        <ele>780</ele>
        <time>2026-08-22T11:24:23.000Z</time>
        <extensions>
          <ns3:TrackPointExtension>
            <ns3:cad>0</ns3:cad>
          </ns3:TrackPointExtension>
        </extensions>
      </trkpt>
      <trkpt lat="69.00238917209208011627197265625" lon="20.46961680985987186431884765625">
        <ele>779.5999755859375</ele>
        <time>2026-08-22T11:24:29.000Z</time>
        <extensions>
          <ns3:TrackPointExtension>
            <ns3:cad>0</ns3:cad>
          </ns3:TrackPointExtension>
        </extensions>
      </trkpt>
      <trkpt lat="69.00238648988306522369384765625" lon="20.46959015540778636932373046875">
        <ele>779.4000244140625</ele>
        <time>2026-08-22T11:24:35.000Z</time>
        <extensions>
          <ns3:TrackPointExtension>
            <ns3:cad>0</ns3:cad>
          </ns3:TrackPointExtension>
        </extensions>
      </trkpt>
      <trkpt lat="69.00237726978957653045654296875" lon="20.46950214542448520660400390625">
        <ele>778.79998779296875</ele>
        <time>2026-08-22T11:24:42.000Z</time>
        <extensions>
          <ns3:TrackPointExtension>
            <ns3:cad>0</ns3:cad>
          </ns3:TrackPointExtension>
        </extensions>
      </trkpt>
      <trkpt lat="69.00237810797989368438720703125" lon="20.46948370523750782012939453125">
        <ele>778.4000244140625</ele>
        <time>2026-08-22T11:24:44.000Z</time>
        <extensions>
          <ns3:TrackPointExtension>
            <ns3:cad>47</ns3:cad>
          </ns3:TrackPointExtension>
        </extensions>
      </trkpt>
      <trkpt lat="69.0023748390376567840576171875" lon="20.46948638744652271270751953125">
        <ele>778</ele>
        <time>2026-08-22T11:24:48.000Z</time>
        <extensions>
          <ns3:TrackPointExtension>
            <ns3:cad>0</ns3:cad>
          </ns3:TrackPointExtension>
        </extensions>
      </trkpt>
      <trkpt lat="69.002369306981563568115234375" lon="20.46947264112532138824462890625">
        <ele>777.79998779296875</ele>
        <time>2026-08-22T11:24:54.000Z</time>
        <extensions>
          <ns3:TrackPointExtension>
            <ns3:cad>0</ns3:cad>
          </ns3:TrackPointExtension>
        </extensions>
      </trkpt>
      <trkpt lat="69.00235849432647228240966796875" lon="20.46942788176238536834716796875">
        <ele>777.4000244140625</ele>
        <time>2026-08-22T11:24:59.000Z</time>
        <extensions>
          <ns3:TrackPointExtension>
            <ns3:cad>0</ns3:cad>
          </ns3:TrackPointExtension>
        </extensions>
      </trkpt>
      <trkpt lat="69.00235463865101337432861328125" lon="20.46940910629928112030029296875">
        <ele>777.20001220703125</ele>
        <time>2026-08-22T11:25:01.000Z</time>
        <extensions>
          <ns3:TrackPointExtension>
            <ns3:cad>0</ns3:cad>
          </ns3:TrackPointExtension>
        </extensions>
      </trkpt>
      <trkpt lat="69.0023387968540191650390625" lon="20.46931975521147251129150390625">
        <ele>776.5999755859375</ele>
        <time>2026-08-22T11:25:08.000Z</time>
        <extensions>
          <ns3:TrackPointExtension>
            <ns3:cad>0</ns3:cad>
          </ns3:TrackPointExtension>
        </extensions>
      </trkpt>
      <trkpt lat="69.00233502499759197235107421875" lon="20.46931170858442783355712890625">
        <ele>776.4000244140625</ele>
        <time>2026-08-22T11:25:10.000Z</time>
        <extensions>
          <ns3:TrackPointExtension>
            <ns3:cad>0</ns3:cad>
          </ns3:TrackPointExtension>
        </extensions>
      </trkpt>
      <trkpt lat="69.0023258887231349945068359375" lon="20.4692977108061313629150390625">
        <ele>776.20001220703125</ele>
        <time>2026-08-22T11:25:13.000Z</time>
        <extensions>
          <ns3:TrackPointExtension>
            <ns3:cad>0</ns3:cad>
          </ns3:TrackPointExtension>
        </extensions>
      </trkpt>
      <trkpt lat="69.00228640995919704437255859375" lon="20.4693396203219890594482421875">
        <ele>776.20001220703125</ele>
        <time>2026-08-22T11:25:20.000Z</time>
        <extensions>
          <ns3:TrackPointExtension>
            <ns3:cad>0</ns3:cad>
          </ns3:TrackPointExtension>
        </extensions>
      </trkpt>
      <trkpt lat="69.002248607575893402099609375" lon="20.46936132945120334625244140625">
        <ele>776</ele>
        <time>2026-08-22T11:25:25.000Z</time>
        <extensions>
          <ns3:TrackPointExtension>
            <ns3:cad>0</ns3:cad>
          </ns3:TrackPointExtension>
        </extensions>
      </trkpt>
      <trkpt lat="69.00220611132681369781494140625" lon="20.46939318068325519561767578125">
        <ele>776</ele>
        <time>2026-08-22T11:25:31.000Z</time>
        <extensions>
          <ns3:TrackPointExtension>
            <ns3:cad>0</ns3:cad>
          </ns3:TrackPointExtension>
        </extensions>
      </trkpt>
      <trkpt lat="69.0021780319511890411376953125" lon="20.4694242775440216064453125">
        <ele>775.79998779296875</ele>
        <time>2026-08-22T11:25:36.000Z</time>
        <extensions>
          <ns3:TrackPointExtension>
            <ns3:cad>0</ns3:cad>
          </ns3:TrackPointExtension>
        </extensions>
      </trkpt>
      <trkpt lat="69.00213838554918766021728515625" lon="20.46945269219577312469482421875">
        <ele>775.4000244140625</ele>
        <time>2026-08-22T11:25:42.000Z</time>
        <extensions>
          <ns3:TrackPointExtension>
            <ns3:cad>0</ns3:cad>
          </ns3:TrackPointExtension>
        </extensions>
      </trkpt>
      <trkpt lat="69.00212824344635009765625" lon="20.469475574791431427001953125">
        <ele>775.20001220703125</ele>
        <time>2026-08-22T11:25:45.000Z</time>
        <extensions>
          <ns3:TrackPointExtension>
            <ns3:cad>0</ns3:cad>
          </ns3:TrackPointExtension>
        </extensions>
      </trkpt>
      <trkpt lat="69.00211282074451446533203125" lon="20.46953818760812282562255859375">
        <ele>775.20001220703125</ele>
        <time>2026-08-22T11:25:48.000Z</time>
        <extensions>
          <ns3:TrackPointExtension>
            <ns3:cad>0</ns3:cad>
          </ns3:TrackPointExtension>
        </extensions>
      </trkpt>
      <trkpt lat="69.00208423845469951629638671875" lon="20.4696477390825748443603515625">
        <ele>775</ele>
        <time>2026-08-22T11:25:54.000Z</time>
        <extensions>
          <ns3:TrackPointExtension>
            <ns3:cad>0</ns3:cad>
          </ns3:TrackPointExtension>
        </extensions>
      </trkpt>
      <trkpt lat="69.00206127204000949859619140625" lon="20.46974941156804561614990234375">
        <ele>774.79998779296875</ele>
        <time>2026-08-22T11:26:00.000Z</time>
        <extensions>
          <ns3:TrackPointExtension>
            <ns3:cad>0</ns3:cad>
          </ns3:TrackPointExtension>
        </extensions>
      </trkpt>
      <trkpt lat="69.0020506270229816436767578125" lon="20.46981814317405223846435546875">
        <ele>774.20001220703125</ele>
        <time>2026-08-22T11:26:05.000Z</time>
        <extensions>
          <ns3:TrackPointExtension>
            <ns3:cad>0</ns3:cad>
          </ns3:TrackPointExtension>
        </extensions>
      </trkpt>
      <trkpt lat="69.00204920209944248199462890625" lon="20.4698224179446697235107421875">
        <ele>774</ele>
        <time>2026-08-22T11:26:06.000Z</time>
        <extensions>
          <ns3:TrackPointExtension>
            <ns3:cad>0</ns3:cad>
          </ns3:TrackPointExtension>
        </extensions>
      </trkpt>
      <trkpt lat="69.002039730548858642578125" lon="20.46989592723548412322998046875">
        <ele>773.20001220703125</ele>
        <time>2026-08-22T11:26:11.000Z</time>
        <extensions>
          <ns3:TrackPointExtension>
            <ns3:cad>0</ns3:cad>
          </ns3:TrackPointExtension>
        </extensions>
      </trkpt>
      <trkpt lat="69.0020365454256534576416015625" lon="20.4699223302304744720458984375">
        <ele>773</ele>
        <time>2026-08-22T11:26:12.000Z</time>
        <extensions>
          <ns3:TrackPointExtension>
            <ns3:cad>0</ns3:cad>
          </ns3:TrackPointExtension>
        </extensions>
      </trkpt>
      <trkpt lat="69.00202296674251556396484375" lon="20.4700312949717044830322265625">
        <ele>772.4000244140625</ele>
        <time>2026-08-22T11:26:18.000Z</time>
        <extensions>
          <ns3:TrackPointExtension>
            <ns3:cad>0</ns3:cad>
          </ns3:TrackPointExtension>
        </extensions>
      </trkpt>
      <trkpt lat="69.00200419127941131591796875" lon="20.4700839333236217498779296875">
        <ele>772</ele>
        <time>2026-08-22T11:26:22.000Z</time>
        <extensions>
          <ns3:TrackPointExtension>
            <ns3:cad>0</ns3:cad>
          </ns3:TrackPointExtension>
        </extensions>
      </trkpt>
      <trkpt lat="69.0019926242530345916748046875" lon="20.4701348952949047088623046875">
        <ele>771.5999755859375</ele>
        <time>2026-08-22T11:26:25.000Z</time>
        <extensions>
          <ns3:TrackPointExtension>
            <ns3:cad>0</ns3:cad>
          </ns3:TrackPointExtension>
        </extensions>
      </trkpt>
      <trkpt lat="69.0019651316106319427490234375" lon="20.47020002268254756927490234375">
        <ele>771.4000244140625</ele>
        <time>2026-08-22T11:26:32.000Z</time>
        <extensions>
          <ns3:TrackPointExtension>
            <ns3:cad>0</ns3:cad>
          </ns3:TrackPointExtension>
        </extensions>
      </trkpt>
      <trkpt lat="69.00196521542966365814208984375" lon="20.47021762467920780181884765625">
        <ele>771.20001220703125</ele>
        <time>2026-08-22T11:26:37.000Z</time>
        <extensions>
          <ns3:TrackPointExtension>
            <ns3:cad>0</ns3:cad>
          </ns3:TrackPointExtension>
        </extensions>
      </trkpt>
      <trkpt lat="69.0019637905061244964599609375" lon="20.4702022857964038848876953125">
        <ele>771</ele>
        <time>2026-08-22T11:26:43.000Z</time>
        <extensions>
          <ns3:TrackPointExtension>
            <ns3:cad>0</ns3:cad>
          </ns3:TrackPointExtension>
        </extensions>
      </trkpt>
      <trkpt lat="69.0019627846777439117431640625" lon="20.47025383450090885162353515625">
        <ele>771.20001220703125</ele>
        <time>2026-08-22T11:26:50.000Z</time>
        <extensions>
          <ns3:TrackPointExtension>
            <ns3:cad>0</ns3:cad>
          </ns3:TrackPointExtension>
        </extensions>
      </trkpt>
      <trkpt lat="69.00194627232849597930908203125" lon="20.4702257551252841949462890625">
        <ele>771</ele>
        <time>2026-08-22T11:26:55.000Z</time>
        <extensions>
          <ns3:TrackPointExtension>
            <ns3:cad>0</ns3:cad>
          </ns3:TrackPointExtension>
        </extensions>
      </trkpt>
      <trkpt lat="69.00193973444402217864990234375" lon="20.47020203433930873870849609375">
        <ele>771</ele>
        <time>2026-08-22T11:26:58.000Z</time>
        <extensions>
          <ns3:TrackPointExtension>
            <ns3:cad>0</ns3:cad>
          </ns3:TrackPointExtension>
        </extensions>
      </trkpt>
      <trkpt lat="69.00193990208208560943603515625" lon="20.47019616700708866119384765625">
        <ele>770.79998779296875</ele>
        <time>2026-08-22T11:27:01.000Z</time>
        <extensions>
          <ns3:TrackPointExtension>
            <ns3:cad>0</ns3:cad>
          </ns3:TrackPointExtension>
        </extensions>
      </trkpt>
      <trkpt lat="69.00194057263433933258056640625" lon="20.47020957805216312408447265625">
        <ele>770.79998779296875</ele>
        <time>2026-08-22T11:27:07.000Z</time>
        <extensions>
          <ns3:TrackPointExtension>
            <ns3:cad>0</ns3:cad>
          </ns3:TrackPointExtension>
        </extensions>
      </trkpt>
      <trkpt lat="69.0019619464874267578125" lon="20.47023874707520008087158203125">
        <ele>771</ele>
        <time>2026-08-22T11:27:14.000Z</time>
        <extensions>
          <ns3:TrackPointExtension>
            <ns3:cad>0</ns3:cad>
          </ns3:TrackPointExtension>
        </extensions>
      </trkpt>
      <trkpt lat="69.00197829119861125946044921875" lon="20.47032508067786693572998046875">
        <ele>771.4000244140625</ele>
        <time>2026-08-22T11:27:21.000Z</time>
        <extensions>
          <ns3:TrackPointExtension>
            <ns3:cad>0</ns3:cad>
          </ns3:TrackPointExtension>
        </extensions>
      </trkpt>
      <trkpt lat="69.0019544027745723724365234375" lon="20.470409654080867767333984375">
        <ele>771</ele>
        <time>2026-08-22T11:27:26.000Z</time>
        <extensions>
          <ns3:TrackPointExtension>
            <ns3:cad>0</ns3:cad>
          </ns3:TrackPointExtension>
        </extensions>
      </trkpt>
      <trkpt lat="69.00194291956722736358642578125" lon="20.47055826522409915924072265625">
        <ele>771.20001220703125</ele>
        <time>2026-08-22T11:27:33.000Z</time>
        <extensions>
          <ns3:TrackPointExtension>
            <ns3:cad>0</ns3:cad>
          </ns3:TrackPointExtension>
        </extensions>
      </trkpt>
      <trkpt lat="69.001943171024322509765625" lon="20.470686256885528564453125">
        <ele>771.20001220703125</ele>
        <time>2026-08-22T11:27:39.000Z</time>
        <extensions>
          <ns3:TrackPointExtension>
            <ns3:cad>0</ns3:cad>
          </ns3:TrackPointExtension>
        </extensions>
      </trkpt>
      <trkpt lat="69.00195113383233547210693359375" lon="20.47076563350856304168701171875">
        <ele>771.20001220703125</ele>
        <time>2026-08-22T11:27:44.000Z</time>
        <extensions>
          <ns3:TrackPointExtension>
            <ns3:cad>0</ns3:cad>
          </ns3:TrackPointExtension>
        </extensions>
      </trkpt>
      <trkpt lat="69.00194928981363773345947265625" lon="20.47087334096431732177734375">
        <ele>771.4000244140625</ele>
        <time>2026-08-22T11:27:49.000Z</time>
        <extensions>
          <ns3:TrackPointExtension>
            <ns3:cad>0</ns3:cad>
          </ns3:TrackPointExtension>
        </extensions>
      </trkpt>
      <trkpt lat="69.0019564144313335418701171875" lon="20.47100887633860111236572265625">
        <ele>771.5999755859375</ele>
        <time>2026-08-22T11:27:56.000Z</time>
        <extensions>
          <ns3:TrackPointExtension>
            <ns3:cad>0</ns3:cad>
          </ns3:TrackPointExtension>
        </extensions>
      </trkpt>
      <trkpt lat="69.0019564144313335418701171875" lon="20.4710894264280796051025390625">
        <ele>771.5999755859375</ele>
        <time>2026-08-22T11:28:00.000Z</time>
        <extensions>
          <ns3:TrackPointExtension>
            <ns3:cad>0</ns3:cad>
          </ns3:TrackPointExtension>
        </extensions>
      </trkpt>
      <trkpt lat="69.00195582769811153411865234375" lon="20.47114382497966289520263671875">
        <ele>771.5999755859375</ele>
        <time>2026-08-22T11:28:03.000Z</time>
        <extensions>
          <ns3:TrackPointExtension>
            <ns3:cad>0</ns3:cad>
          </ns3:TrackPointExtension>
        </extensions>
      </trkpt>
      <trkpt lat="69.0019621141254901885986328125" lon="20.4712535440921783447265625">
        <ele>771.5999755859375</ele>
        <time>2026-08-22T11:28:09.000Z</time>
        <extensions>
          <ns3:TrackPointExtension>
            <ns3:cad>0</ns3:cad>
          </ns3:TrackPointExtension>
        </extensions>
      </trkpt>
      <trkpt lat="69.001956917345523834228515625" lon="20.47132805921137332916259765625">
        <ele>771.5999755859375</ele>
        <time>2026-08-22T11:28:15.000Z</time>
        <extensions>
          <ns3:TrackPointExtension>
            <ns3:cad>0</ns3:cad>
          </ns3:TrackPointExtension>
        </extensions>
      </trkpt>
      <trkpt lat="69.00193688459694385528564453125" lon="20.471412129700183868408203125">
        <ele>771.4000244140625</ele>
        <time>2026-08-22T11:28:21.000Z</time>
        <extensions>
          <ns3:TrackPointExtension>
            <ns3:cad>0</ns3:cad>
          </ns3:TrackPointExtension>
        </extensions>
      </trkpt>
      <trkpt lat="69.0019356273114681243896484375" lon="20.47150391153991222381591796875">
        <ele>771.20001220703125</ele>
        <time>2026-08-22T11:28:27.000Z</time>
        <extensions>
          <ns3:TrackPointExtension>
            <ns3:cad>0</ns3:cad>
          </ns3:TrackPointExtension>
        </extensions>
      </trkpt>
      <trkpt lat="69.001922719180583953857421875" lon="20.47165009193122386932373046875">
        <ele>771.4000244140625</ele>
        <time>2026-08-22T11:28:34.000Z</time>
        <extensions>
          <ns3:TrackPointExtension>
            <ns3:cad>0</ns3:cad>
          </ns3:TrackPointExtension>
        </extensions>
      </trkpt>
      <trkpt lat="69.0019047819077968597412109375" lon="20.47174061648547649383544921875">
        <ele>771.4000244140625</ele>
        <time>2026-08-22T11:28:41.000Z</time>
        <extensions>
          <ns3:TrackPointExtension>
            <ns3:cad>0</ns3:cad>
          </ns3:TrackPointExtension>
        </extensions>
      </trkpt>
      <trkpt lat="69.00189966894686222076416015625" lon="20.47181270085275173187255859375">
        <ele>771.5999755859375</ele>
        <time>2026-08-22T11:28:46.000Z</time>
        <extensions>
          <ns3:TrackPointExtension>
            <ns3:cad>0</ns3:cad>
          </ns3:TrackPointExtension>
        </extensions>
      </trkpt>
      <trkpt lat="69.00189287960529327392578125" lon="20.47191127203404903411865234375">
        <ele>771.4000244140625</ele>
        <time>2026-08-22T11:28:52.000Z</time>
        <extensions>
          <ns3:TrackPointExtension>
            <ns3:cad>0</ns3:cad>
          </ns3:TrackPointExtension>
        </extensions>
      </trkpt>
      <trkpt lat="69.001879803836345672607421875" lon="20.47198989428579807281494140625">
        <ele>771.4000244140625</ele>
        <time>2026-08-22T11:28:57.000Z</time>
        <extensions>
          <ns3:TrackPointExtension>
            <ns3:cad>0</ns3:cad>
          </ns3:TrackPointExtension>
        </extensions>
      </trkpt>
      <trkpt lat="69.0018531493842601776123046875" lon="20.47207631170749664306640625">
        <ele>771.4000244140625</ele>
        <time>2026-08-22T11:29:03.000Z</time>
        <extensions>
          <ns3:TrackPointExtension>
            <ns3:cad>0</ns3:cad>
          </ns3:TrackPointExtension>
        </extensions>
      </trkpt>
      <trkpt lat="69.00182842276990413665771484375" lon="20.47211922705173492431640625">
        <ele>771.4000244140625</ele>
        <time>2026-08-22T11:29:09.000Z</time>
        <extensions>
          <ns3:TrackPointExtension>
            <ns3:cad>0</ns3:cad>
          </ns3:TrackPointExtension>
        </extensions>
      </trkpt>
      <trkpt lat="69.0017969906330108642578125" lon="20.472151748836040496826171875">
        <ele>771.20001220703125</ele>
        <time>2026-08-22T11:29:13.000Z</time>
        <extensions>
          <ns3:TrackPointExtension>
            <ns3:cad>0</ns3:cad>
          </ns3:TrackPointExtension>
        </extensions>
      </trkpt>
      <trkpt lat="69.001760445535182952880859375" lon="20.47221067361533641815185546875">
        <ele>771.4000244140625</ele>
        <time>2026-08-22T11:29:18.000Z</time>
        <extensions>
          <ns3:TrackPointExtension>
            <ns3:cad>0</ns3:cad>
          </ns3:TrackPointExtension>
        </extensions>
      </trkpt>
      <trkpt lat="69.0017337910830974578857421875" lon="20.4722099192440509796142578125">
        <ele>771.5999755859375</ele>
        <time>2026-08-22T11:29:23.000Z</time>
        <extensions>
          <ns3:TrackPointExtension>
            <ns3:cad>0</ns3:cad>
          </ns3:TrackPointExtension>
        </extensions>
      </trkpt>
      <trkpt lat="69.0016912110149860382080078125" lon="20.47222643159329891204833984375">
        <ele>771.4000244140625</ele>
        <time>2026-08-22T11:29:29.000Z</time>
        <extensions>
          <ns3:TrackPointExtension>
            <ns3:cad>0</ns3:cad>
          </ns3:TrackPointExtension>
        </extensions>
      </trkpt>
      <trkpt lat="69.00165156461298465728759765625" lon="20.4721842706203460693359375">
        <ele>771.79998779296875</ele>
        <time>2026-08-22T11:29:35.000Z</time>
        <extensions>
          <ns3:TrackPointExtension>
            <ns3:cad>0</ns3:cad>
          </ns3:TrackPointExtension>
        </extensions>
      </trkpt>
      <trkpt lat="69.00161216966807842254638671875" lon="20.47203876078128814697265625">
        <ele>771.79998779296875</ele>
        <time>2026-08-22T11:29:43.000Z</time>
        <extensions>
          <ns3:TrackPointExtension>
            <ns3:cad>77</ns3:cad>
          </ns3:TrackPointExtension>
        </extensions>
      </trkpt>
      <trkpt lat="69.00160244666039943695068359375" lon="20.4719911515712738037109375">
        <ele>771.5999755859375</ele>
        <time>2026-08-22T11:29:46.000Z</time>
        <extensions>
          <ns3:TrackPointExtension>
            <ns3:cad>77</ns3:cad>
          </ns3:TrackPointExtension>
        </extensions>
      </trkpt>
      <trkpt lat="69.00159071199595928192138671875" lon="20.4719420336186885833740234375">
        <ele>771.4000244140625</ele>
        <time>2026-08-22T11:29:49.000Z</time>
        <extensions>
          <ns3:TrackPointExtension>
            <ns3:cad>77</ns3:cad>
          </ns3:TrackPointExtension>
        </extensions>
      </trkpt>
      <trkpt lat="69.0015624649822711944580078125" lon="20.471821166574954986572265625">
        <ele>771.4000244140625</ele>
        <time>2026-08-22T11:29:55.000Z</time>
        <extensions>
          <ns3:TrackPointExtension>
            <ns3:cad>45</ns3:cad>
          </ns3:TrackPointExtension>
        </extensions>
      </trkpt>
      <trkpt lat="69.0015359781682491302490234375" lon="20.4716543667018413543701171875">
        <ele>771.4000244140625</ele>
        <time>2026-08-22T11:30:02.000Z</time>
        <extensions>
          <ns3:TrackPointExtension>
            <ns3:cad>0</ns3:cad>
          </ns3:TrackPointExtension>
        </extensions>
      </trkpt>
      <trkpt lat="69.0015084855258464813232421875" lon="20.47153660096228122711181640625">
        <ele>771.79998779296875</ele>
        <time>2026-08-22T11:30:08.000Z</time>
        <extensions>
          <ns3:TrackPointExtension>
            <ns3:cad>0</ns3:cad>
          </ns3:TrackPointExtension>
        </extensions>
      </trkpt>
      <trkpt lat="69.00148727931082248687744140625" lon="20.471481867134571075439453125">
        <ele>772</ele>
        <time>2026-08-22T11:30:12.000Z</time>
        <extensions>
          <ns3:TrackPointExtension>
            <ns3:cad>0</ns3:cad>
          </ns3:TrackPointExtension>
        </extensions>
      </trkpt>
      <trkpt lat="69.001482836902141571044921875" lon="20.47146954573690891265869140625">
        <ele>772.20001220703125</ele>
        <time>2026-08-22T11:30:13.000Z</time>
        <extensions>
          <ns3:TrackPointExtension>
            <ns3:cad>0</ns3:cad>
          </ns3:TrackPointExtension>
        </extensions>
      </trkpt>
      <trkpt lat="69.0014684200286865234375" lon="20.471384637057781219482421875">
        <ele>773</ele>
        <time>2026-08-22T11:30:17.000Z</time>
        <extensions>
          <ns3:TrackPointExtension>
            <ns3:cad>0</ns3:cad>
          </ns3:TrackPointExtension>
        </extensions>
      </trkpt>
      <trkpt lat="69.0014669112861156463623046875" lon="20.4713635146617889404296875">
        <ele>773.20001220703125</ele>
        <time>2026-08-22T11:30:18.000Z</time>
        <extensions>
          <ns3:TrackPointExtension>
            <ns3:cad>0</ns3:cad>
          </ns3:TrackPointExtension>
        </extensions>
      </trkpt>
      <trkpt lat="69.00144939310848712921142578125" lon="20.47129486687481403350830078125">
        <ele>773.79998779296875</ele>
        <time>2026-08-22T11:30:23.000Z</time>
        <extensions>
          <ns3:TrackPointExtension>
            <ns3:cad>0</ns3:cad>
          </ns3:TrackPointExtension>
        </extensions>
      </trkpt>
      <trkpt lat="69.0014295279979705810546875" lon="20.4712154902517795562744140625">
        <ele>774.20001220703125</ele>
        <time>2026-08-22T11:30:28.000Z</time>
        <extensions>
          <ns3:TrackPointExtension>
            <ns3:cad>0</ns3:cad>
          </ns3:TrackPointExtension>
        </extensions>
      </trkpt>
      <trkpt lat="69.0014115907251834869384765625" lon="20.47111851163208484649658203125">
        <ele>774.4000244140625</ele>
        <time>2026-08-22T11:30:33.000Z</time>
        <extensions>
          <ns3:TrackPointExtension>
            <ns3:cad>0</ns3:cad>
          </ns3:TrackPointExtension>
        </extensions>
      </trkpt>
      <trkpt lat="69.00140941143035888671875" lon="20.47109940089285373687744140625">
        <ele>774.4000244140625</ele>
        <time>2026-08-22T11:30:34.000Z</time>
        <extensions>
          <ns3:TrackPointExtension>
            <ns3:cad>0</ns3:cad>
          </ns3:TrackPointExtension>
        </extensions>
      </trkpt>
      <trkpt lat="69.00138921104371547698974609375" lon="20.47105631791055202484130859375">
        <ele>774.5999755859375</ele>
        <time>2026-08-22T11:30:37.000Z</time>
        <extensions>
          <ns3:TrackPointExtension>
            <ns3:cad>0</ns3:cad>
          </ns3:TrackPointExtension>
        </extensions>
      </trkpt>
      <trkpt lat="69.00137764401733875274658203125" lon="20.47101013362407684326171875">
        <ele>774.5999755859375</ele>
        <time>2026-08-22T11:30:39.000Z</time>
        <extensions>
          <ns3:TrackPointExtension>
            <ns3:cad>0</ns3:cad>
          </ns3:TrackPointExtension>
        </extensions>
      </trkpt>
      <trkpt lat="69.0013579465448856353759765625" lon="20.47094064764678478240966796875">
        <ele>775</ele>
        <time>2026-08-22T11:30:44.000Z</time>
        <extensions>
          <ns3:TrackPointExtension>
            <ns3:cad>0</ns3:cad>
          </ns3:TrackPointExtension>
        </extensions>
      </trkpt>
      <trkpt lat="69.0013448707759380340576171875" lon="20.4708419926464557647705078125">
        <ele>775</ele>
        <time>2026-08-22T11:30:49.000Z</time>
        <extensions>
          <ns3:TrackPointExtension>
            <ns3:cad>0</ns3:cad>
          </ns3:TrackPointExtension>
        </extensions>
      </trkpt>
      <trkpt lat="69.0013421885669231414794921875" lon="20.47081676311790943145751953125">
        <ele>775</ele>
        <time>2026-08-22T11:30:50.000Z</time>
        <extensions>
          <ns3:TrackPointExtension>
            <ns3:cad>0</ns3:cad>
          </ns3:TrackPointExtension>
        </extensions>
      </trkpt>
      <trkpt lat="69.00133204646408557891845703125" lon="20.4707383923232555389404296875">
        <ele>775</ele>
        <time>2026-08-22T11:30:54.000Z</time>
        <extensions>
          <ns3:TrackPointExtension>
            <ns3:cad>0</ns3:cad>
          </ns3:TrackPointExtension>
        </extensions>
      </trkpt>
      <trkpt lat="69.00131595320999622344970703125" lon="20.470639653503894805908203125">
        <ele>774.5999755859375</ele>
        <time>2026-08-22T11:30:59.000Z</time>
        <extensions>
          <ns3:TrackPointExtension>
            <ns3:cad>0</ns3:cad>
          </ns3:TrackPointExtension>
        </extensions>
      </trkpt>
      <trkpt lat="69.00130254216492176055908203125" lon="20.4705375619232654571533203125">
        <ele>774.20001220703125</ele>
        <time>2026-08-22T11:31:05.000Z</time>
        <extensions>
          <ns3:TrackPointExtension>
            <ns3:cad>0</ns3:cad>
          </ns3:TrackPointExtension>
        </extensions>
      </trkpt>
      <trkpt lat="69.0012632310390472412109375" lon="20.47033153474330902099609375">
        <ele>773.79998779296875</ele>
        <time>2026-08-22T11:31:14.000Z</time>
        <extensions>
          <ns3:TrackPointExtension>
            <ns3:cad>43</ns3:cad>
          </ns3:TrackPointExtension>
        </extensions>
      </trkpt>
      <trkpt lat="69.00124571286141872406005859375" lon="20.47016079537570476531982421875">
        <ele>773.5999755859375</ele>
        <time>2026-08-22T11:31:21.000Z</time>
        <extensions>
          <ns3:TrackPointExtension>
            <ns3:cad>45</ns3:cad>
          </ns3:TrackPointExtension>
        </extensions>
      </trkpt>
      <trkpt lat="69.001226015388965606689453125" lon="20.4700202308595180511474609375">
        <ele>773.5999755859375</ele>
        <time>2026-08-22T11:31:27.000Z</time>
        <extensions>
          <ns3:TrackPointExtension>
            <ns3:cad>42</ns3:cad>
          </ns3:TrackPointExtension>
        </extensions>
      </trkpt>
      <trkpt lat="69.00122366845607757568359375" lon="20.47000053338706493377685546875">
        <ele>773.5999755859375</ele>
        <time>2026-08-22T11:31:28.000Z</time>
        <extensions>
          <ns3:TrackPointExtension>
            <ns3:cad>0</ns3:cad>
          </ns3:TrackPointExtension>
        </extensions>
      </trkpt>
      <trkpt lat="69.00121629238128662109375" lon="20.46996097080409526824951171875">
        <ele>773.5999755859375</ele>
        <time>2026-08-22T11:31:30.000Z</time>
        <extensions>
          <ns3:TrackPointExtension>
            <ns3:cad>0</ns3:cad>
          </ns3:TrackPointExtension>
        </extensions>
      </trkpt>
      <trkpt lat="69.00120782665908336639404296875" lon="20.4699109308421611785888671875">
        <ele>773.4000244140625</ele>
        <time>2026-08-22T11:31:32.000Z</time>
        <extensions>
          <ns3:TrackPointExtension>
            <ns3:cad>0</ns3:cad>
          </ns3:TrackPointExtension>
        </extensions>
      </trkpt>
      <trkpt lat="69.00118502788245677947998046875" lon="20.46975142322480678558349609375">
        <ele>773.5999755859375</ele>
        <time>2026-08-22T11:31:39.000Z</time>
        <extensions>
          <ns3:TrackPointExtension>
            <ns3:cad>0</ns3:cad>
          </ns3:TrackPointExtension>
        </extensions>
      </trkpt>
      <trkpt lat="69.0011680126190185546875" lon="20.46961680985987186431884765625">
        <ele>773.79998779296875</ele>
        <time>2026-08-22T11:31:44.000Z</time>
        <extensions>
          <ns3:TrackPointExtension>
            <ns3:cad>0</ns3:cad>
          </ns3:TrackPointExtension>
        </extensions>
      </trkpt>
      <trkpt lat="69.0011514164507389068603515625" lon="20.46948269940912723541259765625">
        <ele>774</ele>
        <time>2026-08-22T11:31:50.000Z</time>
        <extensions>
          <ns3:TrackPointExtension>
            <ns3:cad>0</ns3:cad>
          </ns3:TrackPointExtension>
        </extensions>
      </trkpt>
      <trkpt lat="69.00112048722803592681884765625" lon="20.469380356371402740478515625">
        <ele>773.79998779296875</ele>
        <time>2026-08-22T11:31:56.000Z</time>
        <extensions>
          <ns3:TrackPointExtension>
            <ns3:cad>57</ns3:cad>
          </ns3:TrackPointExtension>
        </extensions>
      </trkpt>
      <trkpt lat="69.0010850317776203155517578125" lon="20.46927985735237598419189453125">
        <ele>773.4000244140625</ele>
        <time>2026-08-22T11:32:03.000Z</time>
        <extensions>
          <ns3:TrackPointExtension>
            <ns3:cad>0</ns3:cad>
          </ns3:TrackPointExtension>
        </extensions>
      </trkpt>
      <trkpt lat="69.00105443783104419708251953125" lon="20.46921263448894023895263671875">
        <ele>773.20001220703125</ele>
        <time>2026-08-22T11:32:08.000Z</time>
        <extensions>
          <ns3:TrackPointExtension>
            <ns3:cad>0</ns3:cad>
          </ns3:TrackPointExtension>
        </extensions>
      </trkpt>
      <trkpt lat="69.0010494925081729888916015625" lon="20.4691961221396923065185546875">
        <ele>773</ele>
        <time>2026-08-22T11:32:09.000Z</time>
        <extensions>
          <ns3:TrackPointExtension>
            <ns3:cad>0</ns3:cad>
          </ns3:TrackPointExtension>
        </extensions>
      </trkpt>
      <trkpt lat="69.001017473638057708740234375" lon="20.46906611882150173187255859375">
        <ele>772.79998779296875</ele>
        <time>2026-08-22T11:32:15.000Z</time>
        <extensions>
          <ns3:TrackPointExtension>
            <ns3:cad>0</ns3:cad>
          </ns3:TrackPointExtension>
        </extensions>
      </trkpt>
      <trkpt lat="69.001015126705169677734375" lon="20.468945838510990142822265625">
        <ele>772.5999755859375</ele>
        <time>2026-08-22T11:32:20.000Z</time>
        <extensions>
          <ns3:TrackPointExtension>
            <ns3:cad>76</ns3:cad>
          </ns3:TrackPointExtension>
        </extensions>
      </trkpt>
      <trkpt lat="69.000999033451080322265625" lon="20.46886495314538478851318359375">
        <ele>772.79998779296875</ele>
        <time>2026-08-22T11:32:26.000Z</time>
        <extensions>
          <ns3:TrackPointExtension>
            <ns3:cad>0</ns3:cad>
          </ns3:TrackPointExtension>
        </extensions>
      </trkpt>
      <trkpt lat="69.00094748474657535552978515625" lon="20.46878817491233348846435546875">
        <ele>772.4000244140625</ele>
        <time>2026-08-22T11:32:33.000Z</time>
        <extensions>
          <ns3:TrackPointExtension>
            <ns3:cad>0</ns3:cad>
          </ns3:TrackPointExtension>
        </extensions>
      </trkpt>
      <trkpt lat="69.000917561352252960205078125" lon="20.4687186889350414276123046875">
        <ele>772.20001220703125</ele>
        <time>2026-08-22T11:32:38.000Z</time>
        <extensions>
          <ns3:TrackPointExtension>
            <ns3:cad>0</ns3:cad>
          </ns3:TrackPointExtension>
        </extensions>
      </trkpt>
      <trkpt lat="69.0009043179452419281005859375" lon="20.46869044192135334014892578125">
        <ele>772</ele>
        <time>2026-08-22T11:32:40.000Z</time>
        <extensions>
          <ns3:TrackPointExtension>
            <ns3:cad>0</ns3:cad>
          </ns3:TrackPointExtension>
        </extensions>
      </trkpt>
      <trkpt lat="69.0008768253028392791748046875" lon="20.46861986629664897918701171875">
        <ele>771.79998779296875</ele>
        <time>2026-08-22T11:32:45.000Z</time>
        <extensions>
          <ns3:TrackPointExtension>
            <ns3:cad>0</ns3:cad>
          </ns3:TrackPointExtension>
        </extensions>
      </trkpt>
      <trkpt lat="69.0008449740707874298095703125" lon="20.46852766536176204681396484375">
        <ele>771.4000244140625</ele>
        <time>2026-08-22T11:32:52.000Z</time>
        <extensions>
          <ns3:TrackPointExtension>
            <ns3:cad>0</ns3:cad>
          </ns3:TrackPointExtension>
        </extensions>
      </trkpt>
      <trkpt lat="69.000830389559268951416015625" lon="20.46848106198012828826904296875">
        <ele>771</ele>
        <time>2026-08-22T11:32:55.000Z</time>
        <extensions>
          <ns3:TrackPointExtension>
            <ns3:cad>0</ns3:cad>
          </ns3:TrackPointExtension>
        </extensions>
      </trkpt>
      <trkpt lat="69.000821001827716827392578125" lon="20.46844133175909519195556640625">
        <ele>770.5999755859375</ele>
        <time>2026-08-22T11:32:58.000Z</time>
        <extensions>
          <ns3:TrackPointExtension>
            <ns3:cad>0</ns3:cad>
          </ns3:TrackPointExtension>
        </extensions>
      </trkpt>
      <trkpt lat="69.00079024024307727813720703125" lon="20.46835181303322315216064453125">
        <ele>770</ele>
        <time>2026-08-22T11:33:03.000Z</time>
        <extensions>
          <ns3:TrackPointExtension>
            <ns3:cad>0</ns3:cad>
          </ns3:TrackPointExtension>
        </extensions>
      </trkpt>
      <trkpt lat="69.00077649392187595367431640625" lon="20.46830889768898487091064453125">
        <ele>770</ele>
        <time>2026-08-22T11:33:05.000Z</time>
        <extensions>
          <ns3:TrackPointExtension>
            <ns3:cad>43</ns3:cad>
          </ns3:TrackPointExtension>
        </extensions>
      </trkpt>
      <trkpt lat="69.000741541385650634765625" lon="20.46820948831737041473388671875">
        <ele>769.4000244140625</ele>
        <time>2026-08-22T11:33:12.000Z</time>
        <extensions>
          <ns3:TrackPointExtension>
            <ns3:cad>0</ns3:cad>
          </ns3:TrackPointExtension>
        </extensions>
      </trkpt>
      <trkpt lat="69.0007054992020130157470703125" lon="20.46811024658381938934326171875">
        <ele>769</ele>
        <time>2026-08-22T11:33:19.000Z</time>
        <extensions>
          <ns3:TrackPointExtension>
            <ns3:cad>0</ns3:cad>
          </ns3:TrackPointExtension>
        </extensions>
      </trkpt>
      <trkpt lat="69.0006786771118640899658203125" lon="20.468041934072971343994140625">
        <ele>767.79998779296875</ele>
        <time>2026-08-22T11:33:26.000Z</time>
        <extensions>
          <ns3:TrackPointExtension>
            <ns3:cad>0</ns3:cad>
          </ns3:TrackPointExtension>
        </extensions>
      </trkpt>
      <trkpt lat="69.00064707733690738677978515625" lon="20.4679361544549465179443359375">
        <ele>766.79998779296875</ele>
        <time>2026-08-22T11:33:33.000Z</time>
        <extensions>
          <ns3:TrackPointExtension>
            <ns3:cad>51</ns3:cad>
          </ns3:TrackPointExtension>
        </extensions>
      </trkpt>
      <trkpt lat="69.000640623271465301513671875" lon="20.46791729517281055450439453125">
        <ele>766.79998779296875</ele>
        <time>2026-08-22T11:33:34.000Z</time>
        <extensions>
          <ns3:TrackPointExtension>
            <ns3:cad>51</ns3:cad>
          </ns3:TrackPointExtension>
        </extensions>
      </trkpt>
      <trkpt lat="69.000615142285823822021484375" lon="20.46785761602222919464111328125">
        <ele>766.5999755859375</ele>
        <time>2026-08-22T11:33:39.000Z</time>
        <extensions>
          <ns3:TrackPointExtension>
            <ns3:cad>0</ns3:cad>
          </ns3:TrackPointExtension>
        </extensions>
      </trkpt>
      <trkpt lat="69.00060080923140048980712890625" lon="20.4677720367908477783203125">
        <ele>766.20001220703125</ele>
        <time>2026-08-22T11:33:44.000Z</time>
        <extensions>
          <ns3:TrackPointExtension>
            <ns3:cad>0</ns3:cad>
          </ns3:TrackPointExtension>
        </extensions>
      </trkpt>
      <trkpt lat="69.000559486448764801025390625" lon="20.46763884834945201873779296875">
        <ele>766</ele>
        <time>2026-08-22T11:33:53.000Z</time>
        <extensions>
          <ns3:TrackPointExtension>
            <ns3:cad>0</ns3:cad>
          </ns3:TrackPointExtension>
        </extensions>
      </trkpt>
      <trkpt lat="69.00055152364075183868408203125" lon="20.46761177480220794677734375">
        <ele>765.79998779296875</ele>
        <time>2026-08-22T11:33:55.000Z</time>
        <extensions>
          <ns3:TrackPointExtension>
            <ns3:cad>43</ns3:cad>
          </ns3:TrackPointExtension>
        </extensions>
      </trkpt>
      <trkpt lat="69.000521935522556304931640625" lon="20.46755813062191009521484375">
        <ele>765</ele>
        <time>2026-08-22T11:33:59.000Z</time>
        <extensions>
          <ns3:TrackPointExtension>
            <ns3:cad>0</ns3:cad>
          </ns3:TrackPointExtension>
        </extensions>
      </trkpt>
      <trkpt lat="69.00051061995327472686767578125" lon="20.467547066509723663330078125">
        <ele>764.79998779296875</ele>
        <time>2026-08-22T11:34:00.000Z</time>
        <extensions>
          <ns3:TrackPointExtension>
            <ns3:cad>0</ns3:cad>
          </ns3:TrackPointExtension>
        </extensions>
      </trkpt>
      <trkpt lat="69.00047809816896915435791015625" lon="20.4674609005451202392578125">
        <ele>764.4000244140625</ele>
        <time>2026-08-22T11:34:05.000Z</time>
        <extensions>
          <ns3:TrackPointExtension>
            <ns3:cad>0</ns3:cad>
          </ns3:TrackPointExtension>
        </extensions>
      </trkpt>
      <trkpt lat="69.0004604123532772064208984375" lon="20.4673048295080661773681640625">
        <ele>763.79998779296875</ele>
        <time>2026-08-22T11:34:11.000Z</time>
        <extensions>
          <ns3:TrackPointExtension>
            <ns3:cad>0</ns3:cad>
          </ns3:TrackPointExtension>
        </extensions>
      </trkpt>
      <trkpt lat="69.00043317116796970367431640625" lon="20.467198379337787628173828125">
        <ele>763.79998779296875</ele>
        <time>2026-08-22T11:34:16.000Z</time>
        <extensions>
          <ns3:TrackPointExtension>
            <ns3:cad>0</ns3:cad>
          </ns3:TrackPointExtension>
        </extensions>
      </trkpt>
      <trkpt lat="69.0004151500761508941650390625" lon="20.46710022725164890289306640625">
        <ele>763.79998779296875</ele>
        <time>2026-08-22T11:34:20.000Z</time>
        <extensions>
          <ns3:TrackPointExtension>
            <ns3:cad>0</ns3:cad>
          </ns3:TrackPointExtension>
        </extensions>
      </trkpt>
      <trkpt lat="69.00040886364877223968505859375" lon="20.46707960776984691619873046875">
        <ele>763.5999755859375</ele>
        <time>2026-08-22T11:34:21.000Z</time>
        <extensions>
          <ns3:TrackPointExtension>
            <ns3:cad>0</ns3:cad>
          </ns3:TrackPointExtension>
        </extensions>
      </trkpt>
      <trkpt lat="69.0003816224634647369384765625" lon="20.46698925085365772247314453125">
        <ele>763.5999755859375</ele>
        <time>2026-08-22T11:34:26.000Z</time>
        <extensions>
          <ns3:TrackPointExtension>
            <ns3:cad>0</ns3:cad>
          </ns3:TrackPointExtension>
        </extensions>
      </trkpt>
      <trkpt lat="69.0003405511379241943359375" lon="20.46685966663062572479248046875">
        <ele>763.4000244140625</ele>
        <time>2026-08-22T11:34:33.000Z</time>
        <extensions>
          <ns3:TrackPointExtension>
            <ns3:cad>0</ns3:cad>
          </ns3:TrackPointExtension>
        </extensions>
      </trkpt>
      <trkpt lat="69.00029964745044708251953125" lon="20.46674030832946300506591796875">
        <ele>763.4000244140625</ele>
        <time>2026-08-22T11:34:40.000Z</time>
        <extensions>
          <ns3:TrackPointExtension>
            <ns3:cad>0</ns3:cad>
          </ns3:TrackPointExtension>
        </extensions>
      </trkpt>
      <trkpt lat="69.00027994997799396514892578125" lon="20.46667844988405704498291015625">
        <ele>763.20001220703125</ele>
        <time>2026-08-22T11:34:44.000Z</time>
        <extensions>
          <ns3:TrackPointExtension>
            <ns3:cad>0</ns3:cad>
          </ns3:TrackPointExtension>
        </extensions>
      </trkpt>
      <trkpt lat="69.00026285089552402496337890625" lon="20.4666496999561786651611328125">
        <ele>763.20001220703125</ele>
        <time>2026-08-22T11:34:46.000Z</time>
        <extensions>
          <ns3:TrackPointExtension>
            <ns3:cad>0</ns3:cad>
          </ns3:TrackPointExtension>
        </extensions>
      </trkpt>
      <trkpt lat="69.00021088309586048126220703125" lon="20.4665105603635311126708984375">
        <ele>763</ele>
        <time>2026-08-22T11:34:54.000Z</time>
        <extensions>
          <ns3:TrackPointExtension>
            <ns3:cad>0</ns3:cad>
          </ns3:TrackPointExtension>
        </extensions>
      </trkpt>
      <trkpt lat="69.0001707337796688079833984375" lon="20.46639497391879558563232421875">
        <ele>763</ele>
        <time>2026-08-22T11:35:00.000Z</time>
        <extensions>
          <ns3:TrackPointExtension>
            <ns3:cad>0</ns3:cad>
          </ns3:TrackPointExtension>
        </extensions>
      </trkpt>
      <trkpt lat="69.00012488476932048797607421875" lon="20.466303527355194091796875">
        <ele>762.79998779296875</ele>
        <time>2026-08-22T11:35:07.000Z</time>
        <extensions>
          <ns3:TrackPointExtension>
            <ns3:cad>47</ns3:cad>
          </ns3:TrackPointExtension>
        </extensions>
      </trkpt>
      <trkpt lat="69.0000899322330951690673828125" lon="20.4662151820957660675048828125">
        <ele>762.79998779296875</ele>
        <time>2026-08-22T11:35:14.000Z</time>
        <extensions>
          <ns3:TrackPointExtension>
            <ns3:cad>0</ns3:cad>
          </ns3:TrackPointExtension>
        </extensions>
      </trkpt>
      <trkpt lat="69.000044167041778564453125" lon="20.46614133752882480621337890625">
        <ele>762.79998779296875</ele>
        <time>2026-08-22T11:35:20.000Z</time>
        <extensions>
          <ns3:TrackPointExtension>
            <ns3:cad>0</ns3:cad>
          </ns3:TrackPointExtension>
        </extensions>
      </trkpt>
      <trkpt lat="69.00001474656164646148681640625" lon="20.46608367003500461578369140625">
        <ele>762.5999755859375</ele>
        <time>2026-08-22T11:35:24.000Z</time>
        <extensions>
          <ns3:TrackPointExtension>
            <ns3:cad>0</ns3:cad>
          </ns3:TrackPointExtension>
        </extensions>
      </trkpt>
      <trkpt lat="68.99999781511723995208740234375" lon="20.46602566726505756378173828125">
        <ele>762.5999755859375</ele>
        <time>2026-08-22T11:35:27.000Z</time>
        <extensions>
          <ns3:TrackPointExtension>
            <ns3:cad>0</ns3:cad>
          </ns3:TrackPointExtension>
        </extensions>
      </trkpt>
      <trkpt lat="68.99997719563543796539306640625" lon="20.4659529961645603179931640625">
        <ele>762.5999755859375</ele>
        <time>2026-08-22T11:35:31.000Z</time>
        <extensions>
          <ns3:TrackPointExtension>
            <ns3:cad>0</ns3:cad>
          </ns3:TrackPointExtension>
        </extensions>
      </trkpt>
      <trkpt lat="68.9999511279165744781494140625" lon="20.4659030400216579437255859375">
        <ele>762.5999755859375</ele>
        <time>2026-08-22T11:35:34.000Z</time>
        <extensions>
          <ns3:TrackPointExtension>
            <ns3:cad>0</ns3:cad>
          </ns3:TrackPointExtension>
        </extensions>
      </trkpt>
      <trkpt lat="68.9999350346624851226806640625" lon="20.46577504836022853851318359375">
        <ele>762.5999755859375</ele>
        <time>2026-08-22T11:35:41.000Z</time>
        <extensions>
          <ns3:TrackPointExtension>
            <ns3:cad>0</ns3:cad>
          </ns3:TrackPointExtension>
        </extensions>
      </trkpt>
      <trkpt lat="68.99991475045680999755859375" lon="20.4656894691288471221923828125">
        <ele>762.5999755859375</ele>
        <time>2026-08-22T11:35:46.000Z</time>
        <extensions>
          <ns3:TrackPointExtension>
            <ns3:cad>0</ns3:cad>
          </ns3:TrackPointExtension>
        </extensions>
      </trkpt>
      <trkpt lat="68.9998834021389484405517578125" lon="20.46565853990614414215087890625">
        <ele>762.4000244140625</ele>
        <time>2026-08-22T11:35:49.000Z</time>
        <extensions>
          <ns3:TrackPointExtension>
            <ns3:cad>0</ns3:cad>
          </ns3:TrackPointExtension>
        </extensions>
      </trkpt>
      <trkpt lat="68.99985901080071926116943359375" lon="20.465654432773590087890625">
        <ele>762.4000244140625</ele>
        <time>2026-08-22T11:35:51.000Z</time>
        <extensions>
          <ns3:TrackPointExtension>
            <ns3:cad>0</ns3:cad>
          </ns3:TrackPointExtension>
        </extensions>
      </trkpt>
      <trkpt lat="68.9998498745262622833251953125" lon="20.46565015800297260284423828125">
        <ele>762.4000244140625</ele>
        <time>2026-08-22T11:35:52.000Z</time>
        <extensions>
          <ns3:TrackPointExtension>
            <ns3:cad>0</ns3:cad>
          </ns3:TrackPointExtension>
        </extensions>
      </trkpt>
      <trkpt lat="68.99984090588986873626708984375" lon="20.46564429067075252532958984375">
        <ele>762.4000244140625</ele>
        <time>2026-08-22T11:35:53.000Z</time>
        <extensions>
          <ns3:TrackPointExtension>
            <ns3:cad>0</ns3:cad>
          </ns3:TrackPointExtension>
        </extensions>
      </trkpt>
      <trkpt lat="68.99980880320072174072265625" lon="20.46560573391616344451904296875">
        <ele>762.5999755859375</ele>
        <time>2026-08-22T11:35:58.000Z</time>
        <extensions>
          <ns3:TrackPointExtension>
            <ns3:cad>0</ns3:cad>
          </ns3:TrackPointExtension>
        </extensions>
      </trkpt>
      <trkpt lat="68.9997730962932109832763671875" lon="20.4655513353645801544189453125">
        <ele>762.5999755859375</ele>
        <time>2026-08-22T11:36:04.000Z</time>
        <extensions>
          <ns3:TrackPointExtension>
            <ns3:cad>0</ns3:cad>
          </ns3:TrackPointExtension>
        </extensions>
      </trkpt>
      <trkpt lat="68.99969740770757198333740234375" lon="20.46548956073820590972900390625">
        <ele>762.4000244140625</ele>
        <time>2026-08-22T11:36:13.000Z</time>
        <extensions>
          <ns3:TrackPointExtension>
            <ns3:cad>0</ns3:cad>
          </ns3:TrackPointExtension>
        </extensions>
      </trkpt>
      <trkpt lat="68.99968651123344898223876953125" lon="20.465448237955570220947265625">
        <ele>762.5999755859375</ele>
        <time>2026-08-22T11:36:16.000Z</time>
        <extensions>
          <ns3:TrackPointExtension>
            <ns3:cad>0</ns3:cad>
          </ns3:TrackPointExtension>
        </extensions>
      </trkpt>
      <trkpt lat="68.99968131445348262786865234375" lon="20.4654018022119998931884765625">
        <ele>762.5999755859375</ele>
        <time>2026-08-22T11:36:18.000Z</time>
        <extensions>
          <ns3:TrackPointExtension>
            <ns3:cad>0</ns3:cad>
          </ns3:TrackPointExtension>
        </extensions>
      </trkpt>
      <trkpt lat="68.99967209435999393463134765625" lon="20.46533801592886447906494140625">
        <ele>762.5999755859375</ele>
        <time>2026-08-22T11:36:22.000Z</time>
        <extensions>
          <ns3:TrackPointExtension>
            <ns3:cad>0</ns3:cad>
          </ns3:TrackPointExtension>
        </extensions>
      </trkpt>
      <trkpt lat="68.99965591728687286376953125" lon="20.4653243534266948699951171875">
        <ele>762.5999755859375</ele>
        <time>2026-08-22T11:36:24.000Z</time>
        <extensions>
          <ns3:TrackPointExtension>
            <ns3:cad>0</ns3:cad>
          </ns3:TrackPointExtension>
        </extensions>
      </trkpt>
      <trkpt lat="68.99964041076600551605224609375" lon="20.46532661654055118560791015625">
        <ele>762.5999755859375</ele>
        <time>2026-08-22T11:36:26.000Z</time>
        <extensions>
          <ns3:TrackPointExtension>
            <ns3:cad>0</ns3:cad>
          </ns3:TrackPointExtension>
        </extensions>
      </trkpt>
      <trkpt lat="68.999626748263835906982421875" lon="20.465323515236377716064453125">
        <ele>762.5999755859375</ele>
        <time>2026-08-22T11:36:28.000Z</time>
        <extensions>
          <ns3:TrackPointExtension>
            <ns3:cad>0</ns3:cad>
          </ns3:TrackPointExtension>
        </extensions>
      </trkpt>
      <trkpt lat="68.9996108226478099822998046875" lon="20.46529744751751422882080078125">
        <ele>762.5999755859375</ele>
        <time>2026-08-22T11:36:30.000Z</time>
        <extensions>
          <ns3:TrackPointExtension>
            <ns3:cad>0</ns3:cad>
          </ns3:TrackPointExtension>
        </extensions>
      </trkpt>
      <trkpt lat="68.99958743713796138763427734375" lon="20.46523709781467914581298828125">
        <ele>762.5999755859375</ele>
        <time>2026-08-22T11:36:33.000Z</time>
        <extensions>
          <ns3:TrackPointExtension>
            <ns3:cad>0</ns3:cad>
          </ns3:TrackPointExtension>
        </extensions>
      </trkpt>
      <trkpt lat="68.9995544962584972381591796875" lon="20.46513668261468410491943359375">
        <ele>762.5999755859375</ele>
        <time>2026-08-22T11:36:39.000Z</time>
        <extensions>
          <ns3:TrackPointExtension>
            <ns3:cad>0</ns3:cad>
          </ns3:TrackPointExtension>
        </extensions>
      </trkpt>
      <trkpt lat="68.99953412823379039764404296875" lon="20.46507013030350208282470703125">
        <ele>763</ele>
        <time>2026-08-22T11:36:44.000Z</time>
        <extensions>
          <ns3:TrackPointExtension>
            <ns3:cad>0</ns3:cad>
          </ns3:TrackPointExtension>
        </extensions>
      </trkpt>
      <trkpt lat="68.9995224773883819580078125" lon="20.46503551304340362548828125">
        <ele>763</ele>
        <time>2026-08-22T11:36:47.000Z</time>
        <extensions>
          <ns3:TrackPointExtension>
            <ns3:cad>0</ns3:cad>
          </ns3:TrackPointExtension>
        </extensions>
      </trkpt>
      <trkpt lat="68.999508060514926910400390625" lon="20.46499620191752910614013671875">
        <ele>763</ele>
        <time>2026-08-22T11:36:50.000Z</time>
        <extensions>
          <ns3:TrackPointExtension>
            <ns3:cad>64</ns3:cad>
          </ns3:TrackPointExtension>
        </extensions>
      </trkpt>
      <trkpt lat="68.999477215111255645751953125" lon="20.464925877749919891357421875">
        <ele>763.20001220703125</ele>
        <time>2026-08-22T11:36:55.000Z</time>
        <extensions>
          <ns3:TrackPointExtension>
            <ns3:cad>0</ns3:cad>
          </ns3:TrackPointExtension>
        </extensions>
      </trkpt>
      <trkpt lat="68.99943706579506397247314453125" lon="20.46483359299600124359130859375">
        <ele>763.20001220703125</ele>
        <time>2026-08-22T11:37:01.000Z</time>
        <extensions>
          <ns3:TrackPointExtension>
            <ns3:cad>0</ns3:cad>
          </ns3:TrackPointExtension>
        </extensions>
      </trkpt>
      <trkpt lat="68.9994089864194393157958984375" lon="20.46470166184008121490478515625">
        <ele>763.5999755859375</ele>
        <time>2026-08-22T11:37:08.000Z</time>
        <extensions>
          <ns3:TrackPointExtension>
            <ns3:cad>0</ns3:cad>
          </ns3:TrackPointExtension>
        </extensions>
      </trkpt>
      <trkpt lat="68.99940244853496551513671875" lon="20.46467551030218601226806640625">
        <ele>763.4000244140625</ele>
        <time>2026-08-22T11:37:09.000Z</time>
        <extensions>
          <ns3:TrackPointExtension>
            <ns3:cad>0</ns3:cad>
          </ns3:TrackPointExtension>
        </extensions>
      </trkpt>
      <trkpt lat="68.999373950064182281494140625" lon="20.4645703174173831939697265625">
        <ele>763.4000244140625</ele>
        <time>2026-08-22T11:37:14.000Z</time>
        <extensions>
          <ns3:TrackPointExtension>
            <ns3:cad>0</ns3:cad>
          </ns3:TrackPointExtension>
        </extensions>
      </trkpt>
      <trkpt lat="68.99932273663580417633056640625" lon="20.4644264839589595794677734375">
        <ele>763</ele>
        <time>2026-08-22T11:37:22.000Z</time>
        <extensions>
          <ns3:TrackPointExtension>
            <ns3:cad>0</ns3:cad>
          </ns3:TrackPointExtension>
        </extensions>
      </trkpt>
      <trkpt lat="68.99929323233664035797119140625" lon="20.46433411538600921630859375">
        <ele>763</ele>
        <time>2026-08-22T11:37:27.000Z</time>
        <extensions>
          <ns3:TrackPointExtension>
            <ns3:cad>46</ns3:cad>
          </ns3:TrackPointExtension>
        </extensions>
      </trkpt>
      <trkpt lat="68.99927110411226749420166015625" lon="20.46428189612925052642822265625">
        <ele>763.20001220703125</ele>
        <time>2026-08-22T11:37:30.000Z</time>
        <extensions>
          <ns3:TrackPointExtension>
            <ns3:cad>42</ns3:cad>
          </ns3:TrackPointExtension>
        </extensions>
      </trkpt>
      <trkpt lat="68.99925551377236843109130859375" lon="20.46426060609519481658935546875">
        <ele>763.4000244140625</ele>
        <time>2026-08-22T11:37:32.000Z</time>
        <extensions>
          <ns3:TrackPointExtension>
            <ns3:cad>0</ns3:cad>
          </ns3:TrackPointExtension>
        </extensions>
      </trkpt>
      <trkpt lat="68.99922072887420654296875" lon="20.46417678706347942352294921875">
        <ele>763.5999755859375</ele>
        <time>2026-08-22T11:37:37.000Z</time>
        <extensions>
          <ns3:TrackPointExtension>
            <ns3:cad>0</ns3:cad>
          </ns3:TrackPointExtension>
        </extensions>
      </trkpt>
      <trkpt lat="68.99918854236602783203125" lon="20.46413286589086055755615234375">
        <ele>764.20001220703125</ele>
        <time>2026-08-22T11:37:43.000Z</time>
        <extensions>
          <ns3:TrackPointExtension>
            <ns3:cad>0</ns3:cad>
          </ns3:TrackPointExtension>
        </extensions>
      </trkpt>
      <trkpt lat="68.99917655624449253082275390625" lon="20.4641274176537990570068359375">
        <ele>764.20001220703125</ele>
        <time>2026-08-22T11:37:44.000Z</time>
        <extensions>
          <ns3:TrackPointExtension>
            <ns3:cad>0</ns3:cad>
          </ns3:TrackPointExtension>
        </extensions>
      </trkpt>
      <trkpt lat="68.99914839304983615875244140625" lon="20.46411090530455112457275390625">
        <ele>764.5999755859375</ele>
        <time>2026-08-22T11:37:48.000Z</time>
        <extensions>
          <ns3:TrackPointExtension>
            <ns3:cad>0</ns3:cad>
          </ns3:TrackPointExtension>
        </extensions>
      </trkpt>
      <trkpt lat="68.99909843690693378448486328125" lon="20.4640905372798442840576171875">
        <ele>765.5999755859375</ele>
        <time>2026-08-22T11:37:55.000Z</time>
        <extensions>
          <ns3:TrackPointExtension>
            <ns3:cad>0</ns3:cad>
          </ns3:TrackPointExtension>
        </extensions>
      </trkpt>
      <trkpt lat="68.99909223429858684539794921875" lon="20.4640851728618144989013671875">
        <ele>765.5999755859375</ele>
        <time>2026-08-22T11:37:56.000Z</time>
        <extensions>
          <ns3:TrackPointExtension>
            <ns3:cad>0</ns3:cad>
          </ns3:TrackPointExtension>
        </extensions>
      </trkpt>
      <trkpt lat="68.9990866184234619140625" lon="20.46408089809119701385498046875">
        <ele>765.79998779296875</ele>
        <time>2026-08-22T11:37:57.000Z</time>
        <extensions>
          <ns3:TrackPointExtension>
            <ns3:cad>0</ns3:cad>
          </ns3:TrackPointExtension>
        </extensions>
      </trkpt>
      <trkpt lat="68.99906390346586704254150390625" lon="20.46406111679971218109130859375">
        <ele>766</ele>
        <time>2026-08-22T11:38:00.000Z</time>
        <extensions>
          <ns3:TrackPointExtension>
            <ns3:cad>0</ns3:cad>
          </ns3:TrackPointExtension>
        </extensions>
      </trkpt>
      <trkpt lat="68.99901486933231353759765625" lon="20.4639919660985469818115234375">
        <ele>766.4000244140625</ele>
        <time>2026-08-22T11:38:07.000Z</time>
        <extensions>
          <ns3:TrackPointExtension>
            <ns3:cad>0</ns3:cad>
          </ns3:TrackPointExtension>
        </extensions>
      </trkpt>
      <trkpt lat="68.99898712523281574249267578125" lon="20.4639560915529727935791015625">
        <ele>766.79998779296875</ele>
        <time>2026-08-22T11:38:11.000Z</time>
        <extensions>
          <ns3:TrackPointExtension>
            <ns3:cad>0</ns3:cad>
          </ns3:TrackPointExtension>
        </extensions>
      </trkpt>
      <trkpt lat="68.99897069670259952545166015625" lon="20.46393589116632938385009765625">
        <ele>767.20001220703125</ele>
        <time>2026-08-22T11:38:13.000Z</time>
        <extensions>
          <ns3:TrackPointExtension>
            <ns3:cad>0</ns3:cad>
          </ns3:TrackPointExtension>
        </extensions>
      </trkpt>
      <trkpt lat="68.99895125068724155426025390625" lon="20.4638954065740108489990234375">
        <ele>767.20001220703125</ele>
        <time>2026-08-22T11:38:15.000Z</time>
        <extensions>
          <ns3:TrackPointExtension>
            <ns3:cad>0</ns3:cad>
          </ns3:TrackPointExtension>
        </extensions>
      </trkpt>
      <trkpt lat="68.99891562759876251220703125" lon="20.463841594755649566650390625">
        <ele>767</ele>
        <time>2026-08-22T11:38:19.000Z</time>
        <extensions>
          <ns3:TrackPointExtension>
            <ns3:cad>0</ns3:cad>
          </ns3:TrackPointExtension>
        </extensions>
      </trkpt>
      <trkpt lat="68.998883105814456939697265625" lon="20.46379499137401580810546875">
        <ele>767</ele>
        <time>2026-08-22T11:38:25.000Z</time>
        <extensions>
          <ns3:TrackPointExtension>
            <ns3:cad>0</ns3:cad>
          </ns3:TrackPointExtension>
        </extensions>
      </trkpt>
      <trkpt lat="68.998834826052188873291015625" lon="20.463751740753650665283203125">
        <ele>767.79998779296875</ele>
        <time>2026-08-22T11:38:31.000Z</time>
        <extensions>
          <ns3:TrackPointExtension>
            <ns3:cad>0</ns3:cad>
          </ns3:TrackPointExtension>
        </extensions>
      </trkpt>
      <trkpt lat="68.99883038364350795745849609375" lon="20.46374880708754062652587890625">
        <ele>768</ele>
        <time>2026-08-22T11:38:32.000Z</time>
        <extensions>
          <ns3:TrackPointExtension>
            <ns3:cad>0</ns3:cad>
          </ns3:TrackPointExtension>
        </extensions>
      </trkpt>
      <trkpt lat="68.99881093762814998626708984375" lon="20.4637415148317813873291015625">
        <ele>768.4000244140625</ele>
        <time>2026-08-22T11:38:35.000Z</time>
        <extensions>
          <ns3:TrackPointExtension>
            <ns3:cad>0</ns3:cad>
          </ns3:TrackPointExtension>
        </extensions>
      </trkpt>
      <trkpt lat="68.99880339391529560089111328125" lon="20.46373941935598850250244140625">
        <ele>768.5999755859375</ele>
        <time>2026-08-22T11:38:36.000Z</time>
        <extensions>
          <ns3:TrackPointExtension>
            <ns3:cad>0</ns3:cad>
          </ns3:TrackPointExtension>
        </extensions>
      </trkpt>
      <trkpt lat="68.9987890608608722686767578125" lon="20.46373187564313411712646484375">
        <ele>769</ele>
        <time>2026-08-22T11:38:38.000Z</time>
        <extensions>
          <ns3:TrackPointExtension>
            <ns3:cad>0</ns3:cad>
          </ns3:TrackPointExtension>
        </extensions>
      </trkpt>
      <trkpt lat="68.99877212941646575927734375" lon="20.4637247510254383087158203125">
        <ele>769.4000244140625</ele>
        <time>2026-08-22T11:38:41.000Z</time>
        <extensions>
          <ns3:TrackPointExtension>
            <ns3:cad>0</ns3:cad>
          </ns3:TrackPointExtension>
        </extensions>
      </trkpt>
      <trkpt lat="68.9987313933670520782470703125" lon="20.46375266276299953460693359375">
        <ele>770</ele>
        <time>2026-08-22T11:38:47.000Z</time>
        <extensions>
          <ns3:TrackPointExtension>
            <ns3:cad>0</ns3:cad>
          </ns3:TrackPointExtension>
        </extensions>
      </trkpt>
      <trkpt lat="68.9987169764935970306396484375" lon="20.463760457932949066162109375">
        <ele>770.20001220703125</ele>
        <time>2026-08-22T11:38:49.000Z</time>
        <extensions>
          <ns3:TrackPointExtension>
            <ns3:cad>0</ns3:cad>
          </ns3:TrackPointExtension>
        </extensions>
      </trkpt>
      <trkpt lat="68.998696021735668182373046875" lon="20.46376506797969341278076171875">
        <ele>770.5999755859375</ele>
        <time>2026-08-22T11:38:53.000Z</time>
        <extensions>
          <ns3:TrackPointExtension>
            <ns3:cad>0</ns3:cad>
          </ns3:TrackPointExtension>
        </extensions>
      </trkpt>
      <trkpt lat="68.9986730553209781646728515625" lon="20.46378065831959247589111328125">
        <ele>771.20001220703125</ele>
        <time>2026-08-22T11:38:56.000Z</time>
        <extensions>
          <ns3:TrackPointExtension>
            <ns3:cad>0</ns3:cad>
          </ns3:TrackPointExtension>
        </extensions>
      </trkpt>
      <trkpt lat="68.99865679442882537841796875" lon="20.4638119228184223175048828125">
        <ele>771.5999755859375</ele>
        <time>2026-08-22T11:38:59.000Z</time>
        <extensions>
          <ns3:TrackPointExtension>
            <ns3:cad>0</ns3:cad>
          </ns3:TrackPointExtension>
        </extensions>
      </trkpt>
      <trkpt lat="68.99862837977707386016845703125" lon="20.4638665728271007537841796875">
        <ele>772.20001220703125</ele>
        <time>2026-08-22T11:39:04.000Z</time>
        <extensions>
          <ns3:TrackPointExtension>
            <ns3:cad>0</ns3:cad>
          </ns3:TrackPointExtension>
        </extensions>
      </trkpt>
      <trkpt lat="68.998624272644519805908203125" lon="20.4638855159282684326171875">
        <ele>772.4000244140625</ele>
        <time>2026-08-22T11:39:05.000Z</time>
        <extensions>
          <ns3:TrackPointExtension>
            <ns3:cad>0</ns3:cad>
          </ns3:TrackPointExtension>
        </extensions>
      </trkpt>
      <trkpt lat="68.99860239587724208831787109375" lon="20.46397604048252105712890625">
        <ele>773</ele>
        <time>2026-08-22T11:39:10.000Z</time>
        <extensions>
          <ns3:TrackPointExtension>
            <ns3:cad>0</ns3:cad>
          </ns3:TrackPointExtension>
        </extensions>
      </trkpt>
      <trkpt lat="68.99859569035470485687255859375" lon="20.46400294639170169830322265625">
        <ele>773.4000244140625</ele>
        <time>2026-08-22T11:39:12.000Z</time>
        <extensions>
          <ns3:TrackPointExtension>
            <ns3:cad>74</ns3:cad>
          </ns3:TrackPointExtension>
        </extensions>
      </trkpt>
      <trkpt lat="68.998576663434505462646484375" lon="20.4640679061412811279296875">
        <ele>773.79998779296875</ele>
        <time>2026-08-22T11:39:17.000Z</time>
        <extensions>
          <ns3:TrackPointExtension>
            <ns3:cad>0</ns3:cad>
          </ns3:TrackPointExtension>
        </extensions>
      </trkpt>
      <trkpt lat="68.99854808114469051361083984375" lon="20.464156083762645721435546875">
        <ele>774</ele>
        <time>2026-08-22T11:39:23.000Z</time>
        <extensions>
          <ns3:TrackPointExtension>
            <ns3:cad>0</ns3:cad>
          </ns3:TrackPointExtension>
        </extensions>
      </trkpt>
      <trkpt lat="68.9985211752355098724365234375" lon="20.464196316897869110107421875">
        <ele>774.20001220703125</ele>
        <time>2026-08-22T11:39:28.000Z</time>
        <extensions>
          <ns3:TrackPointExtension>
            <ns3:cad>0</ns3:cad>
          </ns3:TrackPointExtension>
        </extensions>
      </trkpt>
      <trkpt lat="68.99851187132298946380615234375" lon="20.4642098955810070037841796875">
        <ele>774.4000244140625</ele>
        <time>2026-08-22T11:39:30.000Z</time>
        <extensions>
          <ns3:TrackPointExtension>
            <ns3:cad>0</ns3:cad>
          </ns3:TrackPointExtension>
        </extensions>
      </trkpt>
      <trkpt lat="68.99851438589394092559814453125" lon="20.464205034077167510986328125">
        <ele>774.5999755859375</ele>
        <time>2026-08-22T11:39:34.000Z</time>
        <extensions>
          <ns3:TrackPointExtension>
            <ns3:cad>0</ns3:cad>
          </ns3:TrackPointExtension>
        </extensions>
      </trkpt>
      <trkpt lat="68.99851639755070209503173828125" lon="20.46418081037700176239013671875">
        <ele>774.5999755859375</ele>
        <time>2026-08-22T11:39:40.000Z</time>
        <extensions>
          <ns3:TrackPointExtension>
            <ns3:cad>0</ns3:cad>
          </ns3:TrackPointExtension>
        </extensions>
      </trkpt>
      <trkpt lat="68.998521678149700164794921875" lon="20.46419455669820308685302734375">
        <ele>774.5999755859375</ele>
        <time>2026-08-22T11:39:47.000Z</time>
        <extensions>
          <ns3:TrackPointExtension>
            <ns3:cad>0</ns3:cad>
          </ns3:TrackPointExtension>
        </extensions>
      </trkpt>
      <trkpt lat="68.99852779693901538848876953125" lon="20.46420310623943805694580078125">
        <ele>774</ele>
        <time>2026-08-22T11:39:54.000Z</time>
        <extensions>
          <ns3:TrackPointExtension>
            <ns3:cad>0</ns3:cad>
          </ns3:TrackPointExtension>
        </extensions>
      </trkpt>
      <trkpt lat="68.99852536618709564208984375" lon="20.46418391168117523193359375">
        <ele>774</ele>
        <time>2026-08-22T11:40:01.000Z</time>
        <extensions>
          <ns3:TrackPointExtension>
            <ns3:cad>0</ns3:cad>
          </ns3:TrackPointExtension>
        </extensions>
      </trkpt>
      <trkpt lat="68.998513631522655487060546875" lon="20.46418726444244384765625">
        <ele>773.79998779296875</ele>
        <time>2026-08-22T11:40:07.000Z</time>
        <extensions>
          <ns3:TrackPointExtension>
            <ns3:cad>0</ns3:cad>
          </ns3:TrackPointExtension>
        </extensions>
      </trkpt>
      <trkpt lat="68.9985168166458606719970703125" lon="20.46418751589953899383544921875">
        <ele>775</ele>
        <time>2026-08-22T11:40:13.000Z</time>
        <extensions>
          <ns3:TrackPointExtension>
            <ns3:cad>0</ns3:cad>
          </ns3:TrackPointExtension>
        </extensions>
      </trkpt>
      <trkpt lat="68.998516984283924102783203125" lon="20.464207045733928680419921875">
        <ele>774.20001220703125</ele>
        <time>2026-08-22T11:40:21.000Z</time>
        <extensions>
          <ns3:TrackPointExtension>
            <ns3:cad>0</ns3:cad>
          </ns3:TrackPointExtension>
        </extensions>
      </trkpt>
      <trkpt lat="68.99851589463651180267333984375" lon="20.4642139188945293426513671875">
        <ele>774</ele>
        <time>2026-08-22T11:40:27.000Z</time>
        <extensions>
          <ns3:TrackPointExtension>
            <ns3:cad>0</ns3:cad>
          </ns3:TrackPointExtension>
        </extensions>
      </trkpt>
      <trkpt lat="68.998499214649200439453125" lon="20.46422892250120639801025390625">
        <ele>774.4000244140625</ele>
        <time>2026-08-22T11:40:34.000Z</time>
        <extensions>
          <ns3:TrackPointExtension>
            <ns3:cad>0</ns3:cad>
          </ns3:TrackPointExtension>
        </extensions>
      </trkpt>
      <trkpt lat="68.99851773865520954132080078125" lon="20.4642192833125591278076171875">
        <ele>774.4000244140625</ele>
        <time>2026-08-22T11:40:41.000Z</time>
        <extensions>
          <ns3:TrackPointExtension>
            <ns3:cad>0</ns3:cad>
          </ns3:TrackPointExtension>
        </extensions>
      </trkpt>
      <trkpt lat="68.998532406985759735107421875" lon="20.4641793854534626007080078125">
        <ele>774.4000244140625</ele>
        <time>2026-08-22T11:40:48.000Z</time>
        <extensions>
          <ns3:TrackPointExtension>
            <ns3:cad>0</ns3:cad>
          </ns3:TrackPointExtension>
        </extensions>
      </trkpt>
      <trkpt lat="68.99853567592799663543701171875" lon="20.4641778767108917236328125">
        <ele>774</ele>
        <time>2026-08-22T11:40:54.000Z</time>
        <extensions>
          <ns3:TrackPointExtension>
            <ns3:cad>0</ns3:cad>
          </ns3:TrackPointExtension>
        </extensions>
      </trkpt>
      <trkpt lat="68.9985389448702335357666015625" lon="20.464182905852794647216796875">
        <ele>774.20001220703125</ele>
        <time>2026-08-22T11:40:59.000Z</time>
        <extensions>
          <ns3:TrackPointExtension>
            <ns3:cad>0</ns3:cad>
          </ns3:TrackPointExtension>
        </extensions>
      </trkpt>
      <trkpt lat="68.9985463209450244903564453125" lon="20.46420830301940441131591796875">
        <ele>774.20001220703125</ele>
        <time>2026-08-22T11:41:07.000Z</time>
        <extensions>
          <ns3:TrackPointExtension>
            <ns3:cad>0</ns3:cad>
          </ns3:TrackPointExtension>
        </extensions>
      </trkpt>
      <trkpt lat="68.99853751994669437408447265625" lon="20.46423529274761676788330078125">
        <ele>774.20001220703125</ele>
        <time>2026-08-22T11:41:15.000Z</time>
        <extensions>
          <ns3:TrackPointExtension>
            <ns3:cad>0</ns3:cad>
          </ns3:TrackPointExtension>
        </extensions>
      </trkpt>
      <trkpt lat="68.99853433482348918914794921875" lon="20.4642615281045436859130859375">
        <ele>774.4000244140625</ele>
        <time>2026-08-22T11:41:22.000Z</time>
        <extensions>
          <ns3:TrackPointExtension>
            <ns3:cad>0</ns3:cad>
          </ns3:TrackPointExtension>
        </extensions>
      </trkpt>
      <trkpt lat="68.99854816496372222900390625" lon="20.46423294581472873687744140625">
        <ele>774.20001220703125</ele>
        <time>2026-08-22T11:41:29.000Z</time>
        <extensions>
          <ns3:TrackPointExtension>
            <ns3:cad>0</ns3:cad>
          </ns3:TrackPointExtension>
        </extensions>
      </trkpt>
      <trkpt lat="68.9985419623553752899169921875" lon="20.46419891528785228729248046875">
        <ele>774.20001220703125</ele>
        <time>2026-08-22T11:41:37.000Z</time>
        <extensions>
          <ns3:TrackPointExtension>
            <ns3:cad>0</ns3:cad>
          </ns3:TrackPointExtension>
        </extensions>
      </trkpt>
      <trkpt lat="68.9985194988548755645751953125" lon="20.46421634964644908905029296875">
        <ele>774</ele>
        <time>2026-08-22T11:41:44.000Z</time>
        <extensions>
          <ns3:TrackPointExtension>
            <ns3:cad>0</ns3:cad>
          </ns3:TrackPointExtension>
        </extensions>
      </trkpt>
      <trkpt lat="68.99852938950061798095703125" lon="20.46419061720371246337890625">
        <ele>773.79998779296875</ele>
        <time>2026-08-22T11:41:51.000Z</time>
        <extensions>
          <ns3:TrackPointExtension>
            <ns3:cad>0</ns3:cad>
          </ns3:TrackPointExtension>
        </extensions>
      </trkpt>
      <trkpt lat="68.99853282608091831207275390625" lon="20.4641713388264179229736328125">
        <ele>773.79998779296875</ele>
        <time>2026-08-22T11:41:58.000Z</time>
        <extensions>
          <ns3:TrackPointExtension>
            <ns3:cad>0</ns3:cad>
          </ns3:TrackPointExtension>
        </extensions>
      </trkpt>
      <trkpt lat="68.998529724776744842529296875" lon="20.4641602747142314910888671875">
        <ele>774.20001220703125</ele>
        <time>2026-08-22T11:42:05.000Z</time>
        <extensions>
          <ns3:TrackPointExtension>
            <ns3:cad>0</ns3:cad>
          </ns3:TrackPointExtension>
        </extensions>
      </trkpt>
      <trkpt lat="68.998531065881252288818359375" lon="20.46413387171924114227294921875">
        <ele>774.20001220703125</ele>
        <time>2026-08-22T11:42:10.000Z</time>
        <extensions>
          <ns3:TrackPointExtension>
            <ns3:cad>0</ns3:cad>
          </ns3:TrackPointExtension>
        </extensions>
      </trkpt>
      <trkpt lat="68.99854053743183612823486328125" lon="20.46414309181272983551025390625">
        <ele>774.20001220703125</ele>
        <time>2026-08-22T11:42:19.000Z</time>
        <extensions>
          <ns3:TrackPointExtension>
            <ns3:cad>0</ns3:cad>
          </ns3:TrackPointExtension>
        </extensions>
      </trkpt>
      <trkpt lat="68.998531065881252288818359375" lon="20.4641585983335971832275390625">
        <ele>774.20001220703125</ele>
        <time>2026-08-22T11:42:27.000Z</time>
        <extensions>
          <ns3:TrackPointExtension>
            <ns3:cad>0</ns3:cad>
          </ns3:TrackPointExtension>
        </extensions>
      </trkpt>
      <trkpt lat="68.9985285513103008270263671875" lon="20.464174188673496246337890625">
        <ele>774</ele>
        <time>2026-08-22T11:42:34.000Z</time>
        <extensions>
          <ns3:TrackPointExtension>
            <ns3:cad>0</ns3:cad>
          </ns3:TrackPointExtension>
        </extensions>
      </trkpt>
      <trkpt lat="68.998523689806461334228515625" lon="20.464191623032093048095703125">
        <ele>774</ele>
        <time>2026-08-22T11:42:42.000Z</time>
        <extensions>
          <ns3:TrackPointExtension>
            <ns3:cad>0</ns3:cad>
          </ns3:TrackPointExtension>
        </extensions>
      </trkpt>
      <trkpt lat="68.9985154755413532257080078125" lon="20.46421718783676624298095703125">
        <ele>774.20001220703125</ele>
        <time>2026-08-22T11:42:48.000Z</time>
        <extensions>
          <ns3:TrackPointExtension>
            <ns3:cad>0</ns3:cad>
          </ns3:TrackPointExtension>
        </extensions>
      </trkpt>
      <trkpt lat="68.99851053021848201751708984375" lon="20.46423998661339282989501953125">
        <ele>774.20001220703125</ele>
        <time>2026-08-22T11:42:54.000Z</time>
        <extensions>
          <ns3:TrackPointExtension>
            <ns3:cad>0</ns3:cad>
          </ns3:TrackPointExtension>
        </extensions>
      </trkpt>
      <trkpt lat="68.99852192960679531097412109375" lon="20.4642259888350963592529296875">
        <ele>774.4000244140625</ele>
        <time>2026-08-22T11:43:01.000Z</time>
        <extensions>
          <ns3:TrackPointExtension>
            <ns3:cad>0</ns3:cad>
          </ns3:TrackPointExtension>
        </extensions>
      </trkpt>
      <trkpt lat="68.9985248632729053497314453125" lon="20.46423227526247501373291015625">
        <ele>774</ele>
        <time>2026-08-22T11:43:07.000Z</time>
        <extensions>
          <ns3:TrackPointExtension>
            <ns3:cad>0</ns3:cad>
          </ns3:TrackPointExtension>
        </extensions>
      </trkpt>
      <trkpt lat="68.99852276779711246490478515625" lon="20.46420830301940441131591796875">
        <ele>774.20001220703125</ele>
        <time>2026-08-22T11:43:13.000Z</time>
        <extensions>
          <ns3:TrackPointExtension>
            <ns3:cad>0</ns3:cad>
          </ns3:TrackPointExtension>
        </extensions>
      </trkpt>
      <trkpt lat="68.9985158108174800872802734375" lon="20.46420277096331119537353515625">
        <ele>774</ele>
        <time>2026-08-22T11:43:18.000Z</time>
        <extensions>
          <ns3:TrackPointExtension>
            <ns3:cad>0</ns3:cad>
          </ns3:TrackPointExtension>
        </extensions>
      </trkpt>
      <trkpt lat="68.99851690046489238739013671875" lon="20.464183576405048370361328125">
        <ele>774.20001220703125</ele>
        <time>2026-08-22T11:43:24.000Z</time>
        <extensions>
          <ns3:TrackPointExtension>
            <ns3:cad>0</ns3:cad>
          </ns3:TrackPointExtension>
        </extensions>
      </trkpt>
      <trkpt lat="68.9985315687954425811767578125" lon="20.4641656391322612762451171875">
        <ele>774.4000244140625</ele>
        <time>2026-08-22T11:43:31.000Z</time>
        <extensions>
          <ns3:TrackPointExtension>
            <ns3:cad>0</ns3:cad>
          </ns3:TrackPointExtension>
        </extensions>
      </trkpt>
      <trkpt lat="68.9985308982431888580322265625" lon="20.4641663096845149993896484375">
        <ele>774.20001220703125</ele>
        <time>2026-08-22T11:43:38.000Z</time>
        <extensions>
          <ns3:TrackPointExtension>
            <ns3:cad>0</ns3:cad>
          </ns3:TrackPointExtension>
        </extensions>
      </trkpt>
      <trkpt lat="68.99852997623383998870849609375" lon="20.46414627693593502044677734375">
        <ele>774.4000244140625</ele>
        <time>2026-08-22T11:43:44.000Z</time>
        <extensions>
          <ns3:TrackPointExtension>
            <ns3:cad>0</ns3:cad>
          </ns3:TrackPointExtension>
        </extensions>
      </trkpt>
      <trkpt lat="68.9985285513103008270263671875" lon="20.4641485400497913360595703125">
        <ele>774.4000244140625</ele>
        <time>2026-08-22T11:43:50.000Z</time>
        <extensions>
          <ns3:TrackPointExtension>
            <ns3:cad>0</ns3:cad>
          </ns3:TrackPointExtension>
        </extensions>
      </trkpt>
      <trkpt lat="68.99851203896105289459228515625" lon="20.464194975793361663818359375">
        <ele>774.4000244140625</ele>
        <time>2026-08-22T11:43:57.000Z</time>
        <extensions>
          <ns3:TrackPointExtension>
            <ns3:cad>0</ns3:cad>
          </ns3:TrackPointExtension>
        </extensions>
      </trkpt>
      <trkpt lat="68.998502902686595916748046875" lon="20.4641870968043804168701171875">
        <ele>774.5999755859375</ele>
        <time>2026-08-22T11:44:04.000Z</time>
        <extensions>
          <ns3:TrackPointExtension>
            <ns3:cad>0</ns3:cad>
          </ns3:TrackPointExtension>
        </extensions>
      </trkpt>
      <trkpt lat="68.99849527515470981597900390625" lon="20.464191623032093048095703125">
        <ele>774.79998779296875</ele>
        <time>2026-08-22T11:44:12.000Z</time>
        <extensions>
          <ns3:TrackPointExtension>
            <ns3:cad>0</ns3:cad>
          </ns3:TrackPointExtension>
        </extensions>
      </trkpt>
      <trkpt lat="68.99850382469594478607177734375" lon="20.46419522725045680999755859375">
        <ele>774.5999755859375</ele>
        <time>2026-08-22T11:44:19.000Z</time>
        <extensions>
          <ns3:TrackPointExtension>
            <ns3:cad>0</ns3:cad>
          </ns3:TrackPointExtension>
        </extensions>
      </trkpt>
      <trkpt lat="68.99852938950061798095703125" lon="20.46414493583142757415771484375">
        <ele>774.5999755859375</ele>
        <time>2026-08-22T11:44:24.000Z</time>
        <extensions>
          <ns3:TrackPointExtension>
            <ns3:cad>0</ns3:cad>
          </ns3:TrackPointExtension>
        </extensions>
      </trkpt>
      <trkpt lat="68.9985677786171436309814453125" lon="20.46400764025747776031494140625">
        <ele>774.5999755859375</ele>
        <time>2026-08-22T11:44:31.000Z</time>
        <extensions>
          <ns3:TrackPointExtension>
            <ns3:cad>0</ns3:cad>
          </ns3:TrackPointExtension>
        </extensions>
      </trkpt>
      <trkpt lat="68.99859376251697540283203125" lon="20.46390722505748271942138671875">
        <ele>774.20001220703125</ele>
        <time>2026-08-22T11:44:38.000Z</time>
        <extensions>
          <ns3:TrackPointExtension>
            <ns3:cad>0</ns3:cad>
          </ns3:TrackPointExtension>
        </extensions>
      </trkpt>
      <trkpt lat="68.9986271224915981292724609375" lon="20.46378904022276401519775390625">
        <ele>773.4000244140625</ele>
        <time>2026-08-22T11:44:45.000Z</time>
        <extensions>
          <ns3:TrackPointExtension>
            <ns3:cad>0</ns3:cad>
          </ns3:TrackPointExtension>
        </extensions>
      </trkpt>
      <trkpt lat="68.998632989823818206787109375" lon="20.463775210082530975341796875">
        <ele>773.4000244140625</ele>
        <time>2026-08-22T11:44:46.000Z</time>
        <extensions>
          <ns3:TrackPointExtension>
            <ns3:cad>0</ns3:cad>
          </ns3:TrackPointExtension>
        </extensions>
      </trkpt>
      <trkpt lat="68.9986697025597095489501953125" lon="20.46368862502276897430419921875">
        <ele>772.5999755859375</ele>
        <time>2026-08-22T11:44:52.000Z</time>
        <extensions>
          <ns3:TrackPointExtension>
            <ns3:cad>49</ns3:cad>
          </ns3:TrackPointExtension>
        </extensions>
      </trkpt>
      <trkpt lat="68.9987163059413433074951171875" lon="20.46360782347619533538818359375">
        <ele>772.20001220703125</ele>
        <time>2026-08-22T11:45:00.000Z</time>
        <extensions>
          <ns3:TrackPointExtension>
            <ns3:cad>0</ns3:cad>
          </ns3:TrackPointExtension>
        </extensions>
      </trkpt>
      <trkpt lat="68.9987508393824100494384765625" lon="20.4635986872017383575439453125">
        <ele>771.79998779296875</ele>
        <time>2026-08-22T11:45:05.000Z</time>
        <extensions>
          <ns3:TrackPointExtension>
            <ns3:cad>0</ns3:cad>
          </ns3:TrackPointExtension>
        </extensions>
      </trkpt>
      <trkpt lat="68.99876567535102367401123046875" lon="20.46361587010324001312255859375">
        <ele>771.20001220703125</ele>
        <time>2026-08-22T11:45:08.000Z</time>
        <extensions>
          <ns3:TrackPointExtension>
            <ns3:cad>0</ns3:cad>
          </ns3:TrackPointExtension>
        </extensions>
      </trkpt>
      <trkpt lat="68.99877288378775119781494140625" lon="20.463637411594390869140625">
        <ele>770.4000244140625</ele>
        <time>2026-08-22T11:45:11.000Z</time>
        <extensions>
          <ns3:TrackPointExtension>
            <ns3:cad>0</ns3:cad>
          </ns3:TrackPointExtension>
        </extensions>
      </trkpt>
      <trkpt lat="68.9987930841743946075439453125" lon="20.46364973299205303192138671875">
        <ele>770</ele>
        <time>2026-08-22T11:45:15.000Z</time>
        <extensions>
          <ns3:TrackPointExtension>
            <ns3:cad>0</ns3:cad>
          </ns3:TrackPointExtension>
        </extensions>
      </trkpt>
      <trkpt lat="68.99882971309125423431396484375" lon="20.4636972583830356597900390625">
        <ele>769.20001220703125</ele>
        <time>2026-08-22T11:45:20.000Z</time>
        <extensions>
          <ns3:TrackPointExtension>
            <ns3:cad>0</ns3:cad>
          </ns3:TrackPointExtension>
        </extensions>
      </trkpt>
      <trkpt lat="68.99883625097572803497314453125" lon="20.4637096635997295379638671875">
        <ele>769</ele>
        <time>2026-08-22T11:45:21.000Z</time>
        <extensions>
          <ns3:TrackPointExtension>
            <ns3:cad>0</ns3:cad>
          </ns3:TrackPointExtension>
        </extensions>
      </trkpt>
      <trkpt lat="68.99887816049158573150634765625" lon="20.46378015540540218353271484375">
        <ele>768.20001220703125</ele>
        <time>2026-08-22T11:45:27.000Z</time>
        <extensions>
          <ns3:TrackPointExtension>
            <ns3:cad>0</ns3:cad>
          </ns3:TrackPointExtension>
        </extensions>
      </trkpt>
      <trkpt lat="68.9988913200795650482177734375" lon="20.46378920786082744598388671875">
        <ele>768</ele>
        <time>2026-08-22T11:45:29.000Z</time>
        <extensions>
          <ns3:TrackPointExtension>
            <ns3:cad>0</ns3:cad>
          </ns3:TrackPointExtension>
        </extensions>
      </trkpt>
      <trkpt lat="68.9989000372588634490966796875" lon="20.4637943208217620849609375">
        <ele>767.79998779296875</ele>
        <time>2026-08-22T11:45:30.000Z</time>
        <extensions>
          <ns3:TrackPointExtension>
            <ns3:cad>0</ns3:cad>
          </ns3:TrackPointExtension>
        </extensions>
      </trkpt>
      <trkpt lat="68.99892291985452175140380859375" lon="20.46382893808186054229736328125">
        <ele>767.5999755859375</ele>
        <time>2026-08-22T11:45:33.000Z</time>
        <extensions>
          <ns3:TrackPointExtension>
            <ns3:cad>41</ns3:cad>
          </ns3:TrackPointExtension>
        </extensions>
      </trkpt>
      <trkpt lat="68.99894119240343570709228515625" lon="20.46384352259337902069091796875">
        <ele>767.5999755859375</ele>
        <time>2026-08-22T11:45:35.000Z</time>
        <extensions>
          <ns3:TrackPointExtension>
            <ns3:cad>41</ns3:cad>
          </ns3:TrackPointExtension>
        </extensions>
      </trkpt>
      <trkpt lat="68.998976312577724456787109375" lon="20.46388409100472927093505859375">
        <ele>767.20001220703125</ele>
        <time>2026-08-22T11:45:39.000Z</time>
        <extensions>
          <ns3:TrackPointExtension>
            <ns3:cad>47</ns3:cad>
          </ns3:TrackPointExtension>
        </extensions>
      </trkpt>
      <trkpt lat="68.9990364946424961090087890625" lon="20.46399976126849651336669921875">
        <ele>767.20001220703125</ele>
        <time>2026-08-22T11:45:47.000Z</time>
        <extensions>
          <ns3:TrackPointExtension>
            <ns3:cad>0</ns3:cad>
          </ns3:TrackPointExtension>
        </extensions>
      </trkpt>
      <trkpt lat="68.99906625039875507354736328125" lon="20.464048795402050018310546875">
        <ele>766.79998779296875</ele>
        <time>2026-08-22T11:45:51.000Z</time>
        <extensions>
          <ns3:TrackPointExtension>
            <ns3:cad>0</ns3:cad>
          </ns3:TrackPointExtension>
        </extensions>
      </trkpt>
      <trkpt lat="68.9990787394344806671142578125" lon="20.4640700854361057281494140625">
        <ele>766.79998779296875</ele>
        <time>2026-08-22T11:45:53.000Z</time>
        <extensions>
          <ns3:TrackPointExtension>
            <ns3:cad>0</ns3:cad>
          </ns3:TrackPointExtension>
        </extensions>
      </trkpt>
      <trkpt lat="68.9991357363760471343994140625" lon="20.464103780686855316162109375">
        <ele>766.4000244140625</ele>
        <time>2026-08-22T11:45:59.000Z</time>
        <extensions>
          <ns3:TrackPointExtension>
            <ns3:cad>0</ns3:cad>
          </ns3:TrackPointExtension>
        </extensions>
      </trkpt>
      <trkpt lat="68.999169766902923583984375" lon="20.4641376435756683349609375">
        <ele>766</ele>
        <time>2026-08-22T11:46:04.000Z</time>
        <extensions>
          <ns3:TrackPointExtension>
            <ns3:cad>0</ns3:cad>
          </ns3:TrackPointExtension>
        </extensions>
      </trkpt>
      <trkpt lat="68.99917840026319026947021484375" lon="20.4641418345272541046142578125">
        <ele>765.79998779296875</ele>
        <time>2026-08-22T11:46:05.000Z</time>
        <extensions>
          <ns3:TrackPointExtension>
            <ns3:cad>0</ns3:cad>
          </ns3:TrackPointExtension>
        </extensions>
      </trkpt>
      <trkpt lat="68.99920153431594371795654296875" lon="20.46416379511356353759765625">
        <ele>765.4000244140625</ele>
        <time>2026-08-22T11:46:08.000Z</time>
        <extensions>
          <ns3:TrackPointExtension>
            <ns3:cad>0</ns3:cad>
          </ns3:TrackPointExtension>
        </extensions>
      </trkpt>
      <trkpt lat="68.99922299198806285858154296875" lon="20.4642119072377681732177734375">
        <ele>764.79998779296875</ele>
        <time>2026-08-22T11:46:12.000Z</time>
        <extensions>
          <ns3:TrackPointExtension>
            <ns3:cad>0</ns3:cad>
          </ns3:TrackPointExtension>
        </extensions>
      </trkpt>
      <trkpt lat="68.99922718293964862823486328125" lon="20.46424157917499542236328125">
        <ele>764.5999755859375</ele>
        <time>2026-08-22T11:46:13.000Z</time>
        <extensions>
          <ns3:TrackPointExtension>
            <ns3:cad>0</ns3:cad>
          </ns3:TrackPointExtension>
        </extensions>
      </trkpt>
      <trkpt lat="68.9992507360875606536865234375" lon="20.46432849951088428497314453125">
        <ele>764.20001220703125</ele>
        <time>2026-08-22T11:46:17.000Z</time>
        <extensions>
          <ns3:TrackPointExtension>
            <ns3:cad>0</ns3:cad>
          </ns3:TrackPointExtension>
        </extensions>
      </trkpt>
      <trkpt lat="68.99928451515734195709228515625" lon="20.46440544538199901580810546875">
        <ele>763.79998779296875</ele>
        <time>2026-08-22T11:46:22.000Z</time>
        <extensions>
          <ns3:TrackPointExtension>
            <ns3:cad>0</ns3:cad>
          </ns3:TrackPointExtension>
        </extensions>
      </trkpt>
      <trkpt lat="68.99929105304181575775146484375" lon="20.46441684477031230926513671875">
        <ele>763.79998779296875</ele>
        <time>2026-08-22T11:46:23.000Z</time>
        <extensions>
          <ns3:TrackPointExtension>
            <ns3:cad>0</ns3:cad>
          </ns3:TrackPointExtension>
        </extensions>
      </trkpt>
      <trkpt lat="68.9993167854845523834228515625" lon="20.46448121778666973114013671875">
        <ele>763.5999755859375</ele>
        <time>2026-08-22T11:46:27.000Z</time>
        <extensions>
          <ns3:TrackPointExtension>
            <ns3:cad>0</ns3:cad>
          </ns3:TrackPointExtension>
        </extensions>
      </trkpt>
      <trkpt lat="68.9993238262832164764404296875" lon="20.46450133435428142547607421875">
        <ele>763.4000244140625</ele>
        <time>2026-08-22T11:46:28.000Z</time>
        <extensions>
          <ns3:TrackPointExtension>
            <ns3:cad>44</ns3:cad>
          </ns3:TrackPointExtension>
        </extensions>
      </trkpt>
      <trkpt lat="68.99936280213296413421630859375" lon="20.46459973789751529693603515625">
        <ele>763.4000244140625</ele>
        <time>2026-08-22T11:46:35.000Z</time>
        <extensions>
          <ns3:TrackPointExtension>
            <ns3:cad>0</ns3:cad>
          </ns3:TrackPointExtension>
        </extensions>
      </trkpt>
      <trkpt lat="68.999397419393062591552734375" lon="20.4647154919803142547607421875">
        <ele>764</ele>
        <time>2026-08-22T11:46:42.000Z</time>
        <extensions>
          <ns3:TrackPointExtension>
            <ns3:cad>0</ns3:cad>
          </ns3:TrackPointExtension>
        </extensions>
      </trkpt>
      <trkpt lat="68.9994334615767002105712890625" lon="20.4648536257445812225341796875">
        <ele>763.5999755859375</ele>
        <time>2026-08-22T11:46:49.000Z</time>
        <extensions>
          <ns3:TrackPointExtension>
            <ns3:cad>0</ns3:cad>
          </ns3:TrackPointExtension>
        </extensions>
      </trkpt>
      <trkpt lat="68.99948249571025371551513671875" lon="20.46496217139065265655517578125">
        <ele>764</ele>
        <time>2026-08-22T11:46:56.000Z</time>
        <extensions>
          <ns3:TrackPointExtension>
            <ns3:cad>0</ns3:cad>
          </ns3:TrackPointExtension>
        </extensions>
      </trkpt>
      <trkpt lat="68.9995179511606693267822265625" lon="20.46504381112754344940185546875">
        <ele>764</ele>
        <time>2026-08-22T11:47:01.000Z</time>
        <extensions>
          <ns3:TrackPointExtension>
            <ns3:cad>0</ns3:cad>
          </ns3:TrackPointExtension>
        </extensions>
      </trkpt>
      <trkpt lat="68.99955608882009983062744140625" lon="20.46517624519765377044677734375">
        <ele>763.4000244140625</ele>
        <time>2026-08-22T11:47:09.000Z</time>
        <extensions>
          <ns3:TrackPointExtension>
            <ns3:cad>57</ns3:cad>
          </ns3:TrackPointExtension>
        </extensions>
      </trkpt>
      <trkpt lat="68.99957955814898014068603515625" lon="20.465260483324527740478515625">
        <ele>763.4000244140625</ele>
        <time>2026-08-22T11:47:14.000Z</time>
        <extensions>
          <ns3:TrackPointExtension>
            <ns3:cad>0</ns3:cad>
          </ns3:TrackPointExtension>
        </extensions>
      </trkpt>
      <trkpt lat="68.999619372189044952392578125" lon="20.46532879583537578582763671875">
        <ele>763.5999755859375</ele>
        <time>2026-08-22T11:47:20.000Z</time>
        <extensions>
          <ns3:TrackPointExtension>
            <ns3:cad>0</ns3:cad>
          </ns3:TrackPointExtension>
        </extensions>
      </trkpt>
      <trkpt lat="68.99966505356132984161376953125" lon="20.46534639783203601837158203125">
        <ele>763.5999755859375</ele>
        <time>2026-08-22T11:47:26.000Z</time>
        <extensions>
          <ns3:TrackPointExtension>
            <ns3:cad>0</ns3:cad>
          </ns3:TrackPointExtension>
        </extensions>
      </trkpt>
      <trkpt lat="68.99970277212560176849365234375" lon="20.46537506394088268280029296875">
        <ele>763.4000244140625</ele>
        <time>2026-08-22T11:47:32.000Z</time>
        <extensions>
          <ns3:TrackPointExtension>
            <ns3:cad>41</ns3:cad>
          </ns3:TrackPointExtension>
        </extensions>
      </trkpt>
      <trkpt lat="68.9997157640755176544189453125" lon="20.465401969850063323974609375">
        <ele>763.4000244140625</ele>
        <time>2026-08-22T11:47:35.000Z</time>
        <extensions>
          <ns3:TrackPointExtension>
            <ns3:cad>0</ns3:cad>
          </ns3:TrackPointExtension>
        </extensions>
      </trkpt>
      <trkpt lat="68.9997331984341144561767578125" lon="20.46543206088244915008544921875">
        <ele>763.4000244140625</ele>
        <time>2026-08-22T11:47:38.000Z</time>
        <extensions>
          <ns3:TrackPointExtension>
            <ns3:cad>0</ns3:cad>
          </ns3:TrackPointExtension>
        </extensions>
      </trkpt>
      <trkpt lat="68.99978407658636569976806640625" lon="20.46550364233553409576416015625">
        <ele>763.4000244140625</ele>
        <time>2026-08-22T11:47:46.000Z</time>
        <extensions>
          <ns3:TrackPointExtension>
            <ns3:cad>63</ns3:cad>
          </ns3:TrackPointExtension>
        </extensions>
      </trkpt>
      <trkpt lat="68.999826572835445404052734375" lon="20.4655483178794384002685546875">
        <ele>763.4000244140625</ele>
        <time>2026-08-22T11:47:52.000Z</time>
        <extensions>
          <ns3:TrackPointExtension>
            <ns3:cad>0</ns3:cad>
          </ns3:TrackPointExtension>
        </extensions>
      </trkpt>
      <trkpt lat="68.9998508803546428680419921875" lon="20.46565183438360691070556640625">
        <ele>763.20001220703125</ele>
        <time>2026-08-22T11:47:58.000Z</time>
        <extensions>
          <ns3:TrackPointExtension>
            <ns3:cad>75</ns3:cad>
          </ns3:TrackPointExtension>
        </extensions>
      </trkpt>
      <trkpt lat="68.9998792111873626708984375" lon="20.46566088683903217315673828125">
        <ele>763.20001220703125</ele>
        <time>2026-08-22T11:48:02.000Z</time>
        <extensions>
          <ns3:TrackPointExtension>
            <ns3:cad>0</ns3:cad>
          </ns3:TrackPointExtension>
        </extensions>
      </trkpt>
      <trkpt lat="68.99988784454762935638427734375" lon="20.46566138975322246551513671875">
        <ele>763.20001220703125</ele>
        <time>2026-08-22T11:48:03.000Z</time>
        <extensions>
          <ns3:TrackPointExtension>
            <ns3:cad>0</ns3:cad>
          </ns3:TrackPointExtension>
        </extensions>
      </trkpt>
      <trkpt lat="68.99991852231323719024658203125" lon="20.4657290317118167877197265625">
        <ele>763.20001220703125</ele>
        <time>2026-08-22T11:48:07.000Z</time>
        <extensions>
          <ns3:TrackPointExtension>
            <ns3:cad>0</ns3:cad>
          </ns3:TrackPointExtension>
        </extensions>
      </trkpt>
      <trkpt lat="68.99992422200739383697509765625" lon="20.46574755571782588958740234375">
        <ele>763.20001220703125</ele>
        <time>2026-08-22T11:48:08.000Z</time>
        <extensions>
          <ns3:TrackPointExtension>
            <ns3:cad>0</ns3:cad>
          </ns3:TrackPointExtension>
        </extensions>
      </trkpt>
      <trkpt lat="68.99996797554194927215576171875" lon="20.46590144746005535125732421875">
        <ele>763.4000244140625</ele>
        <time>2026-08-22T11:48:15.000Z</time>
        <extensions>
          <ns3:TrackPointExtension>
            <ns3:cad>0</ns3:cad>
          </ns3:TrackPointExtension>
        </extensions>
      </trkpt>
      <trkpt lat="69.000007621943950653076171875" lon="20.4660213924944400787353515625">
        <ele>763.4000244140625</ele>
        <time>2026-08-22T11:48:23.000Z</time>
        <extensions>
          <ns3:TrackPointExtension>
            <ns3:cad>0</ns3:cad>
          </ns3:TrackPointExtension>
        </extensions>
      </trkpt>
      <trkpt lat="69.000036455690860748291015625" lon="20.46609842218458652496337890625">
        <ele>763.4000244140625</ele>
        <time>2026-08-22T11:48:29.000Z</time>
        <extensions>
          <ns3:TrackPointExtension>
            <ns3:cad>0</ns3:cad>
          </ns3:TrackPointExtension>
        </extensions>
      </trkpt>
      <trkpt lat="69.00006688199937343597412109375" lon="20.46615935862064361572265625">
        <ele>763.5999755859375</ele>
        <time>2026-08-22T11:48:34.000Z</time>
        <extensions>
          <ns3:TrackPointExtension>
            <ns3:cad>0</ns3:cad>
          </ns3:TrackPointExtension>
        </extensions>
      </trkpt>
      <trkpt lat="69.0001013316214084625244140625" lon="20.466259606182575225830078125">
        <ele>763.79998779296875</ele>
        <time>2026-08-22T11:48:40.000Z</time>
        <extensions>
          <ns3:TrackPointExtension>
            <ns3:cad>0</ns3:cad>
          </ns3:TrackPointExtension>
        </extensions>
      </trkpt>
      <trkpt lat="69.00013946928083896636962890625" lon="20.46635323204100131988525390625">
        <ele>763.5999755859375</ele>
        <time>2026-08-22T11:48:45.000Z</time>
        <extensions>
          <ns3:TrackPointExtension>
            <ns3:cad>0</ns3:cad>
          </ns3:TrackPointExtension>
        </extensions>
      </trkpt>
      <trkpt lat="69.000148773193359375" lon="20.466370247304439544677734375">
        <ele>763.5999755859375</ele>
        <time>2026-08-22T11:48:46.000Z</time>
        <extensions>
          <ns3:TrackPointExtension>
            <ns3:cad>0</ns3:cad>
          </ns3:TrackPointExtension>
        </extensions>
      </trkpt>
      <trkpt lat="69.0001864917576313018798828125" lon="20.4664435051381587982177734375">
        <ele>763.5999755859375</ele>
        <time>2026-08-22T11:48:53.000Z</time>
        <extensions>
          <ns3:TrackPointExtension>
            <ns3:cad>0</ns3:cad>
          </ns3:TrackPointExtension>
        </extensions>
      </trkpt>
      <trkpt lat="69.00022144429385662078857421875" lon="20.46653687953948974609375">
        <ele>763.5999755859375</ele>
        <time>2026-08-22T11:48:59.000Z</time>
        <extensions>
          <ns3:TrackPointExtension>
            <ns3:cad>0</ns3:cad>
          </ns3:TrackPointExtension>
        </extensions>
      </trkpt>
      <trkpt lat="69.00025145150721073150634765625" lon="20.46663603745400905609130859375">
        <ele>763.79998779296875</ele>
        <time>2026-08-22T11:49:04.000Z</time>
        <extensions>
          <ns3:TrackPointExtension>
            <ns3:cad>0</ns3:cad>
          </ns3:TrackPointExtension>
        </extensions>
      </trkpt>
      <trkpt lat="69.0002803690731525421142578125" lon="20.4667009972035884857177734375">
        <ele>763.5999755859375</ele>
        <time>2026-08-22T11:49:09.000Z</time>
        <extensions>
          <ns3:TrackPointExtension>
            <ns3:cad>0</ns3:cad>
          </ns3:TrackPointExtension>
        </extensions>
      </trkpt>
      <trkpt lat="69.00031012482941150665283203125" lon="20.46682320535182952880859375">
        <ele>763.79998779296875</ele>
        <time>2026-08-22T11:49:16.000Z</time>
        <extensions>
          <ns3:TrackPointExtension>
            <ns3:cad>0</ns3:cad>
          </ns3:TrackPointExtension>
        </extensions>
      </trkpt>
      <trkpt lat="69.0003242902457714080810546875" lon="20.46686737798154354095458984375">
        <ele>764.20001220703125</ele>
        <time>2026-08-22T11:49:19.000Z</time>
        <extensions>
          <ns3:TrackPointExtension>
            <ns3:cad>0</ns3:cad>
          </ns3:TrackPointExtension>
        </extensions>
      </trkpt>
      <trkpt lat="69.00034566409885883331298828125" lon="20.46689822338521480560302734375">
        <ele>764</ele>
        <time>2026-08-22T11:49:22.000Z</time>
        <extensions>
          <ns3:TrackPointExtension>
            <ns3:cad>0</ns3:cad>
          </ns3:TrackPointExtension>
        </extensions>
      </trkpt>
      <trkpt lat="69.000371396541595458984375" lon="20.46696125529706478118896484375">
        <ele>764.20001220703125</ele>
        <time>2026-08-22T11:49:26.000Z</time>
        <extensions>
          <ns3:TrackPointExtension>
            <ns3:cad>0</ns3:cad>
          </ns3:TrackPointExtension>
        </extensions>
      </trkpt>
      <trkpt lat="69.00038204155862331390380859375" lon="20.4669821262359619140625">
        <ele>764.20001220703125</ele>
        <time>2026-08-22T11:49:28.000Z</time>
        <extensions>
          <ns3:TrackPointExtension>
            <ns3:cad>0</ns3:cad>
          </ns3:TrackPointExtension>
        </extensions>
      </trkpt>
      <trkpt lat="69.00038137100636959075927734375" lon="20.466968379914760589599609375">
        <ele>764.4000244140625</ele>
        <time>2026-08-22T11:49:32.000Z</time>
        <extensions>
          <ns3:TrackPointExtension>
            <ns3:cad>0</ns3:cad>
          </ns3:TrackPointExtension>
        </extensions>
      </trkpt>
      <trkpt lat="69.0003839693963527679443359375" lon="20.46696578152477741241455078125">
        <ele>764.4000244140625</ele>
        <time>2026-08-22T11:49:33.000Z</time>
        <extensions>
          <ns3:TrackPointExtension>
            <ns3:cad>0</ns3:cad>
          </ns3:TrackPointExtension>
        </extensions>
      </trkpt>
      <trkpt lat="69.0003873221576213836669921875" lon="20.46695731580257415771484375">
        <ele>764.5999755859375</ele>
        <time>2026-08-22T11:49:38.000Z</time>
        <extensions>
          <ns3:TrackPointExtension>
            <ns3:cad>0</ns3:cad>
          </ns3:TrackPointExtension>
        </extensions>
      </trkpt>
      <trkpt lat="69.00040400214493274688720703125" lon="20.46704775653779506683349609375">
        <ele>764.4000244140625</ele>
        <time>2026-08-22T11:49:44.000Z</time>
        <extensions>
          <ns3:TrackPointExtension>
            <ns3:cad>0</ns3:cad>
          </ns3:TrackPointExtension>
        </extensions>
      </trkpt>
      <trkpt lat="69.00043702684342861175537109375" lon="20.46716745011508464813232421875">
        <ele>764.4000244140625</ele>
        <time>2026-08-22T11:49:49.000Z</time>
        <extensions>
          <ns3:TrackPointExtension>
            <ns3:cad>0</ns3:cad>
          </ns3:TrackPointExtension>
        </extensions>
      </trkpt>
      <trkpt lat="69.0004610829055309295654296875" lon="20.467293262481689453125">
        <ele>764.5999755859375</ele>
        <time>2026-08-22T11:49:55.000Z</time>
        <extensions>
          <ns3:TrackPointExtension>
            <ns3:cad>0</ns3:cad>
          </ns3:TrackPointExtension>
        </extensions>
      </trkpt>
      <trkpt lat="69.00048874318599700927734375" lon="20.467406250536441802978515625">
        <ele>764.79998779296875</ele>
        <time>2026-08-22T11:50:01.000Z</time>
        <extensions>
          <ns3:TrackPointExtension>
            <ns3:cad>0</ns3:cad>
          </ns3:TrackPointExtension>
        </extensions>
      </trkpt>
      <trkpt lat="69.0004949457943439483642578125" lon="20.46745142899453639984130859375">
        <ele>764.79998779296875</ele>
        <time>2026-08-22T11:50:03.000Z</time>
        <extensions>
          <ns3:TrackPointExtension>
            <ns3:cad>0</ns3:cad>
          </ns3:TrackPointExtension>
        </extensions>
      </trkpt>
      <trkpt lat="69.00051263161003589630126953125" lon="20.467537343502044677734375">
        <ele>765</ele>
        <time>2026-08-22T11:50:10.000Z</time>
        <extensions>
          <ns3:TrackPointExtension>
            <ns3:cad>0</ns3:cad>
          </ns3:TrackPointExtension>
        </extensions>
      </trkpt>
      <trkpt lat="69.00054984726011753082275390625" lon="20.467585623264312744140625">
        <ele>765.79998779296875</ele>
        <time>2026-08-22T11:50:17.000Z</time>
        <extensions>
          <ns3:TrackPointExtension>
            <ns3:cad>0</ns3:cad>
          </ns3:TrackPointExtension>
        </extensions>
      </trkpt>
      <trkpt lat="69.0005526132881641387939453125" lon="20.4676055721938610076904296875">
        <ele>766</ele>
        <time>2026-08-22T11:50:18.000Z</time>
        <extensions>
          <ns3:TrackPointExtension>
            <ns3:cad>0</ns3:cad>
          </ns3:TrackPointExtension>
        </extensions>
      </trkpt>
      <trkpt lat="69.00055755861103534698486328125" lon="20.467664413154125213623046875">
        <ele>767</ele>
        <time>2026-08-22T11:50:23.000Z</time>
        <extensions>
          <ns3:TrackPointExtension>
            <ns3:cad>0</ns3:cad>
          </ns3:TrackPointExtension>
        </extensions>
      </trkpt>
      <trkpt lat="69.00059795938432216644287109375" lon="20.46776189468801021575927734375">
        <ele>767.20001220703125</ele>
        <time>2026-08-22T11:50:29.000Z</time>
        <extensions>
          <ns3:TrackPointExtension>
            <ns3:cad>44</ns3:cad>
          </ns3:TrackPointExtension>
        </extensions>
      </trkpt>
      <trkpt lat="69.00062595494091510772705078125" lon="20.4678674228489398956298828125">
        <ele>767.4000244140625</ele>
        <time>2026-08-22T11:50:35.000Z</time>
        <extensions>
          <ns3:TrackPointExtension>
            <ns3:cad>0</ns3:cad>
          </ns3:TrackPointExtension>
        </extensions>
      </trkpt>
      <trkpt lat="69.0006609074771404266357421875" lon="20.46797714196145534515380859375">
        <ele>767.79998779296875</ele>
        <time>2026-08-22T11:50:41.000Z</time>
        <extensions>
          <ns3:TrackPointExtension>
            <ns3:cad>0</ns3:cad>
          </ns3:TrackPointExtension>
        </extensions>
      </trkpt>
      <trkpt lat="69.00067515671253204345703125" lon="20.46801603399217128753662109375">
        <ele>768</ele>
        <time>2026-08-22T11:50:43.000Z</time>
        <extensions>
          <ns3:TrackPointExtension>
            <ns3:cad>0</ns3:cad>
          </ns3:TrackPointExtension>
        </extensions>
      </trkpt>
      <trkpt lat="69.00070600211620330810546875" lon="20.46811276115477085113525390625">
        <ele>768.4000244140625</ele>
        <time>2026-08-22T11:50:49.000Z</time>
        <extensions>
          <ns3:TrackPointExtension>
            <ns3:cad>55</ns3:cad>
          </ns3:TrackPointExtension>
        </extensions>
      </trkpt>
      <trkpt lat="69.00071530602872371673583984375" lon="20.46812701039016246795654296875">
        <ele>769</ele>
        <time>2026-08-22T11:50:52.000Z</time>
        <extensions>
          <ns3:TrackPointExtension>
            <ns3:cad>0</ns3:cad>
          </ns3:TrackPointExtension>
        </extensions>
      </trkpt>
      <trkpt lat="69.0007215924561023712158203125" lon="20.46814243309199810028076171875">
        <ele>769.4000244140625</ele>
        <time>2026-08-22T11:50:54.000Z</time>
        <extensions>
          <ns3:TrackPointExtension>
            <ns3:cad>0</ns3:cad>
          </ns3:TrackPointExtension>
        </extensions>
      </trkpt>
      <trkpt lat="69.0007403679192066192626953125" lon="20.4682013578712940216064453125">
        <ele>770</ele>
        <time>2026-08-22T11:50:59.000Z</time>
        <extensions>
          <ns3:TrackPointExtension>
            <ns3:cad>0</ns3:cad>
          </ns3:TrackPointExtension>
        </extensions>
      </trkpt>
      <trkpt lat="69.00074397213757038116455078125" lon="20.46823983080685138702392578125">
        <ele>770.4000244140625</ele>
        <time>2026-08-22T11:51:01.000Z</time>
        <extensions>
          <ns3:TrackPointExtension>
            <ns3:cad>0</ns3:cad>
          </ns3:TrackPointExtension>
        </extensions>
      </trkpt>
      <trkpt lat="69.00077180005609989166259765625" lon="20.468338988721370697021484375">
        <ele>770.79998779296875</ele>
        <time>2026-08-22T11:51:07.000Z</time>
        <extensions>
          <ns3:TrackPointExtension>
            <ns3:cad>0</ns3:cad>
          </ns3:TrackPointExtension>
        </extensions>
      </trkpt>
      <trkpt lat="69.00080147199332714080810546875" lon="20.4684105701744556427001953125">
        <ele>771</ele>
        <time>2026-08-22T11:51:12.000Z</time>
        <extensions>
          <ns3:TrackPointExtension>
            <ns3:cad>0</ns3:cad>
          </ns3:TrackPointExtension>
        </extensions>
      </trkpt>
      <trkpt lat="69.0008097700774669647216796875" lon="20.468427836894989013671875">
        <ele>771.20001220703125</ele>
        <time>2026-08-22T11:51:13.000Z</time>
        <extensions>
          <ns3:TrackPointExtension>
            <ns3:cad>0</ns3:cad>
          </ns3:TrackPointExtension>
        </extensions>
      </trkpt>
      <trkpt lat="69.00084572844207286834716796875" lon="20.46849849633872509002685546875">
        <ele>771.5999755859375</ele>
        <time>2026-08-22T11:51:19.000Z</time>
        <extensions>
          <ns3:TrackPointExtension>
            <ns3:cad>0</ns3:cad>
          </ns3:TrackPointExtension>
        </extensions>
      </trkpt>
      <trkpt lat="69.00085662491619586944580078125" lon="20.468530096113681793212890625">
        <ele>772</ele>
        <time>2026-08-22T11:51:22.000Z</time>
        <extensions>
          <ns3:TrackPointExtension>
            <ns3:cad>0</ns3:cad>
          </ns3:TrackPointExtension>
        </extensions>
      </trkpt>
      <trkpt lat="69.000860564410686492919921875" lon="20.4685463570058345794677734375">
        <ele>772.20001220703125</ele>
        <time>2026-08-22T11:51:23.000Z</time>
        <extensions>
          <ns3:TrackPointExtension>
            <ns3:cad>0</ns3:cad>
          </ns3:TrackPointExtension>
        </extensions>
      </trkpt>
      <trkpt lat="69.00087364017963409423828125" lon="20.46857074834406375885009765625">
        <ele>772.5999755859375</ele>
        <time>2026-08-22T11:51:26.000Z</time>
        <extensions>
          <ns3:TrackPointExtension>
            <ns3:cad>0</ns3:cad>
          </ns3:TrackPointExtension>
        </extensions>
      </trkpt>
      <trkpt lat="69.00090239010751247406005859375" lon="20.46865657903254032135009765625">
        <ele>773.20001220703125</ele>
        <time>2026-08-22T11:51:32.000Z</time>
        <extensions>
          <ns3:TrackPointExtension>
            <ns3:cad>0</ns3:cad>
          </ns3:TrackPointExtension>
        </extensions>
      </trkpt>
      <trkpt lat="69.0009091794490814208984375" lon="20.46867216937243938446044921875">
        <ele>773.20001220703125</ele>
        <time>2026-08-22T11:51:33.000Z</time>
        <extensions>
          <ns3:TrackPointExtension>
            <ns3:cad>0</ns3:cad>
          </ns3:TrackPointExtension>
        </extensions>
      </trkpt>
      <trkpt lat="69.000950418412685394287109375" lon="20.46876738779246807098388671875">
        <ele>773.4000244140625</ele>
        <time>2026-08-22T11:51:39.000Z</time>
        <extensions>
          <ns3:TrackPointExtension>
            <ns3:cad>0</ns3:cad>
          </ns3:TrackPointExtension>
        </extensions>
      </trkpt>
      <trkpt lat="69.00099576450884342193603515625" lon="20.4688397236168384552001953125">
        <ele>773.4000244140625</ele>
        <time>2026-08-22T11:51:46.000Z</time>
        <extensions>
          <ns3:TrackPointExtension>
            <ns3:cad>0</ns3:cad>
          </ns3:TrackPointExtension>
        </extensions>
      </trkpt>
      <trkpt lat="69.0010042302310466766357421875" lon="20.468873083591461181640625">
        <ele>773.79998779296875</ele>
        <time>2026-08-22T11:51:49.000Z</time>
        <extensions>
          <ns3:TrackPointExtension>
            <ns3:cad>0</ns3:cad>
          </ns3:TrackPointExtension>
        </extensions>
      </trkpt>
      <trkpt lat="69.001005403697490692138671875" lon="20.46891407109797000885009765625">
        <ele>774</ele>
        <time>2026-08-22T11:51:51.000Z</time>
        <extensions>
          <ns3:TrackPointExtension>
            <ns3:cad>0</ns3:cad>
          </ns3:TrackPointExtension>
        </extensions>
      </trkpt>
      <trkpt lat="69.00101043283939361572265625" lon="20.46894676052033901214599609375">
        <ele>774.20001220703125</ele>
        <time>2026-08-22T11:51:53.000Z</time>
        <extensions>
          <ns3:TrackPointExtension>
            <ns3:cad>0</ns3:cad>
          </ns3:TrackPointExtension>
        </extensions>
      </trkpt>
      <trkpt lat="69.00101437233388423919677734375" lon="20.46900962479412555694580078125">
        <ele>774.20001220703125</ele>
        <time>2026-08-22T11:51:56.000Z</time>
        <extensions>
          <ns3:TrackPointExtension>
            <ns3:cad>0</ns3:cad>
          </ns3:TrackPointExtension>
        </extensions>
      </trkpt>
      <trkpt lat="69.00102627463638782501220703125" lon="20.46910450793802738189697265625">
        <ele>774.4000244140625</ele>
        <time>2026-08-22T11:52:02.000Z</time>
        <extensions>
          <ns3:TrackPointExtension>
            <ns3:cad>18</ns3:cad>
          </ns3:TrackPointExtension>
        </extensions>
      </trkpt>
      <trkpt lat="69.0010605566203594207763671875" lon="20.46922721900045871734619140625">
        <ele>774.4000244140625</ele>
        <time>2026-08-22T11:52:08.000Z</time>
        <extensions>
          <ns3:TrackPointExtension>
            <ns3:cad>0</ns3:cad>
          </ns3:TrackPointExtension>
        </extensions>
      </trkpt>
      <trkpt lat="69.00109031237661838531494140625" lon="20.46931103803217411041259765625">
        <ele>774.5999755859375</ele>
        <time>2026-08-22T11:52:14.000Z</time>
        <extensions>
          <ns3:TrackPointExtension>
            <ns3:cad>0</ns3:cad>
          </ns3:TrackPointExtension>
        </extensions>
      </trkpt>
      <trkpt lat="69.0011182241141796112060546875" lon="20.46939133666455745697021484375">
        <ele>775</ele>
        <time>2026-08-22T11:52:20.000Z</time>
        <extensions>
          <ns3:TrackPointExtension>
            <ns3:cad>0</ns3:cad>
          </ns3:TrackPointExtension>
        </extensions>
      </trkpt>
      <trkpt lat="69.001143872737884521484375" lon="20.46947532333433628082275390625">
        <ele>775.20001220703125</ele>
        <time>2026-08-22T11:52:26.000Z</time>
        <extensions>
          <ns3:TrackPointExtension>
            <ns3:cad>0</ns3:cad>
          </ns3:TrackPointExtension>
        </extensions>
      </trkpt>
      <trkpt lat="69.00114797987043857574462890625" lon="20.4694888181984424591064453125">
        <ele>775.20001220703125</ele>
        <time>2026-08-22T11:52:27.000Z</time>
        <extensions>
          <ns3:TrackPointExtension>
            <ns3:cad>0</ns3:cad>
          </ns3:TrackPointExtension>
        </extensions>
      </trkpt>
      <trkpt lat="69.00116893462836742401123046875" lon="20.46961538493633270263671875">
        <ele>775.20001220703125</ele>
        <time>2026-08-22T11:52:34.000Z</time>
        <extensions>
          <ns3:TrackPointExtension>
            <ns3:cad>0</ns3:cad>
          </ns3:TrackPointExtension>
        </extensions>
      </trkpt>
      <trkpt lat="69.00117614306509494781494140625" lon="20.46973583288490772247314453125">
        <ele>775.20001220703125</ele>
        <time>2026-08-22T11:52:39.000Z</time>
        <extensions>
          <ns3:TrackPointExtension>
            <ns3:cad>0</ns3:cad>
          </ns3:TrackPointExtension>
        </extensions>
      </trkpt>
      <trkpt lat="69.0011879615485668182373046875" lon="20.46983960084617137908935546875">
        <ele>775</ele>
        <time>2026-08-22T11:52:44.000Z</time>
        <extensions>
          <ns3:TrackPointExtension>
            <ns3:cad>0</ns3:cad>
          </ns3:TrackPointExtension>
        </extensions>
      </trkpt>
      <trkpt lat="69.00119391269981861114501953125" lon="20.46985686756670475006103515625">
        <ele>774.79998779296875</ele>
        <time>2026-08-22T11:52:45.000Z</time>
        <extensions>
          <ns3:TrackPointExtension>
            <ns3:cad>0</ns3:cad>
          </ns3:TrackPointExtension>
        </extensions>
      </trkpt>
      <trkpt lat="69.001206569373607635498046875" lon="20.46999768353998661041259765625">
        <ele>774.79998779296875</ele>
        <time>2026-08-22T11:52:51.000Z</time>
        <extensions>
          <ns3:TrackPointExtension>
            <ns3:cad>62</ns3:cad>
          </ns3:TrackPointExtension>
        </extensions>
      </trkpt>
      <trkpt lat="69.00121268816292285919189453125" lon="20.47004193998873233795166015625">
        <ele>774.79998779296875</ele>
        <time>2026-08-22T11:52:53.000Z</time>
        <extensions>
          <ns3:TrackPointExtension>
            <ns3:cad>62</ns3:cad>
          </ns3:TrackPointExtension>
        </extensions>
      </trkpt>
      <trkpt lat="69.001216627657413482666015625" lon="20.47006591223180294036865234375">
        <ele>774.79998779296875</ele>
        <time>2026-08-22T11:52:54.000Z</time>
        <extensions>
          <ns3:TrackPointExtension>
            <ns3:cad>0</ns3:cad>
          </ns3:TrackPointExtension>
        </extensions>
      </trkpt>
      <trkpt lat="69.00123783387243747711181640625" lon="20.47017856501042842864990234375">
        <ele>774.79998779296875</ele>
        <time>2026-08-22T11:53:00.000Z</time>
        <extensions>
          <ns3:TrackPointExtension>
            <ns3:cad>41</ns3:cad>
          </ns3:TrackPointExtension>
        </extensions>
      </trkpt>
      <trkpt lat="69.00124604813754558563232421875" lon="20.47023992054164409637451171875">
        <ele>775</ele>
        <time>2026-08-22T11:53:03.000Z</time>
        <extensions>
          <ns3:TrackPointExtension>
            <ns3:cad>0</ns3:cad>
          </ns3:TrackPointExtension>
        </extensions>
      </trkpt>
      <trkpt lat="69.00124990381300449371337890625" lon="20.47030965797603130340576171875">
        <ele>775</ele>
        <time>2026-08-22T11:53:06.000Z</time>
        <extensions>
          <ns3:TrackPointExtension>
            <ns3:cad>0</ns3:cad>
          </ns3:TrackPointExtension>
        </extensions>
      </trkpt>
      <trkpt lat="69.00127739645540714263916015625" lon="20.47043882310390472412109375">
        <ele>774.79998779296875</ele>
        <time>2026-08-22T11:53:12.000Z</time>
        <extensions>
          <ns3:TrackPointExtension>
            <ns3:cad>41</ns3:cad>
          </ns3:TrackPointExtension>
        </extensions>
      </trkpt>
      <trkpt lat="69.001300446689128875732421875" lon="20.4705694131553173065185546875">
        <ele>775.4000244140625</ele>
        <time>2026-08-22T11:53:18.000Z</time>
        <extensions>
          <ns3:TrackPointExtension>
            <ns3:cad>79</ns3:cad>
          </ns3:TrackPointExtension>
        </extensions>
      </trkpt>
      <trkpt lat="69.001309163868427276611328125" lon="20.470668487250804901123046875">
        <ele>775.79998779296875</ele>
        <time>2026-08-22T11:53:24.000Z</time>
        <extensions>
          <ns3:TrackPointExtension>
            <ns3:cad>0</ns3:cad>
          </ns3:TrackPointExtension>
        </extensions>
      </trkpt>
      <trkpt lat="69.001335985958576202392578125" lon="20.47079513780772686004638671875">
        <ele>776</ele>
        <time>2026-08-22T11:53:30.000Z</time>
        <extensions>
          <ns3:TrackPointExtension>
            <ns3:cad>0</ns3:cad>
          </ns3:TrackPointExtension>
        </extensions>
      </trkpt>
      <trkpt lat="69.00135241448879241943359375" lon="20.47090544365346431732177734375">
        <ele>776.20001220703125</ele>
        <time>2026-08-22T11:53:34.000Z</time>
        <extensions>
          <ns3:TrackPointExtension>
            <ns3:cad>0</ns3:cad>
          </ns3:TrackPointExtension>
        </extensions>
      </trkpt>
      <trkpt lat="69.00136238895356655120849609375" lon="20.47096319496631622314453125">
        <ele>776.4000244140625</ele>
        <time>2026-08-22T11:53:36.000Z</time>
        <extensions>
          <ns3:TrackPointExtension>
            <ns3:cad>0</ns3:cad>
          </ns3:TrackPointExtension>
        </extensions>
      </trkpt>
      <trkpt lat="69.0013830922544002532958984375" lon="20.471088588237762451171875">
        <ele>776.4000244140625</ele>
        <time>2026-08-22T11:53:42.000Z</time>
        <extensions>
          <ns3:TrackPointExtension>
            <ns3:cad>0</ns3:cad>
          </ns3:TrackPointExtension>
        </extensions>
      </trkpt>
      <trkpt lat="69.00141083635389804840087890625" lon="20.47119696624577045440673828125">
        <ele>775.79998779296875</ele>
        <time>2026-08-22T11:53:50.000Z</time>
        <extensions>
          <ns3:TrackPointExtension>
            <ns3:cad>0</ns3:cad>
          </ns3:TrackPointExtension>
        </extensions>
      </trkpt>
      <trkpt lat="69.00144553743302822113037109375" lon="20.47131598927080631256103515625">
        <ele>775.5999755859375</ele>
        <time>2026-08-22T11:53:57.000Z</time>
        <extensions>
          <ns3:TrackPointExtension>
            <ns3:cad>0</ns3:cad>
          </ns3:TrackPointExtension>
        </extensions>
      </trkpt>
      <trkpt lat="69.00147101841866970062255859375" lon="20.47140701673924922943115234375">
        <ele>775</ele>
        <time>2026-08-22T11:54:03.000Z</time>
        <extensions>
          <ns3:TrackPointExtension>
            <ns3:cad>0</ns3:cad>
          </ns3:TrackPointExtension>
        </extensions>
      </trkpt>
      <trkpt lat="69.0014880336821079254150390625" lon="20.47149251215159893035888671875">
        <ele>774.79998779296875</ele>
        <time>2026-08-22T11:54:08.000Z</time>
        <extensions>
          <ns3:TrackPointExtension>
            <ns3:cad>0</ns3:cad>
          </ns3:TrackPointExtension>
        </extensions>
      </trkpt>
      <trkpt lat="69.00150798261165618896484375" lon="20.47155805863440036773681640625">
        <ele>774</ele>
        <time>2026-08-22T11:54:12.000Z</time>
        <extensions>
          <ns3:TrackPointExtension>
            <ns3:cad>0</ns3:cad>
          </ns3:TrackPointExtension>
        </extensions>
      </trkpt>
      <trkpt lat="69.0015108324587345123291015625" lon="20.47157079912722110748291015625">
        <ele>773.79998779296875</ele>
        <time>2026-08-22T11:54:13.000Z</time>
        <extensions>
          <ns3:TrackPointExtension>
            <ns3:cad>0</ns3:cad>
          </ns3:TrackPointExtension>
        </extensions>
      </trkpt>
      <trkpt lat="69.00153690017759799957275390625" lon="20.47161899507045745849609375">
        <ele>773</ele>
        <time>2026-08-22T11:54:17.000Z</time>
        <extensions>
          <ns3:TrackPointExtension>
            <ns3:cad>0</ns3:cad>
          </ns3:TrackPointExtension>
        </extensions>
      </trkpt>
      <trkpt lat="69.00154863484203815460205078125" lon="20.47166325151920318603515625">
        <ele>772.79998779296875</ele>
        <time>2026-08-22T11:54:19.000Z</time>
        <extensions>
          <ns3:TrackPointExtension>
            <ns3:cad>0</ns3:cad>
          </ns3:TrackPointExtension>
        </extensions>
      </trkpt>
      <trkpt lat="69.0015748701989650726318359375" lon="20.47187380492687225341796875">
        <ele>772.5999755859375</ele>
        <time>2026-08-22T11:54:27.000Z</time>
        <extensions>
          <ns3:TrackPointExtension>
            <ns3:cad>47</ns3:cad>
          </ns3:TrackPointExtension>
        </extensions>
      </trkpt>
      <trkpt lat="69.001599512994289398193359375" lon="20.47199659980833530426025390625">
        <ele>772.5999755859375</ele>
        <time>2026-08-22T11:54:33.000Z</time>
        <extensions>
          <ns3:TrackPointExtension>
            <ns3:cad>0</ns3:cad>
          </ns3:TrackPointExtension>
        </extensions>
      </trkpt>
      <trkpt lat="69.00161753408610820770263671875" lon="20.472101457417011260986328125">
        <ele>772.79998779296875</ele>
        <time>2026-08-22T11:54:39.000Z</time>
        <extensions>
          <ns3:TrackPointExtension>
            <ns3:cad>0</ns3:cad>
          </ns3:TrackPointExtension>
        </extensions>
      </trkpt>
      <trkpt lat="69.00162599980831146240234375" lon="20.47214336693286895751953125">
        <ele>773</ele>
        <time>2026-08-22T11:54:44.000Z</time>
        <extensions>
          <ns3:TrackPointExtension>
            <ns3:cad>0</ns3:cad>
          </ns3:TrackPointExtension>
        </extensions>
      </trkpt>
      <trkpt lat="69.0016727708280086517333984375" lon="20.47225006856024265289306640625">
        <ele>772.79998779296875</ele>
        <time>2026-08-22T11:54:52.000Z</time>
        <extensions>
          <ns3:TrackPointExtension>
            <ns3:cad>75</ns3:cad>
          </ns3:TrackPointExtension>
        </extensions>
      </trkpt>
      <trkpt lat="69.0017192065715789794921875" lon="20.47232173383235931396484375">
        <ele>772.4000244140625</ele>
        <time>2026-08-22T11:55:00.000Z</time>
        <extensions>
          <ns3:TrackPointExtension>
            <ns3:cad>43</ns3:cad>
          </ns3:TrackPointExtension>
        </extensions>
      </trkpt>
      <trkpt lat="69.001718200743198394775390625" lon="20.472357273101806640625">
        <ele>772.79998779296875</ele>
        <time>2026-08-22T11:55:06.000Z</time>
        <extensions>
          <ns3:TrackPointExtension>
            <ns3:cad>0</ns3:cad>
          </ns3:TrackPointExtension>
        </extensions>
      </trkpt>
      <trkpt lat="69.00172063149511814117431640625" lon="20.4724241606891155242919921875">
        <ele>772.79998779296875</ele>
        <time>2026-08-22T11:55:10.000Z</time>
        <extensions>
          <ns3:TrackPointExtension>
            <ns3:cad>0</ns3:cad>
          </ns3:TrackPointExtension>
        </extensions>
      </trkpt>
      <trkpt lat="69.00171727873384952545166015625" lon="20.4724278487265110015869140625">
        <ele>773</ele>
        <time>2026-08-22T11:55:15.000Z</time>
        <extensions>
          <ns3:TrackPointExtension>
            <ns3:cad>0</ns3:cad>
          </ns3:TrackPointExtension>
        </extensions>
      </trkpt>
      <trkpt lat="69.0017299354076385498046875" lon="20.4723966680467128753662109375">
        <ele>773</ele>
        <time>2026-08-22T11:55:21.000Z</time>
        <extensions>
          <ns3:TrackPointExtension>
            <ns3:cad>0</ns3:cad>
          </ns3:TrackPointExtension>
        </extensions>
      </trkpt>
      <trkpt lat="69.00173957459628582000732421875" lon="20.47231427393853664398193359375">
        <ele>773.20001220703125</ele>
        <time>2026-08-22T11:55:27.000Z</time>
        <extensions>
          <ns3:TrackPointExtension>
            <ns3:cad>0</ns3:cad>
          </ns3:TrackPointExtension>
        </extensions>
      </trkpt>
      <trkpt lat="69.0017767064273357391357421875" lon="20.472274459898471832275390625">
        <ele>772.79998779296875</ele>
        <time>2026-08-22T11:55:32.000Z</time>
        <extensions>
          <ns3:TrackPointExtension>
            <ns3:cad>0</ns3:cad>
          </ns3:TrackPointExtension>
        </extensions>
      </trkpt>
      <trkpt lat="69.0018105693161487579345703125" lon="20.47223531641066074371337890625">
        <ele>772.5999755859375</ele>
        <time>2026-08-22T11:55:37.000Z</time>
        <extensions>
          <ns3:TrackPointExtension>
            <ns3:cad>0</ns3:cad>
          </ns3:TrackPointExtension>
        </extensions>
      </trkpt>
      <trkpt lat="69.00185742415487766265869140625" lon="20.4721700213849544525146484375">
        <ele>772.4000244140625</ele>
        <time>2026-08-22T11:55:44.000Z</time>
        <extensions>
          <ns3:TrackPointExtension>
            <ns3:cad>0</ns3:cad>
          </ns3:TrackPointExtension>
        </extensions>
      </trkpt>
      <trkpt lat="69.00188206695020198822021484375" lon="20.47210405580699443817138671875">
        <ele>772.5999755859375</ele>
        <time>2026-08-22T11:55:50.000Z</time>
        <extensions>
          <ns3:TrackPointExtension>
            <ns3:cad>0</ns3:cad>
          </ns3:TrackPointExtension>
        </extensions>
      </trkpt>
      <trkpt lat="69.00187703780829906463623046875" lon="20.47200389206409454345703125">
        <ele>773</ele>
        <time>2026-08-22T11:55:55.000Z</time>
        <extensions>
          <ns3:TrackPointExtension>
            <ns3:cad>0</ns3:cad>
          </ns3:TrackPointExtension>
        </extensions>
      </trkpt>
      <trkpt lat="69.0018903650343418121337890625" lon="20.47188813798129558563232421875">
        <ele>773</ele>
        <time>2026-08-22T11:56:01.000Z</time>
        <extensions>
          <ns3:TrackPointExtension>
            <ns3:cad>0</ns3:cad>
          </ns3:TrackPointExtension>
        </extensions>
      </trkpt>
      <trkpt lat="69.00191190652549266815185546875" lon="20.4717350006103515625">
        <ele>772.79998779296875</ele>
        <time>2026-08-22T11:56:08.000Z</time>
        <extensions>
          <ns3:TrackPointExtension>
            <ns3:cad>77</ns3:cad>
          </ns3:TrackPointExtension>
        </extensions>
      </trkpt>
      <trkpt lat="69.001919366419315338134765625" lon="20.471593849360942840576171875">
        <ele>773.20001220703125</ele>
        <time>2026-08-22T11:56:15.000Z</time>
        <extensions>
          <ns3:TrackPointExtension>
            <ns3:cad>0</ns3:cad>
          </ns3:TrackPointExtension>
        </extensions>
      </trkpt>
      <trkpt lat="69.0019235573709011077880859375" lon="20.47160231508314609527587890625">
        <ele>773</ele>
        <time>2026-08-22T11:56:21.000Z</time>
        <extensions>
          <ns3:TrackPointExtension>
            <ns3:cad>0</ns3:cad>
          </ns3:TrackPointExtension>
        </extensions>
      </trkpt>
      <trkpt lat="69.00192615576088428497314453125" lon="20.47160248272120952606201171875">
        <ele>772.79998779296875</ele>
        <time>2026-08-22T11:56:27.000Z</time>
        <extensions>
          <ns3:TrackPointExtension>
            <ns3:cad>0</ns3:cad>
          </ns3:TrackPointExtension>
        </extensions>
      </trkpt>
      <trkpt lat="69.00193168781697750091552734375" lon="20.47154028899967670440673828125">
        <ele>773</ele>
        <time>2026-08-22T11:56:35.000Z</time>
        <extensions>
          <ns3:TrackPointExtension>
            <ns3:cad>0</ns3:cad>
          </ns3:TrackPointExtension>
        </extensions>
      </trkpt>
      <trkpt lat="69.00192883796989917755126953125" lon="20.47143618576228618621826171875">
        <ele>772.5999755859375</ele>
        <time>2026-08-22T11:56:41.000Z</time>
        <extensions>
          <ns3:TrackPointExtension>
            <ns3:cad>0</ns3:cad>
          </ns3:TrackPointExtension>
        </extensions>
      </trkpt>
      <trkpt lat="69.00193051435053348541259765625" lon="20.4713340103626251220703125">
        <ele>772.79998779296875</ele>
        <time>2026-08-22T11:56:47.000Z</time>
        <extensions>
          <ns3:TrackPointExtension>
            <ns3:cad>0</ns3:cad>
          </ns3:TrackPointExtension>
        </extensions>
      </trkpt>
      <trkpt lat="69.001938141882419586181640625" lon="20.47120937146246433258056640625">
        <ele>772.79998779296875</ele>
        <time>2026-08-22T11:56:53.000Z</time>
        <extensions>
          <ns3:TrackPointExtension>
            <ns3:cad>0</ns3:cad>
          </ns3:TrackPointExtension>
        </extensions>
      </trkpt>
      <trkpt lat="69.0019503794610500335693359375" lon="20.471077524125576019287109375">
        <ele>773</ele>
        <time>2026-08-22T11:56:59.000Z</time>
        <extensions>
          <ns3:TrackPointExtension>
            <ns3:cad>0</ns3:cad>
          </ns3:TrackPointExtension>
        </extensions>
      </trkpt>
      <trkpt lat="69.0019373036921024322509765625" lon="20.47094902954995632171630859375">
        <ele>773.20001220703125</ele>
        <time>2026-08-22T11:57:05.000Z</time>
        <extensions>
          <ns3:TrackPointExtension>
            <ns3:cad>0</ns3:cad>
          </ns3:TrackPointExtension>
        </extensions>
      </trkpt>
      <trkpt lat="69.001948200166225433349609375" lon="20.470827408134937286376953125">
        <ele>773</ele>
        <time>2026-08-22T11:57:10.000Z</time>
        <extensions>
          <ns3:TrackPointExtension>
            <ns3:cad>0</ns3:cad>
          </ns3:TrackPointExtension>
        </extensions>
      </trkpt>
      <trkpt lat="69.0019580908119678497314453125" lon="20.47069271095097064971923828125">
        <ele>773</ele>
        <time>2026-08-22T11:57:17.000Z</time>
        <extensions>
          <ns3:TrackPointExtension>
            <ns3:cad>0</ns3:cad>
          </ns3:TrackPointExtension>
        </extensions>
      </trkpt>
      <trkpt lat="69.0019792132079601287841796875" lon="20.47058902680873870849609375">
        <ele>773</ele>
        <time>2026-08-22T11:57:23.000Z</time>
        <extensions>
          <ns3:TrackPointExtension>
            <ns3:cad>0</ns3:cad>
          </ns3:TrackPointExtension>
        </extensions>
      </trkpt>
      <trkpt lat="69.0019927918910980224609375" lon="20.4704876057803630828857421875">
        <ele>772.79998779296875</ele>
        <time>2026-08-22T11:57:29.000Z</time>
        <extensions>
          <ns3:TrackPointExtension>
            <ns3:cad>0</ns3:cad>
          </ns3:TrackPointExtension>
        </extensions>
      </trkpt>
      <trkpt lat="69.00199949741363525390625" lon="20.470381490886211395263671875">
        <ele>773</ele>
        <time>2026-08-22T11:57:35.000Z</time>
        <extensions>
          <ns3:TrackPointExtension>
            <ns3:cad>0</ns3:cad>
          </ns3:TrackPointExtension>
        </extensions>
      </trkpt>
      <trkpt lat="69.00198751129209995269775390625" lon="20.4702331312000751495361328125">
        <ele>773.20001220703125</ele>
        <time>2026-08-22T11:57:41.000Z</time>
        <extensions>
          <ns3:TrackPointExtension>
            <ns3:cad>0</ns3:cad>
          </ns3:TrackPointExtension>
        </extensions>
      </trkpt>
      <trkpt lat="69.00199723429977893829345703125" lon="20.4701010324060916900634765625">
        <ele>773.20001220703125</ele>
        <time>2026-08-22T11:57:47.000Z</time>
        <extensions>
          <ns3:TrackPointExtension>
            <ns3:cad>0</ns3:cad>
          </ns3:TrackPointExtension>
        </extensions>
      </trkpt>
      <trkpt lat="69.00201550684869289398193359375" lon="20.469951666891574859619140625">
        <ele>773.79998779296875</ele>
        <time>2026-08-22T11:57:52.000Z</time>
        <extensions>
          <ns3:TrackPointExtension>
            <ns3:cad>0</ns3:cad>
          </ns3:TrackPointExtension>
        </extensions>
      </trkpt>
      <trkpt lat="69.002035371959209442138671875" lon="20.4698690213263034820556640625">
        <ele>773.5999755859375</ele>
        <time>2026-08-22T11:57:56.000Z</time>
        <extensions>
          <ns3:TrackPointExtension>
            <ns3:cad>19</ns3:cad>
          </ns3:TrackPointExtension>
        </extensions>
      </trkpt>
      <trkpt lat="69.0020372159779071807861328125" lon="20.46983272768557071685791015625">
        <ele>773.79998779296875</ele>
        <time>2026-08-22T11:57:58.000Z</time>
        <extensions>
          <ns3:TrackPointExtension>
            <ns3:cad>19</ns3:cad>
          </ns3:TrackPointExtension>
        </extensions>
      </trkpt>
      <trkpt lat="69.00205356068909168243408203125" lon="20.46978612430393695831298828125">
        <ele>774</ele>
        <time>2026-08-22T11:58:02.000Z</time>
        <extensions>
          <ns3:TrackPointExtension>
            <ns3:cad>0</ns3:cad>
          </ns3:TrackPointExtension>
        </extensions>
      </trkpt>
      <trkpt lat="69.00205758400261402130126953125" lon="20.46977237798273563385009765625">
        <ele>774</ele>
        <time>2026-08-22T11:58:03.000Z</time>
        <extensions>
          <ns3:TrackPointExtension>
            <ns3:cad>0</ns3:cad>
          </ns3:TrackPointExtension>
        </extensions>
      </trkpt>
      <trkpt lat="69.00207049213349819183349609375" lon="20.469725020229816436767578125">
        <ele>775</ele>
        <time>2026-08-22T11:58:08.000Z</time>
        <extensions>
          <ns3:TrackPointExtension>
            <ns3:cad>0</ns3:cad>
          </ns3:TrackPointExtension>
        </extensions>
      </trkpt>
      <trkpt lat="69.00207485072314739227294921875" lon="20.469710938632488250732421875">
        <ele>775.20001220703125</ele>
        <time>2026-08-22T11:58:09.000Z</time>
        <extensions>
          <ns3:TrackPointExtension>
            <ns3:cad>0</ns3:cad>
          </ns3:TrackPointExtension>
        </extensions>
      </trkpt>
      <trkpt lat="69.0020813047885894775390625" lon="20.469674058258533477783203125">
        <ele>776</ele>
        <time>2026-08-22T11:58:14.000Z</time>
        <extensions>
          <ns3:TrackPointExtension>
            <ns3:cad>0</ns3:cad>
          </ns3:TrackPointExtension>
        </extensions>
      </trkpt>
      <trkpt lat="69.00208172388374805450439453125" lon="20.46966944821178913116455078125">
        <ele>776.20001220703125</ele>
        <time>2026-08-22T11:58:15.000Z</time>
        <extensions>
          <ns3:TrackPointExtension>
            <ns3:cad>70</ns3:cad>
          </ns3:TrackPointExtension>
        </extensions>
      </trkpt>
      <trkpt lat="69.00208465754985809326171875" lon="20.46966559253633022308349609375">
        <ele>776.4000244140625</ele>
        <time>2026-08-22T11:58:16.000Z</time>
        <extensions>
          <ns3:TrackPointExtension>
            <ns3:cad>70</ns3:cad>
          </ns3:TrackPointExtension>
        </extensions>
      </trkpt>
      <trkpt lat="69.00209027342498302459716796875" lon="20.469626449048519134521484375">
        <ele>777</ele>
        <time>2026-08-22T11:58:19.000Z</time>
        <extensions>
          <ns3:TrackPointExtension>
            <ns3:cad>0</ns3:cad>
          </ns3:TrackPointExtension>
        </extensions>
      </trkpt>
      <trkpt lat="69.002091698348522186279296875" lon="20.4696115292608737945556640625">
        <ele>777.20001220703125</ele>
        <time>2026-08-22T11:58:20.000Z</time>
        <extensions>
          <ns3:TrackPointExtension>
            <ns3:cad>0</ns3:cad>
          </ns3:TrackPointExtension>
        </extensions>
      </trkpt>
      <trkpt lat="69.00209563784301280975341796875" lon="20.46959568746387958526611328125">
        <ele>777.20001220703125</ele>
        <time>2026-08-22T11:58:21.000Z</time>
        <extensions>
          <ns3:TrackPointExtension>
            <ns3:cad>0</ns3:cad>
          </ns3:TrackPointExtension>
        </extensions>
      </trkpt>
      <trkpt lat="69.002099074423313140869140625" lon="20.46958856284618377685546875">
        <ele>777.20001220703125</ele>
        <time>2026-08-22T11:58:22.000Z</time>
        <extensions>
          <ns3:TrackPointExtension>
            <ns3:cad>0</ns3:cad>
          </ns3:TrackPointExtension>
        </extensions>
      </trkpt>
      <trkpt lat="69.0021196939051151275634765625" lon="20.4695109464228153228759765625">
        <ele>777</ele>
        <time>2026-08-22T11:58:26.000Z</time>
        <extensions>
          <ns3:TrackPointExtension>
            <ns3:cad>0</ns3:cad>
          </ns3:TrackPointExtension>
        </extensions>
      </trkpt>
      <trkpt lat="69.002157747745513916015625" lon="20.46943425200879573822021484375">
        <ele>777</ele>
        <time>2026-08-22T11:58:33.000Z</time>
        <extensions>
          <ns3:TrackPointExtension>
            <ns3:cad>0</ns3:cad>
          </ns3:TrackPointExtension>
        </extensions>
      </trkpt>
      <trkpt lat="69.00216470472514629364013671875" lon="20.46944129280745983123779296875">
        <ele>776.79998779296875</ele>
        <time>2026-08-22T11:58:34.000Z</time>
        <extensions>
          <ns3:TrackPointExtension>
            <ns3:cad>0</ns3:cad>
          </ns3:TrackPointExtension>
        </extensions>
      </trkpt>
      <trkpt lat="69.0021944604814052581787109375" lon="20.46945185400545597076416015625">
        <ele>777.20001220703125</ele>
        <time>2026-08-22T11:58:39.000Z</time>
        <extensions>
          <ns3:TrackPointExtension>
            <ns3:cad>0</ns3:cad>
          </ns3:TrackPointExtension>
        </extensions>
      </trkpt>
      <trkpt lat="69.00222304277122020721435546875" lon="20.4694583080708980560302734375">
        <ele>777.79998779296875</ele>
        <time>2026-08-22T11:58:43.000Z</time>
        <extensions>
          <ns3:TrackPointExtension>
            <ns3:cad>0</ns3:cad>
          </ns3:TrackPointExtension>
        </extensions>
      </trkpt>
      <trkpt lat="69.0022315084934234619140625" lon="20.46945721842348575592041015625">
        <ele>777.79998779296875</ele>
        <time>2026-08-22T11:58:44.000Z</time>
        <extensions>
          <ns3:TrackPointExtension>
            <ns3:cad>0</ns3:cad>
          </ns3:TrackPointExtension>
        </extensions>
      </trkpt>
      <trkpt lat="69.00226168334484100341796875" lon="20.46947130002081394195556640625">
        <ele>778.20001220703125</ele>
        <time>2026-08-22T11:58:49.000Z</time>
        <extensions>
          <ns3:TrackPointExtension>
            <ns3:cad>41</ns3:cad>
          </ns3:TrackPointExtension>
        </extensions>
      </trkpt>
      <trkpt lat="69.00226931087672710418701171875" lon="20.46947750262916088104248046875">
        <ele>778.20001220703125</ele>
        <time>2026-08-22T11:58:50.000Z</time>
        <extensions>
          <ns3:TrackPointExtension>
            <ns3:cad>41</ns3:cad>
          </ns3:TrackPointExtension>
        </extensions>
      </trkpt>
      <trkpt lat="69.00227777659893035888671875" lon="20.46948504634201526641845703125">
        <ele>778.20001220703125</ele>
        <time>2026-08-22T11:58:51.000Z</time>
        <extensions>
          <ns3:TrackPointExtension>
            <ns3:cad>41</ns3:cad>
          </ns3:TrackPointExtension>
        </extensions>
      </trkpt>
      <trkpt lat="69.00230166502296924591064453125" lon="20.46950809657573699951171875">
        <ele>778.4000244140625</ele>
        <time>2026-08-22T11:58:54.000Z</time>
        <extensions>
          <ns3:TrackPointExtension>
            <ns3:cad>0</ns3:cad>
          </ns3:TrackPointExtension>
        </extensions>
      </trkpt>
      <trkpt lat="69.00232111103832721710205078125" lon="20.46953299082815647125244140625">
        <ele>778.5999755859375</ele>
        <time>2026-08-22T11:58:59.000Z</time>
        <extensions>
          <ns3:TrackPointExtension>
            <ns3:cad>80</ns3:cad>
          </ns3:TrackPointExtension>
        </extensions>
      </trkpt>
      <trkpt lat="69.002313651144504547119140625" lon="20.46954019926488399505615234375">
        <ele>779.4000244140625</ele>
        <time>2026-08-22T11:59:04.000Z</time>
        <extensions>
          <ns3:TrackPointExtension>
            <ns3:cad>0</ns3:cad>
          </ns3:TrackPointExtension>
        </extensions>
      </trkpt>
      <trkpt lat="69.00231775827705860137939453125" lon="20.46954925172030925750732421875">
        <ele>779.5999755859375</ele>
        <time>2026-08-22T11:59:06.000Z</time>
        <extensions>
          <ns3:TrackPointExtension>
            <ns3:cad>0</ns3:cad>
          </ns3:TrackPointExtension>
        </extensions>
      </trkpt>
      <trkpt lat="69.0023332647979259490966796875" lon="20.4695438034832477569580078125">
        <ele>779.4000244140625</ele>
        <time>2026-08-22T11:59:12.000Z</time>
        <extensions>
          <ns3:TrackPointExtension>
            <ns3:cad>0</ns3:cad>
          </ns3:TrackPointExtension>
        </extensions>
      </trkpt>
      <trkpt lat="69.0023547224700450897216796875" lon="20.46956048347055912017822265625">
        <ele>779.4000244140625</ele>
        <time>2026-08-22T11:59:17.000Z</time>
        <extensions>
          <ns3:TrackPointExtension>
            <ns3:cad>0</ns3:cad>
          </ns3:TrackPointExtension>
        </extensions>
      </trkpt>
      <trkpt lat="69.00236587040126323699951171875" lon="20.469631813466548919677734375">
        <ele>780.5999755859375</ele>
        <time>2026-08-22T11:59:22.000Z</time>
        <extensions>
          <ns3:TrackPointExtension>
            <ns3:cad>0</ns3:cad>
          </ns3:TrackPointExtension>
        </extensions>
      </trkpt>
      <trkpt lat="69.0023641102015972137451171875" lon="20.469680763781070709228515625">
        <ele>781</ele>
        <time>2026-08-22T11:59:24.000Z</time>
        <extensions>
          <ns3:TrackPointExtension>
            <ns3:cad>18</ns3:cad>
          </ns3:TrackPointExtension>
        </extensions>
      </trkpt>
      <trkpt lat="69.00234994478523731231689453125" lon="20.4697724618017673492431640625">
        <ele>781.5999755859375</ele>
        <time>2026-08-22T11:59:30.000Z</time>
        <extensions>
          <ns3:TrackPointExtension>
            <ns3:cad>0</ns3:cad>
          </ns3:TrackPointExtension>
        </extensions>
      </trkpt>
      <trkpt lat="69.00232831947505474090576171875" lon="20.4698244296014308929443359375">
        <ele>782</ele>
        <time>2026-08-22T11:59:35.000Z</time>
        <extensions>
          <ns3:TrackPointExtension>
            <ns3:cad>0</ns3:cad>
          </ns3:TrackPointExtension>
        </extensions>
      </trkpt>
      <trkpt lat="69.0022958815097808837890625" lon="20.46995577402412891387939453125">
        <ele>782.5999755859375</ele>
        <time>2026-08-22T11:59:42.000Z</time>
        <extensions>
          <ns3:TrackPointExtension>
            <ns3:cad>0</ns3:cad>
          </ns3:TrackPointExtension>
        </extensions>
      </trkpt>
      <trkpt lat="69.00228808633983135223388671875" lon="20.47000271268188953399658203125">
        <ele>782.5999755859375</ele>
        <time>2026-08-22T11:59:44.000Z</time>
        <extensions>
          <ns3:TrackPointExtension>
            <ns3:cad>17</ns3:cad>
          </ns3:TrackPointExtension>
        </extensions>
      </trkpt>
      <trkpt lat="69.00228238664567470550537109375" lon="20.47004898078739643096923828125">
        <ele>782.79998779296875</ele>
        <time>2026-08-22T11:59:47.000Z</time>
        <extensions>
          <ns3:TrackPointExtension>
            <ns3:cad>0</ns3:cad>
          </ns3:TrackPointExtension>
        </extensions>
      </trkpt>
      <trkpt lat="69.002280123531818389892578125" lon="20.47005753032863140106201171875">
        <ele>782.79998779296875</ele>
        <time>2026-08-22T11:59:48.000Z</time>
        <extensions>
          <ns3:TrackPointExtension>
            <ns3:cad>0</ns3:cad>
          </ns3:TrackPointExtension>
        </extensions>
      </trkpt>
      <trkpt lat="69.00228272192180156707763671875" lon="20.47008116729557514190673828125">
        <ele>782.5999755859375</ele>
        <time>2026-08-22T11:59:53.000Z</time>
        <extensions>
          <ns3:TrackPointExtension>
            <ns3:cad>0</ns3:cad>
          </ns3:TrackPointExtension>
        </extensions>
      </trkpt>
      <trkpt lat="69.00228775106370449066162109375" lon="20.47018443234264850616455078125">
        <ele>782.5999755859375</ele>
        <time>2026-08-22T11:59:58.000Z</time>
        <extensions>
          <ns3:TrackPointExtension>
            <ns3:cad>0</ns3:cad>
          </ns3:TrackPointExtension>
        </extensions>
      </trkpt>
      <trkpt lat="69.0022940374910831451416015625" lon="20.4703109152615070343017578125">
        <ele>782.5999755859375</ele>
        <time>2026-08-22T12:00:04.000Z</time>
        <extensions>
          <ns3:TrackPointExtension>
            <ns3:cad>0</ns3:cad>
          </ns3:TrackPointExtension>
        </extensions>
      </trkpt>
      <trkpt lat="69.0023267269134521484375" lon="20.470416359603404998779296875">
        <ele>782.20001220703125</ele>
        <time>2026-08-22T12:00:11.000Z</time>
        <extensions>
          <ns3:TrackPointExtension>
            <ns3:cad>0</ns3:cad>
          </ns3:TrackPointExtension>
        </extensions>
      </trkpt>
      <trkpt lat="69.00235413573682308197021484375" lon="20.4705238156020641326904296875">
        <ele>782.20001220703125</ele>
        <time>2026-08-22T12:00:17.000Z</time>
        <extensions>
          <ns3:TrackPointExtension>
            <ns3:cad>0</ns3:cad>
          </ns3:TrackPointExtension>
        </extensions>
      </trkpt>
      <trkpt lat="69.00236804969608783721923828125" lon="20.4706232249736785888671875">
        <ele>782.5999755859375</ele>
        <time>2026-08-22T12:00:23.000Z</time>
        <extensions>
          <ns3:TrackPointExtension>
            <ns3:cad>0</ns3:cad>
          </ns3:TrackPointExtension>
        </extensions>
      </trkpt>
      <trkpt lat="69.00238037109375" lon="20.4707068763673305511474609375">
        <ele>782.79998779296875</ele>
        <time>2026-08-22T12:00:27.000Z</time>
        <extensions>
          <ns3:TrackPointExtension>
            <ns3:cad>0</ns3:cad>
          </ns3:TrackPointExtension>
        </extensions>
      </trkpt>
      <trkpt lat="69.00238112546503543853759765625" lon="20.47073277644813060760498046875">
        <ele>782.79998779296875</ele>
        <time>2026-08-22T12:00:28.000Z</time>
        <extensions>
          <ns3:TrackPointExtension>
            <ns3:cad>0</ns3:cad>
          </ns3:TrackPointExtension>
        </extensions>
      </trkpt>
      <trkpt lat="69.0023755095899105072021484375" lon="20.47075339592993259429931640625">
        <ele>783</ele>
        <time>2026-08-22T12:00:34.000Z</time>
        <extensions>
          <ns3:TrackPointExtension>
            <ns3:cad>0</ns3:cad>
          </ns3:TrackPointExtension>
        </extensions>
      </trkpt>
      <trkpt lat="69.002376683056354522705078125" lon="20.47074719332158565521240234375">
        <ele>783</ele>
        <time>2026-08-22T12:00:36.000Z</time>
        <extensions>
          <ns3:TrackPointExtension>
            <ns3:cad>0</ns3:cad>
          </ns3:TrackPointExtension>
        </extensions>
      </trkpt>
      <trkpt lat="69.0023802034556865692138671875" lon="20.47074317000806331634521484375">
        <ele>783</ele>
        <time>2026-08-22T12:00:39.000Z</time>
        <extensions>
          <ns3:TrackPointExtension>
            <ns3:cad>0</ns3:cad>
          </ns3:TrackPointExtension>
        </extensions>
      </trkpt>
      <trkpt lat="69.0023815445601940155029296875" lon="20.47072724439203739166259765625">
        <ele>783</ele>
        <time>2026-08-22T12:00:44.000Z</time>
        <extensions>
          <ns3:TrackPointExtension>
            <ns3:cad>0</ns3:cad>
          </ns3:TrackPointExtension>
        </extensions>
      </trkpt>
      <trkpt lat="69.0023838914930820465087890625" lon="20.47072607092559337615966796875">
        <ele>783</ele>
        <time>2026-08-22T12:00:45.000Z</time>
        <extensions>
          <ns3:TrackPointExtension>
            <ns3:cad>0</ns3:cad>
          </ns3:TrackPointExtension>
        </extensions>
      </trkpt>
    </trkseg>
  </trk>
</gpx>
