<?xml version="1.0" encoding="UTF-8"?>
<gpx creator="Garmin Connect" version="1.1"
  xsi:schemaLocation="http://www.topografix.com/GPX/1/1 http://www.topografix.com/GPX/11.xsd"
  xmlns:ns3="http://www.garmin.com/xmlschemas/TrackPointExtension/v1"
  xmlns="http://www.topografix.com/GPX/1/1"
  xmlns:xsi="http://www.w3.org/2001/XMLSchema-instance" xmlns:ns2="http://www.garmin.com/xmlschemas/GpxExtensions/v3">
  <metadata>
    <link href="connect.garmin.com">
      <text>Garmin Connect</text>
    </link>
    <time>2026-08-23T04:25:08.000Z</time>
  </metadata>
  <trk>
    <name>Kiruna Hiking</name>
    <type>hiking</type>
    <trkseg>
      <trkpt lat="69.0025072731077671051025390625" lon="20.4712681286036968231201171875">
        <ele>779.20001220703125</ele>
        <time>2026-08-23T04:25:49.000Z</time>
        <extensions>
          <ns3:TrackPointExtension>
            <ns3:cad>0</ns3:cad>
          </ns3:TrackPointExtension>
        </extensions>
      </trkpt>
      <trkpt lat="69.00250869803130626678466796875" lon="20.471395365893840789794921875">
        <ele>778.79998779296875</ele>
        <time>2026-08-23T04:25:54.000Z</time>
        <extensions>
          <ns3:TrackPointExtension>
            <ns3:cad>0</ns3:cad>
          </ns3:TrackPointExtension>
        </extensions>
      </trkpt>
      <trkpt lat="69.00247265584766864776611328125" lon="20.47160281799733638763427734375">
        <ele>778.4000244140625</ele>
        <time>2026-08-23T04:26:01.000Z</time>
        <extensions>
          <ns3:TrackPointExtension>
            <ns3:cad>0</ns3:cad>
          </ns3:TrackPointExtension>
        </extensions>
      </trkpt>
      <trkpt lat="69.00243879295885562896728515625" lon="20.47175184823572635650634765625">
        <ele>778.4000244140625</ele>
        <time>2026-08-23T04:26:08.000Z</time>
        <extensions>
          <ns3:TrackPointExtension>
            <ns3:cad>0</ns3:cad>
          </ns3:TrackPointExtension>
        </extensions>
      </trkpt>
      <trkpt lat="69.00241666473448276519775390625" lon="20.47185041941702365875244140625">
        <ele>778</ele>
        <time>2026-08-23T04:26:12.000Z</time>
        <extensions>
          <ns3:TrackPointExtension>
            <ns3:cad>46</ns3:cad>
          </ns3:TrackPointExtension>
        </extensions>
      </trkpt>
      <trkpt lat="69.00240786373615264892578125" lon="20.4719366692006587982177734375">
        <ele>778</ele>
        <time>2026-08-23T04:26:15.000Z</time>
        <extensions>
          <ns3:TrackPointExtension>
            <ns3:cad>45</ns3:cad>
          </ns3:TrackPointExtension>
        </extensions>
      </trkpt>
      <trkpt lat="69.00240375660359859466552734375" lon="20.47211059369146823883056640625">
        <ele>778.4000244140625</ele>
        <time>2026-08-23T04:26:22.000Z</time>
        <extensions>
          <ns3:TrackPointExtension>
            <ns3:cad>0</ns3:cad>
          </ns3:TrackPointExtension>
        </extensions>
      </trkpt>
      <trkpt lat="69.0024050138890743255615234375" lon="20.47223028726875782012939453125">
        <ele>778.5999755859375</ele>
        <time>2026-08-23T04:26:27.000Z</time>
        <extensions>
          <ns3:TrackPointExtension>
            <ns3:cad>47</ns3:cad>
          </ns3:TrackPointExtension>
        </extensions>
      </trkpt>
      <trkpt lat="69.0024076960980892181396484375" lon="20.47228041104972362518310546875">
        <ele>778.5999755859375</ele>
        <time>2026-08-23T04:26:29.000Z</time>
        <extensions>
          <ns3:TrackPointExtension>
            <ns3:cad>47</ns3:cad>
          </ns3:TrackPointExtension>
        </extensions>
      </trkpt>
      <trkpt lat="69.00240920484066009521484375" lon="20.472436733543872833251953125">
        <ele>778.20001220703125</ele>
        <time>2026-08-23T04:26:35.000Z</time>
        <extensions>
          <ns3:TrackPointExtension>
            <ns3:cad>0</ns3:cad>
          </ns3:TrackPointExtension>
        </extensions>
      </trkpt>
      <trkpt lat="69.00240652263164520263671875" lon="20.47245450317859649658203125">
        <ele>778.20001220703125</ele>
        <time>2026-08-23T04:26:36.000Z</time>
        <extensions>
          <ns3:TrackPointExtension>
            <ns3:cad>0</ns3:cad>
          </ns3:TrackPointExtension>
        </extensions>
      </trkpt>
      <trkpt lat="69.00240459479391574859619140625" lon="20.472470261156558990478515625">
        <ele>778.20001220703125</ele>
        <time>2026-08-23T04:26:37.000Z</time>
        <extensions>
          <ns3:TrackPointExtension>
            <ns3:cad>0</ns3:cad>
          </ns3:TrackPointExtension>
        </extensions>
      </trkpt>
      <trkpt lat="69.0024085342884063720703125" lon="20.47258635051548480987548828125">
        <ele>778.5999755859375</ele>
        <time>2026-08-23T04:26:41.000Z</time>
        <extensions>
          <ns3:TrackPointExtension>
            <ns3:cad>0</ns3:cad>
          </ns3:TrackPointExtension>
        </extensions>
      </trkpt>
      <trkpt lat="69.0024154074490070343017578125" lon="20.472763292491436004638671875">
        <ele>779</ele>
        <time>2026-08-23T04:26:48.000Z</time>
        <extensions>
          <ns3:TrackPointExtension>
            <ns3:cad>44</ns3:cad>
          </ns3:TrackPointExtension>
        </extensions>
      </trkpt>
      <trkpt lat="69.00241783820092678070068359375" lon="20.47279019840061664581298828125">
        <ele>779.20001220703125</ele>
        <time>2026-08-23T04:26:49.000Z</time>
        <extensions>
          <ns3:TrackPointExtension>
            <ns3:cad>44</ns3:cad>
          </ns3:TrackPointExtension>
        </extensions>
      </trkpt>
      <trkpt lat="69.002425633370876312255859375" lon="20.4729022644460201263427734375">
        <ele>779.20001220703125</ele>
        <time>2026-08-23T04:26:54.000Z</time>
        <extensions>
          <ns3:TrackPointExtension>
            <ns3:cad>0</ns3:cad>
          </ns3:TrackPointExtension>
        </extensions>
      </trkpt>
      <trkpt lat="69.0024294890463352203369140625" lon="20.47302908264100551605224609375">
        <ele>779.4000244140625</ele>
        <time>2026-08-23T04:26:59.000Z</time>
        <extensions>
          <ns3:TrackPointExtension>
            <ns3:cad>0</ns3:cad>
          </ns3:TrackPointExtension>
        </extensions>
      </trkpt>
      <trkpt lat="69.00242672301828861236572265625" lon="20.47305422835052013397216796875">
        <ele>779.5999755859375</ele>
        <time>2026-08-23T04:27:00.000Z</time>
        <extensions>
          <ns3:TrackPointExtension>
            <ns3:cad>0</ns3:cad>
          </ns3:TrackPointExtension>
        </extensions>
      </trkpt>
      <trkpt lat="69.0024207718670368194580078125" lon="20.4732127301394939422607421875">
        <ele>779.79998779296875</ele>
        <time>2026-08-23T04:27:06.000Z</time>
        <extensions>
          <ns3:TrackPointExtension>
            <ns3:cad>0</ns3:cad>
          </ns3:TrackPointExtension>
        </extensions>
      </trkpt>
      <trkpt lat="69.0024231187999248504638671875" lon="20.4733220301568508148193359375">
        <ele>780.20001220703125</ele>
        <time>2026-08-23T04:27:11.000Z</time>
        <extensions>
          <ns3:TrackPointExtension>
            <ns3:cad>0</ns3:cad>
          </ns3:TrackPointExtension>
        </extensions>
      </trkpt>
      <trkpt lat="69.00242689065635204315185546875" lon="20.4733478464186191558837890625">
        <ele>780.20001220703125</ele>
        <time>2026-08-23T04:27:12.000Z</time>
        <extensions>
          <ns3:TrackPointExtension>
            <ns3:cad>0</ns3:cad>
          </ns3:TrackPointExtension>
        </extensions>
      </trkpt>
      <trkpt lat="69.0024519525468349456787109375" lon="20.47346125356853008270263671875">
        <ele>780.79998779296875</ele>
        <time>2026-08-23T04:27:18.000Z</time>
        <extensions>
          <ns3:TrackPointExtension>
            <ns3:cad>41</ns3:cad>
          </ns3:TrackPointExtension>
        </extensions>
      </trkpt>
      <trkpt lat="69.0024755895137786865234375" lon="20.47353534959256649017333984375">
        <ele>781.20001220703125</ele>
        <time>2026-08-23T04:27:22.000Z</time>
        <extensions>
          <ns3:TrackPointExtension>
            <ns3:cad>44</ns3:cad>
          </ns3:TrackPointExtension>
        </extensions>
      </trkpt>
      <trkpt lat="69.00248908437788486480712890625" lon="20.47357340343296527862548828125">
        <ele>781.20001220703125</ele>
        <time>2026-08-23T04:27:24.000Z</time>
        <extensions>
          <ns3:TrackPointExtension>
            <ns3:cad>0</ns3:cad>
          </ns3:TrackPointExtension>
        </extensions>
      </trkpt>
      <trkpt lat="69.00252479128539562225341796875" lon="20.47369527630507946014404296875">
        <ele>781.4000244140625</ele>
        <time>2026-08-23T04:27:30.000Z</time>
        <extensions>
          <ns3:TrackPointExtension>
            <ns3:cad>47</ns3:cad>
          </ns3:TrackPointExtension>
        </extensions>
      </trkpt>
      <trkpt lat="69.002571813762187957763671875" lon="20.47382754273712635040283203125">
        <ele>781.5999755859375</ele>
        <time>2026-08-23T04:27:37.000Z</time>
        <extensions>
          <ns3:TrackPointExtension>
            <ns3:cad>47</ns3:cad>
          </ns3:TrackPointExtension>
        </extensions>
      </trkpt>
      <trkpt lat="69.002604670822620391845703125" lon="20.4739117808640003204345703125">
        <ele>781.5999755859375</ele>
        <time>2026-08-23T04:27:43.000Z</time>
        <extensions>
          <ns3:TrackPointExtension>
            <ns3:cad>0</ns3:cad>
          </ns3:TrackPointExtension>
        </extensions>
      </trkpt>
      <trkpt lat="69.002636857330799102783203125" lon="20.47403407283127307891845703125">
        <ele>782</ele>
        <time>2026-08-23T04:27:50.000Z</time>
        <extensions>
          <ns3:TrackPointExtension>
            <ns3:cad>60</ns3:cad>
          </ns3:TrackPointExtension>
        </extensions>
      </trkpt>
      <trkpt lat="69.00264549069106578826904296875" lon="20.47414002008736133575439453125">
        <ele>782.20001220703125</ele>
        <time>2026-08-23T04:27:55.000Z</time>
        <extensions>
          <ns3:TrackPointExtension>
            <ns3:cad>0</ns3:cad>
          </ns3:TrackPointExtension>
        </extensions>
      </trkpt>
      <trkpt lat="69.002655632793903350830078125" lon="20.47421696595847606658935546875">
        <ele>782.20001220703125</ele>
        <time>2026-08-23T04:27:59.000Z</time>
        <extensions>
          <ns3:TrackPointExtension>
            <ns3:cad>0</ns3:cad>
          </ns3:TrackPointExtension>
        </extensions>
      </trkpt>
      <trkpt lat="69.00265990756452083587646484375" lon="20.47424915246665477752685546875">
        <ele>782.4000244140625</ele>
        <time>2026-08-23T04:28:01.000Z</time>
        <extensions>
          <ns3:TrackPointExtension>
            <ns3:cad>0</ns3:cad>
          </ns3:TrackPointExtension>
        </extensions>
      </trkpt>
      <trkpt lat="69.00267784483730792999267578125" lon="20.474375970661640167236328125">
        <ele>783</ele>
        <time>2026-08-23T04:28:07.000Z</time>
        <extensions>
          <ns3:TrackPointExtension>
            <ns3:cad>0</ns3:cad>
          </ns3:TrackPointExtension>
        </extensions>
      </trkpt>
      <trkpt lat="69.0026822872459888458251953125" lon="20.4744153656065464019775390625">
        <ele>783.20001220703125</ele>
        <time>2026-08-23T04:28:09.000Z</time>
        <extensions>
          <ns3:TrackPointExtension>
            <ns3:cad>0</ns3:cad>
          </ns3:TrackPointExtension>
        </extensions>
      </trkpt>
      <trkpt lat="69.00269175879657268524169921875" lon="20.47449541278183460235595703125">
        <ele>783.79998779296875</ele>
        <time>2026-08-23T04:28:13.000Z</time>
        <extensions>
          <ns3:TrackPointExtension>
            <ns3:cad>0</ns3:cad>
          </ns3:TrackPointExtension>
        </extensions>
      </trkpt>
      <trkpt lat="69.0026940219104290008544921875" lon="20.47456280328333377838134765625">
        <ele>784.20001220703125</ele>
        <time>2026-08-23T04:28:17.000Z</time>
        <extensions>
          <ns3:TrackPointExtension>
            <ns3:cad>0</ns3:cad>
          </ns3:TrackPointExtension>
        </extensions>
      </trkpt>
      <trkpt lat="69.00269351899623870849609375" lon="20.47458308748900890350341796875">
        <ele>784.4000244140625</ele>
        <time>2026-08-23T04:28:18.000Z</time>
        <extensions>
          <ns3:TrackPointExtension>
            <ns3:cad>0</ns3:cad>
          </ns3:TrackPointExtension>
        </extensions>
      </trkpt>
      <trkpt lat="69.0026893280446529388427734375" lon="20.4747090674936771392822265625">
        <ele>785</ele>
        <time>2026-08-23T04:28:24.000Z</time>
        <extensions>
          <ns3:TrackPointExtension>
            <ns3:cad>0</ns3:cad>
          </ns3:TrackPointExtension>
        </extensions>
      </trkpt>
      <trkpt lat="69.00268723256886005401611328125" lon="20.4747499711811542510986328125">
        <ele>785.4000244140625</ele>
        <time>2026-08-23T04:28:27.000Z</time>
        <extensions>
          <ns3:TrackPointExtension>
            <ns3:cad>0</ns3:cad>
          </ns3:TrackPointExtension>
        </extensions>
      </trkpt>
      <trkpt lat="69.00267734192311763763427734375" lon="20.4748079739511013031005859375">
        <ele>785.79998779296875</ele>
        <time>2026-08-23T04:28:31.000Z</time>
        <extensions>
          <ns3:TrackPointExtension>
            <ns3:cad>0</ns3:cad>
          </ns3:TrackPointExtension>
        </extensions>
      </trkpt>
      <trkpt lat="69.0026574768126010894775390625" lon="20.4749115742743015289306640625">
        <ele>786.4000244140625</ele>
        <time>2026-08-23T04:28:37.000Z</time>
        <extensions>
          <ns3:TrackPointExtension>
            <ns3:cad>0</ns3:cad>
          </ns3:TrackPointExtension>
        </extensions>
      </trkpt>
      <trkpt lat="69.00266007520258426666259765625" lon="20.47503403387963771820068359375">
        <ele>786.79998779296875</ele>
        <time>2026-08-23T04:28:43.000Z</time>
        <extensions>
          <ns3:TrackPointExtension>
            <ns3:cad>0</ns3:cad>
          </ns3:TrackPointExtension>
        </extensions>
      </trkpt>
      <trkpt lat="69.00267868302762508392333984375" lon="20.47511466778814792633056640625">
        <ele>787.4000244140625</ele>
        <time>2026-08-23T04:28:48.000Z</time>
        <extensions>
          <ns3:TrackPointExtension>
            <ns3:cad>73</ns3:cad>
          </ns3:TrackPointExtension>
        </extensions>
      </trkpt>
      <trkpt lat="69.00268639437854290008544921875" lon="20.475139059126377105712890625">
        <ele>787.5999755859375</ele>
        <time>2026-08-23T04:28:50.000Z</time>
        <extensions>
          <ns3:TrackPointExtension>
            <ns3:cad>0</ns3:cad>
          </ns3:TrackPointExtension>
        </extensions>
      </trkpt>
      <trkpt lat="69.00269645266234874725341796875" lon="20.4752072878181934356689453125">
        <ele>788.4000244140625</ele>
        <time>2026-08-23T04:28:55.000Z</time>
        <extensions>
          <ns3:TrackPointExtension>
            <ns3:cad>0</ns3:cad>
          </ns3:TrackPointExtension>
        </extensions>
      </trkpt>
      <trkpt lat="69.00269846431910991668701171875" lon="20.4752377979457378387451171875">
        <ele>788.5999755859375</ele>
        <time>2026-08-23T04:28:58.000Z</time>
        <extensions>
          <ns3:TrackPointExtension>
            <ns3:cad>0</ns3:cad>
          </ns3:TrackPointExtension>
        </extensions>
      </trkpt>
      <trkpt lat="69.0027169883251190185546875" lon="20.47523704357445240020751953125">
        <ele>788.79998779296875</ele>
        <time>2026-08-23T04:29:04.000Z</time>
        <extensions>
          <ns3:TrackPointExtension>
            <ns3:cad>0</ns3:cad>
          </ns3:TrackPointExtension>
        </extensions>
      </trkpt>
      <trkpt lat="69.0027089416980743408203125" lon="20.47523017041385173797607421875">
        <ele>789.20001220703125</ele>
        <time>2026-08-23T04:29:11.000Z</time>
        <extensions>
          <ns3:TrackPointExtension>
            <ns3:cad>0</ns3:cad>
          </ns3:TrackPointExtension>
        </extensions>
      </trkpt>
      <trkpt lat="69.0027305670082569122314453125" lon="20.47529823146760463714599609375">
        <ele>789.4000244140625</ele>
        <time>2026-08-23T04:29:16.000Z</time>
        <extensions>
          <ns3:TrackPointExtension>
            <ns3:cad>0</ns3:cad>
          </ns3:TrackPointExtension>
        </extensions>
      </trkpt>
      <trkpt lat="69.0027330815792083740234375" lon="20.47530527226626873016357421875">
        <ele>789.4000244140625</ele>
        <time>2026-08-23T04:29:17.000Z</time>
        <extensions>
          <ns3:TrackPointExtension>
            <ns3:cad>0</ns3:cad>
          </ns3:TrackPointExtension>
        </extensions>
      </trkpt>
      <trkpt lat="69.0027510188519954681396484375" lon="20.47537735663354396820068359375">
        <ele>790.4000244140625</ele>
        <time>2026-08-23T04:29:22.000Z</time>
        <extensions>
          <ns3:TrackPointExtension>
            <ns3:cad>0</ns3:cad>
          </ns3:TrackPointExtension>
        </extensions>
      </trkpt>
      <trkpt lat="69.0027594007551670074462890625" lon="20.47539864666759967803955078125">
        <ele>790.5999755859375</ele>
        <time>2026-08-23T04:29:24.000Z</time>
        <extensions>
          <ns3:TrackPointExtension>
            <ns3:cad>0</ns3:cad>
          </ns3:TrackPointExtension>
        </extensions>
      </trkpt>
      <trkpt lat="69.002770297229290008544921875" lon="20.4754242114722728729248046875">
        <ele>791.20001220703125</ele>
        <time>2026-08-23T04:29:27.000Z</time>
        <extensions>
          <ns3:TrackPointExtension>
            <ns3:cad>19</ns3:cad>
          </ns3:TrackPointExtension>
        </extensions>
      </trkpt>
      <trkpt lat="69.00278471410274505615234375" lon="20.4754517041146755218505859375">
        <ele>791.79998779296875</ele>
        <time>2026-08-23T04:29:30.000Z</time>
        <extensions>
          <ns3:TrackPointExtension>
            <ns3:cad>19</ns3:cad>
          </ns3:TrackPointExtension>
        </extensions>
      </trkpt>
      <trkpt lat="69.00280323810875415802001953125" lon="20.4755016602575778961181640625">
        <ele>792.20001220703125</ele>
        <time>2026-08-23T04:29:34.000Z</time>
        <extensions>
          <ns3:TrackPointExtension>
            <ns3:cad>75</ns3:cad>
          </ns3:TrackPointExtension>
        </extensions>
      </trkpt>
      <trkpt lat="69.0028162300586700439453125" lon="20.4755697213113307952880859375">
        <ele>792.79998779296875</ele>
        <time>2026-08-23T04:29:38.000Z</time>
        <extensions>
          <ns3:TrackPointExtension>
            <ns3:cad>72</ns3:cad>
          </ns3:TrackPointExtension>
        </extensions>
      </trkpt>
      <trkpt lat="69.00281966663897037506103515625" lon="20.47560517676174640655517578125">
        <ele>793</ele>
        <time>2026-08-23T04:29:40.000Z</time>
        <extensions>
          <ns3:TrackPointExtension>
            <ns3:cad>72</ns3:cad>
          </ns3:TrackPointExtension>
        </extensions>
      </trkpt>
      <trkpt lat="69.0028323233127593994140625" lon="20.475691258907318115234375">
        <ele>793.5999755859375</ele>
        <time>2026-08-23T04:29:45.000Z</time>
        <extensions>
          <ns3:TrackPointExtension>
            <ns3:cad>70</ns3:cad>
          </ns3:TrackPointExtension>
        </extensions>
      </trkpt>
      <trkpt lat="69.00284514762461185455322265625" lon="20.4757757484912872314453125">
        <ele>794</ele>
        <time>2026-08-23T04:29:49.000Z</time>
        <extensions>
          <ns3:TrackPointExtension>
            <ns3:cad>0</ns3:cad>
          </ns3:TrackPointExtension>
        </extensions>
      </trkpt>
      <trkpt lat="69.00285637937486171722412109375" lon="20.47578002326190471649169921875">
        <ele>794</ele>
        <time>2026-08-23T04:29:51.000Z</time>
        <extensions>
          <ns3:TrackPointExtension>
            <ns3:cad>0</ns3:cad>
          </ns3:TrackPointExtension>
        </extensions>
      </trkpt>
      <trkpt lat="69.00289594195783138275146484375" lon="20.47583878040313720703125">
        <ele>794.79998779296875</ele>
        <time>2026-08-23T04:29:57.000Z</time>
        <extensions>
          <ns3:TrackPointExtension>
            <ns3:cad>0</ns3:cad>
          </ns3:TrackPointExtension>
        </extensions>
      </trkpt>
      <trkpt lat="69.00290516205132007598876953125" lon="20.47584439627826213836669921875">
        <ele>795</ele>
        <time>2026-08-23T04:29:58.000Z</time>
        <extensions>
          <ns3:TrackPointExtension>
            <ns3:cad>0</ns3:cad>
          </ns3:TrackPointExtension>
        </extensions>
      </trkpt>
      <trkpt lat="69.00294304825365543365478515625" lon="20.4759049974381923675537109375">
        <ele>795.20001220703125</ele>
        <time>2026-08-23T04:30:03.000Z</time>
        <extensions>
          <ns3:TrackPointExtension>
            <ns3:cad>0</ns3:cad>
          </ns3:TrackPointExtension>
        </extensions>
      </trkpt>
      <trkpt lat="69.0029696188867092132568359375" lon="20.476024188101291656494140625">
        <ele>796</ele>
        <time>2026-08-23T04:30:09.000Z</time>
        <extensions>
          <ns3:TrackPointExtension>
            <ns3:cad>0</ns3:cad>
          </ns3:TrackPointExtension>
        </extensions>
      </trkpt>
      <trkpt lat="69.0029709599912166595458984375" lon="20.47603952698409557342529296875">
        <ele>796.20001220703125</ele>
        <time>2026-08-23T04:30:10.000Z</time>
        <extensions>
          <ns3:TrackPointExtension>
            <ns3:cad>0</ns3:cad>
          </ns3:TrackPointExtension>
        </extensions>
      </trkpt>
      <trkpt lat="69.002973474562168121337890625" lon="20.4761014692485332489013671875">
        <ele>796.5999755859375</ele>
        <time>2026-08-23T04:30:14.000Z</time>
        <extensions>
          <ns3:TrackPointExtension>
            <ns3:cad>0</ns3:cad>
          </ns3:TrackPointExtension>
        </extensions>
      </trkpt>
      <trkpt lat="69.0029776655137538909912109375" lon="20.47612284310162067413330078125">
        <ele>796.79998779296875</ele>
        <time>2026-08-23T04:30:15.000Z</time>
        <extensions>
          <ns3:TrackPointExtension>
            <ns3:cad>0</ns3:cad>
          </ns3:TrackPointExtension>
        </extensions>
      </trkpt>
      <trkpt lat="69.002993591129779815673828125" lon="20.4761809296905994415283203125">
        <ele>797</ele>
        <time>2026-08-23T04:30:18.000Z</time>
        <extensions>
          <ns3:TrackPointExtension>
            <ns3:cad>0</ns3:cad>
          </ns3:TrackPointExtension>
        </extensions>
      </trkpt>
      <trkpt lat="69.00299920700490474700927734375" lon="20.47619308345019817352294921875">
        <ele>797.20001220703125</ele>
        <time>2026-08-23T04:30:19.000Z</time>
        <extensions>
          <ns3:TrackPointExtension>
            <ns3:cad>0</ns3:cad>
          </ns3:TrackPointExtension>
        </extensions>
      </trkpt>
      <trkpt lat="69.0030165575444698333740234375" lon="20.47621672041714191436767578125">
        <ele>797.4000244140625</ele>
        <time>2026-08-23T04:30:21.000Z</time>
        <extensions>
          <ns3:TrackPointExtension>
            <ns3:cad>0</ns3:cad>
          </ns3:TrackPointExtension>
        </extensions>
      </trkpt>
      <trkpt lat="69.00304094888269901275634765625" lon="20.47626617364585399627685546875">
        <ele>797.5999755859375</ele>
        <time>2026-08-23T04:30:24.000Z</time>
        <extensions>
          <ns3:TrackPointExtension>
            <ns3:cad>0</ns3:cad>
          </ns3:TrackPointExtension>
        </extensions>
      </trkpt>
      <trkpt lat="69.0030594728887081146240234375" lon="20.47632887028157711029052734375">
        <ele>797.5999755859375</ele>
        <time>2026-08-23T04:30:27.000Z</time>
        <extensions>
          <ns3:TrackPointExtension>
            <ns3:cad>0</ns3:cad>
          </ns3:TrackPointExtension>
        </extensions>
      </trkpt>
      <trkpt lat="69.00307397358119487762451171875" lon="20.4763497412204742431640625">
        <ele>798</ele>
        <time>2026-08-23T04:30:29.000Z</time>
        <extensions>
          <ns3:TrackPointExtension>
            <ns3:cad>0</ns3:cad>
          </ns3:TrackPointExtension>
        </extensions>
      </trkpt>
      <trkpt lat="69.00308084674179553985595703125" lon="20.47635979950428009033203125">
        <ele>798.20001220703125</ele>
        <time>2026-08-23T04:30:30.000Z</time>
        <extensions>
          <ns3:TrackPointExtension>
            <ns3:cad>0</ns3:cad>
          </ns3:TrackPointExtension>
        </extensions>
      </trkpt>
      <trkpt lat="69.00310750119388103485107421875" lon="20.476405732333660125732421875">
        <ele>798.5999755859375</ele>
        <time>2026-08-23T04:30:33.000Z</time>
        <extensions>
          <ns3:TrackPointExtension>
            <ns3:cad>0</ns3:cad>
          </ns3:TrackPointExtension>
        </extensions>
      </trkpt>
      <trkpt lat="69.00311940349638462066650390625" lon="20.4764811694622039794921875">
        <ele>799.20001220703125</ele>
        <time>2026-08-23T04:30:38.000Z</time>
        <extensions>
          <ns3:TrackPointExtension>
            <ns3:cad>0</ns3:cad>
          </ns3:TrackPointExtension>
        </extensions>
      </trkpt>
      <trkpt lat="69.00312376208603382110595703125" lon="20.47649114392697811126708984375">
        <ele>799.4000244140625</ele>
        <time>2026-08-23T04:30:39.000Z</time>
        <extensions>
          <ns3:TrackPointExtension>
            <ns3:cad>0</ns3:cad>
          </ns3:TrackPointExtension>
        </extensions>
      </trkpt>
      <trkpt lat="69.00315821170806884765625" lon="20.47652970068156719207763671875">
        <ele>800.4000244140625</ele>
        <time>2026-08-23T04:30:44.000Z</time>
        <extensions>
          <ns3:TrackPointExtension>
            <ns3:cad>0</ns3:cad>
          </ns3:TrackPointExtension>
        </extensions>
      </trkpt>
      <trkpt lat="69.00317204184830188751220703125" lon="20.47655761241912841796875">
        <ele>800.5999755859375</ele>
        <time>2026-08-23T04:30:46.000Z</time>
        <extensions>
          <ns3:TrackPointExtension>
            <ns3:cad>41</ns3:cad>
          </ns3:TrackPointExtension>
        </extensions>
      </trkpt>
      <trkpt lat="69.00321252644062042236328125" lon="20.47666548751294612884521484375">
        <ele>801</ele>
        <time>2026-08-23T04:30:53.000Z</time>
        <extensions>
          <ns3:TrackPointExtension>
            <ns3:cad>0</ns3:cad>
          </ns3:TrackPointExtension>
        </extensions>
      </trkpt>
      <trkpt lat="69.00322166271507740020751953125" lon="20.4766831733286380767822265625">
        <ele>801.4000244140625</ele>
        <time>2026-08-23T04:30:55.000Z</time>
        <extensions>
          <ns3:TrackPointExtension>
            <ns3:cad>0</ns3:cad>
          </ns3:TrackPointExtension>
        </extensions>
      </trkpt>
      <trkpt lat="69.0032613091170787811279296875" lon="20.47676078975200653076171875">
        <ele>802.20001220703125</ele>
        <time>2026-08-23T04:31:01.000Z</time>
        <extensions>
          <ns3:TrackPointExtension>
            <ns3:cad>0</ns3:cad>
          </ns3:TrackPointExtension>
        </extensions>
      </trkpt>
      <trkpt lat="69.00326843373477458953857421875" lon="20.4767783917486667633056640625">
        <ele>802.4000244140625</ele>
        <time>2026-08-23T04:31:02.000Z</time>
        <extensions>
          <ns3:TrackPointExtension>
            <ns3:cad>0</ns3:cad>
          </ns3:TrackPointExtension>
        </extensions>
      </trkpt>
      <trkpt lat="69.0032881312072277069091796875" lon="20.47682206146419048309326171875">
        <ele>802.79998779296875</ele>
        <time>2026-08-23T04:31:06.000Z</time>
        <extensions>
          <ns3:TrackPointExtension>
            <ns3:cad>0</ns3:cad>
          </ns3:TrackPointExtension>
        </extensions>
      </trkpt>
      <trkpt lat="69.003316797316074371337890625" lon="20.476938150823116302490234375">
        <ele>803.4000244140625</ele>
        <time>2026-08-23T04:31:13.000Z</time>
        <extensions>
          <ns3:TrackPointExtension>
            <ns3:cad>43</ns3:cad>
          </ns3:TrackPointExtension>
        </extensions>
      </trkpt>
      <trkpt lat="69.0033454634249210357666015625" lon="20.47703395597636699676513671875">
        <ele>804.20001220703125</ele>
        <time>2026-08-23T04:31:19.000Z</time>
        <extensions>
          <ns3:TrackPointExtension>
            <ns3:cad>41</ns3:cad>
          </ns3:TrackPointExtension>
        </extensions>
      </trkpt>
      <trkpt lat="69.0033588744699954986572265625" lon="20.47706832177937030792236328125">
        <ele>804.5999755859375</ele>
        <time>2026-08-23T04:31:21.000Z</time>
        <extensions>
          <ns3:TrackPointExtension>
            <ns3:cad>43</ns3:cad>
          </ns3:TrackPointExtension>
        </extensions>
      </trkpt>
      <trkpt lat="69.003382511436939239501953125" lon="20.47712699510157108306884765625">
        <ele>805.20001220703125</ele>
        <time>2026-08-23T04:31:25.000Z</time>
        <extensions>
          <ns3:TrackPointExtension>
            <ns3:cad>44</ns3:cad>
          </ns3:TrackPointExtension>
        </extensions>
      </trkpt>
      <trkpt lat="69.003407657146453857421875" lon="20.47723595984280109405517578125">
        <ele>805.5999755859375</ele>
        <time>2026-08-23T04:31:31.000Z</time>
        <extensions>
          <ns3:TrackPointExtension>
            <ns3:cad>40</ns3:cad>
          </ns3:TrackPointExtension>
        </extensions>
      </trkpt>
      <trkpt lat="69.00341025553643703460693359375" lon="20.477248616516590118408203125">
        <ele>805.5999755859375</ele>
        <time>2026-08-23T04:31:32.000Z</time>
        <extensions>
          <ns3:TrackPointExtension>
            <ns3:cad>40</ns3:cad>
          </ns3:TrackPointExtension>
        </extensions>
      </trkpt>
      <trkpt lat="69.00341159664094448089599609375" lon="20.47726848162710666656494140625">
        <ele>806.4000244140625</ele>
        <time>2026-08-23T04:31:36.000Z</time>
        <extensions>
          <ns3:TrackPointExtension>
            <ns3:cad>0</ns3:cad>
          </ns3:TrackPointExtension>
        </extensions>
      </trkpt>
      <trkpt lat="69.00341930799186229705810546875" lon="20.4772437550127506256103515625">
        <ele>806.5999755859375</ele>
        <time>2026-08-23T04:31:44.000Z</time>
        <extensions>
          <ns3:TrackPointExtension>
            <ns3:cad>0</ns3:cad>
          </ns3:TrackPointExtension>
        </extensions>
      </trkpt>
      <trkpt lat="69.0034182183444499969482421875" lon="20.47727334313094615936279296875">
        <ele>806.20001220703125</ele>
        <time>2026-08-23T04:31:50.000Z</time>
        <extensions>
          <ns3:TrackPointExtension>
            <ns3:cad>0</ns3:cad>
          </ns3:TrackPointExtension>
        </extensions>
      </trkpt>
      <trkpt lat="69.00343053974211215972900390625" lon="20.47729295678436756134033203125">
        <ele>806.20001220703125</ele>
        <time>2026-08-23T04:31:57.000Z</time>
        <extensions>
          <ns3:TrackPointExtension>
            <ns3:cad>0</ns3:cad>
          </ns3:TrackPointExtension>
        </extensions>
      </trkpt>
      <trkpt lat="69.00345325469970703125" lon="20.47734978608787059783935546875">
        <ele>806.20001220703125</ele>
        <time>2026-08-23T04:32:02.000Z</time>
        <extensions>
          <ns3:TrackPointExtension>
            <ns3:cad>0</ns3:cad>
          </ns3:TrackPointExtension>
        </extensions>
      </trkpt>
      <trkpt lat="69.0034721978008747100830078125" lon="20.47739286907017230987548828125">
        <ele>806.5999755859375</ele>
        <time>2026-08-23T04:32:05.000Z</time>
        <extensions>
          <ns3:TrackPointExtension>
            <ns3:cad>77</ns3:cad>
          </ns3:TrackPointExtension>
        </extensions>
      </trkpt>
      <trkpt lat="69.00348879396915435791015625" lon="20.47743536531925201416015625">
        <ele>807</ele>
        <time>2026-08-23T04:32:08.000Z</time>
        <extensions>
          <ns3:TrackPointExtension>
            <ns3:cad>41</ns3:cad>
          </ns3:TrackPointExtension>
        </extensions>
      </trkpt>
      <trkpt lat="69.003526680171489715576171875" lon="20.4775076173245906829833984375">
        <ele>807.4000244140625</ele>
        <time>2026-08-23T04:32:14.000Z</time>
        <extensions>
          <ns3:TrackPointExtension>
            <ns3:cad>45</ns3:cad>
          </ns3:TrackPointExtension>
        </extensions>
      </trkpt>
      <trkpt lat="69.00353447534143924713134765625" lon="20.47755044884979724884033203125">
        <ele>807.5999755859375</ele>
        <time>2026-08-23T04:32:16.000Z</time>
        <extensions>
          <ns3:TrackPointExtension>
            <ns3:cad>77</ns3:cad>
          </ns3:TrackPointExtension>
        </extensions>
      </trkpt>
      <trkpt lat="69.00353766046464443206787109375" lon="20.47756955958902835845947265625">
        <ele>807.79998779296875</ele>
        <time>2026-08-23T04:32:17.000Z</time>
        <extensions>
          <ns3:TrackPointExtension>
            <ns3:cad>77</ns3:cad>
          </ns3:TrackPointExtension>
        </extensions>
      </trkpt>
      <trkpt lat="69.00355584919452667236328125" lon="20.4776038415729999542236328125">
        <ele>808.5999755859375</ele>
        <time>2026-08-23T04:32:22.000Z</time>
        <extensions>
          <ns3:TrackPointExtension>
            <ns3:cad>0</ns3:cad>
          </ns3:TrackPointExtension>
        </extensions>
      </trkpt>
      <trkpt lat="69.0035620518028736114501953125" lon="20.47756939195096492767333984375">
        <ele>808.5999755859375</ele>
        <time>2026-08-23T04:32:29.000Z</time>
        <extensions>
          <ns3:TrackPointExtension>
            <ns3:cad>0</ns3:cad>
          </ns3:TrackPointExtension>
        </extensions>
      </trkpt>
      <trkpt lat="69.0035590343177318572998046875" lon="20.47755816020071506500244140625">
        <ele>808.79998779296875</ele>
        <time>2026-08-23T04:32:32.000Z</time>
        <extensions>
          <ns3:TrackPointExtension>
            <ns3:cad>0</ns3:cad>
          </ns3:TrackPointExtension>
        </extensions>
      </trkpt>
      <trkpt lat="69.00357051752507686614990234375" lon="20.4775971360504627227783203125">
        <ele>808.5999755859375</ele>
        <time>2026-08-23T04:32:37.000Z</time>
        <extensions>
          <ns3:TrackPointExtension>
            <ns3:cad>0</ns3:cad>
          </ns3:TrackPointExtension>
        </extensions>
      </trkpt>
      <trkpt lat="69.00360253639519214630126953125" lon="20.4777087830007076263427734375">
        <ele>809</ele>
        <time>2026-08-23T04:32:43.000Z</time>
        <extensions>
          <ns3:TrackPointExtension>
            <ns3:cad>0</ns3:cad>
          </ns3:TrackPointExtension>
        </extensions>
      </trkpt>
      <trkpt lat="69.00361544452607631683349609375" lon="20.47771641053259372711181640625">
        <ele>809.79998779296875</ele>
        <time>2026-08-23T04:32:46.000Z</time>
        <extensions>
          <ns3:TrackPointExtension>
            <ns3:cad>79</ns3:cad>
          </ns3:TrackPointExtension>
        </extensions>
      </trkpt>
      <trkpt lat="69.00362600572407245635986328125" lon="20.4777533747255802154541015625">
        <ele>810.4000244140625</ele>
        <time>2026-08-23T04:32:48.000Z</time>
        <extensions>
          <ns3:TrackPointExtension>
            <ns3:cad>79</ns3:cad>
          </ns3:TrackPointExtension>
        </extensions>
      </trkpt>
      <trkpt lat="69.003637991845607757568359375" lon="20.47778807580471038818359375">
        <ele>811</ele>
        <time>2026-08-23T04:32:51.000Z</time>
        <extensions>
          <ns3:TrackPointExtension>
            <ns3:cad>79</ns3:cad>
          </ns3:TrackPointExtension>
        </extensions>
      </trkpt>
      <trkpt lat="69.0036700107157230377197265625" lon="20.47783635556697845458984375">
        <ele>811.79998779296875</ele>
        <time>2026-08-23T04:32:55.000Z</time>
        <extensions>
          <ns3:TrackPointExtension>
            <ns3:cad>0</ns3:cad>
          </ns3:TrackPointExtension>
        </extensions>
      </trkpt>
      <trkpt lat="69.0036777220666408538818359375" lon="20.47784507274627685546875">
        <ele>812</ele>
        <time>2026-08-23T04:32:56.000Z</time>
        <extensions>
          <ns3:TrackPointExtension>
            <ns3:cad>41</ns3:cad>
          </ns3:TrackPointExtension>
        </extensions>
      </trkpt>
      <trkpt lat="69.003719799220561981201171875" lon="20.47792998142540454864501953125">
        <ele>812.5999755859375</ele>
        <time>2026-08-23T04:33:02.000Z</time>
        <extensions>
          <ns3:TrackPointExtension>
            <ns3:cad>43</ns3:cad>
          </ns3:TrackPointExtension>
        </extensions>
      </trkpt>
      <trkpt lat="69.003731198608875274658203125" lon="20.47794506885111331939697265625">
        <ele>813.20001220703125</ele>
        <time>2026-08-23T04:33:04.000Z</time>
        <extensions>
          <ns3:TrackPointExtension>
            <ns3:cad>43</ns3:cad>
          </ns3:TrackPointExtension>
        </extensions>
      </trkpt>
      <trkpt lat="69.0037575177848339080810546875" lon="20.4780299775302410125732421875">
        <ele>814</ele>
        <time>2026-08-23T04:33:09.000Z</time>
        <extensions>
          <ns3:TrackPointExtension>
            <ns3:cad>43</ns3:cad>
          </ns3:TrackPointExtension>
        </extensions>
      </trkpt>
      <trkpt lat="69.0037793107330799102783203125" lon="20.47807482071220874786376953125">
        <ele>814.20001220703125</ele>
        <time>2026-08-23T04:33:12.000Z</time>
        <extensions>
          <ns3:TrackPointExtension>
            <ns3:cad>44</ns3:cad>
          </ns3:TrackPointExtension>
        </extensions>
      </trkpt>
      <trkpt lat="69.00380403734743595123291015625" lon="20.478159226477146148681640625">
        <ele>814.4000244140625</ele>
        <time>2026-08-23T04:33:16.000Z</time>
        <extensions>
          <ns3:TrackPointExtension>
            <ns3:cad>45</ns3:cad>
          </ns3:TrackPointExtension>
        </extensions>
      </trkpt>
      <trkpt lat="69.00383991189301013946533203125" lon="20.47825570218265056610107421875">
        <ele>815</ele>
        <time>2026-08-23T04:33:21.000Z</time>
        <extensions>
          <ns3:TrackPointExtension>
            <ns3:cad>45</ns3:cad>
          </ns3:TrackPointExtension>
        </extensions>
      </trkpt>
      <trkpt lat="69.00384628213942050933837890625" lon="20.47827045433223247528076171875">
        <ele>815.20001220703125</ele>
        <time>2026-08-23T04:33:22.000Z</time>
        <extensions>
          <ns3:TrackPointExtension>
            <ns3:cad>45</ns3:cad>
          </ns3:TrackPointExtension>
        </extensions>
      </trkpt>
      <trkpt lat="69.0038842521607875823974609375" lon="20.47836609184741973876953125">
        <ele>815.4000244140625</ele>
        <time>2026-08-23T04:33:29.000Z</time>
        <extensions>
          <ns3:TrackPointExtension>
            <ns3:cad>43</ns3:cad>
          </ns3:TrackPointExtension>
        </extensions>
      </trkpt>
      <trkpt lat="69.003913588821887969970703125" lon="20.47840741463005542755126953125">
        <ele>816</ele>
        <time>2026-08-23T04:33:33.000Z</time>
        <extensions>
          <ns3:TrackPointExtension>
            <ns3:cad>0</ns3:cad>
          </ns3:TrackPointExtension>
        </extensions>
      </trkpt>
      <trkpt lat="69.00395122356712818145751953125" lon="20.478461645543575286865234375">
        <ele>816.20001220703125</ele>
        <time>2026-08-23T04:33:37.000Z</time>
        <extensions>
          <ns3:TrackPointExtension>
            <ns3:cad>0</ns3:cad>
          </ns3:TrackPointExtension>
        </extensions>
      </trkpt>
      <trkpt lat="69.0039858408272266387939453125" lon="20.478554852306842803955078125">
        <ele>816.5999755859375</ele>
        <time>2026-08-23T04:33:42.000Z</time>
        <extensions>
          <ns3:TrackPointExtension>
            <ns3:cad>43</ns3:cad>
          </ns3:TrackPointExtension>
        </extensions>
      </trkpt>
      <trkpt lat="69.00400537066161632537841796875" lon="20.47859667800366878509521484375">
        <ele>817.20001220703125</ele>
        <time>2026-08-23T04:33:46.000Z</time>
        <extensions>
          <ns3:TrackPointExtension>
            <ns3:cad>43</ns3:cad>
          </ns3:TrackPointExtension>
        </extensions>
      </trkpt>
      <trkpt lat="69.00402984581887722015380859375" lon="20.478642694652080535888671875">
        <ele>818.20001220703125</ele>
        <time>2026-08-23T04:33:50.000Z</time>
        <extensions>
          <ns3:TrackPointExtension>
            <ns3:cad>43</ns3:cad>
          </ns3:TrackPointExtension>
        </extensions>
      </trkpt>
      <trkpt lat="69.00407192297279834747314453125" lon="20.47874855808913707733154296875">
        <ele>817.79998779296875</ele>
        <time>2026-08-23T04:33:56.000Z</time>
        <extensions>
          <ns3:TrackPointExtension>
            <ns3:cad>0</ns3:cad>
          </ns3:TrackPointExtension>
        </extensions>
      </trkpt>
      <trkpt lat="69.00412187911570072174072265625" lon="20.47888250090181827545166015625">
        <ele>818.4000244140625</ele>
        <time>2026-08-23T04:34:04.000Z</time>
        <extensions>
          <ns3:TrackPointExtension>
            <ns3:cad>0</ns3:cad>
          </ns3:TrackPointExtension>
        </extensions>
      </trkpt>
      <trkpt lat="69.00416068732738494873046875" lon="20.47897000797092914581298828125">
        <ele>818.5999755859375</ele>
        <time>2026-08-23T04:34:09.000Z</time>
        <extensions>
          <ns3:TrackPointExtension>
            <ns3:cad>0</ns3:cad>
          </ns3:TrackPointExtension>
        </extensions>
      </trkpt>
      <trkpt lat="69.004210643470287322998046875" lon="20.47906103543937206268310546875">
        <ele>819.4000244140625</ele>
        <time>2026-08-23T04:34:16.000Z</time>
        <extensions>
          <ns3:TrackPointExtension>
            <ns3:cad>45</ns3:cad>
          </ns3:TrackPointExtension>
        </extensions>
      </trkpt>
      <trkpt lat="69.0042611025273799896240234375" lon="20.4791953973472118377685546875">
        <ele>818.79998779296875</ele>
        <time>2026-08-23T04:34:23.000Z</time>
        <extensions>
          <ns3:TrackPointExtension>
            <ns3:cad>45</ns3:cad>
          </ns3:TrackPointExtension>
        </extensions>
      </trkpt>
      <trkpt lat="69.00429555214941501617431640625" lon="20.47930628992617130279541015625">
        <ele>819</ele>
        <time>2026-08-23T04:34:29.000Z</time>
        <extensions>
          <ns3:TrackPointExtension>
            <ns3:cad>46</ns3:cad>
          </ns3:TrackPointExtension>
        </extensions>
      </trkpt>
      <trkpt lat="69.004330001771450042724609375" lon="20.4794153384864330291748046875">
        <ele>819</ele>
        <time>2026-08-23T04:34:35.000Z</time>
        <extensions>
          <ns3:TrackPointExtension>
            <ns3:cad>46</ns3:cad>
          </ns3:TrackPointExtension>
        </extensions>
      </trkpt>
      <trkpt lat="69.00436763651669025421142578125" lon="20.47951617278158664703369140625">
        <ele>819.79998779296875</ele>
        <time>2026-08-23T04:34:41.000Z</time>
        <extensions>
          <ns3:TrackPointExtension>
            <ns3:cad>41</ns3:cad>
          </ns3:TrackPointExtension>
        </extensions>
      </trkpt>
      <trkpt lat="69.00437467731535434722900390625" lon="20.47954333014786243438720703125">
        <ele>819.5999755859375</ele>
        <time>2026-08-23T04:34:43.000Z</time>
        <extensions>
          <ns3:TrackPointExtension>
            <ns3:cad>41</ns3:cad>
          </ns3:TrackPointExtension>
        </extensions>
      </trkpt>
      <trkpt lat="69.00438238866627216339111328125" lon="20.479592867195606231689453125">
        <ele>819.20001220703125</ele>
        <time>2026-08-23T04:34:46.000Z</time>
        <extensions>
          <ns3:TrackPointExtension>
            <ns3:cad>41</ns3:cad>
          </ns3:TrackPointExtension>
        </extensions>
      </trkpt>
      <trkpt lat="69.0043871663510799407958984375" lon="20.479603596031665802001953125">
        <ele>819.4000244140625</ele>
        <time>2026-08-23T04:34:47.000Z</time>
        <extensions>
          <ns3:TrackPointExtension>
            <ns3:cad>75</ns3:cad>
          </ns3:TrackPointExtension>
        </extensions>
      </trkpt>
      <trkpt lat="69.00440476834774017333984375" lon="20.47966017387807369232177734375">
        <ele>819.5999755859375</ele>
        <time>2026-08-23T04:34:51.000Z</time>
        <extensions>
          <ns3:TrackPointExtension>
            <ns3:cad>68</ns3:cad>
          </ns3:TrackPointExtension>
        </extensions>
      </trkpt>
      <trkpt lat="69.00440669618546962738037109375" lon="20.47972261905670166015625">
        <ele>819.4000244140625</ele>
        <time>2026-08-23T04:34:54.000Z</time>
        <extensions>
          <ns3:TrackPointExtension>
            <ns3:cad>0</ns3:cad>
          </ns3:TrackPointExtension>
        </extensions>
      </trkpt>
      <trkpt lat="69.0044186823070049285888671875" lon="20.47977617941796779632568359375">
        <ele>819.20001220703125</ele>
        <time>2026-08-23T04:35:00.000Z</time>
        <extensions>
          <ns3:TrackPointExtension>
            <ns3:cad>0</ns3:cad>
          </ns3:TrackPointExtension>
        </extensions>
      </trkpt>
      <trkpt lat="69.0044508688151836395263671875" lon="20.47990207560360431671142578125">
        <ele>819.79998779296875</ele>
        <time>2026-08-23T04:35:07.000Z</time>
        <extensions>
          <ns3:TrackPointExtension>
            <ns3:cad>73</ns3:cad>
          </ns3:TrackPointExtension>
        </extensions>
      </trkpt>
      <trkpt lat="69.0044968016445636749267578125" lon="20.47998212277889251708984375">
        <ele>819.5999755859375</ele>
        <time>2026-08-23T04:35:14.000Z</time>
        <extensions>
          <ns3:TrackPointExtension>
            <ns3:cad>43</ns3:cad>
          </ns3:TrackPointExtension>
        </extensions>
      </trkpt>
      <trkpt lat="69.00455673225224018096923828125" lon="20.48006602562963962554931640625">
        <ele>819.5999755859375</ele>
        <time>2026-08-23T04:35:21.000Z</time>
        <extensions>
          <ns3:TrackPointExtension>
            <ns3:cad>43</ns3:cad>
          </ns3:TrackPointExtension>
        </extensions>
      </trkpt>
      <trkpt lat="69.0045826323330402374267578125" lon="20.48007725737988948822021484375">
        <ele>820</ele>
        <time>2026-08-23T04:35:27.000Z</time>
        <extensions>
          <ns3:TrackPointExtension>
            <ns3:cad>0</ns3:cad>
          </ns3:TrackPointExtension>
        </extensions>
      </trkpt>
      <trkpt lat="69.00460300035774707794189453125" lon="20.48008807003498077392578125">
        <ele>820</ele>
        <time>2026-08-23T04:35:33.000Z</time>
        <extensions>
          <ns3:TrackPointExtension>
            <ns3:cad>0</ns3:cad>
          </ns3:TrackPointExtension>
        </extensions>
      </trkpt>
      <trkpt lat="69.0046037547290325164794921875" lon="20.4800941050052642822265625">
        <ele>820</ele>
        <time>2026-08-23T04:35:38.000Z</time>
        <extensions>
          <ns3:TrackPointExtension>
            <ns3:cad>0</ns3:cad>
          </ns3:TrackPointExtension>
        </extensions>
      </trkpt>
      <trkpt lat="69.00464155711233615875244140625" lon="20.4801311530172824859619140625">
        <ele>820</ele>
        <time>2026-08-23T04:35:45.000Z</time>
        <extensions>
          <ns3:TrackPointExtension>
            <ns3:cad>0</ns3:cad>
          </ns3:TrackPointExtension>
        </extensions>
      </trkpt>
      <trkpt lat="69.00471297092735767364501953125" lon="20.48025780357420444488525390625">
        <ele>820.4000244140625</ele>
        <time>2026-08-23T04:35:53.000Z</time>
        <extensions>
          <ns3:TrackPointExtension>
            <ns3:cad>44</ns3:cad>
          </ns3:TrackPointExtension>
        </extensions>
      </trkpt>
      <trkpt lat="69.00475018657743930816650390625" lon="20.48035503365099430084228515625">
        <ele>820</ele>
        <time>2026-08-23T04:35:58.000Z</time>
        <extensions>
          <ns3:TrackPointExtension>
            <ns3:cad>47</ns3:cad>
          </ns3:TrackPointExtension>
        </extensions>
      </trkpt>
      <trkpt lat="69.00478656403720378875732421875" lon="20.48047757707536220550537109375">
        <ele>820.4000244140625</ele>
        <time>2026-08-23T04:36:04.000Z</time>
        <extensions>
          <ns3:TrackPointExtension>
            <ns3:cad>0</ns3:cad>
          </ns3:TrackPointExtension>
        </extensions>
      </trkpt>
      <trkpt lat="69.0048176608979701995849609375" lon="20.48057765699923038482666015625">
        <ele>820.4000244140625</ele>
        <time>2026-08-23T04:36:09.000Z</time>
        <extensions>
          <ns3:TrackPointExtension>
            <ns3:cad>50</ns3:cad>
          </ns3:TrackPointExtension>
        </extensions>
      </trkpt>
      <trkpt lat="69.0048247016966342926025390625" lon="20.4806028865277767181396484375">
        <ele>820.5999755859375</ele>
        <time>2026-08-23T04:36:10.000Z</time>
        <extensions>
          <ns3:TrackPointExtension>
            <ns3:cad>50</ns3:cad>
          </ns3:TrackPointExtension>
        </extensions>
      </trkpt>
      <trkpt lat="69.00486602447926998138427734375" lon="20.48067086376249790191650390625">
        <ele>820.5999755859375</ele>
        <time>2026-08-23T04:36:15.000Z</time>
        <extensions>
          <ns3:TrackPointExtension>
            <ns3:cad>48</ns3:cad>
          </ns3:TrackPointExtension>
        </extensions>
      </trkpt>
      <trkpt lat="69.0049152262508869171142578125" lon="20.48074328340590000152587890625">
        <ele>820.5999755859375</ele>
        <time>2026-08-23T04:36:21.000Z</time>
        <extensions>
          <ns3:TrackPointExtension>
            <ns3:cad>47</ns3:cad>
          </ns3:TrackPointExtension>
        </extensions>
      </trkpt>
      <trkpt lat="69.00496912188827991485595703125" lon="20.48086130060255527496337890625">
        <ele>820.20001220703125</ele>
        <time>2026-08-23T04:36:28.000Z</time>
        <extensions>
          <ns3:TrackPointExtension>
            <ns3:cad>47</ns3:cad>
          </ns3:TrackPointExtension>
        </extensions>
      </trkpt>
      <trkpt lat="69.005025364458560943603515625" lon="20.48097562976181507110595703125">
        <ele>819.4000244140625</ele>
        <time>2026-08-23T04:36:34.000Z</time>
        <extensions>
          <ns3:TrackPointExtension>
            <ns3:cad>48</ns3:cad>
          </ns3:TrackPointExtension>
        </extensions>
      </trkpt>
      <trkpt lat="69.0050731413066387176513671875" lon="20.48109331168234348297119140625">
        <ele>819</ele>
        <time>2026-08-23T04:36:40.000Z</time>
        <extensions>
          <ns3:TrackPointExtension>
            <ns3:cad>48</ns3:cad>
          </ns3:TrackPointExtension>
        </extensions>
      </trkpt>
      <trkpt lat="69.005093090236186981201171875" lon="20.481133796274662017822265625">
        <ele>818.79998779296875</ele>
        <time>2026-08-23T04:36:45.000Z</time>
        <extensions>
          <ns3:TrackPointExtension>
            <ns3:cad>0</ns3:cad>
          </ns3:TrackPointExtension>
        </extensions>
      </trkpt>
      <trkpt lat="69.005103819072246551513671875" lon="20.4811943136155605316162109375">
        <ele>818.5999755859375</ele>
        <time>2026-08-23T04:36:48.000Z</time>
        <extensions>
          <ns3:TrackPointExtension>
            <ns3:cad>0</ns3:cad>
          </ns3:TrackPointExtension>
        </extensions>
      </trkpt>
      <trkpt lat="69.00510675273835659027099609375" lon="20.4812466166913509368896484375">
        <ele>818.5999755859375</ele>
        <time>2026-08-23T04:36:51.000Z</time>
        <extensions>
          <ns3:TrackPointExtension>
            <ns3:cad>0</ns3:cad>
          </ns3:TrackPointExtension>
        </extensions>
      </trkpt>
      <trkpt lat="69.00512485764920711517333984375" lon="20.48128710128366947174072265625">
        <ele>818.5999755859375</ele>
        <time>2026-08-23T04:36:54.000Z</time>
        <extensions>
          <ns3:TrackPointExtension>
            <ns3:cad>0</ns3:cad>
          </ns3:TrackPointExtension>
        </extensions>
      </trkpt>
      <trkpt lat="69.00515251792967319488525390625" lon="20.48130973242223262786865234375">
        <ele>818.79998779296875</ele>
        <time>2026-08-23T04:36:57.000Z</time>
        <extensions>
          <ns3:TrackPointExtension>
            <ns3:cad>0</ns3:cad>
          </ns3:TrackPointExtension>
        </extensions>
      </trkpt>
      <trkpt lat="69.0051988698542118072509765625" lon="20.48135541379451751708984375">
        <ele>818.5999755859375</ele>
        <time>2026-08-23T04:37:03.000Z</time>
        <extensions>
          <ns3:TrackPointExtension>
            <ns3:cad>0</ns3:cad>
          </ns3:TrackPointExtension>
        </extensions>
      </trkpt>
      <trkpt lat="69.00524823926389217376708984375" lon="20.48142808489501476287841796875">
        <ele>818.79998779296875</ele>
        <time>2026-08-23T04:37:10.000Z</time>
        <extensions>
          <ns3:TrackPointExtension>
            <ns3:cad>45</ns3:cad>
          </ns3:TrackPointExtension>
        </extensions>
      </trkpt>
      <trkpt lat="69.0053048171103000640869140625" lon="20.48150159418582916259765625">
        <ele>818.79998779296875</ele>
        <time>2026-08-23T04:37:17.000Z</time>
        <extensions>
          <ns3:TrackPointExtension>
            <ns3:cad>45</ns3:cad>
          </ns3:TrackPointExtension>
        </extensions>
      </trkpt>
      <trkpt lat="69.0053530968725681304931640625" lon="20.48158734105527400970458984375">
        <ele>818.79998779296875</ele>
        <time>2026-08-23T04:37:24.000Z</time>
        <extensions>
          <ns3:TrackPointExtension>
            <ns3:cad>0</ns3:cad>
          </ns3:TrackPointExtension>
        </extensions>
      </trkpt>
      <trkpt lat="69.00539391674101352691650390625" lon="20.48163838684558868408203125">
        <ele>819</ele>
        <time>2026-08-23T04:37:29.000Z</time>
        <extensions>
          <ns3:TrackPointExtension>
            <ns3:cad>0</ns3:cad>
          </ns3:TrackPointExtension>
        </extensions>
      </trkpt>
      <trkpt lat="69.00545091368257999420166015625" lon="20.48172798939049243927001953125">
        <ele>819</ele>
        <time>2026-08-23T04:37:35.000Z</time>
        <extensions>
          <ns3:TrackPointExtension>
            <ns3:cad>49</ns3:cad>
          </ns3:TrackPointExtension>
        </extensions>
      </trkpt>
      <trkpt lat="69.00550288148224353790283203125" lon="20.4818196035921573638916015625">
        <ele>819</ele>
        <time>2026-08-23T04:37:42.000Z</time>
        <extensions>
          <ns3:TrackPointExtension>
            <ns3:cad>0</ns3:cad>
          </ns3:TrackPointExtension>
        </extensions>
      </trkpt>
      <trkpt lat="69.005524925887584686279296875" lon="20.481880120933055877685546875">
        <ele>819</ele>
        <time>2026-08-23T04:37:48.000Z</time>
        <extensions>
          <ns3:TrackPointExtension>
            <ns3:cad>0</ns3:cad>
          </ns3:TrackPointExtension>
        </extensions>
      </trkpt>
      <trkpt lat="69.005545713007450103759765625" lon="20.4819667898118495941162109375">
        <ele>819.5999755859375</ele>
        <time>2026-08-23T04:37:54.000Z</time>
        <extensions>
          <ns3:TrackPointExtension>
            <ns3:cad>0</ns3:cad>
          </ns3:TrackPointExtension>
        </extensions>
      </trkpt>
      <trkpt lat="69.00555937550961971282958984375" lon="20.4820318333804607391357421875">
        <ele>820.4000244140625</ele>
        <time>2026-08-23T04:37:58.000Z</time>
        <extensions>
          <ns3:TrackPointExtension>
            <ns3:cad>0</ns3:cad>
          </ns3:TrackPointExtension>
        </extensions>
      </trkpt>
      <trkpt lat="69.00557379238307476043701171875" lon="20.48207835294306278228759765625">
        <ele>821</ele>
        <time>2026-08-23T04:38:01.000Z</time>
        <extensions>
          <ns3:TrackPointExtension>
            <ns3:cad>0</ns3:cad>
          </ns3:TrackPointExtension>
        </extensions>
      </trkpt>
      <trkpt lat="69.0056110918521881103515625" lon="20.4821622557938098907470703125">
        <ele>821.5999755859375</ele>
        <time>2026-08-23T04:38:07.000Z</time>
        <extensions>
          <ns3:TrackPointExtension>
            <ns3:cad>0</ns3:cad>
          </ns3:TrackPointExtension>
        </extensions>
      </trkpt>
      <trkpt lat="69.0056742914021015167236328125" lon="20.48221028409898281097412109375">
        <ele>821.79998779296875</ele>
        <time>2026-08-23T04:38:14.000Z</time>
        <extensions>
          <ns3:TrackPointExtension>
            <ns3:cad>0</ns3:cad>
          </ns3:TrackPointExtension>
        </extensions>
      </trkpt>
      <trkpt lat="69.00571930222213268280029296875" lon="20.48227800987660884857177734375">
        <ele>822.5999755859375</ele>
        <time>2026-08-23T04:38:20.000Z</time>
        <extensions>
          <ns3:TrackPointExtension>
            <ns3:cad>44</ns3:cad>
          </ns3:TrackPointExtension>
        </extensions>
      </trkpt>
      <trkpt lat="69.00575182400643825531005859375" lon="20.482386052608489990234375">
        <ele>823.79998779296875</ele>
        <time>2026-08-23T04:38:26.000Z</time>
        <extensions>
          <ns3:TrackPointExtension>
            <ns3:cad>77</ns3:cad>
          </ns3:TrackPointExtension>
        </extensions>
      </trkpt>
      <trkpt lat="69.00576137937605381011962890625" lon="20.48239518888294696807861328125">
        <ele>824</ele>
        <time>2026-08-23T04:38:27.000Z</time>
        <extensions>
          <ns3:TrackPointExtension>
            <ns3:cad>44</ns3:cad>
          </ns3:TrackPointExtension>
        </extensions>
      </trkpt>
      <trkpt lat="69.0058301948010921478271484375" lon="20.48246542923152446746826171875">
        <ele>824.79998779296875</ele>
        <time>2026-08-23T04:38:35.000Z</time>
        <extensions>
          <ns3:TrackPointExtension>
            <ns3:cad>45</ns3:cad>
          </ns3:TrackPointExtension>
        </extensions>
      </trkpt>
      <trkpt lat="69.00588207878172397613525390625" lon="20.48254941590130329132080078125">
        <ele>825.4000244140625</ele>
        <time>2026-08-23T04:38:42.000Z</time>
        <extensions>
          <ns3:TrackPointExtension>
            <ns3:cad>0</ns3:cad>
          </ns3:TrackPointExtension>
        </extensions>
      </trkpt>
      <trkpt lat="69.00591175071895122528076171875" lon="20.48258654773235321044921875">
        <ele>825.79998779296875</ele>
        <time>2026-08-23T04:38:45.000Z</time>
        <extensions>
          <ns3:TrackPointExtension>
            <ns3:cad>0</ns3:cad>
          </ns3:TrackPointExtension>
        </extensions>
      </trkpt>
      <trkpt lat="69.0059565939009189605712890625" lon="20.4826437123119831085205078125">
        <ele>825.4000244140625</ele>
        <time>2026-08-23T04:38:50.000Z</time>
        <extensions>
          <ns3:TrackPointExtension>
            <ns3:cad>46</ns3:cad>
          </ns3:TrackPointExtension>
        </extensions>
      </trkpt>
      <trkpt lat="69.00600009597837924957275390625" lon="20.48275426961481571197509765625">
        <ele>824.79998779296875</ele>
        <time>2026-08-23T04:38:56.000Z</time>
        <extensions>
          <ns3:TrackPointExtension>
            <ns3:cad>47</ns3:cad>
          </ns3:TrackPointExtension>
        </extensions>
      </trkpt>
      <trkpt lat="69.00600914843380451202392578125" lon="20.48277438618242740631103515625">
        <ele>824.5999755859375</ele>
        <time>2026-08-23T04:38:57.000Z</time>
        <extensions>
          <ns3:TrackPointExtension>
            <ns3:cad>47</ns3:cad>
          </ns3:TrackPointExtension>
        </extensions>
      </trkpt>
      <trkpt lat="69.00603823363780975341796875" lon="20.48282928764820098876953125">
        <ele>824.5999755859375</ele>
        <time>2026-08-23T04:39:01.000Z</time>
        <extensions>
          <ns3:TrackPointExtension>
            <ns3:cad>0</ns3:cad>
          </ns3:TrackPointExtension>
        </extensions>
      </trkpt>
      <trkpt lat="69.006083495914936065673828125" lon="20.4828837700188159942626953125">
        <ele>824.5999755859375</ele>
        <time>2026-08-23T04:39:07.000Z</time>
        <extensions>
          <ns3:TrackPointExtension>
            <ns3:cad>0</ns3:cad>
          </ns3:TrackPointExtension>
        </extensions>
      </trkpt>
      <trkpt lat="69.006127081811428070068359375" lon="20.48294805921614170074462890625">
        <ele>825</ele>
        <time>2026-08-23T04:39:13.000Z</time>
        <extensions>
          <ns3:TrackPointExtension>
            <ns3:cad>41</ns3:cad>
          </ns3:TrackPointExtension>
        </extensions>
      </trkpt>
      <trkpt lat="69.00616337545216083526611328125" lon="20.4830497317016124725341796875">
        <ele>825.4000244140625</ele>
        <time>2026-08-23T04:39:19.000Z</time>
        <extensions>
          <ns3:TrackPointExtension>
            <ns3:cad>0</ns3:cad>
          </ns3:TrackPointExtension>
        </extensions>
      </trkpt>
      <trkpt lat="69.00617745704948902130126953125" lon="20.4830767214298248291015625">
        <ele>825.79998779296875</ele>
        <time>2026-08-23T04:39:21.000Z</time>
        <extensions>
          <ns3:TrackPointExtension>
            <ns3:cad>0</ns3:cad>
          </ns3:TrackPointExtension>
        </extensions>
      </trkpt>
      <trkpt lat="69.00622330605983734130859375" lon="20.4831734485924243927001953125">
        <ele>825.5999755859375</ele>
        <time>2026-08-23T04:39:27.000Z</time>
        <extensions>
          <ns3:TrackPointExtension>
            <ns3:cad>43</ns3:cad>
          </ns3:TrackPointExtension>
        </extensions>
      </trkpt>
      <trkpt lat="69.00628097355365753173828125" lon="20.48329540528357028961181640625">
        <ele>825.79998779296875</ele>
        <time>2026-08-23T04:39:35.000Z</time>
        <extensions>
          <ns3:TrackPointExtension>
            <ns3:cad>0</ns3:cad>
          </ns3:TrackPointExtension>
        </extensions>
      </trkpt>
      <trkpt lat="69.00634467601776123046875" lon="20.48340621404349803924560546875">
        <ele>825.79998779296875</ele>
        <time>2026-08-23T04:39:43.000Z</time>
        <extensions>
          <ns3:TrackPointExtension>
            <ns3:cad>40</ns3:cad>
          </ns3:TrackPointExtension>
        </extensions>
      </trkpt>
      <trkpt lat="69.00640946812927722930908203125" lon="20.48353143967688083648681640625">
        <ele>826.4000244140625</ele>
        <time>2026-08-23T04:39:52.000Z</time>
        <extensions>
          <ns3:TrackPointExtension>
            <ns3:cad>0</ns3:cad>
          </ns3:TrackPointExtension>
        </extensions>
      </trkpt>
      <trkpt lat="69.00644785724580287933349609375" lon="20.48361190594732761383056640625">
        <ele>826.79998779296875</ele>
        <time>2026-08-23T04:39:57.000Z</time>
        <extensions>
          <ns3:TrackPointExtension>
            <ns3:cad>45</ns3:cad>
          </ns3:TrackPointExtension>
        </extensions>
      </trkpt>
      <trkpt lat="69.00647568516433238983154296875" lon="20.4836823977530002593994140625">
        <ele>827.20001220703125</ele>
        <time>2026-08-23T04:40:03.000Z</time>
        <extensions>
          <ns3:TrackPointExtension>
            <ns3:cad>0</ns3:cad>
          </ns3:TrackPointExtension>
        </extensions>
      </trkpt>
      <trkpt lat="69.006487838923931121826171875" lon="20.48369170166552066802978515625">
        <ele>827.20001220703125</ele>
        <time>2026-08-23T04:40:13.000Z</time>
        <extensions>
          <ns3:TrackPointExtension>
            <ns3:cad>0</ns3:cad>
          </ns3:TrackPointExtension>
        </extensions>
      </trkpt>
      <trkpt lat="69.0064854919910430908203125" lon="20.4837065376341342926025390625">
        <ele>827.4000244140625</ele>
        <time>2026-08-23T04:40:18.000Z</time>
        <extensions>
          <ns3:TrackPointExtension>
            <ns3:cad>0</ns3:cad>
          </ns3:TrackPointExtension>
        </extensions>
      </trkpt>
      <trkpt lat="69.0064826421439647674560546875" lon="20.4836936295032501220703125">
        <ele>827.79998779296875</ele>
        <time>2026-08-23T04:40:21.000Z</time>
        <extensions>
          <ns3:TrackPointExtension>
            <ns3:cad>0</ns3:cad>
          </ns3:TrackPointExtension>
        </extensions>
      </trkpt>
      <trkpt lat="69.00648507289588451385498046875" lon="20.4836837388575077056884765625">
        <ele>827.5999755859375</ele>
        <time>2026-08-23T04:40:24.000Z</time>
        <extensions>
          <ns3:TrackPointExtension>
            <ns3:cad>0</ns3:cad>
          </ns3:TrackPointExtension>
        </extensions>
      </trkpt>
      <trkpt lat="69.0065161697566509246826171875" lon="20.48372657038271427154541015625">
        <ele>827.5999755859375</ele>
        <time>2026-08-23T04:40:29.000Z</time>
        <extensions>
          <ns3:TrackPointExtension>
            <ns3:cad>0</ns3:cad>
          </ns3:TrackPointExtension>
        </extensions>
      </trkpt>
      <trkpt lat="69.006553553044795989990234375" lon="20.48380452208220958709716796875">
        <ele>827.79998779296875</ele>
        <time>2026-08-23T04:40:34.000Z</time>
        <extensions>
          <ns3:TrackPointExtension>
            <ns3:cad>0</ns3:cad>
          </ns3:TrackPointExtension>
        </extensions>
      </trkpt>
      <trkpt lat="69.0065885894000530242919921875" lon="20.4838626086711883544921875">
        <ele>828.20001220703125</ele>
        <time>2026-08-23T04:40:39.000Z</time>
        <extensions>
          <ns3:TrackPointExtension>
            <ns3:cad>40</ns3:cad>
          </ns3:TrackPointExtension>
        </extensions>
      </trkpt>
      <trkpt lat="69.0066475979983806610107421875" lon="20.48396511934697628021240234375">
        <ele>828.5999755859375</ele>
        <time>2026-08-23T04:40:46.000Z</time>
        <extensions>
          <ns3:TrackPointExtension>
            <ns3:cad>0</ns3:cad>
          </ns3:TrackPointExtension>
        </extensions>
      </trkpt>
      <trkpt lat="69.006697721779346466064453125" lon="20.484087578952312469482421875">
        <ele>828.4000244140625</ele>
        <time>2026-08-23T04:40:52.000Z</time>
        <extensions>
          <ns3:TrackPointExtension>
            <ns3:cad>50</ns3:cad>
          </ns3:TrackPointExtension>
        </extensions>
      </trkpt>
      <trkpt lat="69.00674306787550449371337890625" lon="20.484204590320587158203125">
        <ele>828.4000244140625</ele>
        <time>2026-08-23T04:40:59.000Z</time>
        <extensions>
          <ns3:TrackPointExtension>
            <ns3:cad>40</ns3:cad>
          </ns3:TrackPointExtension>
        </extensions>
      </trkpt>
      <trkpt lat="69.00678212754428386688232421875" lon="20.48427675850689411163330078125">
        <ele>828.79998779296875</ele>
        <time>2026-08-23T04:41:04.000Z</time>
        <extensions>
          <ns3:TrackPointExtension>
            <ns3:cad>0</ns3:cad>
          </ns3:TrackPointExtension>
        </extensions>
      </trkpt>
      <trkpt lat="69.0067910961806774139404296875" lon="20.4842952825129032135009765625">
        <ele>828.79998779296875</ele>
        <time>2026-08-23T04:41:05.000Z</time>
        <extensions>
          <ns3:TrackPointExtension>
            <ns3:cad>0</ns3:cad>
          </ns3:TrackPointExtension>
        </extensions>
      </trkpt>
      <trkpt lat="69.00682738982141017913818359375" lon="20.48437717370688915252685546875">
        <ele>828.4000244140625</ele>
        <time>2026-08-23T04:41:10.000Z</time>
        <extensions>
          <ns3:TrackPointExtension>
            <ns3:cad>0</ns3:cad>
          </ns3:TrackPointExtension>
        </extensions>
      </trkpt>
      <trkpt lat="69.0068926848471164703369140625" lon="20.48447549343109130859375">
        <ele>827.79998779296875</ele>
        <time>2026-08-23T04:41:17.000Z</time>
        <extensions>
          <ns3:TrackPointExtension>
            <ns3:cad>0</ns3:cad>
          </ns3:TrackPointExtension>
        </extensions>
      </trkpt>
      <trkpt lat="69.00694926269352436065673828125" lon="20.4845521040260791778564453125">
        <ele>828</ele>
        <time>2026-08-23T04:41:24.000Z</time>
        <extensions>
          <ns3:TrackPointExtension>
            <ns3:cad>0</ns3:cad>
          </ns3:TrackPointExtension>
        </extensions>
      </trkpt>
      <trkpt lat="69.00696619413793087005615234375" lon="20.48458387143909931182861328125">
        <ele>827.79998779296875</ele>
        <time>2026-08-23T04:41:26.000Z</time>
        <extensions>
          <ns3:TrackPointExtension>
            <ns3:cad>0</ns3:cad>
          </ns3:TrackPointExtension>
        </extensions>
      </trkpt>
      <trkpt lat="69.00701212696731090545654296875" lon="20.48462770879268646240234375">
        <ele>827.4000244140625</ele>
        <time>2026-08-23T04:41:31.000Z</time>
        <extensions>
          <ns3:TrackPointExtension>
            <ns3:cad>0</ns3:cad>
          </ns3:TrackPointExtension>
        </extensions>
      </trkpt>
      <trkpt lat="69.00707314722239971160888671875" lon="20.484705828130245208740234375">
        <ele>827</ele>
        <time>2026-08-23T04:41:38.000Z</time>
        <extensions>
          <ns3:TrackPointExtension>
            <ns3:cad>0</ns3:cad>
          </ns3:TrackPointExtension>
        </extensions>
      </trkpt>
      <trkpt lat="69.0071344189345836639404296875" lon="20.48481537960469722747802734375">
        <ele>827.20001220703125</ele>
        <time>2026-08-23T04:41:46.000Z</time>
        <extensions>
          <ns3:TrackPointExtension>
            <ns3:cad>0</ns3:cad>
          </ns3:TrackPointExtension>
        </extensions>
      </trkpt>
      <trkpt lat="69.00717708282172679901123046875" lon="20.48493591137230396270751953125">
        <ele>827</ele>
        <time>2026-08-23T04:41:53.000Z</time>
        <extensions>
          <ns3:TrackPointExtension>
            <ns3:cad>0</ns3:cad>
          </ns3:TrackPointExtension>
        </extensions>
      </trkpt>
      <trkpt lat="69.00720222853124141693115234375" lon="20.4850228317081928253173828125">
        <ele>826.79998779296875</ele>
        <time>2026-08-23T04:41:58.000Z</time>
        <extensions>
          <ns3:TrackPointExtension>
            <ns3:cad>0</ns3:cad>
          </ns3:TrackPointExtension>
        </extensions>
      </trkpt>
      <trkpt lat="69.00721983052790164947509765625" lon="20.48506482504308223724365234375">
        <ele>826.4000244140625</ele>
        <time>2026-08-23T04:42:01.000Z</time>
        <extensions>
          <ns3:TrackPointExtension>
            <ns3:cad>0</ns3:cad>
          </ns3:TrackPointExtension>
        </extensions>
      </trkpt>
      <trkpt lat="69.007240869104862213134765625" lon="20.4851331375539302825927734375">
        <ele>826</ele>
        <time>2026-08-23T04:42:08.000Z</time>
        <extensions>
          <ns3:TrackPointExtension>
            <ns3:cad>0</ns3:cad>
          </ns3:TrackPointExtension>
        </extensions>
      </trkpt>
      <trkpt lat="69.00726157240569591522216796875" lon="20.48519507981836795806884765625">
        <ele>826.20001220703125</ele>
        <time>2026-08-23T04:42:13.000Z</time>
        <extensions>
          <ns3:TrackPointExtension>
            <ns3:cad>0</ns3:cad>
          </ns3:TrackPointExtension>
        </extensions>
      </trkpt>
      <trkpt lat="69.0072990395128726959228515625" lon="20.48521636985242366790771484375">
        <ele>826.5999755859375</ele>
        <time>2026-08-23T04:42:19.000Z</time>
        <extensions>
          <ns3:TrackPointExtension>
            <ns3:cad>0</ns3:cad>
          </ns3:TrackPointExtension>
        </extensions>
      </trkpt>
      <trkpt lat="69.00734581053256988525390625" lon="20.48526783473789691925048828125">
        <ele>826.79998779296875</ele>
        <time>2026-08-23T04:42:26.000Z</time>
        <extensions>
          <ns3:TrackPointExtension>
            <ns3:cad>40</ns3:cad>
          </ns3:TrackPointExtension>
        </extensions>
      </trkpt>
      <trkpt lat="69.00739585049450397491455078125" lon="20.4853369854390621185302734375">
        <ele>826.79998779296875</ele>
        <time>2026-08-23T04:42:32.000Z</time>
        <extensions>
          <ns3:TrackPointExtension>
            <ns3:cad>0</ns3:cad>
          </ns3:TrackPointExtension>
        </extensions>
      </trkpt>
      <trkpt lat="69.00744748301804065704345703125" lon="20.48539138399064540863037109375">
        <ele>827.4000244140625</ele>
        <time>2026-08-23T04:42:38.000Z</time>
        <extensions>
          <ns3:TrackPointExtension>
            <ns3:cad>41</ns3:cad>
          </ns3:TrackPointExtension>
        </extensions>
      </trkpt>
      <trkpt lat="69.00748184882104396820068359375" lon="20.48540798015892505645751953125">
        <ele>827.79998779296875</ele>
        <time>2026-08-23T04:42:42.000Z</time>
        <extensions>
          <ns3:TrackPointExtension>
            <ns3:cad>57</ns3:cad>
          </ns3:TrackPointExtension>
        </extensions>
      </trkpt>
      <trkpt lat="69.00750699453055858612060546875" lon="20.48540714196860790252685546875">
        <ele>828.20001220703125</ele>
        <time>2026-08-23T04:42:45.000Z</time>
        <extensions>
          <ns3:TrackPointExtension>
            <ns3:cad>57</ns3:cad>
          </ns3:TrackPointExtension>
        </extensions>
      </trkpt>
      <trkpt lat="69.00757086463272571563720703125" lon="20.48539926297962665557861328125">
        <ele>828.20001220703125</ele>
        <time>2026-08-23T04:42:52.000Z</time>
        <extensions>
          <ns3:TrackPointExtension>
            <ns3:cad>19</ns3:cad>
          </ns3:TrackPointExtension>
        </extensions>
      </trkpt>
      <trkpt lat="69.00757689960300922393798828125" lon="20.48541485331952571868896484375">
        <ele>828.20001220703125</ele>
        <time>2026-08-23T04:42:53.000Z</time>
        <extensions>
          <ns3:TrackPointExtension>
            <ns3:cad>19</ns3:cad>
          </ns3:TrackPointExtension>
        </extensions>
      </trkpt>
      <trkpt lat="69.00759014301002025604248046875" lon="20.48548576422035694122314453125">
        <ele>827.5999755859375</ele>
        <time>2026-08-23T04:42:57.000Z</time>
        <extensions>
          <ns3:TrackPointExtension>
            <ns3:cad>19</ns3:cad>
          </ns3:TrackPointExtension>
        </extensions>
      </trkpt>
      <trkpt lat="69.0076316334307193756103515625" lon="20.48555910587310791015625">
        <ele>828</ele>
        <time>2026-08-23T04:43:04.000Z</time>
        <extensions>
          <ns3:TrackPointExtension>
            <ns3:cad>0</ns3:cad>
          </ns3:TrackPointExtension>
        </extensions>
      </trkpt>
      <trkpt lat="69.0076742134988307952880859375" lon="20.48560344614088535308837890625">
        <ele>828.20001220703125</ele>
        <time>2026-08-23T04:43:09.000Z</time>
        <extensions>
          <ns3:TrackPointExtension>
            <ns3:cad>0</ns3:cad>
          </ns3:TrackPointExtension>
        </extensions>
      </trkpt>
      <trkpt lat="69.007721655070781707763671875" lon="20.48564493656158447265625">
        <ele>827.20001220703125</ele>
        <time>2026-08-23T04:43:15.000Z</time>
        <extensions>
          <ns3:TrackPointExtension>
            <ns3:cad>0</ns3:cad>
          </ns3:TrackPointExtension>
        </extensions>
      </trkpt>
      <trkpt lat="69.00775677524507045745849609375" lon="20.4857094772160053253173828125">
        <ele>827.5999755859375</ele>
        <time>2026-08-23T04:43:20.000Z</time>
        <extensions>
          <ns3:TrackPointExtension>
            <ns3:cad>0</ns3:cad>
          </ns3:TrackPointExtension>
        </extensions>
      </trkpt>
      <trkpt lat="69.00781444273889064788818359375" lon="20.48577209003269672393798828125">
        <ele>827.4000244140625</ele>
        <time>2026-08-23T04:43:26.000Z</time>
        <extensions>
          <ns3:TrackPointExtension>
            <ns3:cad>0</ns3:cad>
          </ns3:TrackPointExtension>
        </extensions>
      </trkpt>
      <trkpt lat="69.007866494357585906982421875" lon="20.48585473559796810150146484375">
        <ele>827.20001220703125</ele>
        <time>2026-08-23T04:43:33.000Z</time>
        <extensions>
          <ns3:TrackPointExtension>
            <ns3:cad>0</ns3:cad>
          </ns3:TrackPointExtension>
        </extensions>
      </trkpt>
      <trkpt lat="69.0079156123101711273193359375" lon="20.48591785132884979248046875">
        <ele>827.5999755859375</ele>
        <time>2026-08-23T04:43:39.000Z</time>
        <extensions>
          <ns3:TrackPointExtension>
            <ns3:cad>0</ns3:cad>
          </ns3:TrackPointExtension>
        </extensions>
      </trkpt>
      <trkpt lat="69.007959030568599700927734375" lon="20.48603528179228305816650390625">
        <ele>827.79998779296875</ele>
        <time>2026-08-23T04:43:46.000Z</time>
        <extensions>
          <ns3:TrackPointExtension>
            <ns3:cad>44</ns3:cad>
          </ns3:TrackPointExtension>
        </extensions>
      </trkpt>
      <trkpt lat="69.0079675801098346710205078125" lon="20.48606931231915950775146484375">
        <ele>828</ele>
        <time>2026-08-23T04:43:50.000Z</time>
        <extensions>
          <ns3:TrackPointExtension>
            <ns3:cad>0</ns3:cad>
          </ns3:TrackPointExtension>
        </extensions>
      </trkpt>
      <trkpt lat="69.00796665810048580169677734375" lon="20.48606947995722293853759765625">
        <ele>828</ele>
        <time>2026-08-23T04:43:51.000Z</time>
        <extensions>
          <ns3:TrackPointExtension>
            <ns3:cad>0</ns3:cad>
          </ns3:TrackPointExtension>
        </extensions>
      </trkpt>
      <trkpt lat="69.007977806031703948974609375" lon="20.48606579191982746124267578125">
        <ele>828</ele>
        <time>2026-08-23T04:43:58.000Z</time>
        <extensions>
          <ns3:TrackPointExtension>
            <ns3:cad>0</ns3:cad>
          </ns3:TrackPointExtension>
        </extensions>
      </trkpt>
      <trkpt lat="69.00803589262068271636962890625" lon="20.48613720573484897613525390625">
        <ele>827.20001220703125</ele>
        <time>2026-08-23T04:44:05.000Z</time>
        <extensions>
          <ns3:TrackPointExtension>
            <ns3:cad>75</ns3:cad>
          </ns3:TrackPointExtension>
        </extensions>
      </trkpt>
      <trkpt lat="69.00808081962168216705322265625" lon="20.48623661510646343231201171875">
        <ele>827.20001220703125</ele>
        <time>2026-08-23T04:44:12.000Z</time>
        <extensions>
          <ns3:TrackPointExtension>
            <ns3:cad>0</ns3:cad>
          </ns3:TrackPointExtension>
        </extensions>
      </trkpt>
      <trkpt lat="69.00809414684772491455078125" lon="20.48626930452883243560791015625">
        <ele>826.79998779296875</ele>
        <time>2026-08-23T04:44:16.000Z</time>
        <extensions>
          <ns3:TrackPointExtension>
            <ns3:cad>0</ns3:cad>
          </ns3:TrackPointExtension>
        </extensions>
      </trkpt>
      <trkpt lat="69.00809473358094692230224609375" lon="20.48627282492816448211669921875">
        <ele>826.5999755859375</ele>
        <time>2026-08-23T04:44:17.000Z</time>
        <extensions>
          <ns3:TrackPointExtension>
            <ns3:cad>0</ns3:cad>
          </ns3:TrackPointExtension>
        </extensions>
      </trkpt>
      <trkpt lat="69.00809590704739093780517578125" lon="20.48623929731547832489013671875">
        <ele>827</ele>
        <time>2026-08-23T04:44:24.000Z</time>
        <extensions>
          <ns3:TrackPointExtension>
            <ns3:cad>0</ns3:cad>
          </ns3:TrackPointExtension>
        </extensions>
      </trkpt>
      <trkpt lat="69.0081047080457210540771484375" lon="20.48624147661030292510986328125">
        <ele>826.79998779296875</ele>
        <time>2026-08-23T04:44:31.000Z</time>
        <extensions>
          <ns3:TrackPointExtension>
            <ns3:cad>0</ns3:cad>
          </ns3:TrackPointExtension>
        </extensions>
      </trkpt>
      <trkpt lat="69.00814150460064411163330078125" lon="20.48629780299961566925048828125">
        <ele>826.5999755859375</ele>
        <time>2026-08-23T04:44:39.000Z</time>
        <extensions>
          <ns3:TrackPointExtension>
            <ns3:cad>0</ns3:cad>
          </ns3:TrackPointExtension>
        </extensions>
      </trkpt>
      <trkpt lat="69.00819204747676849365234375" lon="20.486407019197940826416015625">
        <ele>826.4000244140625</ele>
        <time>2026-08-23T04:44:45.000Z</time>
        <extensions>
          <ns3:TrackPointExtension>
            <ns3:cad>0</ns3:cad>
          </ns3:TrackPointExtension>
        </extensions>
      </trkpt>
      <trkpt lat="69.008237980306148529052734375" lon="20.48649377189576625823974609375">
        <ele>825.79998779296875</ele>
        <time>2026-08-23T04:44:52.000Z</time>
        <extensions>
          <ns3:TrackPointExtension>
            <ns3:cad>0</ns3:cad>
          </ns3:TrackPointExtension>
        </extensions>
      </trkpt>
      <trkpt lat="69.00828919373452663421630859375" lon="20.48654573969542980194091796875">
        <ele>826.20001220703125</ele>
        <time>2026-08-23T04:44:59.000Z</time>
        <extensions>
          <ns3:TrackPointExtension>
            <ns3:cad>45</ns3:cad>
          </ns3:TrackPointExtension>
        </extensions>
      </trkpt>
      <trkpt lat="69.0083172731101512908935546875" lon="20.4865724779665470123291015625">
        <ele>825.5999755859375</ele>
        <time>2026-08-23T04:45:03.000Z</time>
        <extensions>
          <ns3:TrackPointExtension>
            <ns3:cad>46</ns3:cad>
          </ns3:TrackPointExtension>
        </extensions>
      </trkpt>
      <trkpt lat="69.0083388984203338623046875" lon="20.4866100288927555084228515625">
        <ele>825</ele>
        <time>2026-08-23T04:45:06.000Z</time>
        <extensions>
          <ns3:TrackPointExtension>
            <ns3:cad>0</ns3:cad>
          </ns3:TrackPointExtension>
        </extensions>
      </trkpt>
      <trkpt lat="69.008375108242034912109375" lon="20.48668093979358673095703125">
        <ele>824.79998779296875</ele>
        <time>2026-08-23T04:45:12.000Z</time>
        <extensions>
          <ns3:TrackPointExtension>
            <ns3:cad>57</ns3:cad>
          </ns3:TrackPointExtension>
        </extensions>
      </trkpt>
      <trkpt lat="69.008378796279430389404296875" lon="20.48669845797121524810791015625">
        <ele>824.5999755859375</ele>
        <time>2026-08-23T04:45:13.000Z</time>
        <extensions>
          <ns3:TrackPointExtension>
            <ns3:cad>57</ns3:cad>
          </ns3:TrackPointExtension>
        </extensions>
      </trkpt>
      <trkpt lat="69.00840821675956249237060546875" lon="20.48682251013815402984619140625">
        <ele>824</ele>
        <time>2026-08-23T04:45:19.000Z</time>
        <extensions>
          <ns3:TrackPointExtension>
            <ns3:cad>44</ns3:cad>
          </ns3:TrackPointExtension>
        </extensions>
      </trkpt>
      <trkpt lat="69.00844057090580463409423828125" lon="20.48692745156586170196533203125">
        <ele>823.5999755859375</ele>
        <time>2026-08-23T04:45:25.000Z</time>
        <extensions>
          <ns3:TrackPointExtension>
            <ns3:cad>0</ns3:cad>
          </ns3:TrackPointExtension>
        </extensions>
      </trkpt>
      <trkpt lat="69.0084557421505451202392578125" lon="20.487003810703754425048828125">
        <ele>823.4000244140625</ele>
        <time>2026-08-23T04:45:28.000Z</time>
        <extensions>
          <ns3:TrackPointExtension>
            <ns3:cad>0</ns3:cad>
          </ns3:TrackPointExtension>
        </extensions>
      </trkpt>
      <trkpt lat="69.00846219621598720550537109375" lon="20.4870385117828845977783203125">
        <ele>823.20001220703125</ele>
        <time>2026-08-23T04:45:30.000Z</time>
        <extensions>
          <ns3:TrackPointExtension>
            <ns3:cad>0</ns3:cad>
          </ns3:TrackPointExtension>
        </extensions>
      </trkpt>
      <trkpt lat="69.0084708295762538909912109375" lon="20.487156696617603302001953125">
        <ele>822.79998779296875</ele>
        <time>2026-08-23T04:45:36.000Z</time>
        <extensions>
          <ns3:TrackPointExtension>
            <ns3:cad>46</ns3:cad>
          </ns3:TrackPointExtension>
        </extensions>
      </trkpt>
      <trkpt lat="69.0084882639348506927490234375" lon="20.48722601495683193206787109375">
        <ele>822.5999755859375</ele>
        <time>2026-08-23T04:45:42.000Z</time>
        <extensions>
          <ns3:TrackPointExtension>
            <ns3:cad>0</ns3:cad>
          </ns3:TrackPointExtension>
        </extensions>
      </trkpt>
      <trkpt lat="69.00849153287708759307861328125" lon="20.48731930553913116455078125">
        <ele>822.79998779296875</ele>
        <time>2026-08-23T04:45:49.000Z</time>
        <extensions>
          <ns3:TrackPointExtension>
            <ns3:cad>0</ns3:cad>
          </ns3:TrackPointExtension>
        </extensions>
      </trkpt>
      <trkpt lat="69.008486084640026092529296875" lon="20.487433969974517822265625">
        <ele>822.5999755859375</ele>
        <time>2026-08-23T04:45:55.000Z</time>
        <extensions>
          <ns3:TrackPointExtension>
            <ns3:cad>0</ns3:cad>
          </ns3:TrackPointExtension>
        </extensions>
      </trkpt>
      <trkpt lat="69.008504189550876617431640625" lon="20.48748283647000789642333984375">
        <ele>822.5999755859375</ele>
        <time>2026-08-23T04:46:01.000Z</time>
        <extensions>
          <ns3:TrackPointExtension>
            <ns3:cad>0</ns3:cad>
          </ns3:TrackPointExtension>
        </extensions>
      </trkpt>
      <trkpt lat="69.00852774269878864288330078125" lon="20.4874143563210964202880859375">
        <ele>822.79998779296875</ele>
        <time>2026-08-23T04:46:08.000Z</time>
        <extensions>
          <ns3:TrackPointExtension>
            <ns3:cad>0</ns3:cad>
          </ns3:TrackPointExtension>
        </extensions>
      </trkpt>
      <trkpt lat="69.008575938642024993896484375" lon="20.4873727820813655853271484375">
        <ele>822.5999755859375</ele>
        <time>2026-08-23T04:46:15.000Z</time>
        <extensions>
          <ns3:TrackPointExtension>
            <ns3:cad>0</ns3:cad>
          </ns3:TrackPointExtension>
        </extensions>
      </trkpt>
      <trkpt lat="69.00860837660729885101318359375" lon="20.487313605844974517822265625">
        <ele>822.5999755859375</ele>
        <time>2026-08-23T04:46:20.000Z</time>
        <extensions>
          <ns3:TrackPointExtension>
            <ns3:cad>0</ns3:cad>
          </ns3:TrackPointExtension>
        </extensions>
      </trkpt>
      <trkpt lat="69.00862924754619598388671875" lon="20.48733095638453960418701171875">
        <ele>822.4000244140625</ele>
        <time>2026-08-23T04:46:24.000Z</time>
        <extensions>
          <ns3:TrackPointExtension>
            <ns3:cad>0</ns3:cad>
          </ns3:TrackPointExtension>
        </extensions>
      </trkpt>
      <trkpt lat="69.00863134302198886871337890625" lon="20.487339086830615997314453125">
        <ele>822.4000244140625</ele>
        <time>2026-08-23T04:46:25.000Z</time>
        <extensions>
          <ns3:TrackPointExtension>
            <ns3:cad>0</ns3:cad>
          </ns3:TrackPointExtension>
        </extensions>
      </trkpt>
      <trkpt lat="69.008651711046695709228515625" lon="20.48740781843662261962890625">
        <ele>822.5999755859375</ele>
        <time>2026-08-23T04:46:32.000Z</time>
        <extensions>
          <ns3:TrackPointExtension>
            <ns3:cad>0</ns3:cad>
          </ns3:TrackPointExtension>
        </extensions>
      </trkpt>
      <trkpt lat="69.008648358285427093505859375" lon="20.4874274320900440216064453125">
        <ele>823.20001220703125</ele>
        <time>2026-08-23T04:46:37.000Z</time>
        <extensions>
          <ns3:TrackPointExtension>
            <ns3:cad>0</ns3:cad>
          </ns3:TrackPointExtension>
        </extensions>
      </trkpt>
      <trkpt lat="69.0086661279201507568359375" lon="20.4875367321074008941650390625">
        <ele>822.5999755859375</ele>
        <time>2026-08-23T04:46:43.000Z</time>
        <extensions>
          <ns3:TrackPointExtension>
            <ns3:cad>0</ns3:cad>
          </ns3:TrackPointExtension>
        </extensions>
      </trkpt>
      <trkpt lat="69.008670486509799957275390625" lon="20.48758727498352527618408203125">
        <ele>823.20001220703125</ele>
        <time>2026-08-23T04:46:50.000Z</time>
        <extensions>
          <ns3:TrackPointExtension>
            <ns3:cad>0</ns3:cad>
          </ns3:TrackPointExtension>
        </extensions>
      </trkpt>
      <trkpt lat="69.00870845653116703033447265625" lon="20.487553663551807403564453125">
        <ele>823</ele>
        <time>2026-08-23T04:46:56.000Z</time>
        <extensions>
          <ns3:TrackPointExtension>
            <ns3:cad>0</ns3:cad>
          </ns3:TrackPointExtension>
        </extensions>
      </trkpt>
      <trkpt lat="69.008758999407291412353515625" lon="20.48752709291875362396240234375">
        <ele>823.4000244140625</ele>
        <time>2026-08-23T04:47:02.000Z</time>
        <extensions>
          <ns3:TrackPointExtension>
            <ns3:cad>0</ns3:cad>
          </ns3:TrackPointExtension>
        </extensions>
      </trkpt>
      <trkpt lat="69.00879395194351673126220703125" lon="20.48748962581157684326171875">
        <ele>823.5999755859375</ele>
        <time>2026-08-23T04:47:07.000Z</time>
        <extensions>
          <ns3:TrackPointExtension>
            <ns3:cad>0</ns3:cad>
          </ns3:TrackPointExtension>
        </extensions>
      </trkpt>
      <trkpt lat="69.00886218063533306121826171875" lon="20.4874569363892078399658203125">
        <ele>824</ele>
        <time>2026-08-23T04:47:14.000Z</time>
        <extensions>
          <ns3:TrackPointExtension>
            <ns3:cad>0</ns3:cad>
          </ns3:TrackPointExtension>
        </extensions>
      </trkpt>
      <trkpt lat="69.0088941156864166259765625" lon="20.48746758140623569488525390625">
        <ele>824.5999755859375</ele>
        <time>2026-08-23T04:47:18.000Z</time>
        <extensions>
          <ns3:TrackPointExtension>
            <ns3:cad>0</ns3:cad>
          </ns3:TrackPointExtension>
        </extensions>
      </trkpt>
      <trkpt lat="69.00891079567372798919677734375" lon="20.487461797893047332763671875">
        <ele>825</ele>
        <time>2026-08-23T04:47:20.000Z</time>
        <extensions>
          <ns3:TrackPointExtension>
            <ns3:cad>41</ns3:cad>
          </ns3:TrackPointExtension>
        </extensions>
      </trkpt>
      <trkpt lat="69.00893904268741607666015625" lon="20.48745735548436641693115234375">
        <ele>825.5999755859375</ele>
        <time>2026-08-23T04:47:23.000Z</time>
        <extensions>
          <ns3:TrackPointExtension>
            <ns3:cad>0</ns3:cad>
          </ns3:TrackPointExtension>
        </extensions>
      </trkpt>
      <trkpt lat="69.0089573152363300323486328125" lon="20.4874780587852001190185546875">
        <ele>825.79998779296875</ele>
        <time>2026-08-23T04:47:25.000Z</time>
        <extensions>
          <ns3:TrackPointExtension>
            <ns3:cad>42</ns3:cad>
          </ns3:TrackPointExtension>
        </extensions>
      </trkpt>
      <trkpt lat="69.00899461470544338226318359375" lon="20.48755743540823459625244140625">
        <ele>826</ele>
        <time>2026-08-23T04:47:31.000Z</time>
        <extensions>
          <ns3:TrackPointExtension>
            <ns3:cad>0</ns3:cad>
          </ns3:TrackPointExtension>
        </extensions>
      </trkpt>
      <trkpt lat="69.00901615619659423828125" lon="20.48766070045530796051025390625">
        <ele>825.4000244140625</ele>
        <time>2026-08-23T04:47:37.000Z</time>
        <extensions>
          <ns3:TrackPointExtension>
            <ns3:cad>0</ns3:cad>
          </ns3:TrackPointExtension>
        </extensions>
      </trkpt>
      <trkpt lat="69.0090367756783962249755859375" lon="20.48769892193377017974853515625">
        <ele>825.4000244140625</ele>
        <time>2026-08-23T04:47:45.000Z</time>
        <extensions>
          <ns3:TrackPointExtension>
            <ns3:cad>0</ns3:cad>
          </ns3:TrackPointExtension>
        </extensions>
      </trkpt>
      <trkpt lat="69.0090669505298137664794921875" lon="20.48769741319119930267333984375">
        <ele>825.4000244140625</ele>
        <time>2026-08-23T04:47:51.000Z</time>
        <extensions>
          <ns3:TrackPointExtension>
            <ns3:cad>0</ns3:cad>
          </ns3:TrackPointExtension>
        </extensions>
      </trkpt>
      <trkpt lat="69.00909720920026302337646484375" lon="20.4877181164920330047607421875">
        <ele>825.20001220703125</ele>
        <time>2026-08-23T04:47:57.000Z</time>
        <extensions>
          <ns3:TrackPointExtension>
            <ns3:cad>0</ns3:cad>
          </ns3:TrackPointExtension>
        </extensions>
      </trkpt>
      <trkpt lat="69.00913777761161327362060546875" lon="20.48771283589303493499755859375">
        <ele>825.4000244140625</ele>
        <time>2026-08-23T04:48:04.000Z</time>
        <extensions>
          <ns3:TrackPointExtension>
            <ns3:cad>0</ns3:cad>
          </ns3:TrackPointExtension>
        </extensions>
      </trkpt>
      <trkpt lat="69.00918873958289623260498046875" lon="20.48774720169603824615478515625">
        <ele>825.5999755859375</ele>
        <time>2026-08-23T04:48:10.000Z</time>
        <extensions>
          <ns3:TrackPointExtension>
            <ns3:cad>0</ns3:cad>
          </ns3:TrackPointExtension>
        </extensions>
      </trkpt>
      <trkpt lat="69.00924883782863616943359375" lon="20.4878042824566364288330078125">
        <ele>826.5999755859375</ele>
        <time>2026-08-23T04:48:18.000Z</time>
        <extensions>
          <ns3:TrackPointExtension>
            <ns3:cad>40</ns3:cad>
          </ns3:TrackPointExtension>
        </extensions>
      </trkpt>
      <trkpt lat="69.009301476180553436279296875" lon="20.487821884453296661376953125">
        <ele>826.79998779296875</ele>
        <time>2026-08-23T04:48:24.000Z</time>
        <extensions>
          <ns3:TrackPointExtension>
            <ns3:cad>43</ns3:cad>
          </ns3:TrackPointExtension>
        </extensions>
      </trkpt>
      <trkpt lat="69.0093502588570117950439453125" lon="20.48786270432174205780029296875">
        <ele>827.20001220703125</ele>
        <time>2026-08-23T04:48:30.000Z</time>
        <extensions>
          <ns3:TrackPointExtension>
            <ns3:cad>43</ns3:cad>
          </ns3:TrackPointExtension>
        </extensions>
      </trkpt>
      <trkpt lat="69.00937263853847980499267578125" lon="20.4878934659063816070556640625">
        <ele>827.79998779296875</ele>
        <time>2026-08-23T04:48:34.000Z</time>
        <extensions>
          <ns3:TrackPointExtension>
            <ns3:cad>0</ns3:cad>
          </ns3:TrackPointExtension>
        </extensions>
      </trkpt>
      <trkpt lat="69.0093849599361419677734375" lon="20.48791349865496158599853515625">
        <ele>828</ele>
        <time>2026-08-23T04:48:36.000Z</time>
        <extensions>
          <ns3:TrackPointExtension>
            <ns3:cad>0</ns3:cad>
          </ns3:TrackPointExtension>
        </extensions>
      </trkpt>
      <trkpt lat="69.00942343287169933319091796875" lon="20.487992204725742340087890625">
        <ele>828.79998779296875</ele>
        <time>2026-08-23T04:48:42.000Z</time>
        <extensions>
          <ns3:TrackPointExtension>
            <ns3:cad>0</ns3:cad>
          </ns3:TrackPointExtension>
        </extensions>
      </trkpt>
      <trkpt lat="69.009450338780879974365234375" lon="20.48805079422891139984130859375">
        <ele>830</ele>
        <time>2026-08-23T04:48:48.000Z</time>
        <extensions>
          <ns3:TrackPointExtension>
            <ns3:cad>40</ns3:cad>
          </ns3:TrackPointExtension>
        </extensions>
      </trkpt>
      <trkpt lat="69.0094518475234508514404296875" lon="20.48805917613208293914794921875">
        <ele>830.20001220703125</ele>
        <time>2026-08-23T04:48:49.000Z</time>
        <extensions>
          <ns3:TrackPointExtension>
            <ns3:cad>79</ns3:cad>
          </ns3:TrackPointExtension>
        </extensions>
      </trkpt>
      <trkpt lat="69.00945997796952724456787109375" lon="20.488149113953113555908203125">
        <ele>831</ele>
        <time>2026-08-23T04:48:55.000Z</time>
        <extensions>
          <ns3:TrackPointExtension>
            <ns3:cad>0</ns3:cad>
          </ns3:TrackPointExtension>
        </extensions>
      </trkpt>
      <trkpt lat="69.00946249254047870635986328125" lon="20.48816914670169353485107421875">
        <ele>831.20001220703125</ele>
        <time>2026-08-23T04:48:56.000Z</time>
        <extensions>
          <ns3:TrackPointExtension>
            <ns3:cad>0</ns3:cad>
          </ns3:TrackPointExtension>
        </extensions>
      </trkpt>
      <trkpt lat="69.00949157774448394775390625" lon="20.488243661820888519287109375">
        <ele>832</ele>
        <time>2026-08-23T04:49:02.000Z</time>
        <extensions>
          <ns3:TrackPointExtension>
            <ns3:cad>0</ns3:cad>
          </ns3:TrackPointExtension>
        </extensions>
      </trkpt>
      <trkpt lat="69.0094967745244503021240234375" lon="20.4882569052278995513916015625">
        <ele>832.20001220703125</ele>
        <time>2026-08-23T04:49:03.000Z</time>
        <extensions>
          <ns3:TrackPointExtension>
            <ns3:cad>0</ns3:cad>
          </ns3:TrackPointExtension>
        </extensions>
      </trkpt>
      <trkpt lat="69.0095316432416439056396484375" lon="20.48832857050001621246337890625">
        <ele>833</ele>
        <time>2026-08-23T04:49:10.000Z</time>
        <extensions>
          <ns3:TrackPointExtension>
            <ns3:cad>0</ns3:cad>
          </ns3:TrackPointExtension>
        </extensions>
      </trkpt>
      <trkpt lat="69.0095378458499908447265625" lon="20.488352291285991668701171875">
        <ele>833.20001220703125</ele>
        <time>2026-08-23T04:49:12.000Z</time>
        <extensions>
          <ns3:TrackPointExtension>
            <ns3:cad>0</ns3:cad>
          </ns3:TrackPointExtension>
        </extensions>
      </trkpt>
      <trkpt lat="69.00955067016184329986572265625" lon="20.48837098293006420135498046875">
        <ele>834</ele>
        <time>2026-08-23T04:49:17.000Z</time>
        <extensions>
          <ns3:TrackPointExtension>
            <ns3:cad>0</ns3:cad>
          </ns3:TrackPointExtension>
        </extensions>
      </trkpt>
      <trkpt lat="69.00956533849239349365234375" lon="20.488361008465290069580078125">
        <ele>834</ele>
        <time>2026-08-23T04:49:24.000Z</time>
        <extensions>
          <ns3:TrackPointExtension>
            <ns3:cad>0</ns3:cad>
          </ns3:TrackPointExtension>
        </extensions>
      </trkpt>
      <trkpt lat="69.00957799516618251800537109375" lon="20.488406606018543243408203125">
        <ele>834.4000244140625</ele>
        <time>2026-08-23T04:49:30.000Z</time>
        <extensions>
          <ns3:TrackPointExtension>
            <ns3:cad>0</ns3:cad>
          </ns3:TrackPointExtension>
        </extensions>
      </trkpt>
      <trkpt lat="69.009615294635295867919921875" lon="20.4884607531130313873291015625">
        <ele>835</ele>
        <time>2026-08-23T04:49:35.000Z</time>
        <extensions>
          <ns3:TrackPointExtension>
            <ns3:cad>0</ns3:cad>
          </ns3:TrackPointExtension>
        </extensions>
      </trkpt>
      <trkpt lat="69.00963599793612957000732421875" lon="20.48859410919249057769775390625">
        <ele>835.20001220703125</ele>
        <time>2026-08-23T04:49:41.000Z</time>
        <extensions>
          <ns3:TrackPointExtension>
            <ns3:cad>0</ns3:cad>
          </ns3:TrackPointExtension>
        </extensions>
      </trkpt>
      <trkpt lat="69.00964253582060337066650390625" lon="20.48862193711102008819580078125">
        <ele>835.4000244140625</ele>
        <time>2026-08-23T04:49:43.000Z</time>
        <extensions>
          <ns3:TrackPointExtension>
            <ns3:cad>79</ns3:cad>
          </ns3:TrackPointExtension>
        </extensions>
      </trkpt>
      <trkpt lat="69.00966868735849857330322265625" lon="20.48865906894207000732421875">
        <ele>835.5999755859375</ele>
        <time>2026-08-23T04:49:47.000Z</time>
        <extensions>
          <ns3:TrackPointExtension>
            <ns3:cad>0</ns3:cad>
          </ns3:TrackPointExtension>
        </extensions>
      </trkpt>
      <trkpt lat="69.00970607064664363861083984375" lon="20.48872469924390316009521484375">
        <ele>834.79998779296875</ele>
        <time>2026-08-23T04:49:54.000Z</time>
        <extensions>
          <ns3:TrackPointExtension>
            <ns3:cad>0</ns3:cad>
          </ns3:TrackPointExtension>
        </extensions>
      </trkpt>
      <trkpt lat="69.00973138399422168731689453125" lon="20.4887340031564235687255859375">
        <ele>834.4000244140625</ele>
        <time>2026-08-23T04:49:57.000Z</time>
        <extensions>
          <ns3:TrackPointExtension>
            <ns3:cad>0</ns3:cad>
          </ns3:TrackPointExtension>
        </extensions>
      </trkpt>
      <trkpt lat="69.0097559429705142974853515625" lon="20.48876794986426830291748046875">
        <ele>833.79998779296875</ele>
        <time>2026-08-23T04:50:01.000Z</time>
        <extensions>
          <ns3:TrackPointExtension>
            <ns3:cad>0</ns3:cad>
          </ns3:TrackPointExtension>
        </extensions>
      </trkpt>
      <trkpt lat="69.00980900041759014129638671875" lon="20.4887951910495758056640625">
        <ele>834.20001220703125</ele>
        <time>2026-08-23T04:50:09.000Z</time>
        <extensions>
          <ns3:TrackPointExtension>
            <ns3:cad>0</ns3:cad>
          </ns3:TrackPointExtension>
        </extensions>
      </trkpt>
      <trkpt lat="69.00983917526900768280029296875" lon="20.48883349634706974029541015625">
        <ele>834.4000244140625</ele>
        <time>2026-08-23T04:50:15.000Z</time>
        <extensions>
          <ns3:TrackPointExtension>
            <ns3:cad>0</ns3:cad>
          </ns3:TrackPointExtension>
        </extensions>
      </trkpt>
      <trkpt lat="69.00988929904997348785400390625" lon="20.48887842334806919097900390625">
        <ele>835.4000244140625</ele>
        <time>2026-08-23T04:50:22.000Z</time>
        <extensions>
          <ns3:TrackPointExtension>
            <ns3:cad>0</ns3:cad>
          </ns3:TrackPointExtension>
        </extensions>
      </trkpt>
      <trkpt lat="69.00989793241024017333984375" lon="20.4888818599283695220947265625">
        <ele>835.5999755859375</ele>
        <time>2026-08-23T04:50:23.000Z</time>
        <extensions>
          <ns3:TrackPointExtension>
            <ns3:cad>0</ns3:cad>
          </ns3:TrackPointExtension>
        </extensions>
      </trkpt>
      <trkpt lat="69.00992835871875286102294921875" lon="20.4889100231230258941650390625">
        <ele>836</ele>
        <time>2026-08-23T04:50:29.000Z</time>
        <extensions>
          <ns3:TrackPointExtension>
            <ns3:cad>0</ns3:cad>
          </ns3:TrackPointExtension>
        </extensions>
      </trkpt>
      <trkpt lat="69.00993070565164089202880859375" lon="20.4888805188238620758056640625">
        <ele>836.20001220703125</ele>
        <time>2026-08-23T04:50:38.000Z</time>
        <extensions>
          <ns3:TrackPointExtension>
            <ns3:cad>0</ns3:cad>
          </ns3:TrackPointExtension>
        </extensions>
      </trkpt>
      <trkpt lat="69.00993573479354381561279296875" lon="20.48887356184422969818115234375">
        <ele>836</ele>
        <time>2026-08-23T04:50:47.000Z</time>
        <extensions>
          <ns3:TrackPointExtension>
            <ns3:cad>0</ns3:cad>
          </ns3:TrackPointExtension>
        </extensions>
      </trkpt>
      <trkpt lat="69.00994529016315937042236328125" lon="20.48890591599047183990478515625">
        <ele>836.20001220703125</ele>
        <time>2026-08-23T04:50:55.000Z</time>
        <extensions>
          <ns3:TrackPointExtension>
            <ns3:cad>0</ns3:cad>
          </ns3:TrackPointExtension>
        </extensions>
      </trkpt>
      <trkpt lat="69.0099871158599853515625" lon="20.48894732259213924407958984375">
        <ele>836.4000244140625</ele>
        <time>2026-08-23T04:51:00.000Z</time>
        <extensions>
          <ns3:TrackPointExtension>
            <ns3:cad>0</ns3:cad>
          </ns3:TrackPointExtension>
        </extensions>
      </trkpt>
      <trkpt lat="69.009996168315410614013671875" lon="20.488958470523357391357421875">
        <ele>836.5999755859375</ele>
        <time>2026-08-23T04:51:01.000Z</time>
        <extensions>
          <ns3:TrackPointExtension>
            <ns3:cad>0</ns3:cad>
          </ns3:TrackPointExtension>
        </extensions>
      </trkpt>
      <trkpt lat="69.0100429393351078033447265625" lon="20.4890169762074947357177734375">
        <ele>836.5999755859375</ele>
        <time>2026-08-23T04:51:07.000Z</time>
        <extensions>
          <ns3:TrackPointExtension>
            <ns3:cad>0</ns3:cad>
          </ns3:TrackPointExtension>
        </extensions>
      </trkpt>
      <trkpt lat="69.01010940782725811004638671875" lon="20.4891192354261875152587890625">
        <ele>837.20001220703125</ele>
        <time>2026-08-23T04:51:14.000Z</time>
        <extensions>
          <ns3:TrackPointExtension>
            <ns3:cad>46</ns3:cad>
          </ns3:TrackPointExtension>
        </extensions>
      </trkpt>
      <trkpt lat="69.01017294265329837799072265625" lon="20.489184446632862091064453125">
        <ele>837.4000244140625</ele>
        <time>2026-08-23T04:51:21.000Z</time>
        <extensions>
          <ns3:TrackPointExtension>
            <ns3:cad>0</ns3:cad>
          </ns3:TrackPointExtension>
        </extensions>
      </trkpt>
      <trkpt lat="69.0102246589958667755126953125" lon="20.48923331312835216522216796875">
        <ele>837</ele>
        <time>2026-08-23T04:51:27.000Z</time>
        <extensions>
          <ns3:TrackPointExtension>
            <ns3:cad>0</ns3:cad>
          </ns3:TrackPointExtension>
        </extensions>
      </trkpt>
      <trkpt lat="69.010264389216899871826171875" lon="20.48928310163319110870361328125">
        <ele>836.5999755859375</ele>
        <time>2026-08-23T04:51:33.000Z</time>
        <extensions>
          <ns3:TrackPointExtension>
            <ns3:cad>0</ns3:cad>
          </ns3:TrackPointExtension>
        </extensions>
      </trkpt>
      <trkpt lat="69.01031476445496082305908203125" lon="20.489311181008815765380859375">
        <ele>835.5999755859375</ele>
        <time>2026-08-23T04:51:39.000Z</time>
        <extensions>
          <ns3:TrackPointExtension>
            <ns3:cad>0</ns3:cad>
          </ns3:TrackPointExtension>
        </extensions>
      </trkpt>
      <trkpt lat="69.01035466231405735015869140625" lon="20.489368177950382232666015625">
        <ele>835.79998779296875</ele>
        <time>2026-08-23T04:51:44.000Z</time>
        <extensions>
          <ns3:TrackPointExtension>
            <ns3:cad>49</ns3:cad>
          </ns3:TrackPointExtension>
        </extensions>
      </trkpt>
      <trkpt lat="69.01042096316814422607421875" lon="20.48948292620480060577392578125">
        <ele>836.5999755859375</ele>
        <time>2026-08-23T04:51:52.000Z</time>
        <extensions>
          <ns3:TrackPointExtension>
            <ns3:cad>43</ns3:cad>
          </ns3:TrackPointExtension>
        </extensions>
      </trkpt>
      <trkpt lat="69.0104471147060394287109375" lon="20.4895349778234958648681640625">
        <ele>836.79998779296875</ele>
        <time>2026-08-23T04:51:56.000Z</time>
        <extensions>
          <ns3:TrackPointExtension>
            <ns3:cad>44</ns3:cad>
          </ns3:TrackPointExtension>
        </extensions>
      </trkpt>
      <trkpt lat="69.010461531579494476318359375" lon="20.4895654879510402679443359375">
        <ele>836.79998779296875</ele>
        <time>2026-08-23T04:51:58.000Z</time>
        <extensions>
          <ns3:TrackPointExtension>
            <ns3:cad>44</ns3:cad>
          </ns3:TrackPointExtension>
        </extensions>
      </trkpt>
      <trkpt lat="69.010519869625568389892578125" lon="20.48967353068292140960693359375">
        <ele>837.20001220703125</ele>
        <time>2026-08-23T04:52:05.000Z</time>
        <extensions>
          <ns3:TrackPointExtension>
            <ns3:cad>0</ns3:cad>
          </ns3:TrackPointExtension>
        </extensions>
      </trkpt>
      <trkpt lat="69.01054007001221179962158203125" lon="20.4896908812224864959716796875">
        <ele>836.79998779296875</ele>
        <time>2026-08-23T04:52:08.000Z</time>
        <extensions>
          <ns3:TrackPointExtension>
            <ns3:cad>0</ns3:cad>
          </ns3:TrackPointExtension>
        </extensions>
      </trkpt>
      <trkpt lat="69.01054744608700275421142578125" lon="20.4897267557680606842041015625">
        <ele>836.5999755859375</ele>
        <time>2026-08-23T04:52:10.000Z</time>
        <extensions>
          <ns3:TrackPointExtension>
            <ns3:cad>0</ns3:cad>
          </ns3:TrackPointExtension>
        </extensions>
      </trkpt>
      <trkpt lat="69.01054970920085906982421875" lon="20.48974745906889438629150390625">
        <ele>836.5999755859375</ele>
        <time>2026-08-23T04:52:11.000Z</time>
        <extensions>
          <ns3:TrackPointExtension>
            <ns3:cad>0</ns3:cad>
          </ns3:TrackPointExtension>
        </extensions>
      </trkpt>
      <trkpt lat="69.01056052185595035552978515625" lon="20.48982272855937480926513671875">
        <ele>836.20001220703125</ele>
        <time>2026-08-23T04:52:15.000Z</time>
        <extensions>
          <ns3:TrackPointExtension>
            <ns3:cad>48</ns3:cad>
          </ns3:TrackPointExtension>
        </extensions>
      </trkpt>
      <trkpt lat="69.01056739501655101776123046875" lon="20.4898648895323276519775390625">
        <ele>836.20001220703125</ele>
        <time>2026-08-23T04:52:17.000Z</time>
        <extensions>
          <ns3:TrackPointExtension>
            <ns3:cad>0</ns3:cad>
          </ns3:TrackPointExtension>
        </extensions>
      </trkpt>
      <trkpt lat="69.01058013550937175750732421875" lon="20.48988693393766880035400390625">
        <ele>836.4000244140625</ele>
        <time>2026-08-23T04:52:19.000Z</time>
        <extensions>
          <ns3:TrackPointExtension>
            <ns3:cad>0</ns3:cad>
          </ns3:TrackPointExtension>
        </extensions>
      </trkpt>
      <trkpt lat="69.0106095559895038604736328125" lon="20.489918030798435211181640625">
        <ele>836.5999755859375</ele>
        <time>2026-08-23T04:52:23.000Z</time>
        <extensions>
          <ns3:TrackPointExtension>
            <ns3:cad>0</ns3:cad>
          </ns3:TrackPointExtension>
        </extensions>
      </trkpt>
      <trkpt lat="69.0106481127440929412841796875" lon="20.48996262252330780029296875">
        <ele>837.5999755859375</ele>
        <time>2026-08-23T04:52:29.000Z</time>
        <extensions>
          <ns3:TrackPointExtension>
            <ns3:cad>42</ns3:cad>
          </ns3:TrackPointExtension>
        </extensions>
      </trkpt>
      <trkpt lat="69.01066211052238941192626953125" lon="20.4899619519710540771484375">
        <ele>837.79998779296875</ele>
        <time>2026-08-23T04:52:31.000Z</time>
        <extensions>
          <ns3:TrackPointExtension>
            <ns3:cad>42</ns3:cad>
          </ns3:TrackPointExtension>
        </extensions>
      </trkpt>
      <trkpt lat="69.0107178501784801483154296875" lon="20.48997603356838226318359375">
        <ele>838.4000244140625</ele>
        <time>2026-08-23T04:52:37.000Z</time>
        <extensions>
          <ns3:TrackPointExtension>
            <ns3:cad>44</ns3:cad>
          </ns3:TrackPointExtension>
        </extensions>
      </trkpt>
      <trkpt lat="69.01072514243423938751220703125" lon="20.48998097889125347137451171875">
        <ele>838.5999755859375</ele>
        <time>2026-08-23T04:52:38.000Z</time>
        <extensions>
          <ns3:TrackPointExtension>
            <ns3:cad>44</ns3:cad>
          </ns3:TrackPointExtension>
        </extensions>
      </trkpt>
      <trkpt lat="69.0107835642993450164794921875" lon="20.490035377442836761474609375">
        <ele>839.4000244140625</ele>
        <time>2026-08-23T04:52:45.000Z</time>
        <extensions>
          <ns3:TrackPointExtension>
            <ns3:cad>0</ns3:cad>
          </ns3:TrackPointExtension>
        </extensions>
      </trkpt>
      <trkpt lat="69.0108040161430835723876953125" lon="20.49009162001311779022216796875">
        <ele>839.5999755859375</ele>
        <time>2026-08-23T04:52:49.000Z</time>
        <extensions>
          <ns3:TrackPointExtension>
            <ns3:cad>0</ns3:cad>
          </ns3:TrackPointExtension>
        </extensions>
      </trkpt>
      <trkpt lat="69.01082689873874187469482421875" lon="20.49013000912964344024658203125">
        <ele>839.79998779296875</ele>
        <time>2026-08-23T04:52:52.000Z</time>
        <extensions>
          <ns3:TrackPointExtension>
            <ns3:cad>0</ns3:cad>
          </ns3:TrackPointExtension>
        </extensions>
      </trkpt>
      <trkpt lat="69.010894708335399627685546875" lon="20.49021751619875431060791015625">
        <ele>840.4000244140625</ele>
        <time>2026-08-23T04:52:59.000Z</time>
        <extensions>
          <ns3:TrackPointExtension>
            <ns3:cad>47</ns3:cad>
          </ns3:TrackPointExtension>
        </extensions>
      </trkpt>
      <trkpt lat="69.01097944937646389007568359375" lon="20.490296222269535064697265625">
        <ele>840.20001220703125</ele>
        <time>2026-08-23T04:53:08.000Z</time>
        <extensions>
          <ns3:TrackPointExtension>
            <ns3:cad>46</ns3:cad>
          </ns3:TrackPointExtension>
        </extensions>
      </trkpt>
      <trkpt lat="69.0110387094318866729736328125" lon="20.4903741739690303802490234375">
        <ele>839.5999755859375</ele>
        <time>2026-08-23T04:53:15.000Z</time>
        <extensions>
          <ns3:TrackPointExtension>
            <ns3:cad>41</ns3:cad>
          </ns3:TrackPointExtension>
        </extensions>
      </trkpt>
      <trkpt lat="69.01110249571502208709716796875" lon="20.490465871989727020263671875">
        <ele>839.5999755859375</ele>
        <time>2026-08-23T04:53:23.000Z</time>
        <extensions>
          <ns3:TrackPointExtension>
            <ns3:cad>43</ns3:cad>
          </ns3:TrackPointExtension>
        </extensions>
      </trkpt>
      <trkpt lat="69.01118497364223003387451171875" lon="20.490559749305248260498046875">
        <ele>838.79998779296875</ele>
        <time>2026-08-23T04:53:33.000Z</time>
        <extensions>
          <ns3:TrackPointExtension>
            <ns3:cad>0</ns3:cad>
          </ns3:TrackPointExtension>
        </extensions>
      </trkpt>
      <trkpt lat="69.01119519956409931182861328125" lon="20.49056653864681720733642578125">
        <ele>838.5999755859375</ele>
        <time>2026-08-23T04:53:35.000Z</time>
        <extensions>
          <ns3:TrackPointExtension>
            <ns3:cad>0</ns3:cad>
          </ns3:TrackPointExtension>
        </extensions>
      </trkpt>
      <trkpt lat="69.0112267993390560150146484375" lon="20.490596629679203033447265625">
        <ele>837.79998779296875</ele>
        <time>2026-08-23T04:53:39.000Z</time>
        <extensions>
          <ns3:TrackPointExtension>
            <ns3:cad>0</ns3:cad>
          </ns3:TrackPointExtension>
        </extensions>
      </trkpt>
      <trkpt lat="69.01123140938580036163330078125" lon="20.49060425721108913421630859375">
        <ele>837.5999755859375</ele>
        <time>2026-08-23T04:53:40.000Z</time>
        <extensions>
          <ns3:TrackPointExtension>
            <ns3:cad>0</ns3:cad>
          </ns3:TrackPointExtension>
        </extensions>
      </trkpt>
      <trkpt lat="69.01126979850232601165771484375" lon="20.49066879786550998687744140625">
        <ele>836.5999755859375</ele>
        <time>2026-08-23T04:53:45.000Z</time>
        <extensions>
          <ns3:TrackPointExtension>
            <ns3:cad>0</ns3:cad>
          </ns3:TrackPointExtension>
        </extensions>
      </trkpt>
      <trkpt lat="69.01127834804356098175048828125" lon="20.49068690277636051177978515625">
        <ele>836.4000244140625</ele>
        <time>2026-08-23T04:53:46.000Z</time>
        <extensions>
          <ns3:TrackPointExtension>
            <ns3:cad>0</ns3:cad>
          </ns3:TrackPointExtension>
        </extensions>
      </trkpt>
      <trkpt lat="69.0113069303333759307861328125" lon="20.49073266796767711639404296875">
        <ele>836.79998779296875</ele>
        <time>2026-08-23T04:53:50.000Z</time>
        <extensions>
          <ns3:TrackPointExtension>
            <ns3:cad>0</ns3:cad>
          </ns3:TrackPointExtension>
        </extensions>
      </trkpt>
      <trkpt lat="69.0113277174532413482666015625" lon="20.4907309077680110931396484375">
        <ele>837</ele>
        <time>2026-08-23T04:53:52.000Z</time>
        <extensions>
          <ns3:TrackPointExtension>
            <ns3:cad>0</ns3:cad>
          </ns3:TrackPointExtension>
        </extensions>
      </trkpt>
      <trkpt lat="69.01137842796742916107177734375" lon="20.4907654412090778350830078125">
        <ele>837.4000244140625</ele>
        <time>2026-08-23T04:53:57.000Z</time>
        <extensions>
          <ns3:TrackPointExtension>
            <ns3:cad>47</ns3:cad>
          </ns3:TrackPointExtension>
        </extensions>
      </trkpt>
      <trkpt lat="69.01138789951801300048828125" lon="20.49077155999839305877685546875">
        <ele>837.4000244140625</ele>
        <time>2026-08-23T04:53:58.000Z</time>
        <extensions>
          <ns3:TrackPointExtension>
            <ns3:cad>0</ns3:cad>
          </ns3:TrackPointExtension>
        </extensions>
      </trkpt>
      <trkpt lat="69.01140256784856319427490234375" lon="20.4907946102321147918701171875">
        <ele>837.5999755859375</ele>
        <time>2026-08-23T04:54:00.000Z</time>
        <extensions>
          <ns3:TrackPointExtension>
            <ns3:cad>0</ns3:cad>
          </ns3:TrackPointExtension>
        </extensions>
      </trkpt>
      <trkpt lat="69.01142603717744350433349609375" lon="20.4908579774200916290283203125">
        <ele>838</ele>
        <time>2026-08-23T04:54:04.000Z</time>
        <extensions>
          <ns3:TrackPointExtension>
            <ns3:cad>47</ns3:cad>
          </ns3:TrackPointExtension>
        </extensions>
      </trkpt>
      <trkpt lat="69.0114785917103290557861328125" lon="20.49097641371190547943115234375">
        <ele>838.5999755859375</ele>
        <time>2026-08-23T04:54:12.000Z</time>
        <extensions>
          <ns3:TrackPointExtension>
            <ns3:cad>0</ns3:cad>
          </ns3:TrackPointExtension>
        </extensions>
      </trkpt>
      <trkpt lat="69.01152846403419971466064453125" lon="20.49104531295597553253173828125">
        <ele>839</ele>
        <time>2026-08-23T04:54:18.000Z</time>
        <extensions>
          <ns3:TrackPointExtension>
            <ns3:cad>43</ns3:cad>
          </ns3:TrackPointExtension>
        </extensions>
      </trkpt>
      <trkpt lat="69.01159820146858692169189453125" lon="20.49115461297333240509033203125">
        <ele>838.5999755859375</ele>
        <time>2026-08-23T04:54:26.000Z</time>
        <extensions>
          <ns3:TrackPointExtension>
            <ns3:cad>0</ns3:cad>
          </ns3:TrackPointExtension>
        </extensions>
      </trkpt>
      <trkpt lat="69.01166005991399288177490234375" lon="20.49120582640171051025390625">
        <ele>838</ele>
        <time>2026-08-23T04:54:33.000Z</time>
        <extensions>
          <ns3:TrackPointExtension>
            <ns3:cad>0</ns3:cad>
          </ns3:TrackPointExtension>
        </extensions>
      </trkpt>
      <trkpt lat="69.011715464293956756591796875" lon="20.49127950333058834075927734375">
        <ele>837.79998779296875</ele>
        <time>2026-08-23T04:54:40.000Z</time>
        <extensions>
          <ns3:TrackPointExtension>
            <ns3:cad>0</ns3:cad>
          </ns3:TrackPointExtension>
        </extensions>
      </trkpt>
      <trkpt lat="69.011778496205806732177734375" lon="20.49134069122374057769775390625">
        <ele>837.79998779296875</ele>
        <time>2026-08-23T04:54:47.000Z</time>
        <extensions>
          <ns3:TrackPointExtension>
            <ns3:cad>45</ns3:cad>
          </ns3:TrackPointExtension>
        </extensions>
      </trkpt>
      <trkpt lat="69.011797271668910980224609375" lon="20.4913401044905185699462890625">
        <ele>837.4000244140625</ele>
        <time>2026-08-23T04:54:50.000Z</time>
        <extensions>
          <ns3:TrackPointExtension>
            <ns3:cad>45</ns3:cad>
          </ns3:TrackPointExtension>
        </extensions>
      </trkpt>
      <trkpt lat="69.01181705296039581298828125" lon="20.4913625679910182952880859375">
        <ele>837</ele>
        <time>2026-08-23T04:54:53.000Z</time>
        <extensions>
          <ns3:TrackPointExtension>
            <ns3:cad>0</ns3:cad>
          </ns3:TrackPointExtension>
        </extensions>
      </trkpt>
      <trkpt lat="69.01182384230196475982666015625" lon="20.491379834711551666259765625">
        <ele>836.79998779296875</ele>
        <time>2026-08-23T04:54:54.000Z</time>
        <extensions>
          <ns3:TrackPointExtension>
            <ns3:cad>0</ns3:cad>
          </ns3:TrackPointExtension>
        </extensions>
      </trkpt>
      <trkpt lat="69.0118370018899440765380859375" lon="20.49140908755362033843994140625">
        <ele>836.4000244140625</ele>
        <time>2026-08-23T04:54:56.000Z</time>
        <extensions>
          <ns3:TrackPointExtension>
            <ns3:cad>51</ns3:cad>
          </ns3:TrackPointExtension>
        </extensions>
      </trkpt>
      <trkpt lat="69.01187161915004253387451171875" lon="20.491465665400028228759765625">
        <ele>835.79998779296875</ele>
        <time>2026-08-23T04:55:01.000Z</time>
        <extensions>
          <ns3:TrackPointExtension>
            <ns3:cad>51</ns3:cad>
          </ns3:TrackPointExtension>
        </extensions>
      </trkpt>
      <trkpt lat="69.01193263940513134002685546875" lon="20.4915121011435985565185546875">
        <ele>836</ele>
        <time>2026-08-23T04:55:08.000Z</time>
        <extensions>
          <ns3:TrackPointExtension>
            <ns3:cad>45</ns3:cad>
          </ns3:TrackPointExtension>
        </extensions>
      </trkpt>
      <trkpt lat="69.01196189224720001220703125" lon="20.491546131670475006103515625">
        <ele>836.4000244140625</ele>
        <time>2026-08-23T04:55:15.000Z</time>
        <extensions>
          <ns3:TrackPointExtension>
            <ns3:cad>0</ns3:cad>
          </ns3:TrackPointExtension>
        </extensions>
      </trkpt>
      <trkpt lat="69.0119483135640621185302734375" lon="20.4915325529873371124267578125">
        <ele>836.4000244140625</ele>
        <time>2026-08-23T04:55:24.000Z</time>
        <extensions>
          <ns3:TrackPointExtension>
            <ns3:cad>0</ns3:cad>
          </ns3:TrackPointExtension>
        </extensions>
      </trkpt>
      <trkpt lat="69.01194437406957149505615234375" lon="20.491537414491176605224609375">
        <ele>836.4000244140625</ele>
        <time>2026-08-23T04:55:33.000Z</time>
        <extensions>
          <ns3:TrackPointExtension>
            <ns3:cad>0</ns3:cad>
          </ns3:TrackPointExtension>
        </extensions>
      </trkpt>
      <trkpt lat="69.0119583718478679656982421875" lon="20.49154923297464847564697265625">
        <ele>836.5999755859375</ele>
        <time>2026-08-23T04:55:40.000Z</time>
        <extensions>
          <ns3:TrackPointExtension>
            <ns3:cad>41</ns3:cad>
          </ns3:TrackPointExtension>
        </extensions>
      </trkpt>
      <trkpt lat="69.01195510290563106536865234375" lon="20.49153716303408145904541015625">
        <ele>836.4000244140625</ele>
        <time>2026-08-23T04:55:47.000Z</time>
        <extensions>
          <ns3:TrackPointExtension>
            <ns3:cad>0</ns3:cad>
          </ns3:TrackPointExtension>
        </extensions>
      </trkpt>
      <trkpt lat="69.01195786893367767333984375" lon="20.4915060661733150482177734375">
        <ele>836.4000244140625</ele>
        <time>2026-08-23T04:55:55.000Z</time>
        <extensions>
          <ns3:TrackPointExtension>
            <ns3:cad>0</ns3:cad>
          </ns3:TrackPointExtension>
        </extensions>
      </trkpt>
      <trkpt lat="69.0119640715420246124267578125" lon="20.49151067622005939483642578125">
        <ele>836.4000244140625</ele>
        <time>2026-08-23T04:56:04.000Z</time>
        <extensions>
          <ns3:TrackPointExtension>
            <ns3:cad>0</ns3:cad>
          </ns3:TrackPointExtension>
        </extensions>
      </trkpt>
      <trkpt lat="69.01195661164820194244384765625" lon="20.49149994738399982452392578125">
        <ele>836.20001220703125</ele>
        <time>2026-08-23T04:56:13.000Z</time>
        <extensions>
          <ns3:TrackPointExtension>
            <ns3:cad>0</ns3:cad>
          </ns3:TrackPointExtension>
        </extensions>
      </trkpt>
      <trkpt lat="69.0119573660194873809814453125" lon="20.49152232706546783447265625">
        <ele>836.20001220703125</ele>
        <time>2026-08-23T04:56:20.000Z</time>
        <extensions>
          <ns3:TrackPointExtension>
            <ns3:cad>0</ns3:cad>
          </ns3:TrackPointExtension>
        </extensions>
      </trkpt>
      <trkpt lat="69.0119684301316738128662109375" lon="20.4915525019168853759765625">
        <ele>836.20001220703125</ele>
        <time>2026-08-23T04:56:26.000Z</time>
        <extensions>
          <ns3:TrackPointExtension>
            <ns3:cad>0</ns3:cad>
          </ns3:TrackPointExtension>
        </extensions>
      </trkpt>
      <trkpt lat="69.0120029635727405548095703125" lon="20.4915969260036945343017578125">
        <ele>835.79998779296875</ele>
        <time>2026-08-23T04:56:31.000Z</time>
        <extensions>
          <ns3:TrackPointExtension>
            <ns3:cad>0</ns3:cad>
          </ns3:TrackPointExtension>
        </extensions>
      </trkpt>
      <trkpt lat="69.0120676718652248382568359375" lon="20.4916492290794849395751953125">
        <ele>835.20001220703125</ele>
        <time>2026-08-23T04:56:38.000Z</time>
        <extensions>
          <ns3:TrackPointExtension>
            <ns3:cad>43</ns3:cad>
          </ns3:TrackPointExtension>
        </extensions>
      </trkpt>
      <trkpt lat="69.01212424971163272857666015625" lon="20.49169625155627727508544921875">
        <ele>835</ele>
        <time>2026-08-23T04:56:44.000Z</time>
        <extensions>
          <ns3:TrackPointExtension>
            <ns3:cad>51</ns3:cad>
          </ns3:TrackPointExtension>
        </extensions>
      </trkpt>
      <trkpt lat="69.0121878683567047119140625" lon="20.4917528294026851654052734375">
        <ele>834.79998779296875</ele>
        <time>2026-08-23T04:56:50.000Z</time>
        <extensions>
          <ns3:TrackPointExtension>
            <ns3:cad>0</ns3:cad>
          </ns3:TrackPointExtension>
        </extensions>
      </trkpt>
      <trkpt lat="69.012260623276233673095703125" lon="20.49181141890585422515869140625">
        <ele>834.20001220703125</ele>
        <time>2026-08-23T04:56:57.000Z</time>
        <extensions>
          <ns3:TrackPointExtension>
            <ns3:cad>0</ns3:cad>
          </ns3:TrackPointExtension>
        </extensions>
      </trkpt>
      <trkpt lat="69.0122708491981029510498046875" lon="20.49182164482772350311279296875">
        <ele>834</ele>
        <time>2026-08-23T04:56:58.000Z</time>
        <extensions>
          <ns3:TrackPointExtension>
            <ns3:cad>0</ns3:cad>
          </ns3:TrackPointExtension>
        </extensions>
      </trkpt>
      <trkpt lat="69.0123234875500202178955078125" lon="20.49187562428414821624755859375">
        <ele>833.5999755859375</ele>
        <time>2026-08-23T04:57:04.000Z</time>
        <extensions>
          <ns3:TrackPointExtension>
            <ns3:cad>0</ns3:cad>
          </ns3:TrackPointExtension>
        </extensions>
      </trkpt>
      <trkpt lat="69.01235944591462612152099609375" lon="20.49188903532922267913818359375">
        <ele>833</ele>
        <time>2026-08-23T04:57:08.000Z</time>
        <extensions>
          <ns3:TrackPointExtension>
            <ns3:cad>0</ns3:cad>
          </ns3:TrackPointExtension>
        </extensions>
      </trkpt>
      <trkpt lat="69.01240169070661067962646484375" lon="20.491934716701507568359375">
        <ele>832.20001220703125</ele>
        <time>2026-08-23T04:57:12.000Z</time>
        <extensions>
          <ns3:TrackPointExtension>
            <ns3:cad>52</ns3:cad>
          </ns3:TrackPointExtension>
        </extensions>
      </trkpt>
      <trkpt lat="69.01245650835335254669189453125" lon="20.4920136742293834686279296875">
        <ele>832.20001220703125</ele>
        <time>2026-08-23T04:57:18.000Z</time>
        <extensions>
          <ns3:TrackPointExtension>
            <ns3:cad>0</ns3:cad>
          </ns3:TrackPointExtension>
        </extensions>
      </trkpt>
      <trkpt lat="69.0125082246959209442138671875" lon="20.49208131618797779083251953125">
        <ele>832.4000244140625</ele>
        <time>2026-08-23T04:57:24.000Z</time>
        <extensions>
          <ns3:TrackPointExtension>
            <ns3:cad>47</ns3:cad>
          </ns3:TrackPointExtension>
        </extensions>
      </trkpt>
      <trkpt lat="69.01256027631461620330810546875" lon="20.4921506345272064208984375">
        <ele>832</ele>
        <time>2026-08-23T04:57:29.000Z</time>
        <extensions>
          <ns3:TrackPointExtension>
            <ns3:cad>49</ns3:cad>
          </ns3:TrackPointExtension>
        </extensions>
      </trkpt>
      <trkpt lat="69.01258743368089199066162109375" lon="20.49220084212720394134521484375">
        <ele>831.79998779296875</ele>
        <time>2026-08-23T04:57:32.000Z</time>
        <extensions>
          <ns3:TrackPointExtension>
            <ns3:cad>50</ns3:cad>
          </ns3:TrackPointExtension>
        </extensions>
      </trkpt>
      <trkpt lat="69.01264023967087268829345703125" lon="20.4922922886908054351806640625">
        <ele>831.5999755859375</ele>
        <time>2026-08-23T04:57:38.000Z</time>
        <extensions>
          <ns3:TrackPointExtension>
            <ns3:cad>49</ns3:cad>
          </ns3:TrackPointExtension>
        </extensions>
      </trkpt>
      <trkpt lat="69.01270645670592784881591796875" lon="20.4924139939248561859130859375">
        <ele>831.20001220703125</ele>
        <time>2026-08-23T04:57:45.000Z</time>
        <extensions>
          <ns3:TrackPointExtension>
            <ns3:cad>48</ns3:cad>
          </ns3:TrackPointExtension>
        </extensions>
      </trkpt>
      <trkpt lat="69.0127385593950748443603515625" lon="20.4924465157091617584228515625">
        <ele>831</ele>
        <time>2026-08-23T04:57:48.000Z</time>
        <extensions>
          <ns3:TrackPointExtension>
            <ns3:cad>48</ns3:cad>
          </ns3:TrackPointExtension>
        </extensions>
      </trkpt>
      <trkpt lat="69.0127725899219512939453125" lon="20.49246252514421939849853515625">
        <ele>830.5999755859375</ele>
        <time>2026-08-23T04:57:51.000Z</time>
        <extensions>
          <ns3:TrackPointExtension>
            <ns3:cad>45</ns3:cad>
          </ns3:TrackPointExtension>
        </extensions>
      </trkpt>
      <trkpt lat="69.012817852199077606201171875" lon="20.4925387166440486907958984375">
        <ele>830.20001220703125</ele>
        <time>2026-08-23T04:57:57.000Z</time>
        <extensions>
          <ns3:TrackPointExtension>
            <ns3:cad>48</ns3:cad>
          </ns3:TrackPointExtension>
        </extensions>
      </trkpt>
      <trkpt lat="69.01284760795533657073974609375" lon="20.492580123245716094970703125">
        <ele>829.79998779296875</ele>
        <time>2026-08-23T04:58:01.000Z</time>
        <extensions>
          <ns3:TrackPointExtension>
            <ns3:cad>48</ns3:cad>
          </ns3:TrackPointExtension>
        </extensions>
      </trkpt>
      <trkpt lat="69.01285733096301555633544921875" lon="20.49258590675890445709228515625">
        <ele>829.5999755859375</ele>
        <time>2026-08-23T04:58:02.000Z</time>
        <extensions>
          <ns3:TrackPointExtension>
            <ns3:cad>48</ns3:cad>
          </ns3:TrackPointExtension>
        </extensions>
      </trkpt>
      <trkpt lat="69.01289856992661952972412109375" lon="20.49261272884905338287353515625">
        <ele>828.79998779296875</ele>
        <time>2026-08-23T04:58:06.000Z</time>
        <extensions>
          <ns3:TrackPointExtension>
            <ns3:cad>48</ns3:cad>
          </ns3:TrackPointExtension>
        </extensions>
      </trkpt>
      <trkpt lat="69.01290695182979106903076171875" lon="20.49262429587543010711669921875">
        <ele>828.5999755859375</ele>
        <time>2026-08-23T04:58:07.000Z</time>
        <extensions>
          <ns3:TrackPointExtension>
            <ns3:cad>48</ns3:cad>
          </ns3:TrackPointExtension>
        </extensions>
      </trkpt>
      <trkpt lat="69.0129598416388034820556640625" lon="20.4927434027194976806640625">
        <ele>827.5999755859375</ele>
        <time>2026-08-23T04:58:13.000Z</time>
        <extensions>
          <ns3:TrackPointExtension>
            <ns3:cad>49</ns3:cad>
          </ns3:TrackPointExtension>
        </extensions>
      </trkpt>
      <trkpt lat="69.013004265725612640380859375" lon="20.49283920787274837493896484375">
        <ele>827.4000244140625</ele>
        <time>2026-08-23T04:58:19.000Z</time>
        <extensions>
          <ns3:TrackPointExtension>
            <ns3:cad>0</ns3:cad>
          </ns3:TrackPointExtension>
        </extensions>
      </trkpt>
      <trkpt lat="69.01305581443011760711669921875" lon="20.4929376952350139617919921875">
        <ele>827</ele>
        <time>2026-08-23T04:58:26.000Z</time>
        <extensions>
          <ns3:TrackPointExtension>
            <ns3:cad>0</ns3:cad>
          </ns3:TrackPointExtension>
        </extensions>
      </trkpt>
      <trkpt lat="69.013110212981700897216796875" lon="20.4930124618113040924072265625">
        <ele>826.5999755859375</ele>
        <time>2026-08-23T04:58:32.000Z</time>
        <extensions>
          <ns3:TrackPointExtension>
            <ns3:cad>49</ns3:cad>
          </ns3:TrackPointExtension>
        </extensions>
      </trkpt>
      <trkpt lat="69.01314918883144855499267578125" lon="20.49303517676889896392822265625">
        <ele>825.79998779296875</ele>
        <time>2026-08-23T04:58:38.000Z</time>
        <extensions>
          <ns3:TrackPointExtension>
            <ns3:cad>0</ns3:cad>
          </ns3:TrackPointExtension>
        </extensions>
      </trkpt>
      <trkpt lat="69.01315681636333465576171875" lon="20.4930315725505352020263671875">
        <ele>825.79998779296875</ele>
        <time>2026-08-23T04:58:39.000Z</time>
        <extensions>
          <ns3:TrackPointExtension>
            <ns3:cad>0</ns3:cad>
          </ns3:TrackPointExtension>
        </extensions>
      </trkpt>
      <trkpt lat="69.01316528208553791046142578125" lon="20.4930322431027889251708984375">
        <ele>825.5999755859375</ele>
        <time>2026-08-23T04:58:40.000Z</time>
        <extensions>
          <ns3:TrackPointExtension>
            <ns3:cad>0</ns3:cad>
          </ns3:TrackPointExtension>
        </extensions>
      </trkpt>
      <trkpt lat="69.01321716606616973876953125" lon="20.493040792644023895263671875">
        <ele>825.20001220703125</ele>
        <time>2026-08-23T04:58:47.000Z</time>
        <extensions>
          <ns3:TrackPointExtension>
            <ns3:cad>0</ns3:cad>
          </ns3:TrackPointExtension>
        </extensions>
      </trkpt>
      <trkpt lat="69.01323820464313030242919921875" lon="20.49308345653116703033447265625">
        <ele>824.5999755859375</ele>
        <time>2026-08-23T04:58:51.000Z</time>
        <extensions>
          <ns3:TrackPointExtension>
            <ns3:cad>0</ns3:cad>
          </ns3:TrackPointExtension>
        </extensions>
      </trkpt>
      <trkpt lat="69.01324021629989147186279296875" lon="20.4931006394326686859130859375">
        <ele>824.79998779296875</ele>
        <time>2026-08-23T04:58:53.000Z</time>
        <extensions>
          <ns3:TrackPointExtension>
            <ns3:cad>0</ns3:cad>
          </ns3:TrackPointExtension>
        </extensions>
      </trkpt>
      <trkpt lat="69.0132446587085723876953125" lon="20.4931066744029521942138671875">
        <ele>824.79998779296875</ele>
        <time>2026-08-23T04:58:54.000Z</time>
        <extensions>
          <ns3:TrackPointExtension>
            <ns3:cad>0</ns3:cad>
          </ns3:TrackPointExtension>
        </extensions>
      </trkpt>
      <trkpt lat="69.01326888240873813629150390625" lon="20.49314045347273349761962890625">
        <ele>824.79998779296875</ele>
        <time>2026-08-23T04:58:58.000Z</time>
        <extensions>
          <ns3:TrackPointExtension>
            <ns3:cad>0</ns3:cad>
          </ns3:TrackPointExtension>
        </extensions>
      </trkpt>
      <trkpt lat="69.01331079192459583282470703125" lon="20.49321270547807216644287109375">
        <ele>824.79998779296875</ele>
        <time>2026-08-23T04:59:04.000Z</time>
        <extensions>
          <ns3:TrackPointExtension>
            <ns3:cad>0</ns3:cad>
          </ns3:TrackPointExtension>
        </extensions>
      </trkpt>
      <trkpt lat="69.0133631788194179534912109375" lon="20.49326266162097454071044921875">
        <ele>824.5999755859375</ele>
        <time>2026-08-23T04:59:10.000Z</time>
        <extensions>
          <ns3:TrackPointExtension>
            <ns3:cad>0</ns3:cad>
          </ns3:TrackPointExtension>
        </extensions>
      </trkpt>
      <trkpt lat="69.01337952353060245513916015625" lon="20.49327070824801921844482421875">
        <ele>824.5999755859375</ele>
        <time>2026-08-23T04:59:12.000Z</time>
        <extensions>
          <ns3:TrackPointExtension>
            <ns3:cad>0</ns3:cad>
          </ns3:TrackPointExtension>
        </extensions>
      </trkpt>
      <trkpt lat="69.0134216845035552978515625" lon="20.49328562803566455841064453125">
        <ele>824.4000244140625</ele>
        <time>2026-08-23T04:59:18.000Z</time>
        <extensions>
          <ns3:TrackPointExtension>
            <ns3:cad>0</ns3:cad>
          </ns3:TrackPointExtension>
        </extensions>
      </trkpt>
      <trkpt lat="69.01347558014094829559326171875" lon="20.49338034354150295257568359375">
        <ele>824.4000244140625</ele>
        <time>2026-08-23T04:59:25.000Z</time>
        <extensions>
          <ns3:TrackPointExtension>
            <ns3:cad>0</ns3:cad>
          </ns3:TrackPointExtension>
        </extensions>
      </trkpt>
      <trkpt lat="69.01353810913860797882080078125" lon="20.49344974569976329803466796875">
        <ele>824.20001220703125</ele>
        <time>2026-08-23T04:59:32.000Z</time>
        <extensions>
          <ns3:TrackPointExtension>
            <ns3:cad>0</ns3:cad>
          </ns3:TrackPointExtension>
        </extensions>
      </trkpt>
      <trkpt lat="69.01357331313192844390869140625" lon="20.49349416978657245635986328125">
        <ele>824</ele>
        <time>2026-08-23T04:59:37.000Z</time>
        <extensions>
          <ns3:TrackPointExtension>
            <ns3:cad>0</ns3:cad>
          </ns3:TrackPointExtension>
        </extensions>
      </trkpt>
      <trkpt lat="69.01358194649219512939453125" lon="20.4934922419488430023193359375">
        <ele>824</ele>
        <time>2026-08-23T04:59:38.000Z</time>
        <extensions>
          <ns3:TrackPointExtension>
            <ns3:cad>0</ns3:cad>
          </ns3:TrackPointExtension>
        </extensions>
      </trkpt>
      <trkpt lat="69.01362008415162563323974609375" lon="20.49351244233548641204833984375">
        <ele>824.20001220703125</ele>
        <time>2026-08-23T04:59:42.000Z</time>
        <extensions>
          <ns3:TrackPointExtension>
            <ns3:cad>42</ns3:cad>
          </ns3:TrackPointExtension>
        </extensions>
      </trkpt>
      <trkpt lat="69.013675488531589508056640625" lon="20.4935760609805583953857421875">
        <ele>824.4000244140625</ele>
        <time>2026-08-23T04:59:48.000Z</time>
        <extensions>
          <ns3:TrackPointExtension>
            <ns3:cad>43</ns3:cad>
          </ns3:TrackPointExtension>
        </extensions>
      </trkpt>
      <trkpt lat="69.0137319825589656829833984375" lon="20.49363322556018829345703125">
        <ele>825</ele>
        <time>2026-08-23T04:59:55.000Z</time>
        <extensions>
          <ns3:TrackPointExtension>
            <ns3:cad>0</ns3:cad>
          </ns3:TrackPointExtension>
        </extensions>
      </trkpt>
      <trkpt lat="69.01375670917332172393798828125" lon="20.4936639033257961273193359375">
        <ele>825.5999755859375</ele>
        <time>2026-08-23T04:59:58.000Z</time>
        <extensions>
          <ns3:TrackPointExtension>
            <ns3:cad>0</ns3:cad>
          </ns3:TrackPointExtension>
        </extensions>
      </trkpt>
      <trkpt lat="69.01378219015896320343017578125" lon="20.49366784282028675079345703125">
        <ele>826</ele>
        <time>2026-08-23T05:00:01.000Z</time>
        <extensions>
          <ns3:TrackPointExtension>
            <ns3:cad>0</ns3:cad>
          </ns3:TrackPointExtension>
        </extensions>
      </trkpt>
      <trkpt lat="69.01381471194326877593994140625" lon="20.49368812702596187591552734375">
        <ele>826.5999755859375</ele>
        <time>2026-08-23T05:00:05.000Z</time>
        <extensions>
          <ns3:TrackPointExtension>
            <ns3:cad>0</ns3:cad>
          </ns3:TrackPointExtension>
        </extensions>
      </trkpt>
      <trkpt lat="69.01383013464510440826416015625" lon="20.4937061481177806854248046875">
        <ele>827</ele>
        <time>2026-08-23T05:00:07.000Z</time>
        <extensions>
          <ns3:TrackPointExtension>
            <ns3:cad>0</ns3:cad>
          </ns3:TrackPointExtension>
        </extensions>
      </trkpt>
      <trkpt lat="69.01388042606413364410400390625" lon="20.49379415810108184814453125">
        <ele>826.5999755859375</ele>
        <time>2026-08-23T05:00:13.000Z</time>
        <extensions>
          <ns3:TrackPointExtension>
            <ns3:cad>0</ns3:cad>
          </ns3:TrackPointExtension>
        </extensions>
      </trkpt>
      <trkpt lat="69.01389442384243011474609375" lon="20.49386657774448394775390625">
        <ele>825.5999755859375</ele>
        <time>2026-08-23T05:00:20.000Z</time>
        <extensions>
          <ns3:TrackPointExtension>
            <ns3:cad>48</ns3:cad>
          </ns3:TrackPointExtension>
        </extensions>
      </trkpt>
      <trkpt lat="69.01389718987047672271728515625" lon="20.4938640631735324859619140625">
        <ele>825.5999755859375</ele>
        <time>2026-08-23T05:00:21.000Z</time>
        <extensions>
          <ns3:TrackPointExtension>
            <ns3:cad>0</ns3:cad>
          </ns3:TrackPointExtension>
        </extensions>
      </trkpt>
      <trkpt lat="69.01391831226646900177001953125" lon="20.4938335530459880828857421875">
        <ele>824.4000244140625</ele>
        <time>2026-08-23T05:00:28.000Z</time>
        <extensions>
          <ns3:TrackPointExtension>
            <ns3:cad>0</ns3:cad>
          </ns3:TrackPointExtension>
        </extensions>
      </trkpt>
      <trkpt lat="69.01394731365144252777099609375" lon="20.493841432034969329833984375">
        <ele>823.4000244140625</ele>
        <time>2026-08-23T05:00:33.000Z</time>
        <extensions>
          <ns3:TrackPointExtension>
            <ns3:cad>0</ns3:cad>
          </ns3:TrackPointExtension>
        </extensions>
      </trkpt>
      <trkpt lat="69.01396323926746845245361328125" lon="20.49384788610041141510009765625">
        <ele>822.79998779296875</ele>
        <time>2026-08-23T05:00:35.000Z</time>
        <extensions>
          <ns3:TrackPointExtension>
            <ns3:cad>0</ns3:cad>
          </ns3:TrackPointExtension>
        </extensions>
      </trkpt>
      <trkpt lat="69.01399525813758373260498046875" lon="20.4938633926212787628173828125">
        <ele>822.20001220703125</ele>
        <time>2026-08-23T05:00:39.000Z</time>
        <extensions>
          <ns3:TrackPointExtension>
            <ns3:cad>0</ns3:cad>
          </ns3:TrackPointExtension>
        </extensions>
      </trkpt>
      <trkpt lat="69.0140193141996860504150390625" lon="20.49389314837753772735595703125">
        <ele>822</ele>
        <time>2026-08-23T05:00:42.000Z</time>
        <extensions>
          <ns3:TrackPointExtension>
            <ns3:cad>50</ns3:cad>
          </ns3:TrackPointExtension>
        </extensions>
      </trkpt>
      <trkpt lat="69.01405745185911655426025390625" lon="20.4939140193164348602294921875">
        <ele>821.79998779296875</ele>
        <time>2026-08-23T05:00:48.000Z</time>
        <extensions>
          <ns3:TrackPointExtension>
            <ns3:cad>0</ns3:cad>
          </ns3:TrackPointExtension>
        </extensions>
      </trkpt>
      <trkpt lat="69.01406348682940006256103515625" lon="20.49392902292311191558837890625">
        <ele>822</ele>
        <time>2026-08-23T05:00:55.000Z</time>
        <extensions>
          <ns3:TrackPointExtension>
            <ns3:cad>0</ns3:cad>
          </ns3:TrackPointExtension>
        </extensions>
      </trkpt>
      <trkpt lat="69.01406432501971721649169921875" lon="20.49391477368772029876708984375">
        <ele>822</ele>
        <time>2026-08-23T05:01:02.000Z</time>
        <extensions>
          <ns3:TrackPointExtension>
            <ns3:cad>0</ns3:cad>
          </ns3:TrackPointExtension>
        </extensions>
      </trkpt>
      <trkpt lat="69.014084525406360626220703125" lon="20.49392114393413066864013671875">
        <ele>822</ele>
        <time>2026-08-23T05:01:09.000Z</time>
        <extensions>
          <ns3:TrackPointExtension>
            <ns3:cad>0</ns3:cad>
          </ns3:TrackPointExtension>
        </extensions>
      </trkpt>
      <trkpt lat="69.0141309611499309539794921875" lon="20.49396389164030551910400390625">
        <ele>822.5999755859375</ele>
        <time>2026-08-23T05:01:15.000Z</time>
        <extensions>
          <ns3:TrackPointExtension>
            <ns3:cad>0</ns3:cad>
          </ns3:TrackPointExtension>
        </extensions>
      </trkpt>
      <trkpt lat="69.01417966000735759735107421875" lon="20.494029857218265533447265625">
        <ele>822.79998779296875</ele>
        <time>2026-08-23T05:01:21.000Z</time>
        <extensions>
          <ns3:TrackPointExtension>
            <ns3:cad>0</ns3:cad>
          </ns3:TrackPointExtension>
        </extensions>
      </trkpt>
      <trkpt lat="69.01420899666845798492431640625" lon="20.49408023245632648468017578125">
        <ele>823.20001220703125</ele>
        <time>2026-08-23T05:01:26.000Z</time>
        <extensions>
          <ns3:TrackPointExtension>
            <ns3:cad>0</ns3:cad>
          </ns3:TrackPointExtension>
        </extensions>
      </trkpt>
      <trkpt lat="69.0142332203686237335205078125" lon="20.494100265204906463623046875">
        <ele>823.4000244140625</ele>
        <time>2026-08-23T05:01:30.000Z</time>
        <extensions>
          <ns3:TrackPointExtension>
            <ns3:cad>0</ns3:cad>
          </ns3:TrackPointExtension>
        </extensions>
      </trkpt>
      <trkpt lat="69.01426482014358043670654296875" lon="20.4941413365304470062255859375">
        <ele>823.79998779296875</ele>
        <time>2026-08-23T05:01:34.000Z</time>
        <extensions>
          <ns3:TrackPointExtension>
            <ns3:cad>0</ns3:cad>
          </ns3:TrackPointExtension>
        </extensions>
      </trkpt>
      <trkpt lat="69.01433740742504596710205078125" lon="20.49423563294112682342529296875">
        <ele>823.4000244140625</ele>
        <time>2026-08-23T05:01:41.000Z</time>
        <extensions>
          <ns3:TrackPointExtension>
            <ns3:cad>0</ns3:cad>
          </ns3:TrackPointExtension>
        </extensions>
      </trkpt>
      <trkpt lat="69.0143767185509204864501953125" lon="20.494283996522426605224609375">
        <ele>822.20001220703125</ele>
        <time>2026-08-23T05:01:45.000Z</time>
        <extensions>
          <ns3:TrackPointExtension>
            <ns3:cad>0</ns3:cad>
          </ns3:TrackPointExtension>
        </extensions>
      </trkpt>
      <trkpt lat="69.014391638338565826416015625" lon="20.4943069629371166229248046875">
        <ele>822</ele>
        <time>2026-08-23T05:01:47.000Z</time>
        <extensions>
          <ns3:TrackPointExtension>
            <ns3:cad>0</ns3:cad>
          </ns3:TrackPointExtension>
        </extensions>
      </trkpt>
      <trkpt lat="69.01445500552654266357421875" lon="20.494363792240619659423828125">
        <ele>822</ele>
        <time>2026-08-23T05:01:55.000Z</time>
        <extensions>
          <ns3:TrackPointExtension>
            <ns3:cad>44</ns3:cad>
          </ns3:TrackPointExtension>
        </extensions>
      </trkpt>
      <trkpt lat="69.0145081467926502227783203125" lon="20.4943897761404514312744140625">
        <ele>821.5999755859375</ele>
        <time>2026-08-23T05:02:01.000Z</time>
        <extensions>
          <ns3:TrackPointExtension>
            <ns3:cad>46</ns3:cad>
          </ns3:TrackPointExtension>
        </extensions>
      </trkpt>
      <trkpt lat="69.01454678736627101898193359375" lon="20.49443763680756092071533203125">
        <ele>821.20001220703125</ele>
        <time>2026-08-23T05:02:06.000Z</time>
        <extensions>
          <ns3:TrackPointExtension>
            <ns3:cad>0</ns3:cad>
          </ns3:TrackPointExtension>
        </extensions>
      </trkpt>
      <trkpt lat="69.01457746513187885284423828125" lon="20.49448960460722446441650390625">
        <ele>820.79998779296875</ele>
        <time>2026-08-23T05:02:10.000Z</time>
        <extensions>
          <ns3:TrackPointExtension>
            <ns3:cad>44</ns3:cad>
          </ns3:TrackPointExtension>
        </extensions>
      </trkpt>
      <trkpt lat="69.014585427939891815185546875" lon="20.49450519494712352752685546875">
        <ele>820.79998779296875</ele>
        <time>2026-08-23T05:02:11.000Z</time>
        <extensions>
          <ns3:TrackPointExtension>
            <ns3:cad>44</ns3:cad>
          </ns3:TrackPointExtension>
        </extensions>
      </trkpt>
      <trkpt lat="69.01462641544640064239501953125" lon="20.49453176558017730712890625">
        <ele>821</ele>
        <time>2026-08-23T05:02:16.000Z</time>
        <extensions>
          <ns3:TrackPointExtension>
            <ns3:cad>45</ns3:cad>
          </ns3:TrackPointExtension>
        </extensions>
      </trkpt>
      <trkpt lat="69.01468031108379364013671875" lon="20.49455464817583560943603515625">
        <ele>820.5999755859375</ele>
        <time>2026-08-23T05:02:23.000Z</time>
        <extensions>
          <ns3:TrackPointExtension>
            <ns3:cad>45</ns3:cad>
          </ns3:TrackPointExtension>
        </extensions>
      </trkpt>
      <trkpt lat="69.0147357992827892303466796875" lon="20.49457694403827190399169921875">
        <ele>820.79998779296875</ele>
        <time>2026-08-23T05:02:29.000Z</time>
        <extensions>
          <ns3:TrackPointExtension>
            <ns3:cad>44</ns3:cad>
          </ns3:TrackPointExtension>
        </extensions>
      </trkpt>
      <trkpt lat="69.01482355780899524688720703125" lon="20.494589768350124359130859375">
        <ele>820.79998779296875</ele>
        <time>2026-08-23T05:02:38.000Z</time>
        <extensions>
          <ns3:TrackPointExtension>
            <ns3:cad>0</ns3:cad>
          </ns3:TrackPointExtension>
        </extensions>
      </trkpt>
      <trkpt lat="69.014879129827022552490234375" lon="20.49467702396214008331298828125">
        <ele>820.20001220703125</ele>
        <time>2026-08-23T05:02:45.000Z</time>
        <extensions>
          <ns3:TrackPointExtension>
            <ns3:cad>49</ns3:cad>
          </ns3:TrackPointExtension>
        </extensions>
      </trkpt>
      <trkpt lat="69.014930427074432373046875" lon="20.49470342695713043212890625">
        <ele>821.79998779296875</ele>
        <time>2026-08-23T05:02:53.000Z</time>
        <extensions>
          <ns3:TrackPointExtension>
            <ns3:cad>0</ns3:cad>
          </ns3:TrackPointExtension>
        </extensions>
      </trkpt>
      <trkpt lat="69.0149523876607418060302734375" lon="20.4947294108569622039794921875">
        <ele>822.20001220703125</ele>
        <time>2026-08-23T05:02:56.000Z</time>
        <extensions>
          <ns3:TrackPointExtension>
            <ns3:cad>0</ns3:cad>
          </ns3:TrackPointExtension>
        </extensions>
      </trkpt>
      <trkpt lat="69.0149580873548984527587890625" lon="20.4947471804916858673095703125">
        <ele>822.20001220703125</ele>
        <time>2026-08-23T05:02:57.000Z</time>
        <extensions>
          <ns3:TrackPointExtension>
            <ns3:cad>0</ns3:cad>
          </ns3:TrackPointExtension>
        </extensions>
      </trkpt>
      <trkpt lat="69.0149681456387042999267578125" lon="20.494783557951450347900390625">
        <ele>822.4000244140625</ele>
        <time>2026-08-23T05:02:59.000Z</time>
        <extensions>
          <ns3:TrackPointExtension>
            <ns3:cad>0</ns3:cad>
          </ns3:TrackPointExtension>
        </extensions>
      </trkpt>
      <trkpt lat="69.0149802155792713165283203125" lon="20.4948041774332523345947265625">
        <ele>822.79998779296875</ele>
        <time>2026-08-23T05:03:02.000Z</time>
        <extensions>
          <ns3:TrackPointExtension>
            <ns3:cad>0</ns3:cad>
          </ns3:TrackPointExtension>
        </extensions>
      </trkpt>
      <trkpt lat="69.01499010622501373291015625" lon="20.49481800757348537445068359375">
        <ele>823</ele>
        <time>2026-08-23T05:03:04.000Z</time>
        <extensions>
          <ns3:TrackPointExtension>
            <ns3:cad>0</ns3:cad>
          </ns3:TrackPointExtension>
        </extensions>
      </trkpt>
      <trkpt lat="69.01500083506107330322265625" lon="20.4948383755981922149658203125">
        <ele>823.4000244140625</ele>
        <time>2026-08-23T05:03:06.000Z</time>
        <extensions>
          <ns3:TrackPointExtension>
            <ns3:cad>0</ns3:cad>
          </ns3:TrackPointExtension>
        </extensions>
      </trkpt>
      <trkpt lat="69.01504232548177242279052734375" lon="20.49488757736980915069580078125">
        <ele>824.20001220703125</ele>
        <time>2026-08-23T05:03:11.000Z</time>
        <extensions>
          <ns3:TrackPointExtension>
            <ns3:cad>0</ns3:cad>
          </ns3:TrackPointExtension>
        </extensions>
      </trkpt>
      <trkpt lat="69.0150940418243408203125" lon="20.49493677914142608642578125">
        <ele>824</ele>
        <time>2026-08-23T05:03:17.000Z</time>
        <extensions>
          <ns3:TrackPointExtension>
            <ns3:cad>40</ns3:cad>
          </ns3:TrackPointExtension>
        </extensions>
      </trkpt>
      <trkpt lat="69.01515833102166652679443359375" lon="20.4949584044516086578369140625">
        <ele>823.79998779296875</ele>
        <time>2026-08-23T05:03:23.000Z</time>
        <extensions>
          <ns3:TrackPointExtension>
            <ns3:cad>0</ns3:cad>
          </ns3:TrackPointExtension>
        </extensions>
      </trkpt>
      <trkpt lat="69.01522454805672168731689453125" lon="20.4950174130499362945556640625">
        <ele>823.79998779296875</ele>
        <time>2026-08-23T05:03:31.000Z</time>
        <extensions>
          <ns3:TrackPointExtension>
            <ns3:cad>0</ns3:cad>
          </ns3:TrackPointExtension>
        </extensions>
      </trkpt>
      <trkpt lat="69.015297554433345794677734375" lon="20.49507399089634418487548828125">
        <ele>823.79998779296875</ele>
        <time>2026-08-23T05:03:38.000Z</time>
        <extensions>
          <ns3:TrackPointExtension>
            <ns3:cad>47</ns3:cad>
          </ns3:TrackPointExtension>
        </extensions>
      </trkpt>
      <trkpt lat="69.0153501927852630615234375" lon="20.49507047049701213836669921875">
        <ele>823.79998779296875</ele>
        <time>2026-08-23T05:03:44.000Z</time>
        <extensions>
          <ns3:TrackPointExtension>
            <ns3:cad>44</ns3:cad>
          </ns3:TrackPointExtension>
        </extensions>
      </trkpt>
      <trkpt lat="69.0154107101261615753173828125" lon="20.4950821213424205780029296875">
        <ele>824</ele>
        <time>2026-08-23T05:03:52.000Z</time>
        <extensions>
          <ns3:TrackPointExtension>
            <ns3:cad>45</ns3:cad>
          </ns3:TrackPointExtension>
        </extensions>
      </trkpt>
      <trkpt lat="69.0154613368213176727294921875" lon="20.49514976330101490020751953125">
        <ele>824</ele>
        <time>2026-08-23T05:03:58.000Z</time>
        <extensions>
          <ns3:TrackPointExtension>
            <ns3:cad>43</ns3:cad>
          </ns3:TrackPointExtension>
        </extensions>
      </trkpt>
      <trkpt lat="69.0154972113668918609619140625" lon="20.49520977772772312164306640625">
        <ele>824.4000244140625</ele>
        <time>2026-08-23T05:04:03.000Z</time>
        <extensions>
          <ns3:TrackPointExtension>
            <ns3:cad>0</ns3:cad>
          </ns3:TrackPointExtension>
        </extensions>
      </trkpt>
      <trkpt lat="69.01550852693617343902587890625" lon="20.495221428573131561279296875">
        <ele>824.4000244140625</ele>
        <time>2026-08-23T05:04:05.000Z</time>
        <extensions>
          <ns3:TrackPointExtension>
            <ns3:cad>0</ns3:cad>
          </ns3:TrackPointExtension>
        </extensions>
      </trkpt>
      <trkpt lat="69.0155672840774059295654296875" lon="20.495277084410190582275390625">
        <ele>824.5999755859375</ele>
        <time>2026-08-23T05:04:12.000Z</time>
        <extensions>
          <ns3:TrackPointExtension>
            <ns3:cad>46</ns3:cad>
          </ns3:TrackPointExtension>
        </extensions>
      </trkpt>
      <trkpt lat="69.0156169049441814422607421875" lon="20.4953251965343952178955078125">
        <ele>824.79998779296875</ele>
        <time>2026-08-23T05:04:18.000Z</time>
        <extensions>
          <ns3:TrackPointExtension>
            <ns3:cad>0</ns3:cad>
          </ns3:TrackPointExtension>
        </extensions>
      </trkpt>
      <trkpt lat="69.0156829543411731719970703125" lon="20.49537993036210536956787109375">
        <ele>824.5999755859375</ele>
        <time>2026-08-23T05:04:25.000Z</time>
        <extensions>
          <ns3:TrackPointExtension>
            <ns3:cad>0</ns3:cad>
          </ns3:TrackPointExtension>
        </extensions>
      </trkpt>
      <trkpt lat="69.01571874506771564483642578125" lon="20.49540105275809764862060546875">
        <ele>824.4000244140625</ele>
        <time>2026-08-23T05:04:29.000Z</time>
        <extensions>
          <ns3:TrackPointExtension>
            <ns3:cad>0</ns3:cad>
          </ns3:TrackPointExtension>
        </extensions>
      </trkpt>
      <trkpt lat="69.01573752053081989288330078125" lon="20.49539275467395782470703125">
        <ele>824.4000244140625</ele>
        <time>2026-08-23T05:04:31.000Z</time>
        <extensions>
          <ns3:TrackPointExtension>
            <ns3:cad>0</ns3:cad>
          </ns3:TrackPointExtension>
        </extensions>
      </trkpt>
      <trkpt lat="69.01574824936687946319580078125" lon="20.49539820291101932525634765625">
        <ele>824.4000244140625</ele>
        <time>2026-08-23T05:04:32.000Z</time>
        <extensions>
          <ns3:TrackPointExtension>
            <ns3:cad>0</ns3:cad>
          </ns3:TrackPointExtension>
        </extensions>
      </trkpt>
      <trkpt lat="69.0158070065081119537353515625" lon="20.49545519985258579254150390625">
        <ele>823.5999755859375</ele>
        <time>2026-08-23T05:04:38.000Z</time>
        <extensions>
          <ns3:TrackPointExtension>
            <ns3:cad>0</ns3:cad>
          </ns3:TrackPointExtension>
        </extensions>
      </trkpt>
      <trkpt lat="69.01586794294416904449462890625" lon="20.49553348682820796966552734375">
        <ele>823.5999755859375</ele>
        <time>2026-08-23T05:04:45.000Z</time>
        <extensions>
          <ns3:TrackPointExtension>
            <ns3:cad>0</ns3:cad>
          </ns3:TrackPointExtension>
        </extensions>
      </trkpt>
      <trkpt lat="69.01590130291879177093505859375" lon="20.49554589204490184783935546875">
        <ele>823.4000244140625</ele>
        <time>2026-08-23T05:04:49.000Z</time>
        <extensions>
          <ns3:TrackPointExtension>
            <ns3:cad>0</ns3:cad>
          </ns3:TrackPointExtension>
        </extensions>
      </trkpt>
      <trkpt lat="69.01591479778289794921875" lon="20.495552681386470794677734375">
        <ele>823.4000244140625</ele>
        <time>2026-08-23T05:04:50.000Z</time>
        <extensions>
          <ns3:TrackPointExtension>
            <ns3:cad>0</ns3:cad>
          </ns3:TrackPointExtension>
        </extensions>
      </trkpt>
      <trkpt lat="69.01596701703965663909912109375" lon="20.4956064932048320770263671875">
        <ele>824</ele>
        <time>2026-08-23T05:04:56.000Z</time>
        <extensions>
          <ns3:TrackPointExtension>
            <ns3:cad>49</ns3:cad>
          </ns3:TrackPointExtension>
        </extensions>
      </trkpt>
      <trkpt lat="69.0160353295505046844482421875" lon="20.4956484027206897735595703125">
        <ele>824.20001220703125</ele>
        <time>2026-08-23T05:05:03.000Z</time>
        <extensions>
          <ns3:TrackPointExtension>
            <ns3:cad>0</ns3:cad>
          </ns3:TrackPointExtension>
        </extensions>
      </trkpt>
      <trkpt lat="69.0160541050136089324951171875" lon="20.4956604726612567901611328125">
        <ele>824.4000244140625</ele>
        <time>2026-08-23T05:05:05.000Z</time>
        <extensions>
          <ns3:TrackPointExtension>
            <ns3:cad>0</ns3:cad>
          </ns3:TrackPointExtension>
        </extensions>
      </trkpt>
      <trkpt lat="69.01608637534081935882568359375" lon="20.4956712014973163604736328125">
        <ele>824.20001220703125</ele>
        <time>2026-08-23T05:05:10.000Z</time>
        <extensions>
          <ns3:TrackPointExtension>
            <ns3:cad>41</ns3:cad>
          </ns3:TrackPointExtension>
        </extensions>
      </trkpt>
      <trkpt lat="69.01608721353113651275634765625" lon="20.49566843546926975250244140625">
        <ele>824.4000244140625</ele>
        <time>2026-08-23T05:05:18.000Z</time>
        <extensions>
          <ns3:TrackPointExtension>
            <ns3:cad>0</ns3:cad>
          </ns3:TrackPointExtension>
        </extensions>
      </trkpt>
      <trkpt lat="69.01613800786435604095458984375" lon="20.4957104288041591644287109375">
        <ele>824</ele>
        <time>2026-08-23T05:05:24.000Z</time>
        <extensions>
          <ns3:TrackPointExtension>
            <ns3:cad>0</ns3:cad>
          </ns3:TrackPointExtension>
        </extensions>
      </trkpt>
      <trkpt lat="69.01620858348906040191650390625" lon="20.495757870376110076904296875">
        <ele>824.5999755859375</ele>
        <time>2026-08-23T05:05:30.000Z</time>
        <extensions>
          <ns3:TrackPointExtension>
            <ns3:cad>0</ns3:cad>
          </ns3:TrackPointExtension>
        </extensions>
      </trkpt>
      <trkpt lat="69.01628158986568450927734375" lon="20.4958227463066577911376953125">
        <ele>825</ele>
        <time>2026-08-23T05:05:37.000Z</time>
        <extensions>
          <ns3:TrackPointExtension>
            <ns3:cad>43</ns3:cad>
          </ns3:TrackPointExtension>
        </extensions>
      </trkpt>
      <trkpt lat="69.01632693596184253692626953125" lon="20.4958931542932987213134765625">
        <ele>825.4000244140625</ele>
        <time>2026-08-23T05:05:43.000Z</time>
        <extensions>
          <ns3:TrackPointExtension>
            <ns3:cad>0</ns3:cad>
          </ns3:TrackPointExtension>
        </extensions>
      </trkpt>
      <trkpt lat="69.01633598841726779937744140625" lon="20.495904050767421722412109375">
        <ele>825.4000244140625</ele>
        <time>2026-08-23T05:05:44.000Z</time>
        <extensions>
          <ns3:TrackPointExtension>
            <ns3:cad>0</ns3:cad>
          </ns3:TrackPointExtension>
        </extensions>
      </trkpt>
      <trkpt lat="69.01638996787369251251220703125" lon="20.49597202800214290618896484375">
        <ele>826.20001220703125</ele>
        <time>2026-08-23T05:05:51.000Z</time>
        <extensions>
          <ns3:TrackPointExtension>
            <ns3:cad>46</ns3:cad>
          </ns3:TrackPointExtension>
        </extensions>
      </trkpt>
      <trkpt lat="69.01641611941158771514892578125" lon="20.495989210903644561767578125">
        <ele>826.5999755859375</ele>
        <time>2026-08-23T05:05:54.000Z</time>
        <extensions>
          <ns3:TrackPointExtension>
            <ns3:cad>45</ns3:cad>
          </ns3:TrackPointExtension>
        </extensions>
      </trkpt>
      <trkpt lat="69.01645618490874767303466796875" lon="20.4960212297737598419189453125">
        <ele>826.79998779296875</ele>
        <time>2026-08-23T05:05:58.000Z</time>
        <extensions>
          <ns3:TrackPointExtension>
            <ns3:cad>45</ns3:cad>
          </ns3:TrackPointExtension>
        </extensions>
      </trkpt>
      <trkpt lat="69.0165291912853717803955078125" lon="20.4961006902158260345458984375">
        <ele>827.20001220703125</ele>
        <time>2026-08-23T05:06:07.000Z</time>
        <extensions>
          <ns3:TrackPointExtension>
            <ns3:cad>44</ns3:cad>
          </ns3:TrackPointExtension>
        </extensions>
      </trkpt>
      <trkpt lat="69.01655517518520355224609375" lon="20.496141426265239715576171875">
        <ele>827.5999755859375</ele>
        <time>2026-08-23T05:06:10.000Z</time>
        <extensions>
          <ns3:TrackPointExtension>
            <ns3:cad>0</ns3:cad>
          </ns3:TrackPointExtension>
        </extensions>
      </trkpt>
      <trkpt lat="69.0165947377681732177734375" lon="20.4961727745831012725830078125">
        <ele>827.79998779296875</ele>
        <time>2026-08-23T05:06:14.000Z</time>
        <extensions>
          <ns3:TrackPointExtension>
            <ns3:cad>0</ns3:cad>
          </ns3:TrackPointExtension>
        </extensions>
      </trkpt>
      <trkpt lat="69.0166344679892063140869140625" lon="20.49622532911598682403564453125">
        <ele>828</ele>
        <time>2026-08-23T05:06:19.000Z</time>
        <extensions>
          <ns3:TrackPointExtension>
            <ns3:cad>0</ns3:cad>
          </ns3:TrackPointExtension>
        </extensions>
      </trkpt>
      <trkpt lat="69.01668333448469638824462890625" lon="20.4962770454585552215576171875">
        <ele>828.5999755859375</ele>
        <time>2026-08-23T05:06:25.000Z</time>
        <extensions>
          <ns3:TrackPointExtension>
            <ns3:cad>0</ns3:cad>
          </ns3:TrackPointExtension>
        </extensions>
      </trkpt>
      <trkpt lat="69.01669054292142391204833984375" lon="20.496282912790775299072265625">
        <ele>828.5999755859375</ele>
        <time>2026-08-23T05:06:26.000Z</time>
        <extensions>
          <ns3:TrackPointExtension>
            <ns3:cad>0</ns3:cad>
          </ns3:TrackPointExtension>
        </extensions>
      </trkpt>
      <trkpt lat="69.0167234838008880615234375" lon="20.49634032882750034332275390625">
        <ele>828.79998779296875</ele>
        <time>2026-08-23T05:06:31.000Z</time>
        <extensions>
          <ns3:TrackPointExtension>
            <ns3:cad>46</ns3:cad>
          </ns3:TrackPointExtension>
        </extensions>
      </trkpt>
      <trkpt lat="69.016778469085693359375" lon="20.49642800353467464447021484375">
        <ele>829.20001220703125</ele>
        <time>2026-08-23T05:06:38.000Z</time>
        <extensions>
          <ns3:TrackPointExtension>
            <ns3:cad>44</ns3:cad>
          </ns3:TrackPointExtension>
        </extensions>
      </trkpt>
      <trkpt lat="69.01680864393711090087890625" lon="20.49654786475002765655517578125">
        <ele>829.5999755859375</ele>
        <time>2026-08-23T05:06:44.000Z</time>
        <extensions>
          <ns3:TrackPointExtension>
            <ns3:cad>0</ns3:cad>
          </ns3:TrackPointExtension>
        </extensions>
      </trkpt>
      <trkpt lat="69.01681409217417240142822265625" lon="20.496563874185085296630859375">
        <ele>829.79998779296875</ele>
        <time>2026-08-23T05:06:45.000Z</time>
        <extensions>
          <ns3:TrackPointExtension>
            <ns3:cad>0</ns3:cad>
          </ns3:TrackPointExtension>
        </extensions>
      </trkpt>
      <trkpt lat="69.0168352983891963958740234375" lon="20.49667040817439556121826171875">
        <ele>830.20001220703125</ele>
        <time>2026-08-23T05:06:50.000Z</time>
        <extensions>
          <ns3:TrackPointExtension>
            <ns3:cad>0</ns3:cad>
          </ns3:TrackPointExtension>
        </extensions>
      </trkpt>
      <trkpt lat="69.01684041135013103485107421875" lon="20.496682561933994293212890625">
        <ele>830.4000244140625</ele>
        <time>2026-08-23T05:06:51.000Z</time>
        <extensions>
          <ns3:TrackPointExtension>
            <ns3:cad>0</ns3:cad>
          </ns3:TrackPointExtension>
        </extensions>
      </trkpt>
      <trkpt lat="69.01685449294745922088623046875" lon="20.49672991968691349029541015625">
        <ele>830.79998779296875</ele>
        <time>2026-08-23T05:06:54.000Z</time>
        <extensions>
          <ns3:TrackPointExtension>
            <ns3:cad>0</ns3:cad>
          </ns3:TrackPointExtension>
        </extensions>
      </trkpt>
      <trkpt lat="69.01686639524996280670166015625" lon="20.49675439484417438507080078125">
        <ele>830.79998779296875</ele>
        <time>2026-08-23T05:06:56.000Z</time>
        <extensions>
          <ns3:TrackPointExtension>
            <ns3:cad>0</ns3:cad>
          </ns3:TrackPointExtension>
        </extensions>
      </trkpt>
      <trkpt lat="69.01687628589570522308349609375" lon="20.49677409231662750244140625">
        <ele>831</ele>
        <time>2026-08-23T05:06:58.000Z</time>
        <extensions>
          <ns3:TrackPointExtension>
            <ns3:cad>0</ns3:cad>
          </ns3:TrackPointExtension>
        </extensions>
      </trkpt>
      <trkpt lat="69.01689355261623859405517578125" lon="20.49682195298373699188232421875">
        <ele>831.4000244140625</ele>
        <time>2026-08-23T05:07:02.000Z</time>
        <extensions>
          <ns3:TrackPointExtension>
            <ns3:cad>0</ns3:cad>
          </ns3:TrackPointExtension>
        </extensions>
      </trkpt>
      <trkpt lat="69.01691115461289882659912109375" lon="20.49688196741044521331787109375">
        <ele>831.79998779296875</ele>
        <time>2026-08-23T05:07:06.000Z</time>
        <extensions>
          <ns3:TrackPointExtension>
            <ns3:cad>0</ns3:cad>
          </ns3:TrackPointExtension>
        </extensions>
      </trkpt>
      <trkpt lat="69.01690796948969364166259765625" lon="20.49689252860844135284423828125">
        <ele>832</ele>
        <time>2026-08-23T05:07:08.000Z</time>
        <extensions>
          <ns3:TrackPointExtension>
            <ns3:cad>0</ns3:cad>
          </ns3:TrackPointExtension>
        </extensions>
      </trkpt>
      <trkpt lat="69.01690126396715641021728515625" lon="20.49689755775034427642822265625">
        <ele>832.20001220703125</ele>
        <time>2026-08-23T05:07:15.000Z</time>
        <extensions>
          <ns3:TrackPointExtension>
            <ns3:cad>0</ns3:cad>
          </ns3:TrackPointExtension>
        </extensions>
      </trkpt>
      <trkpt lat="69.0169187821447849273681640625" lon="20.49689345061779022216796875">
        <ele>832</ele>
        <time>2026-08-23T05:07:22.000Z</time>
        <extensions>
          <ns3:TrackPointExtension>
            <ns3:cad>0</ns3:cad>
          </ns3:TrackPointExtension>
        </extensions>
      </trkpt>
      <trkpt lat="69.0169449336826801300048828125" lon="20.49699177034199237823486328125">
        <ele>831.79998779296875</ele>
        <time>2026-08-23T05:07:28.000Z</time>
        <extensions>
          <ns3:TrackPointExtension>
            <ns3:cad>0</ns3:cad>
          </ns3:TrackPointExtension>
        </extensions>
      </trkpt>
      <trkpt lat="69.01696932502090930938720703125" lon="20.49710333347320556640625">
        <ele>831.5999755859375</ele>
        <time>2026-08-23T05:07:33.000Z</time>
        <extensions>
          <ns3:TrackPointExtension>
            <ns3:cad>0</ns3:cad>
          </ns3:TrackPointExtension>
        </extensions>
      </trkpt>
      <trkpt lat="69.0170277468860149383544921875" lon="20.4971578158438205718994140625">
        <ele>831.5999755859375</ele>
        <time>2026-08-23T05:07:39.000Z</time>
        <extensions>
          <ns3:TrackPointExtension>
            <ns3:cad>0</ns3:cad>
          </ns3:TrackPointExtension>
        </extensions>
      </trkpt>
      <trkpt lat="69.017077870666980743408203125" lon="20.497296117246150970458984375">
        <ele>831.5999755859375</ele>
        <time>2026-08-23T05:07:46.000Z</time>
        <extensions>
          <ns3:TrackPointExtension>
            <ns3:cad>45</ns3:cad>
          </ns3:TrackPointExtension>
        </extensions>
      </trkpt>
      <trkpt lat="69.0171222947537899017333984375" lon="20.4973794333636760711669921875">
        <ele>831.4000244140625</ele>
        <time>2026-08-23T05:07:52.000Z</time>
        <extensions>
          <ns3:TrackPointExtension>
            <ns3:cad>0</ns3:cad>
          </ns3:TrackPointExtension>
        </extensions>
      </trkpt>
      <trkpt lat="69.0171336941421031951904296875" lon="20.49741706810891628265380859375">
        <ele>831.20001220703125</ele>
        <time>2026-08-23T05:07:54.000Z</time>
        <extensions>
          <ns3:TrackPointExtension>
            <ns3:cad>0</ns3:cad>
          </ns3:TrackPointExtension>
        </extensions>
      </trkpt>
      <trkpt lat="69.01715640909969806671142578125" lon="20.49748890101909637451171875">
        <ele>831</ele>
        <time>2026-08-23T05:07:58.000Z</time>
        <extensions>
          <ns3:TrackPointExtension>
            <ns3:cad>0</ns3:cad>
          </ns3:TrackPointExtension>
        </extensions>
      </trkpt>
      <trkpt lat="69.01717401109635829925537109375" lon="20.49750767648220062255859375">
        <ele>830.79998779296875</ele>
        <time>2026-08-23T05:08:00.000Z</time>
        <extensions>
          <ns3:TrackPointExtension>
            <ns3:cad>0</ns3:cad>
          </ns3:TrackPointExtension>
        </extensions>
      </trkpt>
      <trkpt lat="69.01721407659351825714111328125" lon="20.4975624941289424896240234375">
        <ele>830.4000244140625</ele>
        <time>2026-08-23T05:08:05.000Z</time>
        <extensions>
          <ns3:TrackPointExtension>
            <ns3:cad>50</ns3:cad>
          </ns3:TrackPointExtension>
        </extensions>
      </trkpt>
      <trkpt lat="69.0172574110329151153564453125" lon="20.49768914468586444854736328125">
        <ele>829.79998779296875</ele>
        <time>2026-08-23T05:08:12.000Z</time>
        <extensions>
          <ns3:TrackPointExtension>
            <ns3:cad>41</ns3:cad>
          </ns3:TrackPointExtension>
        </extensions>
      </trkpt>
      <trkpt lat="69.0172684751451015472412109375" lon="20.49772921018302440643310546875">
        <ele>829.79998779296875</ele>
        <time>2026-08-23T05:08:14.000Z</time>
        <extensions>
          <ns3:TrackPointExtension>
            <ns3:cad>0</ns3:cad>
          </ns3:TrackPointExtension>
        </extensions>
      </trkpt>
      <trkpt lat="69.01729588396847248077392578125" lon="20.4977991990745067596435546875">
        <ele>829.5999755859375</ele>
        <time>2026-08-23T05:08:18.000Z</time>
        <extensions>
          <ns3:TrackPointExtension>
            <ns3:cad>0</ns3:cad>
          </ns3:TrackPointExtension>
        </extensions>
      </trkpt>
      <trkpt lat="69.0173484385013580322265625" lon="20.497936494648456573486328125">
        <ele>829.4000244140625</ele>
        <time>2026-08-23T05:08:26.000Z</time>
        <extensions>
          <ns3:TrackPointExtension>
            <ns3:cad>47</ns3:cad>
          </ns3:TrackPointExtension>
        </extensions>
      </trkpt>
      <trkpt lat="69.01739914901554584503173828125" lon="20.498044788837432861328125">
        <ele>828.79998779296875</ele>
        <time>2026-08-23T05:08:33.000Z</time>
        <extensions>
          <ns3:TrackPointExtension>
            <ns3:cad>47</ns3:cad>
          </ns3:TrackPointExtension>
        </extensions>
      </trkpt>
      <trkpt lat="69.017408452928066253662109375" lon="20.4980617202818393707275390625">
        <ele>828.5999755859375</ele>
        <time>2026-08-23T05:08:34.000Z</time>
        <extensions>
          <ns3:TrackPointExtension>
            <ns3:cad>48</ns3:cad>
          </ns3:TrackPointExtension>
        </extensions>
      </trkpt>
      <trkpt lat="69.01746402494609355926513671875" lon="20.498153083026409149169921875">
        <ele>828.20001220703125</ele>
        <time>2026-08-23T05:08:41.000Z</time>
        <extensions>
          <ns3:TrackPointExtension>
            <ns3:cad>0</ns3:cad>
          </ns3:TrackPointExtension>
        </extensions>
      </trkpt>
      <trkpt lat="69.017507694661617279052734375" lon="20.4982313700020313262939453125">
        <ele>827.5999755859375</ele>
        <time>2026-08-23T05:08:48.000Z</time>
        <extensions>
          <ns3:TrackPointExtension>
            <ns3:cad>0</ns3:cad>
          </ns3:TrackPointExtension>
        </extensions>
      </trkpt>
      <trkpt lat="69.017532169818878173828125" lon="20.49826414324343204498291015625">
        <ele>827.5999755859375</ele>
        <time>2026-08-23T05:08:51.000Z</time>
        <extensions>
          <ns3:TrackPointExtension>
            <ns3:cad>0</ns3:cad>
          </ns3:TrackPointExtension>
        </extensions>
      </trkpt>
      <trkpt lat="69.01755354367196559906005859375" lon="20.498326085507869720458984375">
        <ele>827.4000244140625</ele>
        <time>2026-08-23T05:08:54.000Z</time>
        <extensions>
          <ns3:TrackPointExtension>
            <ns3:cad>0</ns3:cad>
          </ns3:TrackPointExtension>
        </extensions>
      </trkpt>
      <trkpt lat="69.01758137159049510955810546875" lon="20.498419962823390960693359375">
        <ele>827.5999755859375</ele>
        <time>2026-08-23T05:08:59.000Z</time>
        <extensions>
          <ns3:TrackPointExtension>
            <ns3:cad>50</ns3:cad>
          </ns3:TrackPointExtension>
        </extensions>
      </trkpt>
      <trkpt lat="69.017641134560108184814453125" lon="20.49853898584842681884765625">
        <ele>827.79998779296875</ele>
        <time>2026-08-23T05:09:06.000Z</time>
        <extensions>
          <ns3:TrackPointExtension>
            <ns3:cad>45</ns3:cad>
          </ns3:TrackPointExtension>
        </extensions>
      </trkpt>
      <trkpt lat="69.01767826639115810394287109375" lon="20.4986684024333953857421875">
        <ele>827.5999755859375</ele>
        <time>2026-08-23T05:09:12.000Z</time>
        <extensions>
          <ns3:TrackPointExtension>
            <ns3:cad>46</ns3:cad>
          </ns3:TrackPointExtension>
        </extensions>
      </trkpt>
      <trkpt lat="69.01771464385092258453369140625" lon="20.49875247292220592498779296875">
        <ele>827.5999755859375</ele>
        <time>2026-08-23T05:09:17.000Z</time>
        <extensions>
          <ns3:TrackPointExtension>
            <ns3:cad>47</ns3:cad>
          </ns3:TrackPointExtension>
        </extensions>
      </trkpt>
      <trkpt lat="69.01775990612804889678955078125" lon="20.49885858781635761260986328125">
        <ele>827.4000244140625</ele>
        <time>2026-08-23T05:09:24.000Z</time>
        <extensions>
          <ns3:TrackPointExtension>
            <ns3:cad>0</ns3:cad>
          </ns3:TrackPointExtension>
        </extensions>
      </trkpt>
      <trkpt lat="69.01781179010868072509765625" lon="20.4989795386791229248046875">
        <ele>827.4000244140625</ele>
        <time>2026-08-23T05:09:31.000Z</time>
        <extensions>
          <ns3:TrackPointExtension>
            <ns3:cad>44</ns3:cad>
          </ns3:TrackPointExtension>
        </extensions>
      </trkpt>
      <trkpt lat="69.01786048896610736846923828125" lon="20.49906930886209011077880859375">
        <ele>827.20001220703125</ele>
        <time>2026-08-23T05:09:38.000Z</time>
        <extensions>
          <ns3:TrackPointExtension>
            <ns3:cad>46</ns3:cad>
          </ns3:TrackPointExtension>
        </extensions>
      </trkpt>
      <trkpt lat="69.0179251134395599365234375" lon="20.49922688864171504974365234375">
        <ele>827</ele>
        <time>2026-08-23T05:09:46.000Z</time>
        <extensions>
          <ns3:TrackPointExtension>
            <ns3:cad>45</ns3:cad>
          </ns3:TrackPointExtension>
        </extensions>
      </trkpt>
      <trkpt lat="69.0179692022502422332763671875" lon="20.4992933571338653564453125">
        <ele>826.5999755859375</ele>
        <time>2026-08-23T05:09:51.000Z</time>
        <extensions>
          <ns3:TrackPointExtension>
            <ns3:cad>0</ns3:cad>
          </ns3:TrackPointExtension>
        </extensions>
      </trkpt>
      <trkpt lat="69.01797699742019176483154296875" lon="20.4993049241602420806884765625">
        <ele>826.5999755859375</ele>
        <time>2026-08-23T05:09:52.000Z</time>
        <extensions>
          <ns3:TrackPointExtension>
            <ns3:cad>0</ns3:cad>
          </ns3:TrackPointExtension>
        </extensions>
      </trkpt>
      <trkpt lat="69.0180270373821258544921875" lon="20.49943358637392520904541015625">
        <ele>826.5999755859375</ele>
        <time>2026-08-23T05:09:59.000Z</time>
        <extensions>
          <ns3:TrackPointExtension>
            <ns3:cad>0</ns3:cad>
          </ns3:TrackPointExtension>
        </extensions>
      </trkpt>
      <trkpt lat="69.01807732880115509033203125" lon="20.49954573623836040496826171875">
        <ele>826.79998779296875</ele>
        <time>2026-08-23T05:10:05.000Z</time>
        <extensions>
          <ns3:TrackPointExtension>
            <ns3:cad>40</ns3:cad>
          </ns3:TrackPointExtension>
        </extensions>
      </trkpt>
      <trkpt lat="69.018125943839550018310546875" lon="20.49963341094553470611572265625">
        <ele>826.5999755859375</ele>
        <time>2026-08-23T05:10:12.000Z</time>
        <extensions>
          <ns3:TrackPointExtension>
            <ns3:cad>0</ns3:cad>
          </ns3:TrackPointExtension>
        </extensions>
      </trkpt>
      <trkpt lat="69.0181529335677623748779296875" lon="20.49965746700763702392578125">
        <ele>826.5999755859375</ele>
        <time>2026-08-23T05:10:17.000Z</time>
        <extensions>
          <ns3:TrackPointExtension>
            <ns3:cad>0</ns3:cad>
          </ns3:TrackPointExtension>
        </extensions>
      </trkpt>
      <trkpt lat="69.01815234683454036712646484375" lon="20.49965637736022472381591796875">
        <ele>826.5999755859375</ele>
        <time>2026-08-23T05:10:18.000Z</time>
        <extensions>
          <ns3:TrackPointExtension>
            <ns3:cad>0</ns3:cad>
          </ns3:TrackPointExtension>
        </extensions>
      </trkpt>
      <trkpt lat="69.0181720443069934844970703125" lon="20.4996941797435283660888671875">
        <ele>826.4000244140625</ele>
        <time>2026-08-23T05:10:23.000Z</time>
        <extensions>
          <ns3:TrackPointExtension>
            <ns3:cad>0</ns3:cad>
          </ns3:TrackPointExtension>
        </extensions>
      </trkpt>
      <trkpt lat="69.01820741593837738037109375" lon="20.4997850395739078521728515625">
        <ele>826.5999755859375</ele>
        <time>2026-08-23T05:10:29.000Z</time>
        <extensions>
          <ns3:TrackPointExtension>
            <ns3:cad>0</ns3:cad>
          </ns3:TrackPointExtension>
        </extensions>
      </trkpt>
      <trkpt lat="69.01825745590031147003173828125" lon="20.49989090301096439361572265625">
        <ele>827.20001220703125</ele>
        <time>2026-08-23T05:10:36.000Z</time>
        <extensions>
          <ns3:TrackPointExtension>
            <ns3:cad>0</ns3:cad>
          </ns3:TrackPointExtension>
        </extensions>
      </trkpt>
      <trkpt lat="69.01830221526324748992919921875" lon="20.4999992810189723968505859375">
        <ele>827.5999755859375</ele>
        <time>2026-08-23T05:10:42.000Z</time>
        <extensions>
          <ns3:TrackPointExtension>
            <ns3:cad>0</ns3:cad>
          </ns3:TrackPointExtension>
        </extensions>
      </trkpt>
      <trkpt lat="69.01831696741282939910888671875" lon="20.5000649951398372650146484375">
        <ele>827.5999755859375</ele>
        <time>2026-08-23T05:10:45.000Z</time>
        <extensions>
          <ns3:TrackPointExtension>
            <ns3:cad>0</ns3:cad>
          </ns3:TrackPointExtension>
        </extensions>
      </trkpt>
      <trkpt lat="69.01833289302885532379150390625" lon="20.5001126043498516082763671875">
        <ele>827.79998779296875</ele>
        <time>2026-08-23T05:10:48.000Z</time>
        <extensions>
          <ns3:TrackPointExtension>
            <ns3:cad>0</ns3:cad>
          </ns3:TrackPointExtension>
        </extensions>
      </trkpt>
      <trkpt lat="69.01836105622351169586181640625" lon="20.50022366456687450408935546875">
        <ele>828</ele>
        <time>2026-08-23T05:10:54.000Z</time>
        <extensions>
          <ns3:TrackPointExtension>
            <ns3:cad>0</ns3:cad>
          </ns3:TrackPointExtension>
        </extensions>
      </trkpt>
      <trkpt lat="69.0184080787003040313720703125" lon="20.50032860599458217620849609375">
        <ele>828.20001220703125</ele>
        <time>2026-08-23T05:11:00.000Z</time>
        <extensions>
          <ns3:TrackPointExtension>
            <ns3:cad>0</ns3:cad>
          </ns3:TrackPointExtension>
        </extensions>
      </trkpt>
      <trkpt lat="69.0184615552425384521484375" lon="20.50044679082930088043212890625">
        <ele>828.4000244140625</ele>
        <time>2026-08-23T05:11:07.000Z</time>
        <extensions>
          <ns3:TrackPointExtension>
            <ns3:cad>0</ns3:cad>
          </ns3:TrackPointExtension>
        </extensions>
      </trkpt>
      <trkpt lat="69.01849667541682720184326171875" lon="20.5005083978176116943359375">
        <ele>828.5999755859375</ele>
        <time>2026-08-23T05:11:12.000Z</time>
        <extensions>
          <ns3:TrackPointExtension>
            <ns3:cad>68</ns3:cad>
          </ns3:TrackPointExtension>
        </extensions>
      </trkpt>
      <trkpt lat="69.01851025409996509552001953125" lon="20.50053161568939685821533203125">
        <ele>828.5999755859375</ele>
        <time>2026-08-23T05:11:14.000Z</time>
        <extensions>
          <ns3:TrackPointExtension>
            <ns3:cad>68</ns3:cad>
          </ns3:TrackPointExtension>
        </extensions>
      </trkpt>
      <trkpt lat="69.0185576118528842926025390625" lon="20.500621385872364044189453125">
        <ele>828.79998779296875</ele>
        <time>2026-08-23T05:11:20.000Z</time>
        <extensions>
          <ns3:TrackPointExtension>
            <ns3:cad>0</ns3:cad>
          </ns3:TrackPointExtension>
        </extensions>
      </trkpt>
      <trkpt lat="69.01861670427024364471435546875" lon="20.50068341195583343505859375">
        <ele>829.20001220703125</ele>
        <time>2026-08-23T05:11:27.000Z</time>
        <extensions>
          <ns3:TrackPointExtension>
            <ns3:cad>47</ns3:cad>
          </ns3:TrackPointExtension>
        </extensions>
      </trkpt>
      <trkpt lat="69.01867671869695186614990234375" lon="20.50076463259756565093994140625">
        <ele>828.79998779296875</ele>
        <time>2026-08-23T05:11:34.000Z</time>
        <extensions>
          <ns3:TrackPointExtension>
            <ns3:cad>0</ns3:cad>
          </ns3:TrackPointExtension>
        </extensions>
      </trkpt>
      <trkpt lat="69.01874695904552936553955078125" lon="20.50088650546967983245849609375">
        <ele>829</ele>
        <time>2026-08-23T05:11:42.000Z</time>
        <extensions>
          <ns3:TrackPointExtension>
            <ns3:cad>0</ns3:cad>
          </ns3:TrackPointExtension>
        </extensions>
      </trkpt>
      <trkpt lat="69.0188040398061275482177734375" lon="20.50097300671041011810302734375">
        <ele>829.20001220703125</ele>
        <time>2026-08-23T05:11:49.000Z</time>
        <extensions>
          <ns3:TrackPointExtension>
            <ns3:cad>46</ns3:cad>
          </ns3:TrackPointExtension>
        </extensions>
      </trkpt>
      <trkpt lat="69.018870927393436431884765625" lon="20.5010761879384517669677734375">
        <ele>828.5999755859375</ele>
        <time>2026-08-23T05:11:57.000Z</time>
        <extensions>
          <ns3:TrackPointExtension>
            <ns3:cad>45</ns3:cad>
          </ns3:TrackPointExtension>
        </extensions>
      </trkpt>
      <trkpt lat="69.01892147026956081390380859375" lon="20.501161515712738037109375">
        <ele>828.20001220703125</ele>
        <time>2026-08-23T05:12:03.000Z</time>
        <extensions>
          <ns3:TrackPointExtension>
            <ns3:cad>0</ns3:cad>
          </ns3:TrackPointExtension>
        </extensions>
      </trkpt>
      <trkpt lat="69.0189792215824127197265625" lon="20.50125472247600555419921875">
        <ele>828</ele>
        <time>2026-08-23T05:12:09.000Z</time>
        <extensions>
          <ns3:TrackPointExtension>
            <ns3:cad>0</ns3:cad>
          </ns3:TrackPointExtension>
        </extensions>
      </trkpt>
      <trkpt lat="69.01902188546955585479736328125" lon="20.50133384764194488525390625">
        <ele>827.5999755859375</ele>
        <time>2026-08-23T05:12:14.000Z</time>
        <extensions>
          <ns3:TrackPointExtension>
            <ns3:cad>48</ns3:cad>
          </ns3:TrackPointExtension>
        </extensions>
      </trkpt>
      <trkpt lat="69.01903747580945491790771484375" lon="20.5013574846088886260986328125">
        <ele>827.20001220703125</ele>
        <time>2026-08-23T05:12:16.000Z</time>
        <extensions>
          <ns3:TrackPointExtension>
            <ns3:cad>48</ns3:cad>
          </ns3:TrackPointExtension>
        </extensions>
      </trkpt>
      <trkpt lat="69.01908676140010356903076171875" lon="20.50145588815212249755859375">
        <ele>826.5999755859375</ele>
        <time>2026-08-23T05:12:22.000Z</time>
        <extensions>
          <ns3:TrackPointExtension>
            <ns3:cad>0</ns3:cad>
          </ns3:TrackPointExtension>
        </extensions>
      </trkpt>
      <trkpt lat="69.0191047824919223785400390625" lon="20.50147843547165393829345703125">
        <ele>826.5999755859375</ele>
        <time>2026-08-23T05:12:24.000Z</time>
        <extensions>
          <ns3:TrackPointExtension>
            <ns3:cad>0</ns3:cad>
          </ns3:TrackPointExtension>
        </extensions>
      </trkpt>
      <trkpt lat="69.01913604699075222015380859375" lon="20.50149285234510898590087890625">
        <ele>826.4000244140625</ele>
        <time>2026-08-23T05:12:27.000Z</time>
        <extensions>
          <ns3:TrackPointExtension>
            <ns3:cad>0</ns3:cad>
          </ns3:TrackPointExtension>
        </extensions>
      </trkpt>
      <trkpt lat="69.0191906131803989410400390625" lon="20.501595698297023773193359375">
        <ele>825.4000244140625</ele>
        <time>2026-08-23T05:12:35.000Z</time>
        <extensions>
          <ns3:TrackPointExtension>
            <ns3:cad>0</ns3:cad>
          </ns3:TrackPointExtension>
        </extensions>
      </trkpt>
      <trkpt lat="69.01925959624350070953369140625" lon="20.50168119370937347412109375">
        <ele>824.79998779296875</ele>
        <time>2026-08-23T05:12:43.000Z</time>
        <extensions>
          <ns3:TrackPointExtension>
            <ns3:cad>0</ns3:cad>
          </ns3:TrackPointExtension>
        </extensions>
      </trkpt>
      <trkpt lat="69.01928390376269817352294921875" lon="20.501711368560791015625">
        <ele>824.79998779296875</ele>
        <time>2026-08-23T05:12:46.000Z</time>
        <extensions>
          <ns3:TrackPointExtension>
            <ns3:cad>0</ns3:cad>
          </ns3:TrackPointExtension>
        </extensions>
      </trkpt>
      <trkpt lat="69.0193257294595241546630859375" lon="20.50174933858215808868408203125">
        <ele>824.79998779296875</ele>
        <time>2026-08-23T05:12:50.000Z</time>
        <extensions>
          <ns3:TrackPointExtension>
            <ns3:cad>46</ns3:cad>
          </ns3:TrackPointExtension>
        </extensions>
      </trkpt>
      <trkpt lat="69.019360430538654327392578125" lon="20.5018148012459278106689453125">
        <ele>824.4000244140625</ele>
        <time>2026-08-23T05:12:54.000Z</time>
        <extensions>
          <ns3:TrackPointExtension>
            <ns3:cad>0</ns3:cad>
          </ns3:TrackPointExtension>
        </extensions>
      </trkpt>
      <trkpt lat="69.01937727816402912139892578125" lon="20.50182469189167022705078125">
        <ele>824.20001220703125</ele>
        <time>2026-08-23T05:12:56.000Z</time>
        <extensions>
          <ns3:TrackPointExtension>
            <ns3:cad>0</ns3:cad>
          </ns3:TrackPointExtension>
        </extensions>
      </trkpt>
      <trkpt lat="69.0194635279476642608642578125" lon="20.50186836160719394683837890625">
        <ele>823.5999755859375</ele>
        <time>2026-08-23T05:13:04.000Z</time>
        <extensions>
          <ns3:TrackPointExtension>
            <ns3:cad>47</ns3:cad>
          </ns3:TrackPointExtension>
        </extensions>
      </trkpt>
      <trkpt lat="69.01949085295200347900390625" lon="20.50190054811537265777587890625">
        <ele>823.4000244140625</ele>
        <time>2026-08-23T05:13:07.000Z</time>
        <extensions>
          <ns3:TrackPointExtension>
            <ns3:cad>47</ns3:cad>
          </ns3:TrackPointExtension>
        </extensions>
      </trkpt>
      <trkpt lat="69.019518680870532989501953125" lon="20.50193742848932743072509765625">
        <ele>823</ele>
        <time>2026-08-23T05:13:11.000Z</time>
        <extensions>
          <ns3:TrackPointExtension>
            <ns3:cad>48</ns3:cad>
          </ns3:TrackPointExtension>
        </extensions>
      </trkpt>
      <trkpt lat="69.01954852044582366943359375" lon="20.5019663460552692413330078125">
        <ele>822.79998779296875</ele>
        <time>2026-08-23T05:13:14.000Z</time>
        <extensions>
          <ns3:TrackPointExtension>
            <ns3:cad>43</ns3:cad>
          </ns3:TrackPointExtension>
        </extensions>
      </trkpt>
      <trkpt lat="69.01957877911627292633056640625" lon="20.5019985325634479522705078125">
        <ele>822.5999755859375</ele>
        <time>2026-08-23T05:13:17.000Z</time>
        <extensions>
          <ns3:TrackPointExtension>
            <ns3:cad>43</ns3:cad>
          </ns3:TrackPointExtension>
        </extensions>
      </trkpt>
      <trkpt lat="69.019625298678874969482421875" lon="20.5020464770495891571044921875">
        <ele>822.5999755859375</ele>
        <time>2026-08-23T05:13:22.000Z</time>
        <extensions>
          <ns3:TrackPointExtension>
            <ns3:cad>0</ns3:cad>
          </ns3:TrackPointExtension>
        </extensions>
      </trkpt>
      <trkpt lat="69.0196522884070873260498046875" lon="20.502070449292659759521484375">
        <ele>822.20001220703125</ele>
        <time>2026-08-23T05:13:25.000Z</time>
        <extensions>
          <ns3:TrackPointExtension>
            <ns3:cad>0</ns3:cad>
          </ns3:TrackPointExtension>
        </extensions>
      </trkpt>
      <trkpt lat="69.01968665421009063720703125" lon="20.50211043097078800201416015625">
        <ele>821.79998779296875</ele>
        <time>2026-08-23T05:13:30.000Z</time>
        <extensions>
          <ns3:TrackPointExtension>
            <ns3:cad>68</ns3:cad>
          </ns3:TrackPointExtension>
        </extensions>
      </trkpt>
      <trkpt lat="69.01974306441843509674072265625" lon="20.50215032882988452911376953125">
        <ele>821.4000244140625</ele>
        <time>2026-08-23T05:13:36.000Z</time>
        <extensions>
          <ns3:TrackPointExtension>
            <ns3:cad>0</ns3:cad>
          </ns3:TrackPointExtension>
        </extensions>
      </trkpt>
      <trkpt lat="69.0197892487049102783203125" lon="20.502192489802837371826171875">
        <ele>821.20001220703125</ele>
        <time>2026-08-23T05:13:41.000Z</time>
        <extensions>
          <ns3:TrackPointExtension>
            <ns3:cad>16</ns3:cad>
          </ns3:TrackPointExtension>
        </extensions>
      </trkpt>
      <trkpt lat="69.01980425231158733367919921875" lon="20.50221503712236881256103515625">
        <ele>821</ele>
        <time>2026-08-23T05:13:43.000Z</time>
        <extensions>
          <ns3:TrackPointExtension>
            <ns3:cad>47</ns3:cad>
          </ns3:TrackPointExtension>
        </extensions>
      </trkpt>
      <trkpt lat="69.01985236443579196929931640625" lon="20.50227605737745761871337890625">
        <ele>820.5999755859375</ele>
        <time>2026-08-23T05:13:49.000Z</time>
        <extensions>
          <ns3:TrackPointExtension>
            <ns3:cad>0</ns3:cad>
          </ns3:TrackPointExtension>
        </extensions>
      </trkpt>
      <trkpt lat="69.0199064277112483978271484375" lon="20.5023740418255329132080078125">
        <ele>820.5999755859375</ele>
        <time>2026-08-23T05:13:56.000Z</time>
        <extensions>
          <ns3:TrackPointExtension>
            <ns3:cad>0</ns3:cad>
          </ns3:TrackPointExtension>
        </extensions>
      </trkpt>
      <trkpt lat="69.01997759006917476654052734375" lon="20.50244319252669811248779296875">
        <ele>820.20001220703125</ele>
        <time>2026-08-23T05:14:03.000Z</time>
        <extensions>
          <ns3:TrackPointExtension>
            <ns3:cad>67</ns3:cad>
          </ns3:TrackPointExtension>
        </extensions>
      </trkpt>
      <trkpt lat="69.01998597197234630584716796875" lon="20.50245291553437709808349609375">
        <ele>820.20001220703125</ele>
        <time>2026-08-23T05:14:04.000Z</time>
        <extensions>
          <ns3:TrackPointExtension>
            <ns3:cad>67</ns3:cad>
          </ns3:TrackPointExtension>
        </extensions>
      </trkpt>
      <trkpt lat="69.0200281329452991485595703125" lon="20.5025084875524044036865234375">
        <ele>819.5999755859375</ele>
        <time>2026-08-23T05:14:10.000Z</time>
        <extensions>
          <ns3:TrackPointExtension>
            <ns3:cad>0</ns3:cad>
          </ns3:TrackPointExtension>
        </extensions>
      </trkpt>
      <trkpt lat="69.02005453594028949737548828125" lon="20.50254084169864654541015625">
        <ele>819.20001220703125</ele>
        <time>2026-08-23T05:14:13.000Z</time>
        <extensions>
          <ns3:TrackPointExtension>
            <ns3:cad>0</ns3:cad>
          </ns3:TrackPointExtension>
        </extensions>
      </trkpt>
      <trkpt lat="69.0200817771255970001220703125" lon="20.502572022378444671630859375">
        <ele>819</ele>
        <time>2026-08-23T05:14:16.000Z</time>
        <extensions>
          <ns3:TrackPointExtension>
            <ns3:cad>0</ns3:cad>
          </ns3:TrackPointExtension>
        </extensions>
      </trkpt>
      <trkpt lat="69.02013835497200489044189453125" lon="20.502613596618175506591796875">
        <ele>818.79998779296875</ele>
        <time>2026-08-23T05:14:23.000Z</time>
        <extensions>
          <ns3:TrackPointExtension>
            <ns3:cad>0</ns3:cad>
          </ns3:TrackPointExtension>
        </extensions>
      </trkpt>
      <trkpt lat="69.02016098611056804656982421875" lon="20.5026067234575748443603515625">
        <ele>818.4000244140625</ele>
        <time>2026-08-23T05:14:26.000Z</time>
        <extensions>
          <ns3:TrackPointExtension>
            <ns3:cad>46</ns3:cad>
          </ns3:TrackPointExtension>
        </extensions>
      </trkpt>
      <trkpt lat="69.0201763249933719635009765625" lon="20.502620637416839599609375">
        <ele>818</ele>
        <time>2026-08-23T05:14:28.000Z</time>
        <extensions>
          <ns3:TrackPointExtension>
            <ns3:cad>0</ns3:cad>
          </ns3:TrackPointExtension>
        </extensions>
      </trkpt>
      <trkpt lat="69.02019233442842960357666015625" lon="20.50263228826224803924560546875">
        <ele>817.4000244140625</ele>
        <time>2026-08-23T05:14:30.000Z</time>
        <extensions>
          <ns3:TrackPointExtension>
            <ns3:cad>0</ns3:cad>
          </ns3:TrackPointExtension>
        </extensions>
      </trkpt>
      <trkpt lat="69.02023541741073131561279296875" lon="20.50271208398044109344482421875">
        <ele>817.20001220703125</ele>
        <time>2026-08-23T05:14:36.000Z</time>
        <extensions>
          <ns3:TrackPointExtension>
            <ns3:cad>0</ns3:cad>
          </ns3:TrackPointExtension>
        </extensions>
      </trkpt>
      <trkpt lat="69.0202785842120647430419921875" lon="20.50277327187359333038330078125">
        <ele>816.79998779296875</ele>
        <time>2026-08-23T05:14:41.000Z</time>
        <extensions>
          <ns3:TrackPointExtension>
            <ns3:cad>45</ns3:cad>
          </ns3:TrackPointExtension>
        </extensions>
      </trkpt>
      <trkpt lat="69.02028839103877544403076171875" lon="20.50278031267225742340087890625">
        <ele>816.79998779296875</ele>
        <time>2026-08-23T05:14:42.000Z</time>
        <extensions>
          <ns3:TrackPointExtension>
            <ns3:cad>48</ns3:cad>
          </ns3:TrackPointExtension>
        </extensions>
      </trkpt>
      <trkpt lat="69.02032342739403247833251953125" lon="20.502824485301971435546875">
        <ele>816.4000244140625</ele>
        <time>2026-08-23T05:14:48.000Z</time>
        <extensions>
          <ns3:TrackPointExtension>
            <ns3:cad>48</ns3:cad>
          </ns3:TrackPointExtension>
        </extensions>
      </trkpt>
      <trkpt lat="69.020345471799373626708984375" lon="20.5028638802468776702880859375">
        <ele>816.20001220703125</ele>
        <time>2026-08-23T05:14:55.000Z</time>
        <extensions>
          <ns3:TrackPointExtension>
            <ns3:cad>0</ns3:cad>
          </ns3:TrackPointExtension>
        </extensions>
      </trkpt>
      <trkpt lat="69.02034555561840534210205078125" lon="20.502890534698963165283203125">
        <ele>816</ele>
        <time>2026-08-23T05:15:03.000Z</time>
        <extensions>
          <ns3:TrackPointExtension>
            <ns3:cad>0</ns3:cad>
          </ns3:TrackPointExtension>
        </extensions>
      </trkpt>
      <trkpt lat="69.02035108767449855804443359375" lon="20.5028880201280117034912109375">
        <ele>816.20001220703125</ele>
        <time>2026-08-23T05:15:12.000Z</time>
        <extensions>
          <ns3:TrackPointExtension>
            <ns3:cad>0</ns3:cad>
          </ns3:TrackPointExtension>
        </extensions>
      </trkpt>
      <trkpt lat="69.02037405408918857574462890625" lon="20.502909980714321136474609375">
        <ele>816</ele>
        <time>2026-08-23T05:15:19.000Z</time>
        <extensions>
          <ns3:TrackPointExtension>
            <ns3:cad>0</ns3:cad>
          </ns3:TrackPointExtension>
        </extensions>
      </trkpt>
      <trkpt lat="69.02038964442908763885498046875" lon="20.50295566208660602569580078125">
        <ele>815.79998779296875</ele>
        <time>2026-08-23T05:15:22.000Z</time>
        <extensions>
          <ns3:TrackPointExtension>
            <ns3:cad>0</ns3:cad>
          </ns3:TrackPointExtension>
        </extensions>
      </trkpt>
      <trkpt lat="69.020399786531925201416015625" lon="20.50298751331865787506103515625">
        <ele>815.4000244140625</ele>
        <time>2026-08-23T05:15:25.000Z</time>
        <extensions>
          <ns3:TrackPointExtension>
            <ns3:cad>51</ns3:cad>
          </ns3:TrackPointExtension>
        </extensions>
      </trkpt>
      <trkpt lat="69.020424596965312957763671875" lon="20.50304082222282886505126953125">
        <ele>814.5999755859375</ele>
        <time>2026-08-23T05:15:30.000Z</time>
        <extensions>
          <ns3:TrackPointExtension>
            <ns3:cad>0</ns3:cad>
          </ns3:TrackPointExtension>
        </extensions>
      </trkpt>
      <trkpt lat="69.0204358287155628204345703125" lon="20.50307233817875385284423828125">
        <ele>814.4000244140625</ele>
        <time>2026-08-23T05:15:32.000Z</time>
        <extensions>
          <ns3:TrackPointExtension>
            <ns3:cad>0</ns3:cad>
          </ns3:TrackPointExtension>
        </extensions>
      </trkpt>
      <trkpt lat="69.02047832496464252471923828125" lon="20.50317392684519290924072265625">
        <ele>813.5999755859375</ele>
        <time>2026-08-23T05:15:38.000Z</time>
        <extensions>
          <ns3:TrackPointExtension>
            <ns3:cad>0</ns3:cad>
          </ns3:TrackPointExtension>
        </extensions>
      </trkpt>
      <trkpt lat="69.020482599735260009765625" lon="20.50319119356572628021240234375">
        <ele>813.4000244140625</ele>
        <time>2026-08-23T05:15:39.000Z</time>
        <extensions>
          <ns3:TrackPointExtension>
            <ns3:cad>0</ns3:cad>
          </ns3:TrackPointExtension>
        </extensions>
      </trkpt>
      <trkpt lat="69.02052006684243679046630859375" lon="20.50330661237239837646484375">
        <ele>813</ele>
        <time>2026-08-23T05:15:45.000Z</time>
        <extensions>
          <ns3:TrackPointExtension>
            <ns3:cad>47</ns3:cad>
          </ns3:TrackPointExtension>
        </extensions>
      </trkpt>
      <trkpt lat="69.0205478109419345855712890625" lon="20.50344047136604785919189453125">
        <ele>812.79998779296875</ele>
        <time>2026-08-23T05:15:51.000Z</time>
        <extensions>
          <ns3:TrackPointExtension>
            <ns3:cad>44</ns3:cad>
          </ns3:TrackPointExtension>
        </extensions>
      </trkpt>
      <trkpt lat="69.0205685980618000030517578125" lon="20.5035833828151226043701171875">
        <ele>812.4000244140625</ele>
        <time>2026-08-23T05:15:57.000Z</time>
        <extensions>
          <ns3:TrackPointExtension>
            <ns3:cad>45</ns3:cad>
          </ns3:TrackPointExtension>
        </extensions>
      </trkpt>
      <trkpt lat="69.020579159259796142578125" lon="20.50362906418740749359130859375">
        <ele>812.20001220703125</ele>
        <time>2026-08-23T05:15:59.000Z</time>
        <extensions>
          <ns3:TrackPointExtension>
            <ns3:cad>45</ns3:cad>
          </ns3:TrackPointExtension>
        </extensions>
      </trkpt>
      <trkpt lat="69.0205903910100460052490234375" lon="20.50366393290460109710693359375">
        <ele>811.79998779296875</ele>
        <time>2026-08-23T05:16:01.000Z</time>
        <extensions>
          <ns3:TrackPointExtension>
            <ns3:cad>66</ns3:cad>
          </ns3:TrackPointExtension>
        </extensions>
      </trkpt>
      <trkpt lat="69.02060338295996189117431640625" lon="20.50370299257338047027587890625">
        <ele>811.4000244140625</ele>
        <time>2026-08-23T05:16:03.000Z</time>
        <extensions>
          <ns3:TrackPointExtension>
            <ns3:cad>66</ns3:cad>
          </ns3:TrackPointExtension>
        </extensions>
      </trkpt>
      <trkpt lat="69.02061008848249912261962890625" lon="20.50375227816402912139892578125">
        <ele>811</ele>
        <time>2026-08-23T05:16:05.000Z</time>
        <extensions>
          <ns3:TrackPointExtension>
            <ns3:cad>66</ns3:cad>
          </ns3:TrackPointExtension>
        </extensions>
      </trkpt>
      <trkpt lat="69.0206188894808292388916015625" lon="20.5038489215075969696044921875">
        <ele>810.4000244140625</ele>
        <time>2026-08-23T05:16:09.000Z</time>
        <extensions>
          <ns3:TrackPointExtension>
            <ns3:cad>66</ns3:cad>
          </ns3:TrackPointExtension>
        </extensions>
      </trkpt>
      <trkpt lat="69.02062618173658847808837890625" lon="20.503906421363353729248046875">
        <ele>810.20001220703125</ele>
        <time>2026-08-23T05:16:11.000Z</time>
        <extensions>
          <ns3:TrackPointExtension>
            <ns3:cad>50</ns3:cad>
          </ns3:TrackPointExtension>
        </extensions>
      </trkpt>
      <trkpt lat="69.02065224945545196533203125" lon="20.50400222651660442352294921875">
        <ele>809.79998779296875</ele>
        <time>2026-08-23T05:16:17.000Z</time>
        <extensions>
          <ns3:TrackPointExtension>
            <ns3:cad>45</ns3:cad>
          </ns3:TrackPointExtension>
        </extensions>
      </trkpt>
      <trkpt lat="69.0206730365753173828125" lon="20.50406123511493206024169921875">
        <ele>809.20001220703125</ele>
        <time>2026-08-23T05:16:24.000Z</time>
        <extensions>
          <ns3:TrackPointExtension>
            <ns3:cad>0</ns3:cad>
          </ns3:TrackPointExtension>
        </extensions>
      </trkpt>
      <trkpt lat="69.02067513205111026763916015625" lon="20.504080764949321746826171875">
        <ele>809</ele>
        <time>2026-08-23T05:16:25.000Z</time>
        <extensions>
          <ns3:TrackPointExtension>
            <ns3:cad>0</ns3:cad>
          </ns3:TrackPointExtension>
        </extensions>
      </trkpt>
      <trkpt lat="69.0206919796764850616455078125" lon="20.5041731335222721099853515625">
        <ele>808.4000244140625</ele>
        <time>2026-08-23T05:16:30.000Z</time>
        <extensions>
          <ns3:TrackPointExtension>
            <ns3:cad>0</ns3:cad>
          </ns3:TrackPointExtension>
        </extensions>
      </trkpt>
      <trkpt lat="69.0206993557512760162353515625" lon="20.5042183957993984222412109375">
        <ele>808.20001220703125</ele>
        <time>2026-08-23T05:16:33.000Z</time>
        <extensions>
          <ns3:TrackPointExtension>
            <ns3:cad>0</ns3:cad>
          </ns3:TrackPointExtension>
        </extensions>
      </trkpt>
      <trkpt lat="69.0207298658788204193115234375" lon="20.50425251014530658721923828125">
        <ele>808</ele>
        <time>2026-08-23T05:16:37.000Z</time>
        <extensions>
          <ns3:TrackPointExtension>
            <ns3:cad>0</ns3:cad>
          </ns3:TrackPointExtension>
        </extensions>
      </trkpt>
      <trkpt lat="69.02078912593424320220947265625" lon="20.5042934976518154144287109375">
        <ele>807</ele>
        <time>2026-08-23T05:16:44.000Z</time>
        <extensions>
          <ns3:TrackPointExtension>
            <ns3:cad>0</ns3:cad>
          </ns3:TrackPointExtension>
        </extensions>
      </trkpt>
      <trkpt lat="69.02083639986813068389892578125" lon="20.50438645295798778533935546875">
        <ele>806.5999755859375</ele>
        <time>2026-08-23T05:16:50.000Z</time>
        <extensions>
          <ns3:TrackPointExtension>
            <ns3:cad>0</ns3:cad>
          </ns3:TrackPointExtension>
        </extensions>
      </trkpt>
      <trkpt lat="69.020869843661785125732421875" lon="20.50454042851924896240234375">
        <ele>806.4000244140625</ele>
        <time>2026-08-23T05:16:57.000Z</time>
        <extensions>
          <ns3:TrackPointExtension>
            <ns3:cad>0</ns3:cad>
          </ns3:TrackPointExtension>
        </extensions>
      </trkpt>
      <trkpt lat="69.02091636322438716888427734375" lon="20.50468367524445056915283203125">
        <ele>806.4000244140625</ele>
        <time>2026-08-23T05:17:04.000Z</time>
        <extensions>
          <ns3:TrackPointExtension>
            <ns3:cad>48</ns3:cad>
          </ns3:TrackPointExtension>
        </extensions>
      </trkpt>
      <trkpt lat="69.02095156721770763397216796875" lon="20.50478450953960418701171875">
        <ele>806.4000244140625</ele>
        <time>2026-08-23T05:17:10.000Z</time>
        <extensions>
          <ns3:TrackPointExtension>
            <ns3:cad>42</ns3:cad>
          </ns3:TrackPointExtension>
        </extensions>
      </trkpt>
      <trkpt lat="69.02097679674625396728515625" lon="20.50491325557231903076171875">
        <ele>806</ele>
        <time>2026-08-23T05:17:16.000Z</time>
        <extensions>
          <ns3:TrackPointExtension>
            <ns3:cad>44</ns3:cad>
          </ns3:TrackPointExtension>
        </extensions>
      </trkpt>
      <trkpt lat="69.02098325081169605255126953125" lon="20.50493094138801097869873046875">
        <ele>806</ele>
        <time>2026-08-23T05:17:17.000Z</time>
        <extensions>
          <ns3:TrackPointExtension>
            <ns3:cad>44</ns3:cad>
          </ns3:TrackPointExtension>
        </extensions>
      </trkpt>
      <trkpt lat="69.021012000739574432373046875" lon="20.50501341931521892547607421875">
        <ele>805.20001220703125</ele>
        <time>2026-08-23T05:17:22.000Z</time>
        <extensions>
          <ns3:TrackPointExtension>
            <ns3:cad>44</ns3:cad>
          </ns3:TrackPointExtension>
        </extensions>
      </trkpt>
      <trkpt lat="69.02101543731987476348876953125" lon="20.5050364695489406585693359375">
        <ele>805</ele>
        <time>2026-08-23T05:17:23.000Z</time>
        <extensions>
          <ns3:TrackPointExtension>
            <ns3:cad>44</ns3:cad>
          </ns3:TrackPointExtension>
        </extensions>
      </trkpt>
      <trkpt lat="69.02105717919766902923583984375" lon="20.505154319107532501220703125">
        <ele>804.4000244140625</ele>
        <time>2026-08-23T05:17:30.000Z</time>
        <extensions>
          <ns3:TrackPointExtension>
            <ns3:cad>0</ns3:cad>
          </ns3:TrackPointExtension>
        </extensions>
      </trkpt>
      <trkpt lat="69.02108785696327686309814453125" lon="20.50523654557764530181884765625">
        <ele>804</ele>
        <time>2026-08-23T05:17:35.000Z</time>
        <extensions>
          <ns3:TrackPointExtension>
            <ns3:cad>0</ns3:cad>
          </ns3:TrackPointExtension>
        </extensions>
      </trkpt>
      <trkpt lat="69.02109221555292606353759765625" lon="20.50525121390819549560546875">
        <ele>803.79998779296875</ele>
        <time>2026-08-23T05:17:36.000Z</time>
        <extensions>
          <ns3:TrackPointExtension>
            <ns3:cad>0</ns3:cad>
          </ns3:TrackPointExtension>
        </extensions>
      </trkpt>
      <trkpt lat="69.02110462076961994171142578125" lon="20.50526772625744342803955078125">
        <ele>803.5999755859375</ele>
        <time>2026-08-23T05:17:38.000Z</time>
        <extensions>
          <ns3:TrackPointExtension>
            <ns3:cad>0</ns3:cad>
          </ns3:TrackPointExtension>
        </extensions>
      </trkpt>
      <trkpt lat="69.021127335727214813232421875" lon="20.505329333245754241943359375">
        <ele>803.20001220703125</ele>
        <time>2026-08-23T05:17:42.000Z</time>
        <extensions>
          <ns3:TrackPointExtension>
            <ns3:cad>0</ns3:cad>
          </ns3:TrackPointExtension>
        </extensions>
      </trkpt>
      <trkpt lat="69.02113630436360836029052734375" lon="20.50536596216261386871337890625">
        <ele>803</ele>
        <time>2026-08-23T05:17:44.000Z</time>
        <extensions>
          <ns3:TrackPointExtension>
            <ns3:cad>0</ns3:cad>
          </ns3:TrackPointExtension>
        </extensions>
      </trkpt>
      <trkpt lat="69.02115960605442523956298828125" lon="20.50546386279165744781494140625">
        <ele>802.79998779296875</ele>
        <time>2026-08-23T05:17:49.000Z</time>
        <extensions>
          <ns3:TrackPointExtension>
            <ns3:cad>73</ns3:cad>
          </ns3:TrackPointExtension>
        </extensions>
      </trkpt>
      <trkpt lat="69.02118257246911525726318359375" lon="20.50553544424474239349365234375">
        <ele>802.79998779296875</ele>
        <time>2026-08-23T05:17:55.000Z</time>
        <extensions>
          <ns3:TrackPointExtension>
            <ns3:cad>0</ns3:cad>
          </ns3:TrackPointExtension>
        </extensions>
      </trkpt>
      <trkpt lat="69.02121325023472309112548828125" lon="20.50565086305141448974609375">
        <ele>802.79998779296875</ele>
        <time>2026-08-23T05:18:01.000Z</time>
        <extensions>
          <ns3:TrackPointExtension>
            <ns3:cad>0</ns3:cad>
          </ns3:TrackPointExtension>
        </extensions>
      </trkpt>
      <trkpt lat="69.02125306427478790283203125" lon="20.50579058937728404998779296875">
        <ele>802.79998779296875</ele>
        <time>2026-08-23T05:18:09.000Z</time>
        <extensions>
          <ns3:TrackPointExtension>
            <ns3:cad>0</ns3:cad>
          </ns3:TrackPointExtension>
        </extensions>
      </trkpt>
      <trkpt lat="69.02129639871418476104736328125" lon="20.5059157311916351318359375">
        <ele>802.5999755859375</ele>
        <time>2026-08-23T05:18:16.000Z</time>
        <extensions>
          <ns3:TrackPointExtension>
            <ns3:cad>0</ns3:cad>
          </ns3:TrackPointExtension>
        </extensions>
      </trkpt>
      <trkpt lat="69.021329842507839202880859375" lon="20.5060402862727642059326171875">
        <ele>802.4000244140625</ele>
        <time>2026-08-23T05:18:22.000Z</time>
        <extensions>
          <ns3:TrackPointExtension>
            <ns3:cad>0</ns3:cad>
          </ns3:TrackPointExtension>
        </extensions>
      </trkpt>
      <trkpt lat="69.021351970732212066650390625" lon="20.50611429847776889801025390625">
        <ele>802.20001220703125</ele>
        <time>2026-08-23T05:18:26.000Z</time>
        <extensions>
          <ns3:TrackPointExtension>
            <ns3:cad>0</ns3:cad>
          </ns3:TrackPointExtension>
        </extensions>
      </trkpt>
      <trkpt lat="69.02136169373989105224609375" lon="20.50618956796824932098388671875">
        <ele>802</ele>
        <time>2026-08-23T05:18:29.000Z</time>
        <extensions>
          <ns3:TrackPointExtension>
            <ns3:cad>0</ns3:cad>
          </ns3:TrackPointExtension>
        </extensions>
      </trkpt>
      <trkpt lat="69.021364711225032806396484375" lon="20.5062166415154933929443359375">
        <ele>801.79998779296875</ele>
        <time>2026-08-23T05:18:30.000Z</time>
        <extensions>
          <ns3:TrackPointExtension>
            <ns3:cad>0</ns3:cad>
          </ns3:TrackPointExtension>
        </extensions>
      </trkpt>
      <trkpt lat="69.0213735960423946380615234375" lon="20.506333820521831512451171875">
        <ele>801.79998779296875</ele>
        <time>2026-08-23T05:18:35.000Z</time>
        <extensions>
          <ns3:TrackPointExtension>
            <ns3:cad>45</ns3:cad>
          </ns3:TrackPointExtension>
        </extensions>
      </trkpt>
      <trkpt lat="69.0213853307068347930908203125" lon="20.50646382384002208709716796875">
        <ele>801.79998779296875</ele>
        <time>2026-08-23T05:18:42.000Z</time>
        <extensions>
          <ns3:TrackPointExtension>
            <ns3:cad>0</ns3:cad>
          </ns3:TrackPointExtension>
        </extensions>
      </trkpt>
      <trkpt lat="69.02140595018863677978515625" lon="20.50656675361096858978271484375">
        <ele>801.79998779296875</ele>
        <time>2026-08-23T05:18:48.000Z</time>
        <extensions>
          <ns3:TrackPointExtension>
            <ns3:cad>0</ns3:cad>
          </ns3:TrackPointExtension>
        </extensions>
      </trkpt>
      <trkpt lat="69.0214134939014911651611328125" lon="20.50661050714552402496337890625">
        <ele>802</ele>
        <time>2026-08-23T05:18:53.000Z</time>
        <extensions>
          <ns3:TrackPointExtension>
            <ns3:cad>0</ns3:cad>
          </ns3:TrackPointExtension>
        </extensions>
      </trkpt>
      <trkpt lat="69.02143034152686595916748046875" lon="20.5067445337772369384765625">
        <ele>802</ele>
        <time>2026-08-23T05:19:00.000Z</time>
        <extensions>
          <ns3:TrackPointExtension>
            <ns3:cad>0</ns3:cad>
          </ns3:TrackPointExtension>
        </extensions>
      </trkpt>
      <trkpt lat="69.0214403159916400909423828125" lon="20.50681267865002155303955078125">
        <ele>802.20001220703125</ele>
        <time>2026-08-23T05:19:07.000Z</time>
        <extensions>
          <ns3:TrackPointExtension>
            <ns3:cad>0</ns3:cad>
          </ns3:TrackPointExtension>
        </extensions>
      </trkpt>
      <trkpt lat="69.02143805287778377532958984375" lon="20.5068097449839115142822265625">
        <ele>802.20001220703125</ele>
        <time>2026-08-23T05:19:16.000Z</time>
        <extensions>
          <ns3:TrackPointExtension>
            <ns3:cad>0</ns3:cad>
          </ns3:TrackPointExtension>
        </extensions>
      </trkpt>
      <trkpt lat="69.02145163156092166900634765625" lon="20.50686456263065338134765625">
        <ele>802</ele>
        <time>2026-08-23T05:19:23.000Z</time>
        <extensions>
          <ns3:TrackPointExtension>
            <ns3:cad>0</ns3:cad>
          </ns3:TrackPointExtension>
        </extensions>
      </trkpt>
      <trkpt lat="69.02146269567310810089111328125" lon="20.50694125704467296600341796875">
        <ele>802</ele>
        <time>2026-08-23T05:19:28.000Z</time>
        <extensions>
          <ns3:TrackPointExtension>
            <ns3:cad>0</ns3:cad>
          </ns3:TrackPointExtension>
        </extensions>
      </trkpt>
      <trkpt lat="69.0214735083281993865966796875" lon="20.507017113268375396728515625">
        <ele>802</ele>
        <time>2026-08-23T05:19:36.000Z</time>
        <extensions>
          <ns3:TrackPointExtension>
            <ns3:cad>0</ns3:cad>
          </ns3:TrackPointExtension>
        </extensions>
      </trkpt>
      <trkpt lat="69.02149873785674571990966796875" lon="20.50711174495518207550048828125">
        <ele>802</ele>
        <time>2026-08-23T05:19:43.000Z</time>
        <extensions>
          <ns3:TrackPointExtension>
            <ns3:cad>0</ns3:cad>
          </ns3:TrackPointExtension>
        </extensions>
      </trkpt>
      <trkpt lat="69.02150259353220462799072265625" lon="20.5071495473384857177734375">
        <ele>801.5999755859375</ele>
        <time>2026-08-23T05:19:49.000Z</time>
        <extensions>
          <ns3:TrackPointExtension>
            <ns3:cad>0</ns3:cad>
          </ns3:TrackPointExtension>
        </extensions>
      </trkpt>
      <trkpt lat="69.0215154178440570831298828125" lon="20.507169663906097412109375">
        <ele>801.4000244140625</ele>
        <time>2026-08-23T05:19:56.000Z</time>
        <extensions>
          <ns3:TrackPointExtension>
            <ns3:cad>0</ns3:cad>
          </ns3:TrackPointExtension>
        </extensions>
      </trkpt>
      <trkpt lat="69.02151525020599365234375" lon="20.5071782134473323822021484375">
        <ele>801.4000244140625</ele>
        <time>2026-08-23T05:20:02.000Z</time>
        <extensions>
          <ns3:TrackPointExtension>
            <ns3:cad>0</ns3:cad>
          </ns3:TrackPointExtension>
        </extensions>
      </trkpt>
      <trkpt lat="69.02152924798429012298583984375" lon="20.5072144232690334320068359375">
        <ele>801.4000244140625</ele>
        <time>2026-08-23T05:20:09.000Z</time>
        <extensions>
          <ns3:TrackPointExtension>
            <ns3:cad>0</ns3:cad>
          </ns3:TrackPointExtension>
        </extensions>
      </trkpt>
      <trkpt lat="69.02154567651450634002685546875" lon="20.50727167166769504547119140625">
        <ele>801.20001220703125</ele>
        <time>2026-08-23T05:20:16.000Z</time>
        <extensions>
          <ns3:TrackPointExtension>
            <ns3:cad>0</ns3:cad>
          </ns3:TrackPointExtension>
        </extensions>
      </trkpt>
      <trkpt lat="69.021565876901149749755859375" lon="20.5073277465999126434326171875">
        <ele>801.20001220703125</ele>
        <time>2026-08-23T05:20:23.000Z</time>
        <extensions>
          <ns3:TrackPointExtension>
            <ns3:cad>0</ns3:cad>
          </ns3:TrackPointExtension>
        </extensions>
      </trkpt>
      <trkpt lat="69.02158339507877826690673828125" lon="20.50739471800625324249267578125">
        <ele>801.20001220703125</ele>
        <time>2026-08-23T05:20:29.000Z</time>
        <extensions>
          <ns3:TrackPointExtension>
            <ns3:cad>0</ns3:cad>
          </ns3:TrackPointExtension>
        </extensions>
      </trkpt>
      <trkpt lat="69.02158138342201709747314453125" lon="20.50740259699523448944091796875">
        <ele>801.5999755859375</ele>
        <time>2026-08-23T05:20:34.000Z</time>
        <extensions>
          <ns3:TrackPointExtension>
            <ns3:cad>0</ns3:cad>
          </ns3:TrackPointExtension>
        </extensions>
      </trkpt>
      <trkpt lat="69.0215864963829517364501953125" lon="20.5074112303555011749267578125">
        <ele>801.5999755859375</ele>
        <time>2026-08-23T05:20:44.000Z</time>
        <extensions>
          <ns3:TrackPointExtension>
            <ns3:cad>0</ns3:cad>
          </ns3:TrackPointExtension>
        </extensions>
      </trkpt>
      <trkpt lat="69.02159127406775951385498046875" lon="20.5074072070419788360595703125">
        <ele>801.5999755859375</ele>
        <time>2026-08-23T05:20:52.000Z</time>
        <extensions>
          <ns3:TrackPointExtension>
            <ns3:cad>0</ns3:cad>
          </ns3:TrackPointExtension>
        </extensions>
      </trkpt>
      <trkpt lat="69.0216116420924663543701171875" lon="20.50744350068271160125732421875">
        <ele>801.5999755859375</ele>
        <time>2026-08-23T05:20:56.000Z</time>
        <extensions>
          <ns3:TrackPointExtension>
            <ns3:cad>0</ns3:cad>
          </ns3:TrackPointExtension>
        </extensions>
      </trkpt>
      <trkpt lat="69.02162798680365085601806640625" lon="20.50747920759022235870361328125">
        <ele>801.4000244140625</ele>
        <time>2026-08-23T05:21:01.000Z</time>
        <extensions>
          <ns3:TrackPointExtension>
            <ns3:cad>0</ns3:cad>
          </ns3:TrackPointExtension>
        </extensions>
      </trkpt>
      <trkpt lat="69.02166000567376613616943359375" lon="20.50748683512210845947265625">
        <ele>801.4000244140625</ele>
        <time>2026-08-23T05:21:07.000Z</time>
        <extensions>
          <ns3:TrackPointExtension>
            <ns3:cad>0</ns3:cad>
          </ns3:TrackPointExtension>
        </extensions>
      </trkpt>
      <trkpt lat="69.02171582914888858795166015625" lon="20.507504940032958984375">
        <ele>801</ele>
        <time>2026-08-23T05:21:14.000Z</time>
        <extensions>
          <ns3:TrackPointExtension>
            <ns3:cad>0</ns3:cad>
          </ns3:TrackPointExtension>
        </extensions>
      </trkpt>
      <trkpt lat="69.02172924019396305084228515625" lon="20.50752262584865093231201171875">
        <ele>800.79998779296875</ele>
        <time>2026-08-23T05:21:16.000Z</time>
        <extensions>
          <ns3:TrackPointExtension>
            <ns3:cad>0</ns3:cad>
          </ns3:TrackPointExtension>
        </extensions>
      </trkpt>
      <trkpt lat="69.0217494405806064605712890625" lon="20.5075788684189319610595703125">
        <ele>800.79998779296875</ele>
        <time>2026-08-23T05:21:20.000Z</time>
        <extensions>
          <ns3:TrackPointExtension>
            <ns3:cad>0</ns3:cad>
          </ns3:TrackPointExtension>
        </extensions>
      </trkpt>
      <trkpt lat="69.02177701704204082489013671875" lon="20.507693029940128326416015625">
        <ele>801</ele>
        <time>2026-08-23T05:21:26.000Z</time>
        <extensions>
          <ns3:TrackPointExtension>
            <ns3:cad>0</ns3:cad>
          </ns3:TrackPointExtension>
        </extensions>
      </trkpt>
      <trkpt lat="69.021775424480438232421875" lon="20.50778933800756931304931640625">
        <ele>801.20001220703125</ele>
        <time>2026-08-23T05:21:31.000Z</time>
        <extensions>
          <ns3:TrackPointExtension>
            <ns3:cad>0</ns3:cad>
          </ns3:TrackPointExtension>
        </extensions>
      </trkpt>
      <trkpt lat="69.021794535219669342041015625" lon="20.50792512483894824981689453125">
        <ele>802</ele>
        <time>2026-08-23T05:21:38.000Z</time>
        <extensions>
          <ns3:TrackPointExtension>
            <ns3:cad>43</ns3:cad>
          </ns3:TrackPointExtension>
        </extensions>
      </trkpt>
      <trkpt lat="69.02182127349078655242919921875" lon="20.50803559832274913787841796875">
        <ele>802.4000244140625</ele>
        <time>2026-08-23T05:21:43.000Z</time>
        <extensions>
          <ns3:TrackPointExtension>
            <ns3:cad>0</ns3:cad>
          </ns3:TrackPointExtension>
        </extensions>
      </trkpt>
      <trkpt lat="69.02186955325305461883544921875" lon="20.50818412564694881439208984375">
        <ele>802.5999755859375</ele>
        <time>2026-08-23T05:21:50.000Z</time>
        <extensions>
          <ns3:TrackPointExtension>
            <ns3:cad>0</ns3:cad>
          </ns3:TrackPointExtension>
        </extensions>
      </trkpt>
      <trkpt lat="69.02191062457859516143798828125" lon="20.5082886479794979095458984375">
        <ele>802.79998779296875</ele>
        <time>2026-08-23T05:21:56.000Z</time>
        <extensions>
          <ns3:TrackPointExtension>
            <ns3:cad>0</ns3:cad>
          </ns3:TrackPointExtension>
        </extensions>
      </trkpt>
      <trkpt lat="69.02194197289645671844482421875" lon="20.5083798430860042572021484375">
        <ele>802.4000244140625</ele>
        <time>2026-08-23T05:22:02.000Z</time>
        <extensions>
          <ns3:TrackPointExtension>
            <ns3:cad>0</ns3:cad>
          </ns3:TrackPointExtension>
        </extensions>
      </trkpt>
      <trkpt lat="69.02197365649044513702392578125" lon="20.50848369486629962921142578125">
        <ele>801.4000244140625</ele>
        <time>2026-08-23T05:22:08.000Z</time>
        <extensions>
          <ns3:TrackPointExtension>
            <ns3:cad>0</ns3:cad>
          </ns3:TrackPointExtension>
        </extensions>
      </trkpt>
      <trkpt lat="69.02200684882700443267822265625" lon="20.5085256882011890411376953125">
        <ele>801.20001220703125</ele>
        <time>2026-08-23T05:22:13.000Z</time>
        <extensions>
          <ns3:TrackPointExtension>
            <ns3:cad>0</ns3:cad>
          </ns3:TrackPointExtension>
        </extensions>
      </trkpt>
      <trkpt lat="69.022013135254383087158203125" lon="20.50852895714342594146728515625">
        <ele>801</ele>
        <time>2026-08-23T05:22:14.000Z</time>
        <extensions>
          <ns3:TrackPointExtension>
            <ns3:cad>0</ns3:cad>
          </ns3:TrackPointExtension>
        </extensions>
      </trkpt>
      <trkpt lat="69.022037945687770843505859375" lon="20.50855929963290691375732421875">
        <ele>800.79998779296875</ele>
        <time>2026-08-23T05:22:17.000Z</time>
        <extensions>
          <ns3:TrackPointExtension>
            <ns3:cad>0</ns3:cad>
          </ns3:TrackPointExtension>
        </extensions>
      </trkpt>
      <trkpt lat="69.0220448188483715057373046875" lon="20.508570112287998199462890625">
        <ele>800.79998779296875</ele>
        <time>2026-08-23T05:22:18.000Z</time>
        <extensions>
          <ns3:TrackPointExtension>
            <ns3:cad>0</ns3:cad>
          </ns3:TrackPointExtension>
        </extensions>
      </trkpt>
      <trkpt lat="69.0220677852630615234375" lon="20.50861445255577564239501953125">
        <ele>800.4000244140625</ele>
        <time>2026-08-23T05:22:23.000Z</time>
        <extensions>
          <ns3:TrackPointExtension>
            <ns3:cad>0</ns3:cad>
          </ns3:TrackPointExtension>
        </extensions>
      </trkpt>
      <trkpt lat="69.022080861032009124755859375" lon="20.50864378921687602996826171875">
        <ele>800</ele>
        <time>2026-08-23T05:22:26.000Z</time>
        <extensions>
          <ns3:TrackPointExtension>
            <ns3:cad>0</ns3:cad>
          </ns3:TrackPointExtension>
        </extensions>
      </trkpt>
      <trkpt lat="69.022081531584262847900390625" lon="20.50865837372839450836181640625">
        <ele>799.79998779296875</ele>
        <time>2026-08-23T05:22:27.000Z</time>
        <extensions>
          <ns3:TrackPointExtension>
            <ns3:cad>0</ns3:cad>
          </ns3:TrackPointExtension>
        </extensions>
      </trkpt>
      <trkpt lat="69.02208178304135799407958984375" lon="20.50867463462054729461669921875">
        <ele>799.79998779296875</ele>
        <time>2026-08-23T05:22:28.000Z</time>
        <extensions>
          <ns3:TrackPointExtension>
            <ns3:cad>0</ns3:cad>
          </ns3:TrackPointExtension>
        </extensions>
      </trkpt>
      <trkpt lat="69.02210273779928684234619140625" lon="20.50876222550868988037109375">
        <ele>799.5999755859375</ele>
        <time>2026-08-23T05:22:34.000Z</time>
        <extensions>
          <ns3:TrackPointExtension>
            <ns3:cad>0</ns3:cad>
          </ns3:TrackPointExtension>
        </extensions>
      </trkpt>
      <trkpt lat="69.02212033979594707489013671875" lon="20.50881226547062397003173828125">
        <ele>799</ele>
        <time>2026-08-23T05:22:38.000Z</time>
        <extensions>
          <ns3:TrackPointExtension>
            <ns3:cad>0</ns3:cad>
          </ns3:TrackPointExtension>
        </extensions>
      </trkpt>
      <trkpt lat="69.02212922461330890655517578125" lon="20.5088408477604389190673828125">
        <ele>798.79998779296875</ele>
        <time>2026-08-23T05:22:40.000Z</time>
        <extensions>
          <ns3:TrackPointExtension>
            <ns3:cad>0</ns3:cad>
          </ns3:TrackPointExtension>
        </extensions>
      </trkpt>
      <trkpt lat="69.02213509194552898406982421875" lon="20.5088549293577671051025390625">
        <ele>798.79998779296875</ele>
        <time>2026-08-23T05:22:41.000Z</time>
        <extensions>
          <ns3:TrackPointExtension>
            <ns3:cad>0</ns3:cad>
          </ns3:TrackPointExtension>
        </extensions>
      </trkpt>
      <trkpt lat="69.02218244969844818115234375" lon="20.5089062266051769256591796875">
        <ele>798.79998779296875</ele>
        <time>2026-08-23T05:22:46.000Z</time>
        <extensions>
          <ns3:TrackPointExtension>
            <ns3:cad>0</ns3:cad>
          </ns3:TrackPointExtension>
        </extensions>
      </trkpt>
      <trkpt lat="69.0222426317632198333740234375" lon="20.50892793573439121246337890625">
        <ele>798.4000244140625</ele>
        <time>2026-08-23T05:22:53.000Z</time>
        <extensions>
          <ns3:TrackPointExtension>
            <ns3:cad>0</ns3:cad>
          </ns3:TrackPointExtension>
        </extensions>
      </trkpt>
      <trkpt lat="69.02229283936321735382080078125" lon="20.50900873728096485137939453125">
        <ele>798.20001220703125</ele>
        <time>2026-08-23T05:23:00.000Z</time>
        <extensions>
          <ns3:TrackPointExtension>
            <ns3:cad>0</ns3:cad>
          </ns3:TrackPointExtension>
        </extensions>
      </trkpt>
      <trkpt lat="69.02233340777456760406494140625" lon="20.5091037042438983917236328125">
        <ele>798</ele>
        <time>2026-08-23T05:23:06.000Z</time>
        <extensions>
          <ns3:TrackPointExtension>
            <ns3:cad>0</ns3:cad>
          </ns3:TrackPointExtension>
        </extensions>
      </trkpt>
      <trkpt lat="69.02236190624535083770751953125" lon="20.50918073393404483795166015625">
        <ele>797.79998779296875</ele>
        <time>2026-08-23T05:23:10.000Z</time>
        <extensions>
          <ns3:TrackPointExtension>
            <ns3:cad>41</ns3:cad>
          </ns3:TrackPointExtension>
        </extensions>
      </trkpt>
      <trkpt lat="69.022371210157871246337890625" lon="20.5092255771160125732421875">
        <ele>797.5999755859375</ele>
        <time>2026-08-23T05:23:12.000Z</time>
        <extensions>
          <ns3:TrackPointExtension>
            <ns3:cad>41</ns3:cad>
          </ns3:TrackPointExtension>
        </extensions>
      </trkpt>
      <trkpt lat="69.02239157818257808685302734375" lon="20.50927259959280490875244140625">
        <ele>797.4000244140625</ele>
        <time>2026-08-23T05:23:18.000Z</time>
        <extensions>
          <ns3:TrackPointExtension>
            <ns3:cad>0</ns3:cad>
          </ns3:TrackPointExtension>
        </extensions>
      </trkpt>
      <trkpt lat="69.02242678217589855194091796875" lon="20.50938977859914302825927734375">
        <ele>797.4000244140625</ele>
        <time>2026-08-23T05:23:25.000Z</time>
        <extensions>
          <ns3:TrackPointExtension>
            <ns3:cad>0</ns3:cad>
          </ns3:TrackPointExtension>
        </extensions>
      </trkpt>
      <trkpt lat="69.02244639582931995391845703125" lon="20.50945113413035869598388671875">
        <ele>797.4000244140625</ele>
        <time>2026-08-23T05:23:30.000Z</time>
        <extensions>
          <ns3:TrackPointExtension>
            <ns3:cad>0</ns3:cad>
          </ns3:TrackPointExtension>
        </extensions>
      </trkpt>
      <trkpt lat="69.02247472666203975677490234375" lon="20.509526319801807403564453125">
        <ele>797.20001220703125</ele>
        <time>2026-08-23T05:23:36.000Z</time>
        <extensions>
          <ns3:TrackPointExtension>
            <ns3:cad>0</ns3:cad>
          </ns3:TrackPointExtension>
        </extensions>
      </trkpt>
      <trkpt lat="69.02250565588474273681640625" lon="20.50958541221916675567626953125">
        <ele>797.4000244140625</ele>
        <time>2026-08-23T05:23:41.000Z</time>
        <extensions>
          <ns3:TrackPointExtension>
            <ns3:cad>0</ns3:cad>
          </ns3:TrackPointExtension>
        </extensions>
      </trkpt>
      <trkpt lat="69.02253524400293827056884765625" lon="20.5096324346959590911865234375">
        <ele>797.20001220703125</ele>
        <time>2026-08-23T05:23:49.000Z</time>
        <extensions>
          <ns3:TrackPointExtension>
            <ns3:cad>0</ns3:cad>
          </ns3:TrackPointExtension>
        </extensions>
      </trkpt>
      <trkpt lat="69.022602550685405731201171875" lon="20.5096874199807643890380859375">
        <ele>797.20001220703125</ele>
        <time>2026-08-23T05:23:57.000Z</time>
        <extensions>
          <ns3:TrackPointExtension>
            <ns3:cad>0</ns3:cad>
          </ns3:TrackPointExtension>
        </extensions>
      </trkpt>
      <trkpt lat="69.0226322226226329803466796875" lon="20.5097658745944499969482421875">
        <ele>797.5999755859375</ele>
        <time>2026-08-23T05:24:04.000Z</time>
        <extensions>
          <ns3:TrackPointExtension>
            <ns3:cad>0</ns3:cad>
          </ns3:TrackPointExtension>
        </extensions>
      </trkpt>
      <trkpt lat="69.0226754732429981231689453125" lon="20.50985162146389484405517578125">
        <ele>797.79998779296875</ele>
        <time>2026-08-23T05:24:11.000Z</time>
        <extensions>
          <ns3:TrackPointExtension>
            <ns3:cad>0</ns3:cad>
          </ns3:TrackPointExtension>
        </extensions>
      </trkpt>
      <trkpt lat="69.0227271057665348052978515625" lon="20.5099546350538730621337890625">
        <ele>798.4000244140625</ele>
        <time>2026-08-23T05:24:18.000Z</time>
        <extensions>
          <ns3:TrackPointExtension>
            <ns3:cad>0</ns3:cad>
          </ns3:TrackPointExtension>
        </extensions>
      </trkpt>
      <trkpt lat="69.02275317348539829254150390625" lon="20.5100087821483612060546875">
        <ele>798.5999755859375</ele>
        <time>2026-08-23T05:24:23.000Z</time>
        <extensions>
          <ns3:TrackPointExtension>
            <ns3:cad>0</ns3:cad>
          </ns3:TrackPointExtension>
        </extensions>
      </trkpt>
      <trkpt lat="69.0227718651294708251953125" lon="20.5100516974925994873046875">
        <ele>798.79998779296875</ele>
        <time>2026-08-23T05:24:26.000Z</time>
        <extensions>
          <ns3:TrackPointExtension>
            <ns3:cad>0</ns3:cad>
          </ns3:TrackPointExtension>
        </extensions>
      </trkpt>
      <trkpt lat="69.02280262671411037445068359375" lon="20.51010735332965850830078125">
        <ele>798.79998779296875</ele>
        <time>2026-08-23T05:24:30.000Z</time>
        <extensions>
          <ns3:TrackPointExtension>
            <ns3:cad>42</ns3:cad>
          </ns3:TrackPointExtension>
        </extensions>
      </trkpt>
      <trkpt lat="69.0228414349257946014404296875" lon="20.5101675353944301605224609375">
        <ele>798.79998779296875</ele>
        <time>2026-08-23T05:24:35.000Z</time>
        <extensions>
          <ns3:TrackPointExtension>
            <ns3:cad>43</ns3:cad>
          </ns3:TrackPointExtension>
        </extensions>
      </trkpt>
      <trkpt lat="69.02291469275951385498046875" lon="20.51022344268858432769775390625">
        <ele>798.4000244140625</ele>
        <time>2026-08-23T05:24:43.000Z</time>
        <extensions>
          <ns3:TrackPointExtension>
            <ns3:cad>45</ns3:cad>
          </ns3:TrackPointExtension>
        </extensions>
      </trkpt>
      <trkpt lat="69.0229614637792110443115234375" lon="20.51027440465986728668212890625">
        <ele>797.79998779296875</ele>
        <time>2026-08-23T05:24:49.000Z</time>
        <extensions>
          <ns3:TrackPointExtension>
            <ns3:cad>44</ns3:cad>
          </ns3:TrackPointExtension>
        </extensions>
      </trkpt>
      <trkpt lat="69.02296909131109714508056640625" lon="20.51028169691562652587890625">
        <ele>797.5999755859375</ele>
        <time>2026-08-23T05:24:50.000Z</time>
        <extensions>
          <ns3:TrackPointExtension>
            <ns3:cad>44</ns3:cad>
          </ns3:TrackPointExtension>
        </extensions>
      </trkpt>
      <trkpt lat="69.0229711867868900299072265625" lon="20.5102925933897495269775390625">
        <ele>797.79998779296875</ele>
        <time>2026-08-23T05:24:52.000Z</time>
        <extensions>
          <ns3:TrackPointExtension>
            <ns3:cad>0</ns3:cad>
          </ns3:TrackPointExtension>
        </extensions>
      </trkpt>
      <trkpt lat="69.02296439744532108306884765625" lon="20.510299466550350189208984375">
        <ele>797.5999755859375</ele>
        <time>2026-08-23T05:24:55.000Z</time>
        <extensions>
          <ns3:TrackPointExtension>
            <ns3:cad>47</ns3:cad>
          </ns3:TrackPointExtension>
        </extensions>
      </trkpt>
      <trkpt lat="69.0229624696075916290283203125" lon="20.510300137102603912353515625">
        <ele>797.5999755859375</ele>
        <time>2026-08-23T05:24:56.000Z</time>
        <extensions>
          <ns3:TrackPointExtension>
            <ns3:cad>0</ns3:cad>
          </ns3:TrackPointExtension>
        </extensions>
      </trkpt>
      <trkpt lat="69.0229597873985767364501953125" lon="20.51030240021646022796630859375">
        <ele>798.4000244140625</ele>
        <time>2026-08-23T05:37:48.000Z</time>
        <extensions>
          <ns3:TrackPointExtension>
            <ns3:cad>0</ns3:cad>
          </ns3:TrackPointExtension>
        </extensions>
      </trkpt>
      <trkpt lat="69.022974707186222076416015625" lon="20.51037431694567203521728515625">
        <ele>798.4000244140625</ele>
        <time>2026-08-23T05:37:54.000Z</time>
        <extensions>
          <ns3:TrackPointExtension>
            <ns3:cad>0</ns3:cad>
          </ns3:TrackPointExtension>
        </extensions>
      </trkpt>
      <trkpt lat="69.02299842797219753265380859375" lon="20.51048152148723602294921875">
        <ele>798.20001220703125</ele>
        <time>2026-08-23T05:38:01.000Z</time>
        <extensions>
          <ns3:TrackPointExtension>
            <ns3:cad>0</ns3:cad>
          </ns3:TrackPointExtension>
        </extensions>
      </trkpt>
      <trkpt lat="69.02304167859256267547607421875" lon="20.5105648376047611236572265625">
        <ele>797.5999755859375</ele>
        <time>2026-08-23T05:38:08.000Z</time>
        <extensions>
          <ns3:TrackPointExtension>
            <ns3:cad>0</ns3:cad>
          </ns3:TrackPointExtension>
        </extensions>
      </trkpt>
      <trkpt lat="69.02308258228003978729248046875" lon="20.51065829582512378692626953125">
        <ele>797</ele>
        <time>2026-08-23T05:38:15.000Z</time>
        <extensions>
          <ns3:TrackPointExtension>
            <ns3:cad>44</ns3:cad>
          </ns3:TrackPointExtension>
        </extensions>
      </trkpt>
      <trkpt lat="69.02313522063195705413818359375" lon="20.5107495747506618499755859375">
        <ele>796.79998779296875</ele>
        <time>2026-08-23T05:38:23.000Z</time>
        <extensions>
          <ns3:TrackPointExtension>
            <ns3:cad>48</ns3:cad>
          </ns3:TrackPointExtension>
        </extensions>
      </trkpt>
      <trkpt lat="69.0231795608997344970703125" lon="20.5108531750738620758056640625">
        <ele>796.79998779296875</ele>
        <time>2026-08-23T05:38:29.000Z</time>
        <extensions>
          <ns3:TrackPointExtension>
            <ns3:cad>47</ns3:cad>
          </ns3:TrackPointExtension>
        </extensions>
      </trkpt>
      <trkpt lat="69.02318702079355716705322265625" lon="20.510860048234462738037109375">
        <ele>796.5999755859375</ele>
        <time>2026-08-23T05:38:30.000Z</time>
        <extensions>
          <ns3:TrackPointExtension>
            <ns3:cad>0</ns3:cad>
          </ns3:TrackPointExtension>
        </extensions>
      </trkpt>
      <trkpt lat="69.023193977773189544677734375" lon="20.51086247898638248443603515625">
        <ele>796.5999755859375</ele>
        <time>2026-08-23T05:38:31.000Z</time>
        <extensions>
          <ns3:TrackPointExtension>
            <ns3:cad>0</ns3:cad>
          </ns3:TrackPointExtension>
        </extensions>
      </trkpt>
      <trkpt lat="69.02320629917085170745849609375" lon="20.5108830146491527557373046875">
        <ele>796.5999755859375</ele>
        <time>2026-08-23T05:38:33.000Z</time>
        <extensions>
          <ns3:TrackPointExtension>
            <ns3:cad>0</ns3:cad>
          </ns3:TrackPointExtension>
        </extensions>
      </trkpt>
      <trkpt lat="69.02321870438754558563232421875" lon="20.5109172128140926361083984375">
        <ele>796.5999755859375</ele>
        <time>2026-08-23T05:38:35.000Z</time>
        <extensions>
          <ns3:TrackPointExtension>
            <ns3:cad>0</ns3:cad>
          </ns3:TrackPointExtension>
        </extensions>
      </trkpt>
      <trkpt lat="69.0232508070766925811767578125" lon="20.51101754419505596160888671875">
        <ele>796.20001220703125</ele>
        <time>2026-08-23T05:38:42.000Z</time>
        <extensions>
          <ns3:TrackPointExtension>
            <ns3:cad>0</ns3:cad>
          </ns3:TrackPointExtension>
        </extensions>
      </trkpt>
      <trkpt lat="69.02326983399689197540283203125" lon="20.51108577288687229156494140625">
        <ele>796.20001220703125</ele>
        <time>2026-08-23T05:38:48.000Z</time>
        <extensions>
          <ns3:TrackPointExtension>
            <ns3:cad>0</ns3:cad>
          </ns3:TrackPointExtension>
        </extensions>
      </trkpt>
      <trkpt lat="69.023280479013919830322265625" lon="20.511173866689205169677734375">
        <ele>796.4000244140625</ele>
        <time>2026-08-23T05:38:55.000Z</time>
        <extensions>
          <ns3:TrackPointExtension>
            <ns3:cad>0</ns3:cad>
          </ns3:TrackPointExtension>
        </extensions>
      </trkpt>
      <trkpt lat="69.023315347731113433837890625" lon="20.51134762354195117950439453125">
        <ele>795.5999755859375</ele>
        <time>2026-08-23T05:39:03.000Z</time>
        <extensions>
          <ns3:TrackPointExtension>
            <ns3:cad>49</ns3:cad>
          </ns3:TrackPointExtension>
        </extensions>
      </trkpt>
      <trkpt lat="69.02333890087902545928955078125" lon="20.51139204762876033782958984375">
        <ele>795</ele>
        <time>2026-08-23T05:39:08.000Z</time>
        <extensions>
          <ns3:TrackPointExtension>
            <ns3:cad>41</ns3:cad>
          </ns3:TrackPointExtension>
        </extensions>
      </trkpt>
      <trkpt lat="69.02334560640156269073486328125" lon="20.5113956518471240997314453125">
        <ele>795</ele>
        <time>2026-08-23T05:39:09.000Z</time>
        <extensions>
          <ns3:TrackPointExtension>
            <ns3:cad>41</ns3:cad>
          </ns3:TrackPointExtension>
        </extensions>
      </trkpt>
      <trkpt lat="69.0233912877738475799560546875" lon="20.51150436513125896453857421875">
        <ele>794.79998779296875</ele>
        <time>2026-08-23T05:39:16.000Z</time>
        <extensions>
          <ns3:TrackPointExtension>
            <ns3:cad>0</ns3:cad>
          </ns3:TrackPointExtension>
        </extensions>
      </trkpt>
      <trkpt lat="69.02341953478753566741943359375" lon="20.511576198041439056396484375">
        <ele>794.79998779296875</ele>
        <time>2026-08-23T05:39:21.000Z</time>
        <extensions>
          <ns3:TrackPointExtension>
            <ns3:cad>0</ns3:cad>
          </ns3:TrackPointExtension>
        </extensions>
      </trkpt>
      <trkpt lat="69.02346781454980373382568359375" lon="20.5116648785769939422607421875">
        <ele>794.79998779296875</ele>
        <time>2026-08-23T05:39:28.000Z</time>
        <extensions>
          <ns3:TrackPointExtension>
            <ns3:cad>0</ns3:cad>
          </ns3:TrackPointExtension>
        </extensions>
      </trkpt>
      <trkpt lat="69.0235012583434581756591796875" lon="20.51177023909986019134521484375">
        <ele>794.79998779296875</ele>
        <time>2026-08-23T05:39:34.000Z</time>
        <extensions>
          <ns3:TrackPointExtension>
            <ns3:cad>47</ns3:cad>
          </ns3:TrackPointExtension>
        </extensions>
      </trkpt>
      <trkpt lat="69.0235394798219203948974609375" lon="20.5119032599031925201416015625">
        <ele>795.20001220703125</ele>
        <time>2026-08-23T05:39:40.000Z</time>
        <extensions>
          <ns3:TrackPointExtension>
            <ns3:cad>47</ns3:cad>
          </ns3:TrackPointExtension>
        </extensions>
      </trkpt>
      <trkpt lat="69.02359304018318653106689453125" lon="20.5120531283318996429443359375">
        <ele>795.5999755859375</ele>
        <time>2026-08-23T05:39:49.000Z</time>
        <extensions>
          <ns3:TrackPointExtension>
            <ns3:cad>0</ns3:cad>
          </ns3:TrackPointExtension>
        </extensions>
      </trkpt>
      <trkpt lat="69.02363142929971218109130859375" lon="20.51216737367212772369384765625">
        <ele>795.5999755859375</ele>
        <time>2026-08-23T05:39:55.000Z</time>
        <extensions>
          <ns3:TrackPointExtension>
            <ns3:cad>0</ns3:cad>
          </ns3:TrackPointExtension>
        </extensions>
      </trkpt>
      <trkpt lat="69.02364165522158145904541015625" lon="20.51219302229583263397216796875">
        <ele>795.79998779296875</ele>
        <time>2026-08-23T05:39:57.000Z</time>
        <extensions>
          <ns3:TrackPointExtension>
            <ns3:cad>0</ns3:cad>
          </ns3:TrackPointExtension>
        </extensions>
      </trkpt>
      <trkpt lat="69.02366529218852519989013671875" lon="20.5122378654778003692626953125">
        <ele>795.79998779296875</ele>
        <time>2026-08-23T05:40:01.000Z</time>
        <extensions>
          <ns3:TrackPointExtension>
            <ns3:cad>0</ns3:cad>
          </ns3:TrackPointExtension>
        </extensions>
      </trkpt>
      <trkpt lat="69.02370619587600231170654296875" lon="20.51234054379165172576904296875">
        <ele>796.20001220703125</ele>
        <time>2026-08-23T05:40:07.000Z</time>
        <extensions>
          <ns3:TrackPointExtension>
            <ns3:cad>42</ns3:cad>
          </ns3:TrackPointExtension>
        </extensions>
      </trkpt>
      <trkpt lat="69.02375028468668460845947265625" lon="20.5124977044761180877685546875">
        <ele>796</ele>
        <time>2026-08-23T05:40:15.000Z</time>
        <extensions>
          <ns3:TrackPointExtension>
            <ns3:cad>0</ns3:cad>
          </ns3:TrackPointExtension>
        </extensions>
      </trkpt>
      <trkpt lat="69.0237838961184024810791015625" lon="20.51262100227177143096923828125">
        <ele>796.20001220703125</ele>
        <time>2026-08-23T05:40:21.000Z</time>
        <extensions>
          <ns3:TrackPointExtension>
            <ns3:cad>41</ns3:cad>
          </ns3:TrackPointExtension>
        </extensions>
      </trkpt>
      <trkpt lat="69.02383066713809967041015625" lon="20.512754023075103759765625">
        <ele>796</ele>
        <time>2026-08-23T05:40:28.000Z</time>
        <extensions>
          <ns3:TrackPointExtension>
            <ns3:cad>0</ns3:cad>
          </ns3:TrackPointExtension>
        </extensions>
      </trkpt>
      <trkpt lat="69.023856818675994873046875" lon="20.5128011293709278106689453125">
        <ele>795.79998779296875</ele>
        <time>2026-08-23T05:40:32.000Z</time>
        <extensions>
          <ns3:TrackPointExtension>
            <ns3:cad>0</ns3:cad>
          </ns3:TrackPointExtension>
        </extensions>
      </trkpt>
      <trkpt lat="69.02388657443225383758544921875" lon="20.5128242634236812591552734375">
        <ele>795.4000244140625</ele>
        <time>2026-08-23T05:40:35.000Z</time>
        <extensions>
          <ns3:TrackPointExtension>
            <ns3:cad>0</ns3:cad>
          </ns3:TrackPointExtension>
        </extensions>
      </trkpt>
      <trkpt lat="69.02394440956413745880126953125" lon="20.512943454086780548095703125">
        <ele>795</ele>
        <time>2026-08-23T05:40:42.000Z</time>
        <extensions>
          <ns3:TrackPointExtension>
            <ns3:cad>0</ns3:cad>
          </ns3:TrackPointExtension>
        </extensions>
      </trkpt>
      <trkpt lat="69.02398581616580486297607421875" lon="20.513086952269077301025390625">
        <ele>794.5999755859375</ele>
        <time>2026-08-23T05:40:49.000Z</time>
        <extensions>
          <ns3:TrackPointExtension>
            <ns3:cad>0</ns3:cad>
          </ns3:TrackPointExtension>
        </extensions>
      </trkpt>
      <trkpt lat="69.02400408871471881866455078125" lon="20.51314202137291431427001953125">
        <ele>794.5999755859375</ele>
        <time>2026-08-23T05:40:52.000Z</time>
        <extensions>
          <ns3:TrackPointExtension>
            <ns3:cad>0</ns3:cad>
          </ns3:TrackPointExtension>
        </extensions>
      </trkpt>
      <trkpt lat="69.02401900850236415863037109375" lon="20.51317320205271244049072265625">
        <ele>794.5999755859375</ele>
        <time>2026-08-23T05:40:54.000Z</time>
        <extensions>
          <ns3:TrackPointExtension>
            <ns3:cad>0</ns3:cad>
          </ns3:TrackPointExtension>
        </extensions>
      </trkpt>
      <trkpt lat="69.02402537874877452850341796875" lon="20.513191558420658111572265625">
        <ele>794.4000244140625</ele>
        <time>2026-08-23T05:40:55.000Z</time>
        <extensions>
          <ns3:TrackPointExtension>
            <ns3:cad>0</ns3:cad>
          </ns3:TrackPointExtension>
        </extensions>
      </trkpt>
      <trkpt lat="69.02405421249568462371826171875" lon="20.513247214257717132568359375">
        <ele>794.4000244140625</ele>
        <time>2026-08-23T05:41:00.000Z</time>
        <extensions>
          <ns3:TrackPointExtension>
            <ns3:cad>0</ns3:cad>
          </ns3:TrackPointExtension>
        </extensions>
      </trkpt>
      <trkpt lat="69.0240781009197235107421875" lon="20.51329758949577808380126953125">
        <ele>794</ele>
        <time>2026-08-23T05:41:06.000Z</time>
        <extensions>
          <ns3:TrackPointExtension>
            <ns3:cad>0</ns3:cad>
          </ns3:TrackPointExtension>
        </extensions>
      </trkpt>
      <trkpt lat="69.02407944202423095703125" lon="20.51331552676856517791748046875">
        <ele>794</ele>
        <time>2026-08-23T05:41:07.000Z</time>
        <extensions>
          <ns3:TrackPointExtension>
            <ns3:cad>0</ns3:cad>
          </ns3:TrackPointExtension>
        </extensions>
      </trkpt>
      <trkpt lat="69.02408421970903873443603515625" lon="20.51340940408408641815185546875">
        <ele>794.20001220703125</ele>
        <time>2026-08-23T05:41:12.000Z</time>
        <extensions>
          <ns3:TrackPointExtension>
            <ns3:cad>0</ns3:cad>
          </ns3:TrackPointExtension>
        </extensions>
      </trkpt>
      <trkpt lat="69.02410618029534816741943359375" lon="20.5134696699678897857666015625">
        <ele>794</ele>
        <time>2026-08-23T05:41:20.000Z</time>
        <extensions>
          <ns3:TrackPointExtension>
            <ns3:cad>0</ns3:cad>
          </ns3:TrackPointExtension>
        </extensions>
      </trkpt>
      <trkpt lat="69.02413333766162395477294921875" lon="20.51350512541830539703369140625">
        <ele>794</ele>
        <time>2026-08-23T05:41:26.000Z</time>
        <extensions>
          <ns3:TrackPointExtension>
            <ns3:cad>0</ns3:cad>
          </ns3:TrackPointExtension>
        </extensions>
      </trkpt>
      <trkpt lat="69.0241583995521068572998046875" lon="20.51351803354918956756591796875">
        <ele>794.20001220703125</ele>
        <time>2026-08-23T05:41:33.000Z</time>
        <extensions>
          <ns3:TrackPointExtension>
            <ns3:cad>0</ns3:cad>
          </ns3:TrackPointExtension>
        </extensions>
      </trkpt>
      <trkpt lat="69.02416250668466091156005859375" lon="20.5134679935872554779052734375">
        <ele>794.20001220703125</ele>
        <time>2026-08-23T05:41:41.000Z</time>
        <extensions>
          <ns3:TrackPointExtension>
            <ns3:cad>0</ns3:cad>
          </ns3:TrackPointExtension>
        </extensions>
      </trkpt>
      <trkpt lat="69.02418044395744800567626953125" lon="20.51347662694752216339111328125">
        <ele>794</ele>
        <time>2026-08-23T05:41:46.000Z</time>
        <extensions>
          <ns3:TrackPointExtension>
            <ns3:cad>0</ns3:cad>
          </ns3:TrackPointExtension>
        </extensions>
      </trkpt>
      <trkpt lat="69.0241946093738079071044921875" lon="20.5135357193648815155029296875">
        <ele>794</ele>
        <time>2026-08-23T05:41:52.000Z</time>
        <extensions>
          <ns3:TrackPointExtension>
            <ns3:cad>0</ns3:cad>
          </ns3:TrackPointExtension>
        </extensions>
      </trkpt>
      <trkpt lat="69.0242378599941730499267578125" lon="20.5136202089488506317138671875">
        <ele>794</ele>
        <time>2026-08-23T05:42:00.000Z</time>
        <extensions>
          <ns3:TrackPointExtension>
            <ns3:cad>0</ns3:cad>
          </ns3:TrackPointExtension>
        </extensions>
      </trkpt>
      <trkpt lat="69.0242894925177097320556640625" lon="20.5137048661708831787109375">
        <ele>794.4000244140625</ele>
        <time>2026-08-23T05:42:07.000Z</time>
        <extensions>
          <ns3:TrackPointExtension>
            <ns3:cad>0</ns3:cad>
          </ns3:TrackPointExtension>
        </extensions>
      </trkpt>
      <trkpt lat="69.02433852665126323699951171875" lon="20.51373227499425411224365234375">
        <ele>795</ele>
        <time>2026-08-23T05:42:13.000Z</time>
        <extensions>
          <ns3:TrackPointExtension>
            <ns3:cad>43</ns3:cad>
          </ns3:TrackPointExtension>
        </extensions>
      </trkpt>
      <trkpt lat="69.02439258992671966552734375" lon="20.51379530690610408782958984375">
        <ele>795.20001220703125</ele>
        <time>2026-08-23T05:42:19.000Z</time>
        <extensions>
          <ns3:TrackPointExtension>
            <ns3:cad>0</ns3:cad>
          </ns3:TrackPointExtension>
        </extensions>
      </trkpt>
      <trkpt lat="69.02441882528364658355712890625" lon="20.5138297565281391143798828125">
        <ele>795.5999755859375</ele>
        <time>2026-08-23T05:42:22.000Z</time>
        <extensions>
          <ns3:TrackPointExtension>
            <ns3:cad>0</ns3:cad>
          </ns3:TrackPointExtension>
        </extensions>
      </trkpt>
      <trkpt lat="69.0244453959167003631591796875" lon="20.513869822025299072265625">
        <ele>795.79998779296875</ele>
        <time>2026-08-23T05:42:25.000Z</time>
        <extensions>
          <ns3:TrackPointExtension>
            <ns3:cad>0</ns3:cad>
          </ns3:TrackPointExtension>
        </extensions>
      </trkpt>
      <trkpt lat="69.02449191547930240631103515625" lon="20.51395439542829990386962890625">
        <ele>796.5999755859375</ele>
        <time>2026-08-23T05:42:32.000Z</time>
        <extensions>
          <ns3:TrackPointExtension>
            <ns3:cad>0</ns3:cad>
          </ns3:TrackPointExtension>
        </extensions>
      </trkpt>
      <trkpt lat="69.02455662377178668975830078125" lon="20.51404324360191822052001953125">
        <ele>797.4000244140625</ele>
        <time>2026-08-23T05:42:40.000Z</time>
        <extensions>
          <ns3:TrackPointExtension>
            <ns3:cad>0</ns3:cad>
          </ns3:TrackPointExtension>
        </extensions>
      </trkpt>
      <trkpt lat="69.0245691128075122833251953125" lon="20.5140574090182781219482421875">
        <ele>797.79998779296875</ele>
        <time>2026-08-23T05:42:42.000Z</time>
        <extensions>
          <ns3:TrackPointExtension>
            <ns3:cad>0</ns3:cad>
          </ns3:TrackPointExtension>
        </extensions>
      </trkpt>
      <trkpt lat="69.024608843028545379638671875" lon="20.5141268111765384674072265625">
        <ele>798.5999755859375</ele>
        <time>2026-08-23T05:42:48.000Z</time>
        <extensions>
          <ns3:TrackPointExtension>
            <ns3:cad>0</ns3:cad>
          </ns3:TrackPointExtension>
        </extensions>
      </trkpt>
      <trkpt lat="69.024628289043903350830078125" lon="20.51415489055216312408447265625">
        <ele>798.79998779296875</ele>
        <time>2026-08-23T05:42:52.000Z</time>
        <extensions>
          <ns3:TrackPointExtension>
            <ns3:cad>40</ns3:cad>
          </ns3:TrackPointExtension>
        </extensions>
      </trkpt>
      <trkpt lat="69.024653770029544830322265625" lon="20.5141714029014110565185546875">
        <ele>799</ele>
        <time>2026-08-23T05:42:55.000Z</time>
        <extensions>
          <ns3:TrackPointExtension>
            <ns3:cad>40</ns3:cad>
          </ns3:TrackPointExtension>
        </extensions>
      </trkpt>
      <trkpt lat="69.024700708687305450439453125" lon="20.51419881172478199005126953125">
        <ele>799.4000244140625</ele>
        <time>2026-08-23T05:43:01.000Z</time>
        <extensions>
          <ns3:TrackPointExtension>
            <ns3:cad>0</ns3:cad>
          </ns3:TrackPointExtension>
        </extensions>
      </trkpt>
      <trkpt lat="69.024715460836887359619140625" lon="20.51422010175883769989013671875">
        <ele>799.79998779296875</ele>
        <time>2026-08-23T05:43:03.000Z</time>
        <extensions>
          <ns3:TrackPointExtension>
            <ns3:cad>0</ns3:cad>
          </ns3:TrackPointExtension>
        </extensions>
      </trkpt>
      <trkpt lat="69.0247350744903087615966796875" lon="20.51425714977085590362548828125">
        <ele>800.5999755859375</ele>
        <time>2026-08-23T05:43:07.000Z</time>
        <extensions>
          <ns3:TrackPointExtension>
            <ns3:cad>0</ns3:cad>
          </ns3:TrackPointExtension>
        </extensions>
      </trkpt>
      <trkpt lat="69.02474395930767059326171875" lon="20.51427978090941905975341796875">
        <ele>801</ele>
        <time>2026-08-23T05:43:09.000Z</time>
        <extensions>
          <ns3:TrackPointExtension>
            <ns3:cad>0</ns3:cad>
          </ns3:TrackPointExtension>
        </extensions>
      </trkpt>
      <trkpt lat="69.024766422808170318603515625" lon="20.5143239535391330718994140625">
        <ele>801.4000244140625</ele>
        <time>2026-08-23T05:43:13.000Z</time>
        <extensions>
          <ns3:TrackPointExtension>
            <ns3:cad>0</ns3:cad>
          </ns3:TrackPointExtension>
        </extensions>
      </trkpt>
      <trkpt lat="69.024814702570438385009765625" lon="20.51438069902360439300537109375">
        <ele>802</ele>
        <time>2026-08-23T05:43:19.000Z</time>
        <extensions>
          <ns3:TrackPointExtension>
            <ns3:cad>0</ns3:cad>
          </ns3:TrackPointExtension>
        </extensions>
      </trkpt>
      <trkpt lat="69.024870693683624267578125" lon="20.514476336538791656494140625">
        <ele>802.79998779296875</ele>
        <time>2026-08-23T05:43:27.000Z</time>
        <extensions>
          <ns3:TrackPointExtension>
            <ns3:cad>0</ns3:cad>
          </ns3:TrackPointExtension>
        </extensions>
      </trkpt>
      <trkpt lat="69.02490757405757904052734375" lon="20.5145271308720111846923828125">
        <ele>803</ele>
        <time>2026-08-23T05:43:31.000Z</time>
        <extensions>
          <ns3:TrackPointExtension>
            <ns3:cad>41</ns3:cad>
          </ns3:TrackPointExtension>
        </extensions>
      </trkpt>
      <trkpt lat="69.0249328874051570892333984375" lon="20.5145653523504734039306640625">
        <ele>803.20001220703125</ele>
        <time>2026-08-23T05:43:34.000Z</time>
        <extensions>
          <ns3:TrackPointExtension>
            <ns3:cad>41</ns3:cad>
          </ns3:TrackPointExtension>
        </extensions>
      </trkpt>
      <trkpt lat="69.02497655712068080902099609375" lon="20.514635927975177764892578125">
        <ele>804</ele>
        <time>2026-08-23T05:43:40.000Z</time>
        <extensions>
          <ns3:TrackPointExtension>
            <ns3:cad>41</ns3:cad>
          </ns3:TrackPointExtension>
        </extensions>
      </trkpt>
      <trkpt lat="69.0249949134886264801025390625" lon="20.51465998403728008270263671875">
        <ele>804</ele>
        <time>2026-08-23T05:43:42.000Z</time>
        <extensions>
          <ns3:TrackPointExtension>
            <ns3:cad>41</ns3:cad>
          </ns3:TrackPointExtension>
        </extensions>
      </trkpt>
      <trkpt lat="69.0250463783740997314453125" lon="20.51477079279720783233642578125">
        <ele>804.4000244140625</ele>
        <time>2026-08-23T05:43:49.000Z</time>
        <extensions>
          <ns3:TrackPointExtension>
            <ns3:cad>42</ns3:cad>
          </ns3:TrackPointExtension>
        </extensions>
      </trkpt>
      <trkpt lat="69.0250995196402072906494140625" lon="20.51485511474311351776123046875">
        <ele>804.5999755859375</ele>
        <time>2026-08-23T05:43:57.000Z</time>
        <extensions>
          <ns3:TrackPointExtension>
            <ns3:cad>42</ns3:cad>
          </ns3:TrackPointExtension>
        </extensions>
      </trkpt>
      <trkpt lat="69.02516498230397701263427734375" lon="20.514941029250621795654296875">
        <ele>804</ele>
        <time>2026-08-23T05:44:05.000Z</time>
        <extensions>
          <ns3:TrackPointExtension>
            <ns3:cad>44</ns3:cad>
          </ns3:TrackPointExtension>
        </extensions>
      </trkpt>
      <trkpt lat="69.0252302773296833038330078125" lon="20.5150176398456096649169921875">
        <ele>803.20001220703125</ele>
        <time>2026-08-23T05:44:12.000Z</time>
        <extensions>
          <ns3:TrackPointExtension>
            <ns3:cad>0</ns3:cad>
          </ns3:TrackPointExtension>
        </extensions>
      </trkpt>
      <trkpt lat="69.0252393297851085662841796875" lon="20.5150290392339229583740234375">
        <ele>803</ele>
        <time>2026-08-23T05:44:13.000Z</time>
        <extensions>
          <ns3:TrackPointExtension>
            <ns3:cad>0</ns3:cad>
          </ns3:TrackPointExtension>
        </extensions>
      </trkpt>
      <trkpt lat="69.0252798981964588165283203125" lon="20.515097267925739288330078125">
        <ele>803</ele>
        <time>2026-08-23T05:44:18.000Z</time>
        <extensions>
          <ns3:TrackPointExtension>
            <ns3:cad>0</ns3:cad>
          </ns3:TrackPointExtension>
        </extensions>
      </trkpt>
      <trkpt lat="69.02529976330697536468505859375" lon="20.51512568257749080657958984375">
        <ele>802.79998779296875</ele>
        <time>2026-08-23T05:44:20.000Z</time>
        <extensions>
          <ns3:TrackPointExtension>
            <ns3:cad>43</ns3:cad>
          </ns3:TrackPointExtension>
        </extensions>
      </trkpt>
      <trkpt lat="69.02534536086022853851318359375" lon="20.5152137763798236846923828125">
        <ele>802.4000244140625</ele>
        <time>2026-08-23T05:44:27.000Z</time>
        <extensions>
          <ns3:TrackPointExtension>
            <ns3:cad>0</ns3:cad>
          </ns3:TrackPointExtension>
        </extensions>
      </trkpt>
      <trkpt lat="69.025353826582431793212890625" lon="20.51522743888199329376220703125">
        <ele>802</ele>
        <time>2026-08-23T05:44:29.000Z</time>
        <extensions>
          <ns3:TrackPointExtension>
            <ns3:cad>0</ns3:cad>
          </ns3:TrackPointExtension>
        </extensions>
      </trkpt>
      <trkpt lat="69.02537201531231403350830078125" lon="20.51531293429434299468994140625">
        <ele>801.20001220703125</ele>
        <time>2026-08-23T05:44:34.000Z</time>
        <extensions>
          <ns3:TrackPointExtension>
            <ns3:cad>0</ns3:cad>
          </ns3:TrackPointExtension>
        </extensions>
      </trkpt>
      <trkpt lat="69.025392718613147735595703125" lon="20.5153391696512699127197265625">
        <ele>801.20001220703125</ele>
        <time>2026-08-23T05:44:40.000Z</time>
        <extensions>
          <ns3:TrackPointExtension>
            <ns3:cad>55</ns3:cad>
          </ns3:TrackPointExtension>
        </extensions>
      </trkpt>
      <trkpt lat="69.0254324488341808319091796875" lon="20.51539591513574123382568359375">
        <ele>801.20001220703125</ele>
        <time>2026-08-23T05:44:46.000Z</time>
        <extensions>
          <ns3:TrackPointExtension>
            <ns3:cad>0</ns3:cad>
          </ns3:TrackPointExtension>
        </extensions>
      </trkpt>
      <trkpt lat="69.02547460980713367462158203125" lon="20.51547135226428508758544921875">
        <ele>801</ele>
        <time>2026-08-23T05:44:51.000Z</time>
        <extensions>
          <ns3:TrackPointExtension>
            <ns3:cad>0</ns3:cad>
          </ns3:TrackPointExtension>
        </extensions>
      </trkpt>
      <trkpt lat="69.02550109662115573883056640625" lon="20.515527091920375823974609375">
        <ele>801</ele>
        <time>2026-08-23T05:44:55.000Z</time>
        <extensions>
          <ns3:TrackPointExtension>
            <ns3:cad>74</ns3:cad>
          </ns3:TrackPointExtension>
        </extensions>
      </trkpt>
      <trkpt lat="69.02553428895771503448486328125" lon="20.515565313398838043212890625">
        <ele>800.79998779296875</ele>
        <time>2026-08-23T05:44:59.000Z</time>
        <extensions>
          <ns3:TrackPointExtension>
            <ns3:cad>0</ns3:cad>
          </ns3:TrackPointExtension>
        </extensions>
      </trkpt>
      <trkpt lat="69.02557603083550930023193359375" lon="20.51563111133873462677001953125">
        <ele>800.5999755859375</ele>
        <time>2026-08-23T05:45:05.000Z</time>
        <extensions>
          <ns3:TrackPointExtension>
            <ns3:cad>45</ns3:cad>
          </ns3:TrackPointExtension>
        </extensions>
      </trkpt>
      <trkpt lat="69.0256257355213165283203125" lon="20.515684671700000762939453125">
        <ele>800.20001220703125</ele>
        <time>2026-08-23T05:45:11.000Z</time>
        <extensions>
          <ns3:TrackPointExtension>
            <ns3:cad>45</ns3:cad>
          </ns3:TrackPointExtension>
        </extensions>
      </trkpt>
      <trkpt lat="69.0256463550031185150146484375" lon="20.51573060452938079833984375">
        <ele>799.79998779296875</ele>
        <time>2026-08-23T05:45:14.000Z</time>
        <extensions>
          <ns3:TrackPointExtension>
            <ns3:cad>47</ns3:cad>
          </ns3:TrackPointExtension>
        </extensions>
      </trkpt>
      <trkpt lat="69.0256637893617153167724609375" lon="20.5157793872058391571044921875">
        <ele>799.4000244140625</ele>
        <time>2026-08-23T05:45:17.000Z</time>
        <extensions>
          <ns3:TrackPointExtension>
            <ns3:cad>47</ns3:cad>
          </ns3:TrackPointExtension>
        </extensions>
      </trkpt>
      <trkpt lat="69.0256902761757373809814453125" lon="20.5158702470362186431884765625">
        <ele>799.4000244140625</ele>
        <time>2026-08-23T05:45:23.000Z</time>
        <extensions>
          <ns3:TrackPointExtension>
            <ns3:cad>0</ns3:cad>
          </ns3:TrackPointExtension>
        </extensions>
      </trkpt>
      <trkpt lat="69.02574182488024234771728515625" lon="20.5159037746489048004150390625">
        <ele>799.20001220703125</ele>
        <time>2026-08-23T05:45:30.000Z</time>
        <extensions>
          <ns3:TrackPointExtension>
            <ns3:cad>0</ns3:cad>
          </ns3:TrackPointExtension>
        </extensions>
      </trkpt>
      <trkpt lat="69.02579043991863727569580078125" lon="20.51601902581751346588134765625">
        <ele>798.79998779296875</ele>
        <time>2026-08-23T05:45:37.000Z</time>
        <extensions>
          <ns3:TrackPointExtension>
            <ns3:cad>0</ns3:cad>
          </ns3:TrackPointExtension>
        </extensions>
      </trkpt>
      <trkpt lat="69.02579672634601593017578125" lon="20.51603796891868114471435546875">
        <ele>798.79998779296875</ele>
        <time>2026-08-23T05:45:38.000Z</time>
        <extensions>
          <ns3:TrackPointExtension>
            <ns3:cad>0</ns3:cad>
          </ns3:TrackPointExtension>
        </extensions>
      </trkpt>
      <trkpt lat="69.02583654038608074188232421875" lon="20.51617048680782318115234375">
        <ele>798.4000244140625</ele>
        <time>2026-08-23T05:45:45.000Z</time>
        <extensions>
          <ns3:TrackPointExtension>
            <ns3:cad>0</ns3:cad>
          </ns3:TrackPointExtension>
        </extensions>
      </trkpt>
      <trkpt lat="69.0258562378585338592529296875" lon="20.5162296630442142486572265625">
        <ele>798.20001220703125</ele>
        <time>2026-08-23T05:45:52.000Z</time>
        <extensions>
          <ns3:TrackPointExtension>
            <ns3:cad>0</ns3:cad>
          </ns3:TrackPointExtension>
        </extensions>
      </trkpt>
      <trkpt lat="69.02585263364017009735107421875" lon="20.51622253842651844024658203125">
        <ele>798</ele>
        <time>2026-08-23T05:45:59.000Z</time>
        <extensions>
          <ns3:TrackPointExtension>
            <ns3:cad>0</ns3:cad>
          </ns3:TrackPointExtension>
        </extensions>
      </trkpt>
      <trkpt lat="69.02586235664784908294677734375" lon="20.51624366082251071929931640625">
        <ele>798.20001220703125</ele>
        <time>2026-08-23T05:46:04.000Z</time>
        <extensions>
          <ns3:TrackPointExtension>
            <ns3:cad>0</ns3:cad>
          </ns3:TrackPointExtension>
        </extensions>
      </trkpt>
      <trkpt lat="69.025898985564708709716796875" lon="20.51632831804454326629638671875">
        <ele>797.79998779296875</ele>
        <time>2026-08-23T05:46:10.000Z</time>
        <extensions>
          <ns3:TrackPointExtension>
            <ns3:cad>0</ns3:cad>
          </ns3:TrackPointExtension>
        </extensions>
      </trkpt>
      <trkpt lat="69.02591533027589321136474609375" lon="20.51635882817208766937255859375">
        <ele>797.79998779296875</ele>
        <time>2026-08-23T05:46:12.000Z</time>
        <extensions>
          <ns3:TrackPointExtension>
            <ns3:cad>0</ns3:cad>
          </ns3:TrackPointExtension>
        </extensions>
      </trkpt>
      <trkpt lat="69.02593896724283695220947265625" lon="20.51642529666423797607421875">
        <ele>797.4000244140625</ele>
        <time>2026-08-23T05:46:16.000Z</time>
        <extensions>
          <ns3:TrackPointExtension>
            <ns3:cad>0</ns3:cad>
          </ns3:TrackPointExtension>
        </extensions>
      </trkpt>
      <trkpt lat="69.0259893424808979034423828125" lon="20.5164962075650691986083984375">
        <ele>797.4000244140625</ele>
        <time>2026-08-23T05:46:24.000Z</time>
        <extensions>
          <ns3:TrackPointExtension>
            <ns3:cad>0</ns3:cad>
          </ns3:TrackPointExtension>
        </extensions>
      </trkpt>
      <trkpt lat="69.0260523743927478790283203125" lon="20.5165468342602252960205078125">
        <ele>797</ele>
        <time>2026-08-23T05:46:31.000Z</time>
        <extensions>
          <ns3:TrackPointExtension>
            <ns3:cad>0</ns3:cad>
          </ns3:TrackPointExtension>
        </extensions>
      </trkpt>
      <trkpt lat="69.02609034441411495208740234375" lon="20.51656544208526611328125">
        <ele>796.5999755859375</ele>
        <time>2026-08-23T05:46:35.000Z</time>
        <extensions>
          <ns3:TrackPointExtension>
            <ns3:cad>0</ns3:cad>
          </ns3:TrackPointExtension>
        </extensions>
      </trkpt>
      <trkpt lat="69.02611146681010723114013671875" lon="20.51659150980412960052490234375">
        <ele>796.4000244140625</ele>
        <time>2026-08-23T05:46:38.000Z</time>
        <extensions>
          <ns3:TrackPointExtension>
            <ns3:cad>0</ns3:cad>
          </ns3:TrackPointExtension>
        </extensions>
      </trkpt>
      <trkpt lat="69.0261328406631946563720703125" lon="20.5166614986956119537353515625">
        <ele>796</ele>
        <time>2026-08-23T05:46:44.000Z</time>
        <extensions>
          <ns3:TrackPointExtension>
            <ns3:cad>0</ns3:cad>
          </ns3:TrackPointExtension>
        </extensions>
      </trkpt>
      <trkpt lat="69.0261506102979183197021484375" lon="20.51670215092599391937255859375">
        <ele>795.5999755859375</ele>
        <time>2026-08-23T05:46:48.000Z</time>
        <extensions>
          <ns3:TrackPointExtension>
            <ns3:cad>0</ns3:cad>
          </ns3:TrackPointExtension>
        </extensions>
      </trkpt>
      <trkpt lat="69.02617047540843486785888671875" lon="20.5167520232498645782470703125">
        <ele>795.20001220703125</ele>
        <time>2026-08-23T05:46:51.000Z</time>
        <extensions>
          <ns3:TrackPointExtension>
            <ns3:cad>0</ns3:cad>
          </ns3:TrackPointExtension>
        </extensions>
      </trkpt>
      <trkpt lat="69.02621020562946796417236328125" lon="20.51679720170795917510986328125">
        <ele>794.5999755859375</ele>
        <time>2026-08-23T05:46:56.000Z</time>
        <extensions>
          <ns3:TrackPointExtension>
            <ns3:cad>0</ns3:cad>
          </ns3:TrackPointExtension>
        </extensions>
      </trkpt>
      <trkpt lat="69.026252366602420806884765625" lon="20.5168519355356693267822265625">
        <ele>794</ele>
        <time>2026-08-23T05:47:02.000Z</time>
        <extensions>
          <ns3:TrackPointExtension>
            <ns3:cad>0</ns3:cad>
          </ns3:TrackPointExtension>
        </extensions>
      </trkpt>
      <trkpt lat="69.026272483170032501220703125" lon="20.51688202656805515289306640625">
        <ele>793.5999755859375</ele>
        <time>2026-08-23T05:47:05.000Z</time>
        <extensions>
          <ns3:TrackPointExtension>
            <ns3:cad>0</ns3:cad>
          </ns3:TrackPointExtension>
        </extensions>
      </trkpt>
      <trkpt lat="69.0262927673757076263427734375" lon="20.5169342458248138427734375">
        <ele>793</ele>
        <time>2026-08-23T05:47:08.000Z</time>
        <extensions>
          <ns3:TrackPointExtension>
            <ns3:cad>0</ns3:cad>
          </ns3:TrackPointExtension>
        </extensions>
      </trkpt>
      <trkpt lat="69.0263420529663562774658203125" lon="20.51701865158975124359130859375">
        <ele>792.5999755859375</ele>
        <time>2026-08-23T05:47:15.000Z</time>
        <extensions>
          <ns3:TrackPointExtension>
            <ns3:cad>0</ns3:cad>
          </ns3:TrackPointExtension>
        </extensions>
      </trkpt>
      <trkpt lat="69.02635001577436923980712890625" lon="20.5170624889433383941650390625">
        <ele>792.4000244140625</ele>
        <time>2026-08-23T05:47:17.000Z</time>
        <extensions>
          <ns3:TrackPointExtension>
            <ns3:cad>0</ns3:cad>
          </ns3:TrackPointExtension>
        </extensions>
      </trkpt>
      <trkpt lat="69.0263832919299602508544921875" lon="20.5171593837440013885498046875">
        <ele>791.79998779296875</ele>
        <time>2026-08-23T05:47:23.000Z</time>
        <extensions>
          <ns3:TrackPointExtension>
            <ns3:cad>0</ns3:cad>
          </ns3:TrackPointExtension>
        </extensions>
      </trkpt>
      <trkpt lat="69.026399217545986175537109375" lon="20.51719064824283123016357421875">
        <ele>791.4000244140625</ele>
        <time>2026-08-23T05:47:26.000Z</time>
        <extensions>
          <ns3:TrackPointExtension>
            <ns3:cad>56</ns3:cad>
          </ns3:TrackPointExtension>
        </extensions>
      </trkpt>
      <trkpt lat="69.02642210014164447784423828125" lon="20.51725518889725208282470703125">
        <ele>790.4000244140625</ele>
        <time>2026-08-23T05:47:31.000Z</time>
        <extensions>
          <ns3:TrackPointExtension>
            <ns3:cad>0</ns3:cad>
          </ns3:TrackPointExtension>
        </extensions>
      </trkpt>
      <trkpt lat="69.0264255367219448089599609375" lon="20.51727128215134143829345703125">
        <ele>790.20001220703125</ele>
        <time>2026-08-23T05:47:32.000Z</time>
        <extensions>
          <ns3:TrackPointExtension>
            <ns3:cad>0</ns3:cad>
          </ns3:TrackPointExtension>
        </extensions>
      </trkpt>
      <trkpt lat="69.026452191174030303955078125" lon="20.51736675202846527099609375">
        <ele>789.4000244140625</ele>
        <time>2026-08-23T05:47:37.000Z</time>
        <extensions>
          <ns3:TrackPointExtension>
            <ns3:cad>51</ns3:cad>
          </ns3:TrackPointExtension>
        </extensions>
      </trkpt>
      <trkpt lat="69.02646769769489765167236328125" lon="20.51742550916969776153564453125">
        <ele>789.20001220703125</ele>
        <time>2026-08-23T05:47:40.000Z</time>
        <extensions>
          <ns3:TrackPointExtension>
            <ns3:cad>50</ns3:cad>
          </ns3:TrackPointExtension>
        </extensions>
      </trkpt>
      <trkpt lat="69.0264959447085857391357421875" lon="20.51748133264482021331787109375">
        <ele>789</ele>
        <time>2026-08-23T05:47:44.000Z</time>
        <extensions>
          <ns3:TrackPointExtension>
            <ns3:cad>0</ns3:cad>
          </ns3:TrackPointExtension>
        </extensions>
      </trkpt>
      <trkpt lat="69.0265361778438091278076171875" lon="20.517559535801410675048828125">
        <ele>788.79998779296875</ele>
        <time>2026-08-23T05:47:50.000Z</time>
        <extensions>
          <ns3:TrackPointExtension>
            <ns3:cad>0</ns3:cad>
          </ns3:TrackPointExtension>
        </extensions>
      </trkpt>
      <trkpt lat="69.02655042707920074462890625" lon="20.5175871960818767547607421875">
        <ele>788.4000244140625</ele>
        <time>2026-08-23T05:47:54.000Z</time>
        <extensions>
          <ns3:TrackPointExtension>
            <ns3:cad>0</ns3:cad>
          </ns3:TrackPointExtension>
        </extensions>
      </trkpt>
      <trkpt lat="69.02656375430524349212646484375" lon="20.5176128447055816650390625">
        <ele>788.4000244140625</ele>
        <time>2026-08-23T05:47:56.000Z</time>
        <extensions>
          <ns3:TrackPointExtension>
            <ns3:cad>0</ns3:cad>
          </ns3:TrackPointExtension>
        </extensions>
      </trkpt>
      <trkpt lat="69.0265780873596668243408203125" lon="20.51766539923846721649169921875">
        <ele>788.4000244140625</ele>
        <time>2026-08-23T05:48:02.000Z</time>
        <extensions>
          <ns3:TrackPointExtension>
            <ns3:cad>0</ns3:cad>
          </ns3:TrackPointExtension>
        </extensions>
      </trkpt>
      <trkpt lat="69.0266082622110843658447265625" lon="20.5177152715623378753662109375">
        <ele>788.4000244140625</ele>
        <time>2026-08-23T05:48:09.000Z</time>
        <extensions>
          <ns3:TrackPointExtension>
            <ns3:cad>0</ns3:cad>
          </ns3:TrackPointExtension>
        </extensions>
      </trkpt>
      <trkpt lat="69.02664028108119964599609375" lon="20.51777067594230175018310546875">
        <ele>788.20001220703125</ele>
        <time>2026-08-23T05:48:17.000Z</time>
        <extensions>
          <ns3:TrackPointExtension>
            <ns3:cad>57</ns3:cad>
          </ns3:TrackPointExtension>
        </extensions>
      </trkpt>
      <trkpt lat="69.0266937576234340667724609375" lon="20.51780872978270053863525390625">
        <ele>788.4000244140625</ele>
        <time>2026-08-23T05:48:23.000Z</time>
        <extensions>
          <ns3:TrackPointExtension>
            <ns3:cad>57</ns3:cad>
          </ns3:TrackPointExtension>
        </extensions>
      </trkpt>
      <trkpt lat="69.02671328745782375335693359375" lon="20.517816357314586639404296875">
        <ele>788.20001220703125</ele>
        <time>2026-08-23T05:48:25.000Z</time>
        <extensions>
          <ns3:TrackPointExtension>
            <ns3:cad>0</ns3:cad>
          </ns3:TrackPointExtension>
        </extensions>
      </trkpt>
      <trkpt lat="69.0267520956695079803466796875" lon="20.5178389884531497955322265625">
        <ele>788.4000244140625</ele>
        <time>2026-08-23T05:48:29.000Z</time>
        <extensions>
          <ns3:TrackPointExtension>
            <ns3:cad>46</ns3:cad>
          </ns3:TrackPointExtension>
        </extensions>
      </trkpt>
      <trkpt lat="69.026790820062160491943359375" lon="20.51792372949421405792236328125">
        <ele>788.20001220703125</ele>
        <time>2026-08-23T05:48:35.000Z</time>
        <extensions>
          <ns3:TrackPointExtension>
            <ns3:cad>0</ns3:cad>
          </ns3:TrackPointExtension>
        </extensions>
      </trkpt>
      <trkpt lat="69.02682811953127384185791015625" lon="20.51796781830489635467529296875">
        <ele>788.20001220703125</ele>
        <time>2026-08-23T05:48:41.000Z</time>
        <extensions>
          <ns3:TrackPointExtension>
            <ns3:cad>0</ns3:cad>
          </ns3:TrackPointExtension>
        </extensions>
      </trkpt>
      <trkpt lat="69.0268318913877010345458984375" lon="20.5179865099489688873291015625">
        <ele>788.4000244140625</ele>
        <time>2026-08-23T05:48:42.000Z</time>
        <extensions>
          <ns3:TrackPointExtension>
            <ns3:cad>0</ns3:cad>
          </ns3:TrackPointExtension>
        </extensions>
      </trkpt>
      <trkpt lat="69.02686416171491146087646484375" lon="20.51804375834763050079345703125">
        <ele>788.4000244140625</ele>
        <time>2026-08-23T05:48:47.000Z</time>
        <extensions>
          <ns3:TrackPointExtension>
            <ns3:cad>0</ns3:cad>
          </ns3:TrackPointExtension>
        </extensions>
      </trkpt>
      <trkpt lat="69.02689634822309017181396484375" lon="20.51808382384479045867919921875">
        <ele>788.5999755859375</ele>
        <time>2026-08-23T05:48:51.000Z</time>
        <extensions>
          <ns3:TrackPointExtension>
            <ns3:cad>0</ns3:cad>
          </ns3:TrackPointExtension>
        </extensions>
      </trkpt>
      <trkpt lat="69.02689886279404163360595703125" lon="20.518095977604389190673828125">
        <ele>788.5999755859375</ele>
        <time>2026-08-23T05:48:53.000Z</time>
        <extensions>
          <ns3:TrackPointExtension>
            <ns3:cad>0</ns3:cad>
          </ns3:TrackPointExtension>
        </extensions>
      </trkpt>
      <trkpt lat="69.02689701877534389495849609375" lon="20.5180822312831878662109375">
        <ele>789</ele>
        <time>2026-08-23T05:49:00.000Z</time>
        <extensions>
          <ns3:TrackPointExtension>
            <ns3:cad>0</ns3:cad>
          </ns3:TrackPointExtension>
        </extensions>
      </trkpt>
      <trkpt lat="69.0269110165536403656005859375" lon="20.51808851771056652069091796875">
        <ele>788.79998779296875</ele>
        <time>2026-08-23T05:49:09.000Z</time>
        <extensions>
          <ns3:TrackPointExtension>
            <ns3:cad>0</ns3:cad>
          </ns3:TrackPointExtension>
        </extensions>
      </trkpt>
      <trkpt lat="69.02695007622241973876953125" lon="20.5181390605866909027099609375">
        <ele>789</ele>
        <time>2026-08-23T05:49:15.000Z</time>
        <extensions>
          <ns3:TrackPointExtension>
            <ns3:cad>0</ns3:cad>
          </ns3:TrackPointExtension>
        </extensions>
      </trkpt>
      <trkpt lat="69.02697228826582431793212890625" lon="20.51818943582475185394287109375">
        <ele>789.20001220703125</ele>
        <time>2026-08-23T05:49:19.000Z</time>
        <extensions>
          <ns3:TrackPointExtension>
            <ns3:cad>0</ns3:cad>
          </ns3:TrackPointExtension>
        </extensions>
      </trkpt>
      <trkpt lat="69.0269787423312664031982421875" lon="20.518221370875835418701171875">
        <ele>789.4000244140625</ele>
        <time>2026-08-23T05:49:21.000Z</time>
        <extensions>
          <ns3:TrackPointExtension>
            <ns3:cad>0</ns3:cad>
          </ns3:TrackPointExtension>
        </extensions>
      </trkpt>
      <trkpt lat="69.02700162492692470550537109375" lon="20.51831264980137348175048828125">
        <ele>790.20001220703125</ele>
        <time>2026-08-23T05:49:27.000Z</time>
        <extensions>
          <ns3:TrackPointExtension>
            <ns3:cad>41</ns3:cad>
          </ns3:TrackPointExtension>
        </extensions>
      </trkpt>
      <trkpt lat="69.02700833044946193695068359375" lon="20.51832698285579681396484375">
        <ele>790.4000244140625</ele>
        <time>2026-08-23T05:49:28.000Z</time>
        <extensions>
          <ns3:TrackPointExtension>
            <ns3:cad>43</ns3:cad>
          </ns3:TrackPointExtension>
        </extensions>
      </trkpt>
      <trkpt lat="69.0270427800714969635009765625" lon="20.5183740891516208648681640625">
        <ele>791.20001220703125</ele>
        <time>2026-08-23T05:49:33.000Z</time>
        <extensions>
          <ns3:TrackPointExtension>
            <ns3:cad>42</ns3:cad>
          </ns3:TrackPointExtension>
        </extensions>
      </trkpt>
      <trkpt lat="69.0270729549229145050048828125" lon="20.51840820349752902984619140625">
        <ele>791</ele>
        <time>2026-08-23T05:49:39.000Z</time>
        <extensions>
          <ns3:TrackPointExtension>
            <ns3:cad>0</ns3:cad>
          </ns3:TrackPointExtension>
        </extensions>
      </trkpt>
      <trkpt lat="69.02708150446414947509765625" lon="20.51841591484844684600830078125">
        <ele>791</ele>
        <time>2026-08-23T05:49:47.000Z</time>
        <extensions>
          <ns3:TrackPointExtension>
            <ns3:cad>0</ns3:cad>
          </ns3:TrackPointExtension>
        </extensions>
      </trkpt>
      <trkpt lat="69.027085192501544952392578125" lon="20.51841205917298793792724609375">
        <ele>791</ele>
        <time>2026-08-23T05:49:55.000Z</time>
        <extensions>
          <ns3:TrackPointExtension>
            <ns3:cad>0</ns3:cad>
          </ns3:TrackPointExtension>
        </extensions>
      </trkpt>
      <trkpt lat="69.02709214948117733001708984375" lon="20.51840971224009990692138671875">
        <ele>791</ele>
        <time>2026-08-23T05:50:02.000Z</time>
        <extensions>
          <ns3:TrackPointExtension>
            <ns3:cad>0</ns3:cad>
          </ns3:TrackPointExtension>
        </extensions>
      </trkpt>
      <trkpt lat="69.02710153721272945404052734375" lon="20.51844189874827861785888671875">
        <ele>790.79998779296875</ele>
        <time>2026-08-23T05:50:09.000Z</time>
        <extensions>
          <ns3:TrackPointExtension>
            <ns3:cad>0</ns3:cad>
          </ns3:TrackPointExtension>
        </extensions>
      </trkpt>
      <trkpt lat="69.02714361436665058135986328125" lon="20.51851012744009494781494140625">
        <ele>790.5999755859375</ele>
        <time>2026-08-23T05:50:15.000Z</time>
        <extensions>
          <ns3:TrackPointExtension>
            <ns3:cad>0</ns3:cad>
          </ns3:TrackPointExtension>
        </extensions>
      </trkpt>
      <trkpt lat="69.02718049474060535430908203125" lon="20.518586821854114532470703125">
        <ele>790</ele>
        <time>2026-08-23T05:50:20.000Z</time>
        <extensions>
          <ns3:TrackPointExtension>
            <ns3:cad>0</ns3:cad>
          </ns3:TrackPointExtension>
        </extensions>
      </trkpt>
      <trkpt lat="69.02721418999135494232177734375" lon="20.51864021457731723785400390625">
        <ele>789.4000244140625</ele>
        <time>2026-08-23T05:50:25.000Z</time>
        <extensions>
          <ns3:TrackPointExtension>
            <ns3:cad>0</ns3:cad>
          </ns3:TrackPointExtension>
        </extensions>
      </trkpt>
      <trkpt lat="69.027231037616729736328125" lon="20.51865127868950366973876953125">
        <ele>789.20001220703125</ele>
        <time>2026-08-23T05:50:27.000Z</time>
        <extensions>
          <ns3:TrackPointExtension>
            <ns3:cad>51</ns3:cad>
          </ns3:TrackPointExtension>
        </extensions>
      </trkpt>
      <trkpt lat="69.02725492604076862335205078125" lon="20.51872269250452518463134765625">
        <ele>788.4000244140625</ele>
        <time>2026-08-23T05:50:32.000Z</time>
        <extensions>
          <ns3:TrackPointExtension>
            <ns3:cad>48</ns3:cad>
          </ns3:TrackPointExtension>
        </extensions>
      </trkpt>
      <trkpt lat="69.0272680856287479400634765625" lon="20.5187554657459259033203125">
        <ele>788</ele>
        <time>2026-08-23T05:50:34.000Z</time>
        <extensions>
          <ns3:TrackPointExtension>
            <ns3:cad>48</ns3:cad>
          </ns3:TrackPointExtension>
        </extensions>
      </trkpt>
      <trkpt lat="69.0273110009729862213134765625" lon="20.51885646767914295196533203125">
        <ele>788</ele>
        <time>2026-08-23T05:50:41.000Z</time>
        <extensions>
          <ns3:TrackPointExtension>
            <ns3:cad>45</ns3:cad>
          </ns3:TrackPointExtension>
        </extensions>
      </trkpt>
      <trkpt lat="69.0273569338023662567138671875" lon="20.518975742161273956298828125">
        <ele>787.79998779296875</ele>
        <time>2026-08-23T05:50:47.000Z</time>
        <extensions>
          <ns3:TrackPointExtension>
            <ns3:cad>0</ns3:cad>
          </ns3:TrackPointExtension>
        </extensions>
      </trkpt>
      <trkpt lat="69.02743547223508358001708984375" lon="20.51904841326177120208740234375">
        <ele>787.20001220703125</ele>
        <time>2026-08-23T05:50:55.000Z</time>
        <extensions>
          <ns3:TrackPointExtension>
            <ns3:cad>0</ns3:cad>
          </ns3:TrackPointExtension>
        </extensions>
      </trkpt>
      <trkpt lat="69.02747537009418010711669921875" lon="20.51913441158831119537353515625">
        <ele>787.20001220703125</ele>
        <time>2026-08-23T05:51:02.000Z</time>
        <extensions>
          <ns3:TrackPointExtension>
            <ns3:cad>0</ns3:cad>
          </ns3:TrackPointExtension>
        </extensions>
      </trkpt>
      <trkpt lat="69.02755432762205600738525390625" lon="20.51919543184340000152587890625">
        <ele>787.79998779296875</ele>
        <time>2026-08-23T05:51:10.000Z</time>
        <extensions>
          <ns3:TrackPointExtension>
            <ns3:cad>60</ns3:cad>
          </ns3:TrackPointExtension>
        </extensions>
      </trkpt>
      <trkpt lat="69.02756203897297382354736328125" lon="20.51921118982136249542236328125">
        <ele>787.79998779296875</ele>
        <time>2026-08-23T05:51:11.000Z</time>
        <extensions>
          <ns3:TrackPointExtension>
            <ns3:cad>60</ns3:cad>
          </ns3:TrackPointExtension>
        </extensions>
      </trkpt>
      <trkpt lat="69.02759422548115253448486328125" lon="20.51928159780800342559814453125">
        <ele>788.20001220703125</ele>
        <time>2026-08-23T05:51:17.000Z</time>
        <extensions>
          <ns3:TrackPointExtension>
            <ns3:cad>42</ns3:cad>
          </ns3:TrackPointExtension>
        </extensions>
      </trkpt>
      <trkpt lat="69.0275976620614528656005859375" lon="20.51930062472820281982421875">
        <ele>788.4000244140625</ele>
        <time>2026-08-23T05:51:19.000Z</time>
        <extensions>
          <ns3:TrackPointExtension>
            <ns3:cad>0</ns3:cad>
          </ns3:TrackPointExtension>
        </extensions>
      </trkpt>
      <trkpt lat="69.02760545723140239715576171875" lon="20.5193336494266986846923828125">
        <ele>788.5999755859375</ele>
        <time>2026-08-23T05:51:24.000Z</time>
        <extensions>
          <ns3:TrackPointExtension>
            <ns3:cad>0</ns3:cad>
          </ns3:TrackPointExtension>
        </extensions>
      </trkpt>
      <trkpt lat="69.02761249803006649017333984375" lon="20.51933373324573040008544921875">
        <ele>788.5999755859375</ele>
        <time>2026-08-23T05:51:30.000Z</time>
        <extensions>
          <ns3:TrackPointExtension>
            <ns3:cad>0</ns3:cad>
          </ns3:TrackPointExtension>
        </extensions>
      </trkpt>
      <trkpt lat="69.0276087261736392974853515625" lon="20.5193296261131763458251953125">
        <ele>788.5999755859375</ele>
        <time>2026-08-23T05:51:37.000Z</time>
        <extensions>
          <ns3:TrackPointExtension>
            <ns3:cad>0</ns3:cad>
          </ns3:TrackPointExtension>
        </extensions>
      </trkpt>
      <trkpt lat="69.02761618606746196746826171875" lon="20.51936223171651363372802734375">
        <ele>788.5999755859375</ele>
        <time>2026-08-23T05:51:44.000Z</time>
        <extensions>
          <ns3:TrackPointExtension>
            <ns3:cad>0</ns3:cad>
          </ns3:TrackPointExtension>
        </extensions>
      </trkpt>
      <trkpt lat="69.02762875892221927642822265625" lon="20.5194447934627532958984375">
        <ele>788.4000244140625</ele>
        <time>2026-08-23T05:51:49.000Z</time>
        <extensions>
          <ns3:TrackPointExtension>
            <ns3:cad>0</ns3:cad>
          </ns3:TrackPointExtension>
        </extensions>
      </trkpt>
      <trkpt lat="69.02767703868448734283447265625" lon="20.5195787362754344940185546875">
        <ele>787.4000244140625</ele>
        <time>2026-08-23T05:51:58.000Z</time>
        <extensions>
          <ns3:TrackPointExtension>
            <ns3:cad>0</ns3:cad>
          </ns3:TrackPointExtension>
        </extensions>
      </trkpt>
      <trkpt lat="69.027690030634403228759765625" lon="20.51960907876491546630859375">
        <ele>787.4000244140625</ele>
        <time>2026-08-23T05:52:00.000Z</time>
        <extensions>
          <ns3:TrackPointExtension>
            <ns3:cad>0</ns3:cad>
          </ns3:TrackPointExtension>
        </extensions>
      </trkpt>
      <trkpt lat="69.0277237258851528167724609375" lon="20.5196786485612392425537109375">
        <ele>787.20001220703125</ele>
        <time>2026-08-23T05:52:05.000Z</time>
        <extensions>
          <ns3:TrackPointExtension>
            <ns3:cad>0</ns3:cad>
          </ns3:TrackPointExtension>
        </extensions>
      </trkpt>
      <trkpt lat="69.02778315357863903045654296875" lon="20.51978350616991519927978515625">
        <ele>787</ele>
        <time>2026-08-23T05:52:12.000Z</time>
        <extensions>
          <ns3:TrackPointExtension>
            <ns3:cad>0</ns3:cad>
          </ns3:TrackPointExtension>
        </extensions>
      </trkpt>
      <trkpt lat="69.0278487838804721832275390625" lon="20.5198766291141510009765625">
        <ele>786.5999755859375</ele>
        <time>2026-08-23T05:52:19.000Z</time>
        <extensions>
          <ns3:TrackPointExtension>
            <ns3:cad>50</ns3:cad>
          </ns3:TrackPointExtension>
        </extensions>
      </trkpt>
      <trkpt lat="69.02790770865976810455322265625" lon="20.5200189538300037384033203125">
        <ele>786.79998779296875</ele>
        <time>2026-08-23T05:52:26.000Z</time>
        <extensions>
          <ns3:TrackPointExtension>
            <ns3:cad>48</ns3:cad>
          </ns3:TrackPointExtension>
        </extensions>
      </trkpt>
      <trkpt lat="69.02794877998530864715576171875" lon="20.52012515254318714141845703125">
        <ele>786.5999755859375</ele>
        <time>2026-08-23T05:52:33.000Z</time>
        <extensions>
          <ns3:TrackPointExtension>
            <ns3:cad>46</ns3:cad>
          </ns3:TrackPointExtension>
        </extensions>
      </trkpt>
      <trkpt lat="69.027966298162937164306640625" lon="20.5201463587582111358642578125">
        <ele>786.5999755859375</ele>
        <time>2026-08-23T05:52:36.000Z</time>
        <extensions>
          <ns3:TrackPointExtension>
            <ns3:cad>0</ns3:cad>
          </ns3:TrackPointExtension>
        </extensions>
      </trkpt>
      <trkpt lat="69.0279887616634368896484375" lon="20.52017276175320148468017578125">
        <ele>786.5999755859375</ele>
        <time>2026-08-23T05:52:39.000Z</time>
        <extensions>
          <ns3:TrackPointExtension>
            <ns3:cad>0</ns3:cad>
          </ns3:TrackPointExtension>
        </extensions>
      </trkpt>
      <trkpt lat="69.02804701589047908782958984375" lon="20.52026596851646900177001953125">
        <ele>786.5999755859375</ele>
        <time>2026-08-23T05:52:46.000Z</time>
        <extensions>
          <ns3:TrackPointExtension>
            <ns3:cad>0</ns3:cad>
          </ns3:TrackPointExtension>
        </extensions>
      </trkpt>
      <trkpt lat="69.02809998951852321624755859375" lon="20.5202875100076198577880859375">
        <ele>786.4000244140625</ele>
        <time>2026-08-23T05:52:53.000Z</time>
        <extensions>
          <ns3:TrackPointExtension>
            <ns3:cad>0</ns3:cad>
          </ns3:TrackPointExtension>
        </extensions>
      </trkpt>
      <trkpt lat="69.02810937725007534027099609375" lon="20.52028977312147617340087890625">
        <ele>786.20001220703125</ele>
        <time>2026-08-23T05:52:54.000Z</time>
        <extensions>
          <ns3:TrackPointExtension>
            <ns3:cad>0</ns3:cad>
          </ns3:TrackPointExtension>
        </extensions>
      </trkpt>
      <trkpt lat="69.02812354266643524169921875" lon="20.52030838094651699066162109375">
        <ele>785.5999755859375</ele>
        <time>2026-08-23T05:52:59.000Z</time>
        <extensions>
          <ns3:TrackPointExtension>
            <ns3:cad>0</ns3:cad>
          </ns3:TrackPointExtension>
        </extensions>
      </trkpt>
      <trkpt lat="69.02812111191451549530029296875" lon="20.5202858336269855499267578125">
        <ele>785.5999755859375</ele>
        <time>2026-08-23T05:53:06.000Z</time>
        <extensions>
          <ns3:TrackPointExtension>
            <ns3:cad>0</ns3:cad>
          </ns3:TrackPointExtension>
        </extensions>
      </trkpt>
      <trkpt lat="69.02813284657895565032958984375" lon="20.52032279781997203826904296875">
        <ele>785.5999755859375</ele>
        <time>2026-08-23T05:53:14.000Z</time>
        <extensions>
          <ns3:TrackPointExtension>
            <ns3:cad>0</ns3:cad>
          </ns3:TrackPointExtension>
        </extensions>
      </trkpt>
      <trkpt lat="69.02815765701234340667724609375" lon="20.52045808173716068267822265625">
        <ele>785.20001220703125</ele>
        <time>2026-08-23T05:53:20.000Z</time>
        <extensions>
          <ns3:TrackPointExtension>
            <ns3:cad>0</ns3:cad>
          </ns3:TrackPointExtension>
        </extensions>
      </trkpt>
      <trkpt lat="69.0281979739665985107421875" lon="20.5205540545284748077392578125">
        <ele>784.79998779296875</ele>
        <time>2026-08-23T05:53:26.000Z</time>
        <extensions>
          <ns3:TrackPointExtension>
            <ns3:cad>0</ns3:cad>
          </ns3:TrackPointExtension>
        </extensions>
      </trkpt>
      <trkpt lat="69.02824348770081996917724609375" lon="20.52067835815250873565673828125">
        <ele>784.5999755859375</ele>
        <time>2026-08-23T05:53:32.000Z</time>
        <extensions>
          <ns3:TrackPointExtension>
            <ns3:cad>50</ns3:cad>
          </ns3:TrackPointExtension>
        </extensions>
      </trkpt>
      <trkpt lat="69.02830517850816249847412109375" lon="20.520837865769863128662109375">
        <ele>784.20001220703125</ele>
        <time>2026-08-23T05:53:40.000Z</time>
        <extensions>
          <ns3:TrackPointExtension>
            <ns3:cad>0</ns3:cad>
          </ns3:TrackPointExtension>
        </extensions>
      </trkpt>
      <trkpt lat="69.028349183499813079833984375" lon="20.52090617828071117401123046875">
        <ele>784.20001220703125</ele>
        <time>2026-08-23T05:53:45.000Z</time>
        <extensions>
          <ns3:TrackPointExtension>
            <ns3:cad>0</ns3:cad>
          </ns3:TrackPointExtension>
        </extensions>
      </trkpt>
      <trkpt lat="69.02839737944304943084716796875" lon="20.52103358320891857147216796875">
        <ele>784.5999755859375</ele>
        <time>2026-08-23T05:53:53.000Z</time>
        <extensions>
          <ns3:TrackPointExtension>
            <ns3:cad>0</ns3:cad>
          </ns3:TrackPointExtension>
        </extensions>
      </trkpt>
      <trkpt lat="69.0284398756921291351318359375" lon="20.5211448110640048980712890625">
        <ele>784.79998779296875</ele>
        <time>2026-08-23T05:53:59.000Z</time>
        <extensions>
          <ns3:TrackPointExtension>
            <ns3:cad>0</ns3:cad>
          </ns3:TrackPointExtension>
        </extensions>
      </trkpt>
      <trkpt lat="69.02849444188177585601806640625" lon="20.52126207388937473297119140625">
        <ele>785.20001220703125</ele>
        <time>2026-08-23T05:54:06.000Z</time>
        <extensions>
          <ns3:TrackPointExtension>
            <ns3:cad>46</ns3:cad>
          </ns3:TrackPointExtension>
        </extensions>
      </trkpt>
      <trkpt lat="69.028525538742542266845703125" lon="20.52142200060188770294189453125">
        <ele>785.79998779296875</ele>
        <time>2026-08-23T05:54:13.000Z</time>
        <extensions>
          <ns3:TrackPointExtension>
            <ns3:cad>0</ns3:cad>
          </ns3:TrackPointExtension>
        </extensions>
      </trkpt>
      <trkpt lat="69.0285654366016387939453125" lon="20.52158226259052753448486328125">
        <ele>785.79998779296875</ele>
        <time>2026-08-23T05:54:20.000Z</time>
        <extensions>
          <ns3:TrackPointExtension>
            <ns3:cad>0</ns3:cad>
          </ns3:TrackPointExtension>
        </extensions>
      </trkpt>
      <trkpt lat="69.02860776521265506744384765625" lon="20.52169717848300933837890625">
        <ele>785.5999755859375</ele>
        <time>2026-08-23T05:54:26.000Z</time>
        <extensions>
          <ns3:TrackPointExtension>
            <ns3:cad>45</ns3:cad>
          </ns3:TrackPointExtension>
        </extensions>
      </trkpt>
      <trkpt lat="69.0286249481141567230224609375" lon="20.52175157703459262847900390625">
        <ele>785.79998779296875</ele>
        <time>2026-08-23T05:54:33.000Z</time>
        <extensions>
          <ns3:TrackPointExtension>
            <ns3:cad>0</ns3:cad>
          </ns3:TrackPointExtension>
        </extensions>
      </trkpt>
      <trkpt lat="69.02865068055689334869384765625" lon="20.5218649841845035552978515625">
        <ele>785.79998779296875</ele>
        <time>2026-08-23T05:54:40.000Z</time>
        <extensions>
          <ns3:TrackPointExtension>
            <ns3:cad>0</ns3:cad>
          </ns3:TrackPointExtension>
        </extensions>
      </trkpt>
      <trkpt lat="69.02867917902767658233642578125" lon="20.52198124118149280548095703125">
        <ele>786</ele>
        <time>2026-08-23T05:54:46.000Z</time>
        <extensions>
          <ns3:TrackPointExtension>
            <ns3:cad>0</ns3:cad>
          </ns3:TrackPointExtension>
        </extensions>
      </trkpt>
      <trkpt lat="69.0286846272647380828857421875" lon="20.52200672216713428497314453125">
        <ele>786.20001220703125</ele>
        <time>2026-08-23T05:54:47.000Z</time>
        <extensions>
          <ns3:TrackPointExtension>
            <ns3:cad>43</ns3:cad>
          </ns3:TrackPointExtension>
        </extensions>
      </trkpt>
      <trkpt lat="69.0287129580974578857421875" lon="20.52209791727364063262939453125">
        <ele>786.4000244140625</ele>
        <time>2026-08-23T05:54:52.000Z</time>
        <extensions>
          <ns3:TrackPointExtension>
            <ns3:cad>44</ns3:cad>
          </ns3:TrackPointExtension>
        </extensions>
      </trkpt>
      <trkpt lat="69.02875511907041072845458984375" lon="20.52219581790268421173095703125">
        <ele>786</ele>
        <time>2026-08-23T05:54:58.000Z</time>
        <extensions>
          <ns3:TrackPointExtension>
            <ns3:cad>0</ns3:cad>
          </ns3:TrackPointExtension>
        </extensions>
      </trkpt>
      <trkpt lat="69.0287962742149829864501953125" lon="20.522294305264949798583984375">
        <ele>785.5999755859375</ele>
        <time>2026-08-23T05:55:04.000Z</time>
        <extensions>
          <ns3:TrackPointExtension>
            <ns3:cad>45</ns3:cad>
          </ns3:TrackPointExtension>
        </extensions>
      </trkpt>
      <trkpt lat="69.02880884706974029541015625" lon="20.522327162325382232666015625">
        <ele>785.20001220703125</ele>
        <time>2026-08-23T05:55:06.000Z</time>
        <extensions>
          <ns3:TrackPointExtension>
            <ns3:cad>0</ns3:cad>
          </ns3:TrackPointExtension>
        </extensions>
      </trkpt>
      <trkpt lat="69.028847403824329376220703125" lon="20.52239530719816684722900390625">
        <ele>784.5999755859375</ele>
        <time>2026-08-23T05:55:12.000Z</time>
        <extensions>
          <ns3:TrackPointExtension>
            <ns3:cad>0</ns3:cad>
          </ns3:TrackPointExtension>
        </extensions>
      </trkpt>
      <trkpt lat="69.02888906188309192657470703125" lon="20.52249387837946414947509765625">
        <ele>784.20001220703125</ele>
        <time>2026-08-23T05:55:19.000Z</time>
        <extensions>
          <ns3:TrackPointExtension>
            <ns3:cad>0</ns3:cad>
          </ns3:TrackPointExtension>
        </extensions>
      </trkpt>
      <trkpt lat="69.02889794670045375823974609375" lon="20.522528328001499176025390625">
        <ele>784.20001220703125</ele>
        <time>2026-08-23T05:55:21.000Z</time>
        <extensions>
          <ns3:TrackPointExtension>
            <ns3:cad>0</ns3:cad>
          </ns3:TrackPointExtension>
        </extensions>
      </trkpt>
      <trkpt lat="69.028929881751537322998046875" lon="20.5226320959627628326416015625">
        <ele>783.5999755859375</ele>
        <time>2026-08-23T05:55:27.000Z</time>
        <extensions>
          <ns3:TrackPointExtension>
            <ns3:cad>0</ns3:cad>
          </ns3:TrackPointExtension>
        </extensions>
      </trkpt>
      <trkpt lat="69.02897036634385585784912109375" lon="20.5226867459714412689208984375">
        <ele>783</ele>
        <time>2026-08-23T05:55:32.000Z</time>
        <extensions>
          <ns3:TrackPointExtension>
            <ns3:cad>0</ns3:cad>
          </ns3:TrackPointExtension>
        </extensions>
      </trkpt>
      <trkpt lat="69.02898562140762805938720703125" lon="20.522712729871273040771484375">
        <ele>782.5999755859375</ele>
        <time>2026-08-23T05:55:34.000Z</time>
        <extensions>
          <ns3:TrackPointExtension>
            <ns3:cad>45</ns3:cad>
          </ns3:TrackPointExtension>
        </extensions>
      </trkpt>
      <trkpt lat="69.02899098582565784454345703125" lon="20.52272940985858440399169921875">
        <ele>782.5999755859375</ele>
        <time>2026-08-23T05:55:35.000Z</time>
        <extensions>
          <ns3:TrackPointExtension>
            <ns3:cad>45</ns3:cad>
          </ns3:TrackPointExtension>
        </extensions>
      </trkpt>
      <trkpt lat="69.0290205739438533782958984375" lon="20.52281406708061695098876953125">
        <ele>782.20001220703125</ele>
        <time>2026-08-23T05:55:40.000Z</time>
        <extensions>
          <ns3:TrackPointExtension>
            <ns3:cad>45</ns3:cad>
          </ns3:TrackPointExtension>
        </extensions>
      </trkpt>
      <trkpt lat="69.029039181768894195556640625" lon="20.522860586643218994140625">
        <ele>782</ele>
        <time>2026-08-23T05:55:43.000Z</time>
        <extensions>
          <ns3:TrackPointExtension>
            <ns3:cad>44</ns3:cad>
          </ns3:TrackPointExtension>
        </extensions>
      </trkpt>
      <trkpt lat="69.02906239964067935943603515625" lon="20.52292202599346637725830078125">
        <ele>781.5999755859375</ele>
        <time>2026-08-23T05:55:47.000Z</time>
        <extensions>
          <ns3:TrackPointExtension>
            <ns3:cad>0</ns3:cad>
          </ns3:TrackPointExtension>
        </extensions>
      </trkpt>
      <trkpt lat="69.02911973185837268829345703125" lon="20.5230290628969669342041015625">
        <ele>780.79998779296875</ele>
        <time>2026-08-23T05:55:55.000Z</time>
        <extensions>
          <ns3:TrackPointExtension>
            <ns3:cad>48</ns3:cad>
          </ns3:TrackPointExtension>
        </extensions>
      </trkpt>
      <trkpt lat="69.0291680954396724700927734375" lon="20.523088239133358001708984375">
        <ele>780.4000244140625</ele>
        <time>2026-08-23T05:56:02.000Z</time>
        <extensions>
          <ns3:TrackPointExtension>
            <ns3:cad>45</ns3:cad>
          </ns3:TrackPointExtension>
        </extensions>
      </trkpt>
      <trkpt lat="69.02920271269977092742919921875" lon="20.52311464212834835052490234375">
        <ele>779.79998779296875</ele>
        <time>2026-08-23T05:56:07.000Z</time>
        <extensions>
          <ns3:TrackPointExtension>
            <ns3:cad>0</ns3:cad>
          </ns3:TrackPointExtension>
        </extensions>
      </trkpt>
      <trkpt lat="69.0291992761194705963134765625" lon="20.52313827909529209136962890625">
        <ele>780</ele>
        <time>2026-08-23T05:56:09.000Z</time>
        <extensions>
          <ns3:TrackPointExtension>
            <ns3:cad>0</ns3:cad>
          </ns3:TrackPointExtension>
        </extensions>
      </trkpt>
      <trkpt lat="69.02919550426304340362548828125" lon="20.52317507565021514892578125">
        <ele>780</ele>
        <time>2026-08-23T05:56:11.000Z</time>
        <extensions>
          <ns3:TrackPointExtension>
            <ns3:cad>0</ns3:cad>
          </ns3:TrackPointExtension>
        </extensions>
      </trkpt>
      <trkpt lat="69.0292173810303211212158203125" lon="20.5233475752174854278564453125">
        <ele>779.79998779296875</ele>
        <time>2026-08-23T05:56:19.000Z</time>
        <extensions>
          <ns3:TrackPointExtension>
            <ns3:cad>65</ns3:cad>
          </ns3:TrackPointExtension>
        </extensions>
      </trkpt>
      <trkpt lat="69.02923607267439365386962890625" lon="20.5235517583787441253662109375">
        <ele>778.5999755859375</ele>
        <time>2026-08-23T05:56:27.000Z</time>
        <extensions>
          <ns3:TrackPointExtension>
            <ns3:cad>0</ns3:cad>
          </ns3:TrackPointExtension>
        </extensions>
      </trkpt>
      <trkpt lat="69.029248394072055816650390625" lon="20.523704476654529571533203125">
        <ele>778</ele>
        <time>2026-08-23T05:56:33.000Z</time>
        <extensions>
          <ns3:TrackPointExtension>
            <ns3:cad>0</ns3:cad>
          </ns3:TrackPointExtension>
        </extensions>
      </trkpt>
      <trkpt lat="69.0292542614042758941650390625" lon="20.52372383885085582733154296875">
        <ele>777.4000244140625</ele>
        <time>2026-08-23T05:56:36.000Z</time>
        <extensions>
          <ns3:TrackPointExtension>
            <ns3:cad>0</ns3:cad>
          </ns3:TrackPointExtension>
        </extensions>
      </trkpt>
      <trkpt lat="69.0292673371732234954833984375" lon="20.52375577390193939208984375">
        <ele>776.79998779296875</ele>
        <time>2026-08-23T05:56:39.000Z</time>
        <extensions>
          <ns3:TrackPointExtension>
            <ns3:cad>0</ns3:cad>
          </ns3:TrackPointExtension>
        </extensions>
      </trkpt>
      <trkpt lat="69.029277227818965911865234375" lon="20.52376155741512775421142578125">
        <ele>776.4000244140625</ele>
        <time>2026-08-23T05:56:41.000Z</time>
        <extensions>
          <ns3:TrackPointExtension>
            <ns3:cad>0</ns3:cad>
          </ns3:TrackPointExtension>
        </extensions>
      </trkpt>
      <trkpt lat="69.02928401716053485870361328125" lon="20.52375820465385913848876953125">
        <ele>776.4000244140625</ele>
        <time>2026-08-23T05:56:42.000Z</time>
        <extensions>
          <ns3:TrackPointExtension>
            <ns3:cad>0</ns3:cad>
          </ns3:TrackPointExtension>
        </extensions>
      </trkpt>
      <trkpt lat="69.02929977513849735260009765625" lon="20.52374244667589664459228515625">
        <ele>776.20001220703125</ele>
        <time>2026-08-23T05:56:44.000Z</time>
        <extensions>
          <ns3:TrackPointExtension>
            <ns3:cad>0</ns3:cad>
          </ns3:TrackPointExtension>
        </extensions>
      </trkpt>
      <trkpt lat="69.029358364641666412353515625" lon="20.52375099621713161468505859375">
        <ele>775.5999755859375</ele>
        <time>2026-08-23T05:56:51.000Z</time>
        <extensions>
          <ns3:TrackPointExtension>
            <ns3:cad>0</ns3:cad>
          </ns3:TrackPointExtension>
        </extensions>
      </trkpt>
      <trkpt lat="69.02939650230109691619873046875" lon="20.52373163402080535888671875">
        <ele>775.4000244140625</ele>
        <time>2026-08-23T05:56:55.000Z</time>
        <extensions>
          <ns3:TrackPointExtension>
            <ns3:cad>0</ns3:cad>
          </ns3:TrackPointExtension>
        </extensions>
      </trkpt>
      <trkpt lat="69.02940832078456878662109375" lon="20.523751080036163330078125">
        <ele>775.20001220703125</ele>
        <time>2026-08-23T05:56:57.000Z</time>
        <extensions>
          <ns3:TrackPointExtension>
            <ns3:cad>0</ns3:cad>
          </ns3:TrackPointExtension>
        </extensions>
      </trkpt>
      <trkpt lat="69.02945651672780513763427734375" lon="20.52381788380444049835205078125">
        <ele>775.20001220703125</ele>
        <time>2026-08-23T05:57:03.000Z</time>
        <extensions>
          <ns3:TrackPointExtension>
            <ns3:cad>0</ns3:cad>
          </ns3:TrackPointExtension>
        </extensions>
      </trkpt>
      <trkpt lat="69.02950622141361236572265625" lon="20.52383079193532466888427734375">
        <ele>775.20001220703125</ele>
        <time>2026-08-23T05:57:10.000Z</time>
        <extensions>
          <ns3:TrackPointExtension>
            <ns3:cad>0</ns3:cad>
          </ns3:TrackPointExtension>
        </extensions>
      </trkpt>
      <trkpt lat="69.02950412593781948089599609375" lon="20.52384001202881336212158203125">
        <ele>775.20001220703125</ele>
        <time>2026-08-23T05:57:17.000Z</time>
        <extensions>
          <ns3:TrackPointExtension>
            <ns3:cad>0</ns3:cad>
          </ns3:TrackPointExtension>
        </extensions>
      </trkpt>
      <trkpt lat="69.02950613759458065032958984375" lon="20.52385526709258556365966796875">
        <ele>775</ele>
        <time>2026-08-23T05:57:24.000Z</time>
        <extensions>
          <ns3:TrackPointExtension>
            <ns3:cad>0</ns3:cad>
          </ns3:TrackPointExtension>
        </extensions>
      </trkpt>
      <trkpt lat="69.0295141004025936126708984375" lon="20.5238122679293155670166015625">
        <ele>775</ele>
        <time>2026-08-23T05:57:32.000Z</time>
        <extensions>
          <ns3:TrackPointExtension>
            <ns3:cad>0</ns3:cad>
          </ns3:TrackPointExtension>
        </extensions>
      </trkpt>
      <trkpt lat="69.0295533277094364166259765625" lon="20.5238183028995990753173828125">
        <ele>774.79998779296875</ele>
        <time>2026-08-23T05:57:37.000Z</time>
        <extensions>
          <ns3:TrackPointExtension>
            <ns3:cad>0</ns3:cad>
          </ns3:TrackPointExtension>
        </extensions>
      </trkpt>
      <trkpt lat="69.02961292304098606109619140625" lon="20.52385208196938037872314453125">
        <ele>774.4000244140625</ele>
        <time>2026-08-23T05:57:43.000Z</time>
        <extensions>
          <ns3:TrackPointExtension>
            <ns3:cad>0</ns3:cad>
          </ns3:TrackPointExtension>
        </extensions>
      </trkpt>
      <trkpt lat="69.02962214313447475433349609375" lon="20.52386649884283542633056640625">
        <ele>774.20001220703125</ele>
        <time>2026-08-23T05:57:44.000Z</time>
        <extensions>
          <ns3:TrackPointExtension>
            <ns3:cad>0</ns3:cad>
          </ns3:TrackPointExtension>
        </extensions>
      </trkpt>
      <trkpt lat="69.02964779175817966461181640625" lon="20.52390824072062969207763671875">
        <ele>773.79998779296875</ele>
        <time>2026-08-23T05:57:48.000Z</time>
        <extensions>
          <ns3:TrackPointExtension>
            <ns3:cad>0</ns3:cad>
          </ns3:TrackPointExtension>
        </extensions>
      </trkpt>
      <trkpt lat="69.0296951495110988616943359375" lon="20.52393590100109577178955078125">
        <ele>773.4000244140625</ele>
        <time>2026-08-23T05:57:54.000Z</time>
        <extensions>
          <ns3:TrackPointExtension>
            <ns3:cad>60</ns3:cad>
          </ns3:TrackPointExtension>
        </extensions>
      </trkpt>
      <trkpt lat="69.02970780618488788604736328125" lon="20.5239373259246349334716796875">
        <ele>773.20001220703125</ele>
        <time>2026-08-23T05:57:56.000Z</time>
        <extensions>
          <ns3:TrackPointExtension>
            <ns3:cad>60</ns3:cad>
          </ns3:TrackPointExtension>
        </extensions>
      </trkpt>
      <trkpt lat="69.0297313593327999114990234375" lon="20.52397060208022594451904296875">
        <ele>773</ele>
        <time>2026-08-23T05:58:00.000Z</time>
        <extensions>
          <ns3:TrackPointExtension>
            <ns3:cad>0</ns3:cad>
          </ns3:TrackPointExtension>
        </extensions>
      </trkpt>
      <trkpt lat="69.0297662280499935150146484375" lon="20.52403606474399566650390625">
        <ele>772.20001220703125</ele>
        <time>2026-08-23T05:58:06.000Z</time>
        <extensions>
          <ns3:TrackPointExtension>
            <ns3:cad>0</ns3:cad>
          </ns3:TrackPointExtension>
        </extensions>
      </trkpt>
      <trkpt lat="69.029772765934467315673828125" lon="20.5240449495613574981689453125">
        <ele>772.20001220703125</ele>
        <time>2026-08-23T05:58:07.000Z</time>
        <extensions>
          <ns3:TrackPointExtension>
            <ns3:cad>0</ns3:cad>
          </ns3:TrackPointExtension>
        </extensions>
      </trkpt>
      <trkpt lat="69.029821716248989105224609375" lon="20.52409029565751552581787109375">
        <ele>771.4000244140625</ele>
        <time>2026-08-23T05:58:13.000Z</time>
        <extensions>
          <ns3:TrackPointExtension>
            <ns3:cad>46</ns3:cad>
          </ns3:TrackPointExtension>
        </extensions>
      </trkpt>
      <trkpt lat="69.0298409946262836456298828125" lon="20.5240965820848941802978515625">
        <ele>771.20001220703125</ele>
        <time>2026-08-23T05:58:15.000Z</time>
        <extensions>
          <ns3:TrackPointExtension>
            <ns3:cad>46</ns3:cad>
          </ns3:TrackPointExtension>
        </extensions>
      </trkpt>
      <trkpt lat="69.02987636625766754150390625" lon="20.524112842977046966552734375">
        <ele>770.5999755859375</ele>
        <time>2026-08-23T05:58:20.000Z</time>
        <extensions>
          <ns3:TrackPointExtension>
            <ns3:cad>48</ns3:cad>
          </ns3:TrackPointExtension>
        </extensions>
      </trkpt>
      <trkpt lat="69.02989321388304233551025390625" lon="20.5241140164434909820556640625">
        <ele>770.20001220703125</ele>
        <time>2026-08-23T05:58:24.000Z</time>
        <extensions>
          <ns3:TrackPointExtension>
            <ns3:cad>48</ns3:cad>
          </ns3:TrackPointExtension>
        </extensions>
      </trkpt>
      <trkpt lat="69.02991316281259059906005859375" lon="20.5241374857723712921142578125">
        <ele>769.5999755859375</ele>
        <time>2026-08-23T05:58:28.000Z</time>
        <extensions>
          <ns3:TrackPointExtension>
            <ns3:cad>0</ns3:cad>
          </ns3:TrackPointExtension>
        </extensions>
      </trkpt>
      <trkpt lat="69.02994266711175441741943359375" lon="20.52418199367821216583251953125">
        <ele>769</ele>
        <time>2026-08-23T05:58:33.000Z</time>
        <extensions>
          <ns3:TrackPointExtension>
            <ns3:cad>0</ns3:cad>
          </ns3:TrackPointExtension>
        </extensions>
      </trkpt>
      <trkpt lat="69.0299566648900508880615234375" lon="20.52419674582779407501220703125">
        <ele>769</ele>
        <time>2026-08-23T05:58:35.000Z</time>
        <extensions>
          <ns3:TrackPointExtension>
            <ns3:cad>0</ns3:cad>
          </ns3:TrackPointExtension>
        </extensions>
      </trkpt>
      <trkpt lat="69.02999463491141796112060546875" lon="20.5241726897656917572021484375">
        <ele>768.5999755859375</ele>
        <time>2026-08-23T05:58:40.000Z</time>
        <extensions>
          <ns3:TrackPointExtension>
            <ns3:cad>0</ns3:cad>
          </ns3:TrackPointExtension>
        </extensions>
      </trkpt>
      <trkpt lat="69.03001475147902965545654296875" lon="20.524174533784389495849609375">
        <ele>768</ele>
        <time>2026-08-23T05:58:43.000Z</time>
        <extensions>
          <ns3:TrackPointExtension>
            <ns3:cad>50</ns3:cad>
          </ns3:TrackPointExtension>
        </extensions>
      </trkpt>
      <trkpt lat="69.0300418250262737274169921875" lon="20.52417579106986522674560546875">
        <ele>767.4000244140625</ele>
        <time>2026-08-23T05:58:47.000Z</time>
        <extensions>
          <ns3:TrackPointExtension>
            <ns3:cad>48</ns3:cad>
          </ns3:TrackPointExtension>
        </extensions>
      </trkpt>
      <trkpt lat="69.0300622768700122833251953125" lon="20.5241995118558406829833984375">
        <ele>766.79998779296875</ele>
        <time>2026-08-23T05:58:50.000Z</time>
        <extensions>
          <ns3:TrackPointExtension>
            <ns3:cad>0</ns3:cad>
          </ns3:TrackPointExtension>
        </extensions>
      </trkpt>
      <trkpt lat="69.0300947986543178558349609375" lon="20.52423982881009578704833984375">
        <ele>766.4000244140625</ele>
        <time>2026-08-23T05:58:54.000Z</time>
        <extensions>
          <ns3:TrackPointExtension>
            <ns3:cad>0</ns3:cad>
          </ns3:TrackPointExtension>
        </extensions>
      </trkpt>
      <trkpt lat="69.030132852494716644287109375" lon="20.524282157421112060546875">
        <ele>765.79998779296875</ele>
        <time>2026-08-23T05:59:00.000Z</time>
        <extensions>
          <ns3:TrackPointExtension>
            <ns3:cad>0</ns3:cad>
          </ns3:TrackPointExtension>
        </extensions>
      </trkpt>
      <trkpt lat="69.03013679198920726776123046875" lon="20.524287857115268707275390625">
        <ele>765.5999755859375</ele>
        <time>2026-08-23T05:59:01.000Z</time>
        <extensions>
          <ns3:TrackPointExtension>
            <ns3:cad>0</ns3:cad>
          </ns3:TrackPointExtension>
        </extensions>
      </trkpt>
      <trkpt lat="69.03019445948302745819091796875" lon="20.5243011005222797393798828125">
        <ele>764.79998779296875</ele>
        <time>2026-08-23T05:59:09.000Z</time>
        <extensions>
          <ns3:TrackPointExtension>
            <ns3:cad>48</ns3:cad>
          </ns3:TrackPointExtension>
        </extensions>
      </trkpt>
      <trkpt lat="69.0302020870149135589599609375" lon="20.5243094824254512786865234375">
        <ele>764.5999755859375</ele>
        <time>2026-08-23T05:59:10.000Z</time>
        <extensions>
          <ns3:TrackPointExtension>
            <ns3:cad>48</ns3:cad>
          </ns3:TrackPointExtension>
        </extensions>
      </trkpt>
      <trkpt lat="69.03024776838719844818115234375" lon="20.5243795551359653472900390625">
        <ele>763.79998779296875</ele>
        <time>2026-08-23T05:59:18.000Z</time>
        <extensions>
          <ns3:TrackPointExtension>
            <ns3:cad>0</ns3:cad>
          </ns3:TrackPointExtension>
        </extensions>
      </trkpt>
      <trkpt lat="69.0302607603371143341064453125" lon="20.52438366226851940155029296875">
        <ele>763.5999755859375</ele>
        <time>2026-08-23T05:59:20.000Z</time>
        <extensions>
          <ns3:TrackPointExtension>
            <ns3:cad>0</ns3:cad>
          </ns3:TrackPointExtension>
        </extensions>
      </trkpt>
      <trkpt lat="69.03029487468302249908447265625" lon="20.52440084517002105712890625">
        <ele>762.79998779296875</ele>
        <time>2026-08-23T05:59:26.000Z</time>
        <extensions>
          <ns3:TrackPointExtension>
            <ns3:cad>0</ns3:cad>
          </ns3:TrackPointExtension>
        </extensions>
      </trkpt>
      <trkpt lat="69.03030551970005035400390625" lon="20.5243990011513233184814453125">
        <ele>762.5999755859375</ele>
        <time>2026-08-23T05:59:28.000Z</time>
        <extensions>
          <ns3:TrackPointExtension>
            <ns3:cad>0</ns3:cad>
          </ns3:TrackPointExtension>
        </extensions>
      </trkpt>
      <trkpt lat="69.0303289890289306640625" lon="20.5244177766144275665283203125">
        <ele>762.20001220703125</ele>
        <time>2026-08-23T05:59:32.000Z</time>
        <extensions>
          <ns3:TrackPointExtension>
            <ns3:cad>0</ns3:cad>
          </ns3:TrackPointExtension>
        </extensions>
      </trkpt>
      <trkpt lat="69.03037617914378643035888671875" lon="20.52442892454564571380615234375">
        <ele>761.79998779296875</ele>
        <time>2026-08-23T05:59:38.000Z</time>
        <extensions>
          <ns3:TrackPointExtension>
            <ns3:cad>0</ns3:cad>
          </ns3:TrackPointExtension>
        </extensions>
      </trkpt>
      <trkpt lat="69.03039076365530490875244140625" lon="20.524435378611087799072265625">
        <ele>761.5999755859375</ele>
        <time>2026-08-23T05:59:40.000Z</time>
        <extensions>
          <ns3:TrackPointExtension>
            <ns3:cad>0</ns3:cad>
          </ns3:TrackPointExtension>
        </extensions>
      </trkpt>
      <trkpt lat="69.03042563237249851226806640625" lon="20.52442238666117191314697265625">
        <ele>761.4000244140625</ele>
        <time>2026-08-23T05:59:44.000Z</time>
        <extensions>
          <ns3:TrackPointExtension>
            <ns3:cad>47</ns3:cad>
          </ns3:TrackPointExtension>
        </extensions>
      </trkpt>
      <trkpt lat="69.0304632671177387237548828125" lon="20.52444837056100368499755859375">
        <ele>760.79998779296875</ele>
        <time>2026-08-23T05:59:50.000Z</time>
        <extensions>
          <ns3:TrackPointExtension>
            <ns3:cad>49</ns3:cad>
          </ns3:TrackPointExtension>
        </extensions>
      </trkpt>
      <trkpt lat="69.0304870717227458953857421875" lon="20.52441752515733242034912109375">
        <ele>760.4000244140625</ele>
        <time>2026-08-23T05:59:53.000Z</time>
        <extensions>
          <ns3:TrackPointExtension>
            <ns3:cad>48</ns3:cad>
          </ns3:TrackPointExtension>
        </extensions>
      </trkpt>
      <trkpt lat="69.03050425462424755096435546875" lon="20.52440461702644824981689453125">
        <ele>760.20001220703125</ele>
        <time>2026-08-23T05:59:55.000Z</time>
        <extensions>
          <ns3:TrackPointExtension>
            <ns3:cad>47</ns3:cad>
          </ns3:TrackPointExtension>
        </extensions>
      </trkpt>
      <trkpt lat="69.030542559921741485595703125" lon="20.52442171610891819000244140625">
        <ele>759.4000244140625</ele>
        <time>2026-08-23T06:00:00.000Z</time>
        <extensions>
          <ns3:TrackPointExtension>
            <ns3:cad>0</ns3:cad>
          </ns3:TrackPointExtension>
        </extensions>
      </trkpt>
      <trkpt lat="69.0305475890636444091796875" lon="20.52442909218370914459228515625">
        <ele>759.20001220703125</ele>
        <time>2026-08-23T06:00:01.000Z</time>
        <extensions>
          <ns3:TrackPointExtension>
            <ns3:cad>0</ns3:cad>
          </ns3:TrackPointExtension>
        </extensions>
      </trkpt>
      <trkpt lat="69.03059327043592929840087890625" lon="20.52443663589656352996826171875">
        <ele>758.4000244140625</ele>
        <time>2026-08-23T06:00:08.000Z</time>
        <extensions>
          <ns3:TrackPointExtension>
            <ns3:cad>0</ns3:cad>
          </ns3:TrackPointExtension>
        </extensions>
      </trkpt>
      <trkpt lat="69.0306034125387668609619140625" lon="20.5244422517716884613037109375">
        <ele>758.4000244140625</ele>
        <time>2026-08-23T06:00:09.000Z</time>
        <extensions>
          <ns3:TrackPointExtension>
            <ns3:cad>0</ns3:cad>
          </ns3:TrackPointExtension>
        </extensions>
      </trkpt>
      <trkpt lat="69.0306272171437740325927734375" lon="20.5244838260114192962646484375">
        <ele>758</ele>
        <time>2026-08-23T06:00:13.000Z</time>
        <extensions>
          <ns3:TrackPointExtension>
            <ns3:cad>0</ns3:cad>
          </ns3:TrackPointExtension>
        </extensions>
      </trkpt>
      <trkpt lat="69.03063199482858180999755859375" lon="20.5245180241763591766357421875">
        <ele>757.79998779296875</ele>
        <time>2026-08-23T06:00:15.000Z</time>
        <extensions>
          <ns3:TrackPointExtension>
            <ns3:cad>0</ns3:cad>
          </ns3:TrackPointExtension>
        </extensions>
      </trkpt>
      <trkpt lat="69.03064356185495853424072265625" lon="20.524592287838459014892578125">
        <ele>757.4000244140625</ele>
        <time>2026-08-23T06:00:22.000Z</time>
        <extensions>
          <ns3:TrackPointExtension>
            <ns3:cad>0</ns3:cad>
          </ns3:TrackPointExtension>
        </extensions>
      </trkpt>
      <trkpt lat="69.0306671150028705596923828125" lon="20.52464492619037628173828125">
        <ele>757.4000244140625</ele>
        <time>2026-08-23T06:00:28.000Z</time>
        <extensions>
          <ns3:TrackPointExtension>
            <ns3:cad>0</ns3:cad>
          </ns3:TrackPointExtension>
        </extensions>
      </trkpt>
      <trkpt lat="69.03067088685929775238037109375" lon="20.52465657703578472137451171875">
        <ele>757.20001220703125</ele>
        <time>2026-08-23T06:00:29.000Z</time>
        <extensions>
          <ns3:TrackPointExtension>
            <ns3:cad>0</ns3:cad>
          </ns3:TrackPointExtension>
        </extensions>
      </trkpt>
      <trkpt lat="69.0307085216045379638671875" lon="20.52472078241407871246337890625">
        <ele>757.4000244140625</ele>
        <time>2026-08-23T06:00:35.000Z</time>
        <extensions>
          <ns3:TrackPointExtension>
            <ns3:cad>0</ns3:cad>
          </ns3:TrackPointExtension>
        </extensions>
      </trkpt>
      <trkpt lat="69.03075638227164745330810546875" lon="20.52478280849754810333251953125">
        <ele>757.20001220703125</ele>
        <time>2026-08-23T06:00:42.000Z</time>
        <extensions>
          <ns3:TrackPointExtension>
            <ns3:cad>0</ns3:cad>
          </ns3:TrackPointExtension>
        </extensions>
      </trkpt>
      <trkpt lat="69.03079426847398281097412109375" lon="20.52486419677734375">
        <ele>757.4000244140625</ele>
        <time>2026-08-23T06:00:48.000Z</time>
        <extensions>
          <ns3:TrackPointExtension>
            <ns3:cad>0</ns3:cad>
          </ns3:TrackPointExtension>
        </extensions>
      </trkpt>
      <trkpt lat="69.03083064593374729156494140625" lon="20.5248762667179107666015625">
        <ele>757.20001220703125</ele>
        <time>2026-08-23T06:00:53.000Z</time>
        <extensions>
          <ns3:TrackPointExtension>
            <ns3:cad>0</ns3:cad>
          </ns3:TrackPointExtension>
        </extensions>
      </trkpt>
      <trkpt lat="69.03088361956179141998291015625" lon="20.524922199547290802001953125">
        <ele>757</ele>
        <time>2026-08-23T06:01:00.000Z</time>
        <extensions>
          <ns3:TrackPointExtension>
            <ns3:cad>42</ns3:cad>
          </ns3:TrackPointExtension>
        </extensions>
      </trkpt>
      <trkpt lat="69.03095905669033527374267578125" lon="20.5249585770070552825927734375">
        <ele>757.79998779296875</ele>
        <time>2026-08-23T06:01:09.000Z</time>
        <extensions>
          <ns3:TrackPointExtension>
            <ns3:cad>43</ns3:cad>
          </ns3:TrackPointExtension>
        </extensions>
      </trkpt>
      <trkpt lat="69.03099794872105121612548828125" lon="20.524962432682514190673828125">
        <ele>758.4000244140625</ele>
        <time>2026-08-23T06:01:16.000Z</time>
        <extensions>
          <ns3:TrackPointExtension>
            <ns3:cad>0</ns3:cad>
          </ns3:TrackPointExtension>
        </extensions>
      </trkpt>
      <trkpt lat="69.03099744580686092376708984375" lon="20.52496519871056079864501953125">
        <ele>758.4000244140625</ele>
        <time>2026-08-23T06:01:17.000Z</time>
        <extensions>
          <ns3:TrackPointExtension>
            <ns3:cad>0</ns3:cad>
          </ns3:TrackPointExtension>
        </extensions>
      </trkpt>
      <trkpt lat="69.03099711053073406219482421875" lon="20.5249612592160701751708984375">
        <ele>758.4000244140625</ele>
        <time>2026-08-23T06:01:23.000Z</time>
        <extensions>
          <ns3:TrackPointExtension>
            <ns3:cad>0</ns3:cad>
          </ns3:TrackPointExtension>
        </extensions>
      </trkpt>
      <trkpt lat="69.03099392540752887725830078125" lon="20.524973161518573760986328125">
        <ele>758.20001220703125</ele>
        <time>2026-08-23T06:01:28.000Z</time>
        <extensions>
          <ns3:TrackPointExtension>
            <ns3:cad>0</ns3:cad>
          </ns3:TrackPointExtension>
        </extensions>
      </trkpt>
      <trkpt lat="69.03098839335143566131591796875" lon="20.52493502385914325714111328125">
        <ele>758.4000244140625</ele>
        <time>2026-08-23T06:01:37.000Z</time>
        <extensions>
          <ns3:TrackPointExtension>
            <ns3:cad>0</ns3:cad>
          </ns3:TrackPointExtension>
        </extensions>
      </trkpt>
      <trkpt lat="69.030991159379482269287109375" lon="20.5249461717903614044189453125">
        <ele>758.5999755859375</ele>
        <time>2026-08-23T06:01:44.000Z</time>
        <extensions>
          <ns3:TrackPointExtension>
            <ns3:cad>0</ns3:cad>
          </ns3:TrackPointExtension>
        </extensions>
      </trkpt>
      <trkpt lat="69.03099325485527515411376953125" lon="20.52499051205813884735107421875">
        <ele>758.4000244140625</ele>
        <time>2026-08-23T06:01:54.000Z</time>
        <extensions>
          <ns3:TrackPointExtension>
            <ns3:cad>0</ns3:cad>
          </ns3:TrackPointExtension>
        </extensions>
      </trkpt>
      <trkpt lat="69.03099224902689456939697265625" lon="20.52499352954328060150146484375">
        <ele>758.5999755859375</ele>
        <time>2026-08-23T06:02:01.000Z</time>
        <extensions>
          <ns3:TrackPointExtension>
            <ns3:cad>0</ns3:cad>
          </ns3:TrackPointExtension>
        </extensions>
      </trkpt>
      <trkpt lat="69.030992500483989715576171875" lon="20.52497215569019317626953125">
        <ele>758.4000244140625</ele>
        <time>2026-08-23T06:02:08.000Z</time>
        <extensions>
          <ns3:TrackPointExtension>
            <ns3:cad>0</ns3:cad>
          </ns3:TrackPointExtension>
        </extensions>
      </trkpt>
      <trkpt lat="69.030991829931735992431640625" lon="20.5249649472534656524658203125">
        <ele>758.4000244140625</ele>
        <time>2026-08-23T06:02:16.000Z</time>
        <extensions>
          <ns3:TrackPointExtension>
            <ns3:cad>0</ns3:cad>
          </ns3:TrackPointExtension>
        </extensions>
      </trkpt>
      <trkpt lat="69.03098805807530879974365234375" lon="20.5249558947980403900146484375">
        <ele>758.4000244140625</ele>
        <time>2026-08-23T06:02:28.000Z</time>
        <extensions>
          <ns3:TrackPointExtension>
            <ns3:cad>0</ns3:cad>
          </ns3:TrackPointExtension>
        </extensions>
      </trkpt>
      <trkpt lat="69.0309847891330718994140625" lon="20.52495715208351612091064453125">
        <ele>758.4000244140625</ele>
        <time>2026-08-23T06:02:37.000Z</time>
        <extensions>
          <ns3:TrackPointExtension>
            <ns3:cad>0</ns3:cad>
          </ns3:TrackPointExtension>
        </extensions>
      </trkpt>
      <trkpt lat="69.030978418886661529541015625" lon="20.5249287374317646026611328125">
        <ele>758.20001220703125</ele>
        <time>2026-08-23T06:02:46.000Z</time>
        <extensions>
          <ns3:TrackPointExtension>
            <ns3:cad>0</ns3:cad>
          </ns3:TrackPointExtension>
        </extensions>
      </trkpt>
      <trkpt lat="69.03098353184759616851806640625" lon="20.524913482367992401123046875">
        <ele>758.4000244140625</ele>
        <time>2026-08-23T06:02:56.000Z</time>
        <extensions>
          <ns3:TrackPointExtension>
            <ns3:cad>0</ns3:cad>
          </ns3:TrackPointExtension>
        </extensions>
      </trkpt>
      <trkpt lat="69.03098638169467449188232421875" lon="20.5249384604394435882568359375">
        <ele>758.20001220703125</ele>
        <time>2026-08-23T06:03:07.000Z</time>
        <extensions>
          <ns3:TrackPointExtension>
            <ns3:cad>0</ns3:cad>
          </ns3:TrackPointExtension>
        </extensions>
      </trkpt>
      <trkpt lat="69.03097380883991718292236328125" lon="20.524976514279842376708984375">
        <ele>758.4000244140625</ele>
        <time>2026-08-23T06:03:16.000Z</time>
        <extensions>
          <ns3:TrackPointExtension>
            <ns3:cad>0</ns3:cad>
          </ns3:TrackPointExtension>
        </extensions>
      </trkpt>
      <trkpt lat="69.0309722162783145904541015625" lon="20.52496452815830707550048828125">
        <ele>758.4000244140625</ele>
        <time>2026-08-23T06:03:25.000Z</time>
        <extensions>
          <ns3:TrackPointExtension>
            <ns3:cad>0</ns3:cad>
          </ns3:TrackPointExtension>
        </extensions>
      </trkpt>
      <trkpt lat="69.03097162954509258270263671875" lon="20.52496402524411678314208984375">
        <ele>758.4000244140625</ele>
        <time>2026-08-23T06:03:33.000Z</time>
        <extensions>
          <ns3:TrackPointExtension>
            <ns3:cad>0</ns3:cad>
          </ns3:TrackPointExtension>
        </extensions>
      </trkpt>
      <trkpt lat="69.0309816040098667144775390625" lon="20.52494877018034458160400390625">
        <ele>758.4000244140625</ele>
        <time>2026-08-23T06:03:42.000Z</time>
        <extensions>
          <ns3:TrackPointExtension>
            <ns3:cad>0</ns3:cad>
          </ns3:TrackPointExtension>
        </extensions>
      </trkpt>
      <trkpt lat="69.030978418886661529541015625" lon="20.52493183873593807220458984375">
        <ele>758.20001220703125</ele>
        <time>2026-08-23T06:03:50.000Z</time>
        <extensions>
          <ns3:TrackPointExtension>
            <ns3:cad>0</ns3:cad>
          </ns3:TrackPointExtension>
        </extensions>
      </trkpt>
      <trkpt lat="69.030977748334407806396484375" lon="20.524965785443782806396484375">
        <ele>758.4000244140625</ele>
        <time>2026-08-23T06:03:59.000Z</time>
        <extensions>
          <ns3:TrackPointExtension>
            <ns3:cad>0</ns3:cad>
          </ns3:TrackPointExtension>
        </extensions>
      </trkpt>
      <trkpt lat="69.030984453856945037841796875" lon="20.52495203912258148193359375">
        <ele>758.4000244140625</ele>
        <time>2026-08-23T06:04:07.000Z</time>
        <extensions>
          <ns3:TrackPointExtension>
            <ns3:cad>0</ns3:cad>
          </ns3:TrackPointExtension>
        </extensions>
      </trkpt>
      <trkpt lat="69.03098738752305507659912109375" lon="20.5249555595219135284423828125">
        <ele>758.20001220703125</ele>
        <time>2026-08-23T06:04:14.000Z</time>
        <extensions>
          <ns3:TrackPointExtension>
            <ns3:cad>0</ns3:cad>
          </ns3:TrackPointExtension>
        </extensions>
      </trkpt>
      <trkpt lat="69.03098621405661106109619140625" lon="20.5249540507793426513671875">
        <ele>758.20001220703125</ele>
        <time>2026-08-23T06:04:23.000Z</time>
        <extensions>
          <ns3:TrackPointExtension>
            <ns3:cad>0</ns3:cad>
          </ns3:TrackPointExtension>
        </extensions>
      </trkpt>
      <trkpt lat="69.0310131199657917022705078125" lon="20.5249870754778385162353515625">
        <ele>757.79998779296875</ele>
        <time>2026-08-23T06:04:30.000Z</time>
        <extensions>
          <ns3:TrackPointExtension>
            <ns3:cad>0</ns3:cad>
          </ns3:TrackPointExtension>
        </extensions>
      </trkpt>
      <trkpt lat="69.03102862648665904998779296875" lon="20.52503845654428005218505859375">
        <ele>757.20001220703125</ele>
        <time>2026-08-23T06:04:36.000Z</time>
        <extensions>
          <ns3:TrackPointExtension>
            <ns3:cad>0</ns3:cad>
          </ns3:TrackPointExtension>
        </extensions>
      </trkpt>
      <trkpt lat="69.03104857541620731353759765625" lon="20.52510182373225688934326171875">
        <ele>756</ele>
        <time>2026-08-23T06:04:42.000Z</time>
        <extensions>
          <ns3:TrackPointExtension>
            <ns3:cad>0</ns3:cad>
          </ns3:TrackPointExtension>
        </extensions>
      </trkpt>
      <trkpt lat="69.03104983270168304443359375" lon="20.52511523477733135223388671875">
        <ele>755.79998779296875</ele>
        <time>2026-08-23T06:04:43.000Z</time>
        <extensions>
          <ns3:TrackPointExtension>
            <ns3:cad>0</ns3:cad>
          </ns3:TrackPointExtension>
        </extensions>
      </trkpt>
      <trkpt lat="69.03106031008064746856689453125" lon="20.52516653202474117279052734375">
        <ele>755</ele>
        <time>2026-08-23T06:04:49.000Z</time>
        <extensions>
          <ns3:TrackPointExtension>
            <ns3:cad>0</ns3:cad>
          </ns3:TrackPointExtension>
        </extensions>
      </trkpt>
      <trkpt lat="69.03106181882321834564208984375" lon="20.52517055533826351165771484375">
        <ele>754.79998779296875</ele>
        <time>2026-08-23T06:04:50.000Z</time>
        <extensions>
          <ns3:TrackPointExtension>
            <ns3:cad>0</ns3:cad>
          </ns3:TrackPointExtension>
        </extensions>
      </trkpt>
      <trkpt lat="69.03107020072638988494873046875" lon="20.52519477903842926025390625">
        <ele>754</ele>
        <time>2026-08-23T06:04:55.000Z</time>
        <extensions>
          <ns3:TrackPointExtension>
            <ns3:cad>0</ns3:cad>
          </ns3:TrackPointExtension>
        </extensions>
      </trkpt>
      <trkpt lat="69.03107397258281707763671875" lon="20.52520173601806163787841796875">
        <ele>753.79998779296875</ele>
        <time>2026-08-23T06:04:56.000Z</time>
        <extensions>
          <ns3:TrackPointExtension>
            <ns3:cad>0</ns3:cad>
          </ns3:TrackPointExtension>
        </extensions>
      </trkpt>
      <trkpt lat="69.03110926039516925811767578125" lon="20.52521564997732639312744140625">
        <ele>752.79998779296875</ele>
        <time>2026-08-23T06:05:03.000Z</time>
        <extensions>
          <ns3:TrackPointExtension>
            <ns3:cad>0</ns3:cad>
          </ns3:TrackPointExtension>
        </extensions>
      </trkpt>
      <trkpt lat="69.03114010579884052276611328125" lon="20.525246746838092803955078125">
        <ele>751.79998779296875</ele>
        <time>2026-08-23T06:05:08.000Z</time>
        <extensions>
          <ns3:TrackPointExtension>
            <ns3:cad>0</ns3:cad>
          </ns3:TrackPointExtension>
        </extensions>
      </trkpt>
      <trkpt lat="69.0311546064913272857666015625" lon="20.5252499319612979888916015625">
        <ele>751.79998779296875</ele>
        <time>2026-08-23T06:05:10.000Z</time>
        <extensions>
          <ns3:TrackPointExtension>
            <ns3:cad>0</ns3:cad>
          </ns3:TrackPointExtension>
        </extensions>
      </trkpt>
      <trkpt lat="69.03120674192905426025390625" lon="20.525284968316555023193359375">
        <ele>751.20001220703125</ele>
        <time>2026-08-23T06:05:17.000Z</time>
        <extensions>
          <ns3:TrackPointExtension>
            <ns3:cad>0</ns3:cad>
          </ns3:TrackPointExtension>
        </extensions>
      </trkpt>
      <trkpt lat="69.031231217086315155029296875" lon="20.52533291280269622802734375">
        <ele>751.20001220703125</ele>
        <time>2026-08-23T06:05:24.000Z</time>
        <extensions>
          <ns3:TrackPointExtension>
            <ns3:cad>0</ns3:cad>
          </ns3:TrackPointExtension>
        </extensions>
      </trkpt>
      <trkpt lat="69.0312731266021728515625" lon="20.52537322975695133209228515625">
        <ele>751.20001220703125</ele>
        <time>2026-08-23T06:05:32.000Z</time>
        <extensions>
          <ns3:TrackPointExtension>
            <ns3:cad>0</ns3:cad>
          </ns3:TrackPointExtension>
        </extensions>
      </trkpt>
      <trkpt lat="69.03127974830567836761474609375" lon="20.525417737662792205810546875">
        <ele>751.4000244140625</ele>
        <time>2026-08-23T06:05:38.000Z</time>
        <extensions>
          <ns3:TrackPointExtension>
            <ns3:cad>0</ns3:cad>
          </ns3:TrackPointExtension>
        </extensions>
      </trkpt>
      <trkpt lat="69.0313135273754596710205078125" lon="20.52546090446412563323974609375">
        <ele>752</ele>
        <time>2026-08-23T06:05:45.000Z</time>
        <extensions>
          <ns3:TrackPointExtension>
            <ns3:cad>0</ns3:cad>
          </ns3:TrackPointExtension>
        </extensions>
      </trkpt>
      <trkpt lat="69.03136524371802806854248046875" lon="20.52546073682606220245361328125">
        <ele>752.20001220703125</ele>
        <time>2026-08-23T06:05:51.000Z</time>
        <extensions>
          <ns3:TrackPointExtension>
            <ns3:cad>0</ns3:cad>
          </ns3:TrackPointExtension>
        </extensions>
      </trkpt>
      <trkpt lat="69.03143799863755702972412109375" lon="20.52546341903507709503173828125">
        <ele>752.4000244140625</ele>
        <time>2026-08-23T06:06:00.000Z</time>
        <extensions>
          <ns3:TrackPointExtension>
            <ns3:cad>0</ns3:cad>
          </ns3:TrackPointExtension>
        </extensions>
      </trkpt>
      <trkpt lat="69.03145727701485157012939453125" lon="20.52546962164342403411865234375">
        <ele>753</ele>
        <time>2026-08-23T06:06:03.000Z</time>
        <extensions>
          <ns3:TrackPointExtension>
            <ns3:cad>0</ns3:cad>
          </ns3:TrackPointExtension>
        </extensions>
      </trkpt>
      <trkpt lat="69.03147856704890727996826171875" lon="20.5254725553095340728759765625">
        <ele>753.20001220703125</ele>
        <time>2026-08-23T06:06:06.000Z</time>
        <extensions>
          <ns3:TrackPointExtension>
            <ns3:cad>0</ns3:cad>
          </ns3:TrackPointExtension>
        </extensions>
      </trkpt>
      <trkpt lat="69.03153824619948863983154296875" lon="20.525496862828731536865234375">
        <ele>753.79998779296875</ele>
        <time>2026-08-23T06:06:14.000Z</time>
        <extensions>
          <ns3:TrackPointExtension>
            <ns3:cad>0</ns3:cad>
          </ns3:TrackPointExtension>
        </extensions>
      </trkpt>
      <trkpt lat="69.03159155510365962982177734375" lon="20.5254950188100337982177734375">
        <ele>753.79998779296875</ele>
        <time>2026-08-23T06:06:20.000Z</time>
        <extensions>
          <ns3:TrackPointExtension>
            <ns3:cad>0</ns3:cad>
          </ns3:TrackPointExtension>
        </extensions>
      </trkpt>
      <trkpt lat="69.0316387452185153961181640625" lon="20.5255101062357425689697265625">
        <ele>753</ele>
        <time>2026-08-23T06:06:27.000Z</time>
        <extensions>
          <ns3:TrackPointExtension>
            <ns3:cad>0</ns3:cad>
          </ns3:TrackPointExtension>
        </extensions>
      </trkpt>
      <trkpt lat="69.0317063033580780029296875" lon="20.5255389399826526641845703125">
        <ele>753</ele>
        <time>2026-08-23T06:06:34.000Z</time>
        <extensions>
          <ns3:TrackPointExtension>
            <ns3:cad>0</ns3:cad>
          </ns3:TrackPointExtension>
        </extensions>
      </trkpt>
      <trkpt lat="69.03176388703286647796630859375" lon="20.52557674236595630645751953125">
        <ele>753</ele>
        <time>2026-08-23T06:06:41.000Z</time>
        <extensions>
          <ns3:TrackPointExtension>
            <ns3:cad>45</ns3:cad>
          </ns3:TrackPointExtension>
        </extensions>
      </trkpt>
      <trkpt lat="69.0318167768418788909912109375" lon="20.525660812854766845703125">
        <ele>752.20001220703125</ele>
        <time>2026-08-23T06:06:48.000Z</time>
        <extensions>
          <ns3:TrackPointExtension>
            <ns3:cad>46</ns3:cad>
          </ns3:TrackPointExtension>
        </extensions>
      </trkpt>
      <trkpt lat="69.031860530376434326171875" lon="20.525689311325550079345703125">
        <ele>751.79998779296875</ele>
        <time>2026-08-23T06:06:53.000Z</time>
        <extensions>
          <ns3:TrackPointExtension>
            <ns3:cad>45</ns3:cad>
          </ns3:TrackPointExtension>
        </extensions>
      </trkpt>
      <trkpt lat="69.03187804855406284332275390625" lon="20.52569626830518245697021484375">
        <ele>751.79998779296875</ele>
        <time>2026-08-23T06:06:55.000Z</time>
        <extensions>
          <ns3:TrackPointExtension>
            <ns3:cad>46</ns3:cad>
          </ns3:TrackPointExtension>
        </extensions>
      </trkpt>
      <trkpt lat="69.0319482050836086273193359375" lon="20.52571638487279415130615234375">
        <ele>751.4000244140625</ele>
        <time>2026-08-23T06:07:03.000Z</time>
        <extensions>
          <ns3:TrackPointExtension>
            <ns3:cad>44</ns3:cad>
          </ns3:TrackPointExtension>
        </extensions>
      </trkpt>
      <trkpt lat="69.0320120751857757568359375" lon="20.52576516754925251007080078125">
        <ele>751</ele>
        <time>2026-08-23T06:07:10.000Z</time>
        <extensions>
          <ns3:TrackPointExtension>
            <ns3:cad>0</ns3:cad>
          </ns3:TrackPointExtension>
        </extensions>
      </trkpt>
      <trkpt lat="69.0320201218128204345703125" lon="20.52577271126210689544677734375">
        <ele>750.79998779296875</ele>
        <time>2026-08-23T06:07:11.000Z</time>
        <extensions>
          <ns3:TrackPointExtension>
            <ns3:cad>0</ns3:cad>
          </ns3:TrackPointExtension>
        </extensions>
      </trkpt>
      <trkpt lat="69.032042585313320159912109375" lon="20.525768101215362548828125">
        <ele>750.4000244140625</ele>
        <time>2026-08-23T06:07:14.000Z</time>
        <extensions>
          <ns3:TrackPointExtension>
            <ns3:cad>0</ns3:cad>
          </ns3:TrackPointExtension>
        </extensions>
      </trkpt>
      <trkpt lat="69.0320684015750885009765625" lon="20.52575938403606414794921875">
        <ele>750.20001220703125</ele>
        <time>2026-08-23T06:07:17.000Z</time>
        <extensions>
          <ns3:TrackPointExtension>
            <ns3:cad>48</ns3:cad>
          </ns3:TrackPointExtension>
        </extensions>
      </trkpt>
      <trkpt lat="69.03211676515638828277587890625" lon="20.5257920734584331512451171875">
        <ele>749.79998779296875</ele>
        <time>2026-08-23T06:07:23.000Z</time>
        <extensions>
          <ns3:TrackPointExtension>
            <ns3:cad>0</ns3:cad>
          </ns3:TrackPointExtension>
        </extensions>
      </trkpt>
      <trkpt lat="69.03212330304086208343505859375" lon="20.525793246924877166748046875">
        <ele>749.5999755859375</ele>
        <time>2026-08-23T06:07:24.000Z</time>
        <extensions>
          <ns3:TrackPointExtension>
            <ns3:cad>0</ns3:cad>
          </ns3:TrackPointExtension>
        </extensions>
      </trkpt>
      <trkpt lat="69.0321473591029644012451171875" lon="20.52583515644073486328125">
        <ele>748.79998779296875</ele>
        <time>2026-08-23T06:07:30.000Z</time>
        <extensions>
          <ns3:TrackPointExtension>
            <ns3:cad>0</ns3:cad>
          </ns3:TrackPointExtension>
        </extensions>
      </trkpt>
      <trkpt lat="69.03214895166456699371337890625" lon="20.5258540995419025421142578125">
        <ele>748.79998779296875</ele>
        <time>2026-08-23T06:07:31.000Z</time>
        <extensions>
          <ns3:TrackPointExtension>
            <ns3:cad>0</ns3:cad>
          </ns3:TrackPointExtension>
        </extensions>
      </trkpt>
      <trkpt lat="69.032164625823497772216796875" lon="20.52591788582503795623779296875">
        <ele>748.4000244140625</ele>
        <time>2026-08-23T06:07:38.000Z</time>
        <extensions>
          <ns3:TrackPointExtension>
            <ns3:cad>0</ns3:cad>
          </ns3:TrackPointExtension>
        </extensions>
      </trkpt>
      <trkpt lat="69.03220653533935546875" lon="20.52596163935959339141845703125">
        <ele>748.79998779296875</ele>
        <time>2026-08-23T06:07:45.000Z</time>
        <extensions>
          <ns3:TrackPointExtension>
            <ns3:cad>0</ns3:cad>
          </ns3:TrackPointExtension>
        </extensions>
      </trkpt>
      <trkpt lat="69.03226747177541255950927734375" lon="20.52594554610550403594970703125">
        <ele>749</ele>
        <time>2026-08-23T06:07:53.000Z</time>
        <extensions>
          <ns3:TrackPointExtension>
            <ns3:cad>0</ns3:cad>
          </ns3:TrackPointExtension>
        </extensions>
      </trkpt>
      <trkpt lat="69.03229865245521068572998046875" lon="20.52594772540032863616943359375">
        <ele>749</ele>
        <time>2026-08-23T06:07:58.000Z</time>
        <extensions>
          <ns3:TrackPointExtension>
            <ns3:cad>0</ns3:cad>
          </ns3:TrackPointExtension>
        </extensions>
      </trkpt>
      <trkpt lat="69.03235967271029949188232421875" lon="20.52597505040466785430908203125">
        <ele>749.5999755859375</ele>
        <time>2026-08-23T06:08:04.000Z</time>
        <extensions>
          <ns3:TrackPointExtension>
            <ns3:cad>0</ns3:cad>
          </ns3:TrackPointExtension>
        </extensions>
      </trkpt>
      <trkpt lat="69.03240275569260120391845703125" lon="20.52599650807678699493408203125">
        <ele>749.20001220703125</ele>
        <time>2026-08-23T06:08:09.000Z</time>
        <extensions>
          <ns3:TrackPointExtension>
            <ns3:cad>0</ns3:cad>
          </ns3:TrackPointExtension>
        </extensions>
      </trkpt>
      <trkpt lat="69.03245204128324985504150390625" lon="20.52601193077862262725830078125">
        <ele>748.4000244140625</ele>
        <time>2026-08-23T06:08:16.000Z</time>
        <extensions>
          <ns3:TrackPointExtension>
            <ns3:cad>0</ns3:cad>
          </ns3:TrackPointExtension>
        </extensions>
      </trkpt>
      <trkpt lat="69.03249747119843959808349609375" lon="20.526005811989307403564453125">
        <ele>748</ele>
        <time>2026-08-23T06:08:22.000Z</time>
        <extensions>
          <ns3:TrackPointExtension>
            <ns3:cad>0</ns3:cad>
          </ns3:TrackPointExtension>
        </extensions>
      </trkpt>
      <trkpt lat="69.0325205214321613311767578125" lon="20.52601729519665241241455078125">
        <ele>747.5999755859375</ele>
        <time>2026-08-23T06:08:25.000Z</time>
        <extensions>
          <ns3:TrackPointExtension>
            <ns3:cad>0</ns3:cad>
          </ns3:TrackPointExtension>
        </extensions>
      </trkpt>
      <trkpt lat="69.0325416438281536102294921875" lon="20.52603556774556636810302734375">
        <ele>747.4000244140625</ele>
        <time>2026-08-23T06:08:28.000Z</time>
        <extensions>
          <ns3:TrackPointExtension>
            <ns3:cad>0</ns3:cad>
          </ns3:TrackPointExtension>
        </extensions>
      </trkpt>
      <trkpt lat="69.03257642872631549835205078125" lon="20.5260509066283702850341796875">
        <ele>747.4000244140625</ele>
        <time>2026-08-23T06:08:34.000Z</time>
        <extensions>
          <ns3:TrackPointExtension>
            <ns3:cad>0</ns3:cad>
          </ns3:TrackPointExtension>
        </extensions>
      </trkpt>
      <trkpt lat="69.03260819613933563232421875" lon="20.52609491162002086639404296875">
        <ele>746.79998779296875</ele>
        <time>2026-08-23T06:08:40.000Z</time>
        <extensions>
          <ns3:TrackPointExtension>
            <ns3:cad>0</ns3:cad>
          </ns3:TrackPointExtension>
        </extensions>
      </trkpt>
      <trkpt lat="69.0326200984418392181396484375" lon="20.52611720748245716094970703125">
        <ele>746.5999755859375</ele>
        <time>2026-08-23T06:08:42.000Z</time>
        <extensions>
          <ns3:TrackPointExtension>
            <ns3:cad>0</ns3:cad>
          </ns3:TrackPointExtension>
        </extensions>
      </trkpt>
      <trkpt lat="69.032634682953357696533203125" lon="20.52617889828979969024658203125">
        <ele>745.79998779296875</ele>
        <time>2026-08-23T06:08:47.000Z</time>
        <extensions>
          <ns3:TrackPointExtension>
            <ns3:cad>0</ns3:cad>
          </ns3:TrackPointExtension>
        </extensions>
      </trkpt>
      <trkpt lat="69.03263845480978488922119140625" lon="20.52618074230849742889404296875">
        <ele>745.5999755859375</ele>
        <time>2026-08-23T06:08:48.000Z</time>
        <extensions>
          <ns3:TrackPointExtension>
            <ns3:cad>0</ns3:cad>
          </ns3:TrackPointExtension>
        </extensions>
      </trkpt>
      <trkpt lat="69.032668881118297576904296875" lon="20.52618225105106830596923828125">
        <ele>745</ele>
        <time>2026-08-23T06:08:53.000Z</time>
        <extensions>
          <ns3:TrackPointExtension>
            <ns3:cad>0</ns3:cad>
          </ns3:TrackPointExtension>
        </extensions>
      </trkpt>
      <trkpt lat="69.0326995588839054107666015625" lon="20.52624075673520565032958984375">
        <ele>745.5999755859375</ele>
        <time>2026-08-23T06:08:59.000Z</time>
        <extensions>
          <ns3:TrackPointExtension>
            <ns3:cad>0</ns3:cad>
          </ns3:TrackPointExtension>
        </extensions>
      </trkpt>
      <trkpt lat="69.03274842537939548492431640625" lon="20.52626171149313449859619140625">
        <ele>745.20001220703125</ele>
        <time>2026-08-23T06:09:07.000Z</time>
        <extensions>
          <ns3:TrackPointExtension>
            <ns3:cad>0</ns3:cad>
          </ns3:TrackPointExtension>
        </extensions>
      </trkpt>
      <trkpt lat="69.0327746607363224029541015625" lon="20.52631284110248088836669921875">
        <ele>744.4000244140625</ele>
        <time>2026-08-23T06:09:13.000Z</time>
        <extensions>
          <ns3:TrackPointExtension>
            <ns3:cad>0</ns3:cad>
          </ns3:TrackPointExtension>
        </extensions>
      </trkpt>
      <trkpt lat="69.03277893550693988800048828125" lon="20.52631854079663753509521484375">
        <ele>744.20001220703125</ele>
        <time>2026-08-23T06:09:14.000Z</time>
        <extensions>
          <ns3:TrackPointExtension>
            <ns3:cad>0</ns3:cad>
          </ns3:TrackPointExtension>
        </extensions>
      </trkpt>
      <trkpt lat="69.0327917598187923431396484375" lon="20.52633865736424922943115234375">
        <ele>743.79998779296875</ele>
        <time>2026-08-23T06:09:22.000Z</time>
        <extensions>
          <ns3:TrackPointExtension>
            <ns3:cad>0</ns3:cad>
          </ns3:TrackPointExtension>
        </extensions>
      </trkpt>
      <trkpt lat="69.03281782753765583038330078125" lon="20.52635307423770427703857421875">
        <ele>743.4000244140625</ele>
        <time>2026-08-23T06:09:28.000Z</time>
        <extensions>
          <ns3:TrackPointExtension>
            <ns3:cad>0</ns3:cad>
          </ns3:TrackPointExtension>
        </extensions>
      </trkpt>
      <trkpt lat="69.03282143175601959228515625" lon="20.5263568460941314697265625">
        <ele>743.20001220703125</ele>
        <time>2026-08-23T06:09:29.000Z</time>
        <extensions>
          <ns3:TrackPointExtension>
            <ns3:cad>0</ns3:cad>
          </ns3:TrackPointExtension>
        </extensions>
      </trkpt>
      <trkpt lat="69.03285906650125980377197265625" lon="20.52636615000665187835693359375">
        <ele>742.4000244140625</ele>
        <time>2026-08-23T06:09:37.000Z</time>
        <extensions>
          <ns3:TrackPointExtension>
            <ns3:cad>0</ns3:cad>
          </ns3:TrackPointExtension>
        </extensions>
      </trkpt>
      <trkpt lat="69.032864011824131011962890625" lon="20.52637168206274509429931640625">
        <ele>742.20001220703125</ele>
        <time>2026-08-23T06:09:38.000Z</time>
        <extensions>
          <ns3:TrackPointExtension>
            <ns3:cad>0</ns3:cad>
          </ns3:TrackPointExtension>
        </extensions>
      </trkpt>
      <trkpt lat="69.0328972041606903076171875" lon="20.5264116637408733367919921875">
        <ele>741.4000244140625</ele>
        <time>2026-08-23T06:09:45.000Z</time>
        <extensions>
          <ns3:TrackPointExtension>
            <ns3:cad>0</ns3:cad>
          </ns3:TrackPointExtension>
        </extensions>
      </trkpt>
      <trkpt lat="69.03290298767387866973876953125" lon="20.5264311097562313079833984375">
        <ele>741.20001220703125</ele>
        <time>2026-08-23T06:09:47.000Z</time>
        <extensions>
          <ns3:TrackPointExtension>
            <ns3:cad>0</ns3:cad>
          </ns3:TrackPointExtension>
        </extensions>
      </trkpt>
      <trkpt lat="69.03292008675634860992431640625" lon="20.526509396731853485107421875">
        <ele>740.79998779296875</ele>
        <time>2026-08-23T06:09:53.000Z</time>
        <extensions>
          <ns3:TrackPointExtension>
            <ns3:cad>0</ns3:cad>
          </ns3:TrackPointExtension>
        </extensions>
      </trkpt>
      <trkpt lat="69.03294338844716548919677734375" lon="20.5265980772674083709716796875">
        <ele>740.79998779296875</ele>
        <time>2026-08-23T06:09:58.000Z</time>
        <extensions>
          <ns3:TrackPointExtension>
            <ns3:cad>0</ns3:cad>
          </ns3:TrackPointExtension>
        </extensions>
      </trkpt>
      <trkpt lat="69.03300390578806400299072265625" lon="20.5266061238944530487060546875">
        <ele>740.4000244140625</ele>
        <time>2026-08-23T06:10:05.000Z</time>
        <extensions>
          <ns3:TrackPointExtension>
            <ns3:cad>0</ns3:cad>
          </ns3:TrackPointExtension>
        </extensions>
      </trkpt>
      <trkpt lat="69.03306148946285247802734375" lon="20.52662909030914306640625">
        <ele>740.20001220703125</ele>
        <time>2026-08-23T06:10:11.000Z</time>
        <extensions>
          <ns3:TrackPointExtension>
            <ns3:cad>48</ns3:cad>
          </ns3:TrackPointExtension>
        </extensions>
      </trkpt>
      <trkpt lat="69.0330727212131023406982421875" lon="20.52664258517324924468994140625">
        <ele>740</ele>
        <time>2026-08-23T06:10:13.000Z</time>
        <extensions>
          <ns3:TrackPointExtension>
            <ns3:cad>0</ns3:cad>
          </ns3:TrackPointExtension>
        </extensions>
      </trkpt>
      <trkpt lat="69.03311002068221569061279296875" lon="20.526644848287105560302734375">
        <ele>739.4000244140625</ele>
        <time>2026-08-23T06:10:19.000Z</time>
        <extensions>
          <ns3:TrackPointExtension>
            <ns3:cad>0</ns3:cad>
          </ns3:TrackPointExtension>
        </extensions>
      </trkpt>
      <trkpt lat="69.033120162785053253173828125" lon="20.52664853632450103759765625">
        <ele>739</ele>
        <time>2026-08-23T06:10:21.000Z</time>
        <extensions>
          <ns3:TrackPointExtension>
            <ns3:cad>0</ns3:cad>
          </ns3:TrackPointExtension>
        </extensions>
      </trkpt>
      <trkpt lat="69.03316349722445011138916015625" lon="20.52667141892015933990478515625">
        <ele>738.4000244140625</ele>
        <time>2026-08-23T06:10:27.000Z</time>
        <extensions>
          <ns3:TrackPointExtension>
            <ns3:cad>0</ns3:cad>
          </ns3:TrackPointExtension>
        </extensions>
      </trkpt>
      <trkpt lat="69.03318596072494983673095703125" lon="20.5266949720680713653564453125">
        <ele>738.20001220703125</ele>
        <time>2026-08-23T06:10:31.000Z</time>
        <extensions>
          <ns3:TrackPointExtension>
            <ns3:cad>0</ns3:cad>
          </ns3:TrackPointExtension>
        </extensions>
      </trkpt>
      <trkpt lat="69.03319249860942363739013671875" lon="20.52669622935354709625244140625">
        <ele>738</ele>
        <time>2026-08-23T06:10:32.000Z</time>
        <extensions>
          <ns3:TrackPointExtension>
            <ns3:cad>0</ns3:cad>
          </ns3:TrackPointExtension>
        </extensions>
      </trkpt>
      <trkpt lat="69.0331987850368022918701171875" lon="20.526701845228672027587890625">
        <ele>738</ele>
        <time>2026-08-23T06:10:33.000Z</time>
        <extensions>
          <ns3:TrackPointExtension>
            <ns3:cad>0</ns3:cad>
          </ns3:TrackPointExtension>
        </extensions>
      </trkpt>
      <trkpt lat="69.03324119746685028076171875" lon="20.52674719132483005523681640625">
        <ele>737.4000244140625</ele>
        <time>2026-08-23T06:10:40.000Z</time>
        <extensions>
          <ns3:TrackPointExtension>
            <ns3:cad>0</ns3:cad>
          </ns3:TrackPointExtension>
        </extensions>
      </trkpt>
      <trkpt lat="69.03324563987553119659423828125" lon="20.526765882968902587890625">
        <ele>737.4000244140625</ele>
        <time>2026-08-23T06:10:41.000Z</time>
        <extensions>
          <ns3:TrackPointExtension>
            <ns3:cad>0</ns3:cad>
          </ns3:TrackPointExtension>
        </extensions>
      </trkpt>
      <trkpt lat="69.03326173312962055206298828125" lon="20.52685146220028400421142578125">
        <ele>737.4000244140625</ele>
        <time>2026-08-23T06:10:46.000Z</time>
        <extensions>
          <ns3:TrackPointExtension>
            <ns3:cad>0</ns3:cad>
          </ns3:TrackPointExtension>
        </extensions>
      </trkpt>
      <trkpt lat="69.033265672624111175537109375" lon="20.526896975934505462646484375">
        <ele>737</ele>
        <time>2026-08-23T06:10:49.000Z</time>
        <extensions>
          <ns3:TrackPointExtension>
            <ns3:cad>0</ns3:cad>
          </ns3:TrackPointExtension>
        </extensions>
      </trkpt>
      <trkpt lat="69.03327799402177333831787109375" lon="20.52691415883600711822509765625">
        <ele>736.4000244140625</ele>
        <time>2026-08-23T06:10:53.000Z</time>
        <extensions>
          <ns3:TrackPointExtension>
            <ns3:cad>0</ns3:cad>
          </ns3:TrackPointExtension>
        </extensions>
      </trkpt>
      <trkpt lat="69.03329215943813323974609375" lon="20.526916086673736572265625">
        <ele>735.79998779296875</ele>
        <time>2026-08-23T06:10:57.000Z</time>
        <extensions>
          <ns3:TrackPointExtension>
            <ns3:cad>0</ns3:cad>
          </ns3:TrackPointExtension>
        </extensions>
      </trkpt>
      <trkpt lat="69.03329760767519474029541015625" lon="20.526919104158878326416015625">
        <ele>735.5999755859375</ele>
        <time>2026-08-23T06:10:58.000Z</time>
        <extensions>
          <ns3:TrackPointExtension>
            <ns3:cad>0</ns3:cad>
          </ns3:TrackPointExtension>
        </extensions>
      </trkpt>
      <trkpt lat="69.03334286995232105255126953125" lon="20.52696327678859233856201171875">
        <ele>735</ele>
        <time>2026-08-23T06:11:05.000Z</time>
        <extensions>
          <ns3:TrackPointExtension>
            <ns3:cad>42</ns3:cad>
          </ns3:TrackPointExtension>
        </extensions>
      </trkpt>
      <trkpt lat="69.03335510753095149993896484375" lon="20.5269799567759037017822265625">
        <ele>734.79998779296875</ele>
        <time>2026-08-23T06:11:07.000Z</time>
        <extensions>
          <ns3:TrackPointExtension>
            <ns3:cad>42</ns3:cad>
          </ns3:TrackPointExtension>
        </extensions>
      </trkpt>
      <trkpt lat="69.03339282609522342681884765625" lon="20.52704055793583393096923828125">
        <ele>734.4000244140625</ele>
        <time>2026-08-23T06:11:13.000Z</time>
        <extensions>
          <ns3:TrackPointExtension>
            <ns3:cad>0</ns3:cad>
          </ns3:TrackPointExtension>
        </extensions>
      </trkpt>
      <trkpt lat="69.03343875892460346221923828125" lon="20.527119599282741546630859375">
        <ele>734.20001220703125</ele>
        <time>2026-08-23T06:11:19.000Z</time>
        <extensions>
          <ns3:TrackPointExtension>
            <ns3:cad>45</ns3:cad>
          </ns3:TrackPointExtension>
        </extensions>
      </trkpt>
      <trkpt lat="69.03347798623144626617431640625" lon="20.52713074721395969390869140625">
        <ele>734</ele>
        <time>2026-08-23T06:11:24.000Z</time>
        <extensions>
          <ns3:TrackPointExtension>
            <ns3:cad>42</ns3:cad>
          </ns3:TrackPointExtension>
        </extensions>
      </trkpt>
      <trkpt lat="69.0335015393793582916259765625" lon="20.5270969681441783905029296875">
        <ele>733.79998779296875</ele>
        <time>2026-08-23T06:11:27.000Z</time>
        <extensions>
          <ns3:TrackPointExtension>
            <ns3:cad>41</ns3:cad>
          </ns3:TrackPointExtension>
        </extensions>
      </trkpt>
      <trkpt lat="69.03354973532259464263916015625" lon="20.527077019214630126953125">
        <ele>733</ele>
        <time>2026-08-23T06:11:34.000Z</time>
        <extensions>
          <ns3:TrackPointExtension>
            <ns3:cad>0</ns3:cad>
          </ns3:TrackPointExtension>
        </extensions>
      </trkpt>
      <trkpt lat="69.0335766412317752838134765625" lon="20.527078025043010711669921875">
        <ele>732.79998779296875</ele>
        <time>2026-08-23T06:11:37.000Z</time>
        <extensions>
          <ns3:TrackPointExtension>
            <ns3:cad>0</ns3:cad>
          </ns3:TrackPointExtension>
        </extensions>
      </trkpt>
      <trkpt lat="69.033590890467166900634765625" lon="20.52709688432514667510986328125">
        <ele>732.5999755859375</ele>
        <time>2026-08-23T06:11:39.000Z</time>
        <extensions>
          <ns3:TrackPointExtension>
            <ns3:cad>0</ns3:cad>
          </ns3:TrackPointExtension>
        </extensions>
      </trkpt>
      <trkpt lat="69.03360187076032161712646484375" lon="20.52712622098624706268310546875">
        <ele>732.4000244140625</ele>
        <time>2026-08-23T06:11:41.000Z</time>
        <extensions>
          <ns3:TrackPointExtension>
            <ns3:cad>0</ns3:cad>
          </ns3:TrackPointExtension>
        </extensions>
      </trkpt>
      <trkpt lat="69.03362810611724853515625" lon="20.52717919461429119110107421875">
        <ele>732</ele>
        <time>2026-08-23T06:11:46.000Z</time>
        <extensions>
          <ns3:TrackPointExtension>
            <ns3:cad>0</ns3:cad>
          </ns3:TrackPointExtension>
        </extensions>
      </trkpt>
      <trkpt lat="69.03363556601107120513916015625" lon="20.52718036808073520660400390625">
        <ele>732</ele>
        <time>2026-08-23T06:11:47.000Z</time>
        <extensions>
          <ns3:TrackPointExtension>
            <ns3:cad>0</ns3:cad>
          </ns3:TrackPointExtension>
        </extensions>
      </trkpt>
      <trkpt lat="69.03368652798235416412353515625" lon="20.5271905101835727691650390625">
        <ele>731.5999755859375</ele>
        <time>2026-08-23T06:11:53.000Z</time>
        <extensions>
          <ns3:TrackPointExtension>
            <ns3:cad>0</ns3:cad>
          </ns3:TrackPointExtension>
        </extensions>
      </trkpt>
      <trkpt lat="69.03369390405714511871337890625" lon="20.5271911807358264923095703125">
        <ele>731.5999755859375</ele>
        <time>2026-08-23T06:11:54.000Z</time>
        <extensions>
          <ns3:TrackPointExtension>
            <ns3:cad>0</ns3:cad>
          </ns3:TrackPointExtension>
        </extensions>
      </trkpt>
      <trkpt lat="69.033732376992702484130859375" lon="20.52724541164934635162353515625">
        <ele>730.79998779296875</ele>
        <time>2026-08-23T06:12:02.000Z</time>
        <extensions>
          <ns3:TrackPointExtension>
            <ns3:cad>0</ns3:cad>
          </ns3:TrackPointExtension>
        </extensions>
      </trkpt>
      <trkpt lat="69.03377084992825984954833984375" lon="20.527287907898426055908203125">
        <ele>730.5999755859375</ele>
        <time>2026-08-23T06:12:09.000Z</time>
        <extensions>
          <ns3:TrackPointExtension>
            <ns3:cad>0</ns3:cad>
          </ns3:TrackPointExtension>
        </extensions>
      </trkpt>
      <trkpt lat="69.0338011085987091064453125" lon="20.5273319967091083526611328125">
        <ele>730.5999755859375</ele>
        <time>2026-08-23T06:12:14.000Z</time>
        <extensions>
          <ns3:TrackPointExtension>
            <ns3:cad>0</ns3:cad>
          </ns3:TrackPointExtension>
        </extensions>
      </trkpt>
      <trkpt lat="69.03380605392158031463623046875" lon="20.52733744494616985321044921875">
        <ele>730.4000244140625</ele>
        <time>2026-08-23T06:12:15.000Z</time>
        <extensions>
          <ns3:TrackPointExtension>
            <ns3:cad>0</ns3:cad>
          </ns3:TrackPointExtension>
        </extensions>
      </trkpt>
      <trkpt lat="69.0338485501706600189208984375" lon="20.5273789353668689727783203125">
        <ele>730</ele>
        <time>2026-08-23T06:12:22.000Z</time>
        <extensions>
          <ns3:TrackPointExtension>
            <ns3:cad>79</ns3:cad>
          </ns3:TrackPointExtension>
        </extensions>
      </trkpt>
      <trkpt lat="69.03388501144945621490478515625" lon="20.52738807164132595062255859375">
        <ele>729.79998779296875</ele>
        <time>2026-08-23T06:12:27.000Z</time>
        <extensions>
          <ns3:TrackPointExtension>
            <ns3:cad>0</ns3:cad>
          </ns3:TrackPointExtension>
        </extensions>
      </trkpt>
      <trkpt lat="69.03391501866281032562255859375" lon="20.52740517072379589080810546875">
        <ele>729.4000244140625</ele>
        <time>2026-08-23T06:12:31.000Z</time>
        <extensions>
          <ns3:TrackPointExtension>
            <ns3:cad>0</ns3:cad>
          </ns3:TrackPointExtension>
        </extensions>
      </trkpt>
      <trkpt lat="69.0339290164411067962646484375" lon="20.52742025814950466156005859375">
        <ele>729.4000244140625</ele>
        <time>2026-08-23T06:12:33.000Z</time>
        <extensions>
          <ns3:TrackPointExtension>
            <ns3:cad>0</ns3:cad>
          </ns3:TrackPointExtension>
        </extensions>
      </trkpt>
      <trkpt lat="69.03397344052791595458984375" lon="20.52742612548172473907470703125">
        <ele>729.20001220703125</ele>
        <time>2026-08-23T06:12:41.000Z</time>
        <extensions>
          <ns3:TrackPointExtension>
            <ns3:cad>0</ns3:cad>
          </ns3:TrackPointExtension>
        </extensions>
      </trkpt>
      <trkpt lat="69.03401426039636135101318359375" lon="20.5274312384426593780517578125">
        <ele>729.20001220703125</ele>
        <time>2026-08-23T06:12:47.000Z</time>
        <extensions>
          <ns3:TrackPointExtension>
            <ns3:cad>0</ns3:cad>
          </ns3:TrackPointExtension>
        </extensions>
      </trkpt>
      <trkpt lat="69.03406622819602489471435546875" lon="20.5274379439651966094970703125">
        <ele>728.79998779296875</ele>
        <time>2026-08-23T06:12:54.000Z</time>
        <extensions>
          <ns3:TrackPointExtension>
            <ns3:cad>0</ns3:cad>
          </ns3:TrackPointExtension>
        </extensions>
      </trkpt>
      <trkpt lat="69.0340785495936870574951171875" lon="20.52744104526937007904052734375">
        <ele>728.4000244140625</ele>
        <time>2026-08-23T06:12:56.000Z</time>
        <extensions>
          <ns3:TrackPointExtension>
            <ns3:cad>47</ns3:cad>
          </ns3:TrackPointExtension>
        </extensions>
      </trkpt>
      <trkpt lat="69.0341167710721492767333984375" lon="20.52746082656085491180419921875">
        <ele>727.79998779296875</ele>
        <time>2026-08-23T06:13:01.000Z</time>
        <extensions>
          <ns3:TrackPointExtension>
            <ns3:cad>42</ns3:cad>
          </ns3:TrackPointExtension>
        </extensions>
      </trkpt>
      <trkpt lat="69.03414317406713962554931640625" lon="20.52746367640793323516845703125">
        <ele>727.4000244140625</ele>
        <time>2026-08-23T06:13:04.000Z</time>
        <extensions>
          <ns3:TrackPointExtension>
            <ns3:cad>43</ns3:cad>
          </ns3:TrackPointExtension>
        </extensions>
      </trkpt>
      <trkpt lat="69.03416614048182964324951171875" lon="20.5274751596152782440185546875">
        <ele>727.20001220703125</ele>
        <time>2026-08-23T06:13:07.000Z</time>
        <extensions>
          <ns3:TrackPointExtension>
            <ns3:cad>41</ns3:cad>
          </ns3:TrackPointExtension>
        </extensions>
      </trkpt>
      <trkpt lat="69.034221880137920379638671875" lon="20.52751530893146991729736328125">
        <ele>726.79998779296875</ele>
        <time>2026-08-23T06:13:14.000Z</time>
        <extensions>
          <ns3:TrackPointExtension>
            <ns3:cad>0</ns3:cad>
          </ns3:TrackPointExtension>
        </extensions>
      </trkpt>
      <trkpt lat="69.0342793799936771392822265625" lon="20.52751514129340648651123046875">
        <ele>726.5999755859375</ele>
        <time>2026-08-23T06:13:21.000Z</time>
        <extensions>
          <ns3:TrackPointExtension>
            <ns3:cad>0</ns3:cad>
          </ns3:TrackPointExtension>
        </extensions>
      </trkpt>
      <trkpt lat="69.0343095548450946807861328125" lon="20.52751832641661167144775390625">
        <ele>726.4000244140625</ele>
        <time>2026-08-23T06:13:25.000Z</time>
        <extensions>
          <ns3:TrackPointExtension>
            <ns3:cad>41</ns3:cad>
          </ns3:TrackPointExtension>
        </extensions>
      </trkpt>
      <trkpt lat="69.0343276597559452056884765625" lon="20.5275244452059268951416015625">
        <ele>726.20001220703125</ele>
        <time>2026-08-23T06:13:27.000Z</time>
        <extensions>
          <ns3:TrackPointExtension>
            <ns3:cad>43</ns3:cad>
          </ns3:TrackPointExtension>
        </extensions>
      </trkpt>
      <trkpt lat="69.03434266336262226104736328125" lon="20.5275391973555088043212890625">
        <ele>726</ele>
        <time>2026-08-23T06:13:29.000Z</time>
        <extensions>
          <ns3:TrackPointExtension>
            <ns3:cad>0</ns3:cad>
          </ns3:TrackPointExtension>
        </extensions>
      </trkpt>
      <trkpt lat="69.03437250293791294097900390625" lon="20.527570210397243499755859375">
        <ele>726.4000244140625</ele>
        <time>2026-08-23T06:13:33.000Z</time>
        <extensions>
          <ns3:TrackPointExtension>
            <ns3:cad>0</ns3:cad>
          </ns3:TrackPointExtension>
        </extensions>
      </trkpt>
      <trkpt lat="69.034407623112201690673828125" lon="20.5275764130055904388427734375">
        <ele>726.20001220703125</ele>
        <time>2026-08-23T06:13:39.000Z</time>
        <extensions>
          <ns3:TrackPointExtension>
            <ns3:cad>0</ns3:cad>
          </ns3:TrackPointExtension>
        </extensions>
      </trkpt>
      <trkpt lat="69.0344433300197124481201171875" lon="20.52760072052478790283203125">
        <ele>725.5999755859375</ele>
        <time>2026-08-23T06:13:46.000Z</time>
        <extensions>
          <ns3:TrackPointExtension>
            <ns3:cad>0</ns3:cad>
          </ns3:TrackPointExtension>
        </extensions>
      </trkpt>
      <trkpt lat="69.0344657935202121734619140625" lon="20.52761010825634002685546875">
        <ele>725.20001220703125</ele>
        <time>2026-08-23T06:13:49.000Z</time>
        <extensions>
          <ns3:TrackPointExtension>
            <ns3:cad>0</ns3:cad>
          </ns3:TrackPointExtension>
        </extensions>
      </trkpt>
      <trkpt lat="69.034496806561946868896484375" lon="20.52763558924198150634765625">
        <ele>724.79998779296875</ele>
        <time>2026-08-23T06:13:54.000Z</time>
        <extensions>
          <ns3:TrackPointExtension>
            <ns3:cad>43</ns3:cad>
          </ns3:TrackPointExtension>
        </extensions>
      </trkpt>
      <trkpt lat="69.03455539606511592864990234375" lon="20.5276414565742015838623046875">
        <ele>724.20001220703125</ele>
        <time>2026-08-23T06:14:02.000Z</time>
        <extensions>
          <ns3:TrackPointExtension>
            <ns3:cad>0</ns3:cad>
          </ns3:TrackPointExtension>
        </extensions>
      </trkpt>
      <trkpt lat="69.03457132168114185333251953125" lon="20.527639947831630706787109375">
        <ele>724</ele>
        <time>2026-08-23T06:14:04.000Z</time>
        <extensions>
          <ns3:TrackPointExtension>
            <ns3:cad>0</ns3:cad>
          </ns3:TrackPointExtension>
        </extensions>
      </trkpt>
      <trkpt lat="69.03460971079766750335693359375" lon="20.5276699550449848175048828125">
        <ele>723.5999755859375</ele>
        <time>2026-08-23T06:14:09.000Z</time>
        <extensions>
          <ns3:TrackPointExtension>
            <ns3:cad>0</ns3:cad>
          </ns3:TrackPointExtension>
        </extensions>
      </trkpt>
      <trkpt lat="69.03469051234424114227294921875" lon="20.5276944302022457122802734375">
        <ele>723.20001220703125</ele>
        <time>2026-08-23T06:14:18.000Z</time>
        <extensions>
          <ns3:TrackPointExtension>
            <ns3:cad>45</ns3:cad>
          </ns3:TrackPointExtension>
        </extensions>
      </trkpt>
      <trkpt lat="69.03470023535192012786865234375" lon="20.52772720344364643096923828125">
        <ele>723.20001220703125</ele>
        <time>2026-08-23T06:14:22.000Z</time>
        <extensions>
          <ns3:TrackPointExtension>
            <ns3:cad>0</ns3:cad>
          </ns3:TrackPointExtension>
        </extensions>
      </trkpt>
      <trkpt lat="69.03469889424741268157958984375" lon="20.527733154594898223876953125">
        <ele>723.20001220703125</ele>
        <time>2026-08-23T06:14:23.000Z</time>
        <extensions>
          <ns3:TrackPointExtension>
            <ns3:cad>0</ns3:cad>
          </ns3:TrackPointExtension>
        </extensions>
      </trkpt>
      <trkpt lat="69.0347038395702838897705078125" lon="20.52774564363062381744384765625">
        <ele>723.20001220703125</ele>
        <time>2026-08-23T06:14:33.000Z</time>
        <extensions>
          <ns3:TrackPointExtension>
            <ns3:cad>0</ns3:cad>
          </ns3:TrackPointExtension>
        </extensions>
      </trkpt>
      <trkpt lat="69.03477667830884456634521484375" lon="20.5277799256145954132080078125">
        <ele>722.79998779296875</ele>
        <time>2026-08-23T06:14:40.000Z</time>
        <extensions>
          <ns3:TrackPointExtension>
            <ns3:cad>0</ns3:cad>
          </ns3:TrackPointExtension>
        </extensions>
      </trkpt>
      <trkpt lat="69.0348268859088420867919921875" lon="20.52780984900891780853271484375">
        <ele>722.4000244140625</ele>
        <time>2026-08-23T06:14:45.000Z</time>
        <extensions>
          <ns3:TrackPointExtension>
            <ns3:cad>0</ns3:cad>
          </ns3:TrackPointExtension>
        </extensions>
      </trkpt>
      <trkpt lat="69.03486602939665317535400390625" lon="20.52781152538955211639404296875">
        <ele>722.20001220703125</ele>
        <time>2026-08-23T06:14:49.000Z</time>
        <extensions>
          <ns3:TrackPointExtension>
            <ns3:cad>0</ns3:cad>
          </ns3:TrackPointExtension>
        </extensions>
      </trkpt>
      <trkpt lat="69.0348755009472370147705078125" lon="20.5278094299137592315673828125">
        <ele>722.20001220703125</ele>
        <time>2026-08-23T06:14:50.000Z</time>
        <extensions>
          <ns3:TrackPointExtension>
            <ns3:cad>0</ns3:cad>
          </ns3:TrackPointExtension>
        </extensions>
      </trkpt>
      <trkpt lat="69.03490928001701831817626953125" lon="20.52781756035983562469482421875">
        <ele>722</ele>
        <time>2026-08-23T06:14:54.000Z</time>
        <extensions>
          <ns3:TrackPointExtension>
            <ns3:cad>0</ns3:cad>
          </ns3:TrackPointExtension>
        </extensions>
      </trkpt>
      <trkpt lat="69.03497030027210712432861328125" lon="20.5278245173394680023193359375">
        <ele>721.79998779296875</ele>
        <time>2026-08-23T06:15:00.000Z</time>
        <extensions>
          <ns3:TrackPointExtension>
            <ns3:cad>47</ns3:cad>
          </ns3:TrackPointExtension>
        </extensions>
      </trkpt>
      <trkpt lat="69.03502142988145351409912109375" lon="20.52785712294280529022216796875">
        <ele>721.20001220703125</ele>
        <time>2026-08-23T06:15:06.000Z</time>
        <extensions>
          <ns3:TrackPointExtension>
            <ns3:cad>0</ns3:cad>
          </ns3:TrackPointExtension>
        </extensions>
      </trkpt>
      <trkpt lat="69.03502754867076873779296875" lon="20.52786801941692829132080078125">
        <ele>721</ele>
        <time>2026-08-23T06:15:07.000Z</time>
        <extensions>
          <ns3:TrackPointExtension>
            <ns3:cad>0</ns3:cad>
          </ns3:TrackPointExtension>
        </extensions>
      </trkpt>
      <trkpt lat="69.0350897423923015594482421875" lon="20.527923591434955596923828125">
        <ele>720.5999755859375</ele>
        <time>2026-08-23T06:15:14.000Z</time>
        <extensions>
          <ns3:TrackPointExtension>
            <ns3:cad>0</ns3:cad>
          </ns3:TrackPointExtension>
        </extensions>
      </trkpt>
      <trkpt lat="69.03513106517493724822998046875" lon="20.527932643890380859375">
        <ele>720</ele>
        <time>2026-08-23T06:15:19.000Z</time>
        <extensions>
          <ns3:TrackPointExtension>
            <ns3:cad>0</ns3:cad>
          </ns3:TrackPointExtension>
        </extensions>
      </trkpt>
      <trkpt lat="69.03514347039163112640380859375" lon="20.52794261835515499114990234375">
        <ele>720</ele>
        <time>2026-08-23T06:15:21.000Z</time>
        <extensions>
          <ns3:TrackPointExtension>
            <ns3:cad>0</ns3:cad>
          </ns3:TrackPointExtension>
        </extensions>
      </trkpt>
      <trkpt lat="69.035147242248058319091796875" lon="20.52797161974012851715087890625">
        <ele>719.79998779296875</ele>
        <time>2026-08-23T06:15:23.000Z</time>
        <extensions>
          <ns3:TrackPointExtension>
            <ns3:cad>0</ns3:cad>
          </ns3:TrackPointExtension>
        </extensions>
      </trkpt>
      <trkpt lat="69.03515017591416835784912109375" lon="20.5279938317835330963134765625">
        <ele>719.79998779296875</ele>
        <time>2026-08-23T06:15:25.000Z</time>
        <extensions>
          <ns3:TrackPointExtension>
            <ns3:cad>0</ns3:cad>
          </ns3:TrackPointExtension>
        </extensions>
      </trkpt>
      <trkpt lat="69.03515486977994441986083984375" lon="20.5279941670596599578857421875">
        <ele>719.79998779296875</ele>
        <time>2026-08-23T06:15:26.000Z</time>
        <extensions>
          <ns3:TrackPointExtension>
            <ns3:cad>0</ns3:cad>
          </ns3:TrackPointExtension>
        </extensions>
      </trkpt>
      <trkpt lat="69.03518873266875743865966796875" lon="20.52796793170273303985595703125">
        <ele>719.79998779296875</ele>
        <time>2026-08-23T06:15:31.000Z</time>
        <extensions>
          <ns3:TrackPointExtension>
            <ns3:cad>0</ns3:cad>
          </ns3:TrackPointExtension>
        </extensions>
      </trkpt>
      <trkpt lat="69.0352104417979717254638671875" lon="20.5279847793281078338623046875">
        <ele>719.79998779296875</ele>
        <time>2026-08-23T06:15:34.000Z</time>
        <extensions>
          <ns3:TrackPointExtension>
            <ns3:cad>0</ns3:cad>
          </ns3:TrackPointExtension>
        </extensions>
      </trkpt>
      <trkpt lat="69.0352265350520610809326171875" lon="20.5280037224292755126953125">
        <ele>719.79998779296875</ele>
        <time>2026-08-23T06:15:37.000Z</time>
        <extensions>
          <ns3:TrackPointExtension>
            <ns3:cad>0</ns3:cad>
          </ns3:TrackPointExtension>
        </extensions>
      </trkpt>
      <trkpt lat="69.03527288697659969329833984375" lon="20.52802006714046001434326171875">
        <ele>719.79998779296875</ele>
        <time>2026-08-23T06:15:43.000Z</time>
        <extensions>
          <ns3:TrackPointExtension>
            <ns3:cad>41</ns3:cad>
          </ns3:TrackPointExtension>
        </extensions>
      </trkpt>
      <trkpt lat="69.0353432111442089080810546875" lon="20.52803515456616878509521484375">
        <ele>719.4000244140625</ele>
        <time>2026-08-23T06:15:50.000Z</time>
        <extensions>
          <ns3:TrackPointExtension>
            <ns3:cad>44</ns3:cad>
          </ns3:TrackPointExtension>
        </extensions>
      </trkpt>
      <trkpt lat="69.0354077517986297607421875" lon="20.52802660502493381500244140625">
        <ele>719.4000244140625</ele>
        <time>2026-08-23T06:15:56.000Z</time>
        <extensions>
          <ns3:TrackPointExtension>
            <ns3:cad>0</ns3:cad>
          </ns3:TrackPointExtension>
        </extensions>
      </trkpt>
      <trkpt lat="69.03544639237225055694580078125" lon="20.52806247957050800323486328125">
        <ele>719</ele>
        <time>2026-08-23T06:16:01.000Z</time>
        <extensions>
          <ns3:TrackPointExtension>
            <ns3:cad>0</ns3:cad>
          </ns3:TrackPointExtension>
        </extensions>
      </trkpt>
      <trkpt lat="69.03545326553285121917724609375" lon="20.5280759744346141815185546875">
        <ele>719</ele>
        <time>2026-08-23T06:16:02.000Z</time>
        <extensions>
          <ns3:TrackPointExtension>
            <ns3:cad>0</ns3:cad>
          </ns3:TrackPointExtension>
        </extensions>
      </trkpt>
      <trkpt lat="69.03551495634019374847412109375" lon="20.5281440354883670806884765625">
        <ele>718.20001220703125</ele>
        <time>2026-08-23T06:16:09.000Z</time>
        <extensions>
          <ns3:TrackPointExtension>
            <ns3:cad>0</ns3:cad>
          </ns3:TrackPointExtension>
        </extensions>
      </trkpt>
      <trkpt lat="69.035532809793949127197265625" lon="20.5281661637127399444580078125">
        <ele>718</ele>
        <time>2026-08-23T06:16:11.000Z</time>
        <extensions>
          <ns3:TrackPointExtension>
            <ns3:cad>0</ns3:cad>
          </ns3:TrackPointExtension>
        </extensions>
      </trkpt>
      <trkpt lat="69.0355847775936126708984375" lon="20.5282429419457912445068359375">
        <ele>717.5999755859375</ele>
        <time>2026-08-23T06:16:17.000Z</time>
        <extensions>
          <ns3:TrackPointExtension>
            <ns3:cad>47</ns3:cad>
          </ns3:TrackPointExtension>
        </extensions>
      </trkpt>
      <trkpt lat="69.035609252750873565673828125" lon="20.52824914455413818359375">
        <ele>717.4000244140625</ele>
        <time>2026-08-23T06:16:21.000Z</time>
        <extensions>
          <ns3:TrackPointExtension>
            <ns3:cad>0</ns3:cad>
          </ns3:TrackPointExtension>
        </extensions>
      </trkpt>
      <trkpt lat="69.03564018197357654571533203125" lon="20.5282395891845226287841796875">
        <ele>717</ele>
        <time>2026-08-23T06:16:25.000Z</time>
        <extensions>
          <ns3:TrackPointExtension>
            <ns3:cad>0</ns3:cad>
          </ns3:TrackPointExtension>
        </extensions>
      </trkpt>
      <trkpt lat="69.0356861986219882965087890625" lon="20.52828024141490459442138671875">
        <ele>716.5999755859375</ele>
        <time>2026-08-23T06:16:31.000Z</time>
        <extensions>
          <ns3:TrackPointExtension>
            <ns3:cad>0</ns3:cad>
          </ns3:TrackPointExtension>
        </extensions>
      </trkpt>
      <trkpt lat="69.03568779118359088897705078125" lon="20.52829834632575511932373046875">
        <ele>716.5999755859375</ele>
        <time>2026-08-23T06:16:32.000Z</time>
        <extensions>
          <ns3:TrackPointExtension>
            <ns3:cad>0</ns3:cad>
          </ns3:TrackPointExtension>
        </extensions>
      </trkpt>
      <trkpt lat="69.03570170514285564422607421875" lon="20.528344698250293731689453125">
        <ele>716.4000244140625</ele>
        <time>2026-08-23T06:16:36.000Z</time>
        <extensions>
          <ns3:TrackPointExtension>
            <ns3:cad>0</ns3:cad>
          </ns3:TrackPointExtension>
        </extensions>
      </trkpt>
      <trkpt lat="69.03570489026606082916259765625" lon="20.5283725261688232421875">
        <ele>716.20001220703125</ele>
        <time>2026-08-23T06:16:38.000Z</time>
        <extensions>
          <ns3:TrackPointExtension>
            <ns3:cad>0</ns3:cad>
          </ns3:TrackPointExtension>
        </extensions>
      </trkpt>
      <trkpt lat="69.0357073210179805755615234375" lon="20.52838870324194431304931640625">
        <ele>716.20001220703125</ele>
        <time>2026-08-23T06:16:39.000Z</time>
        <extensions>
          <ns3:TrackPointExtension>
            <ns3:cad>0</ns3:cad>
          </ns3:TrackPointExtension>
        </extensions>
      </trkpt>
      <trkpt lat="69.035744369029998779296875" lon="20.52846615202724933624267578125">
        <ele>716.20001220703125</ele>
        <time>2026-08-23T06:16:46.000Z</time>
        <extensions>
          <ns3:TrackPointExtension>
            <ns3:cad>0</ns3:cad>
          </ns3:TrackPointExtension>
        </extensions>
      </trkpt>
      <trkpt lat="69.03576272539794445037841796875" lon="20.52850269712507724761962890625">
        <ele>716</ele>
        <time>2026-08-23T06:16:49.000Z</time>
        <extensions>
          <ns3:TrackPointExtension>
            <ns3:cad>0</ns3:cad>
          </ns3:TrackPointExtension>
        </extensions>
      </trkpt>
      <trkpt lat="69.03577764518558979034423828125" lon="20.52852809429168701171875">
        <ele>716</ele>
        <time>2026-08-23T06:16:51.000Z</time>
        <extensions>
          <ns3:TrackPointExtension>
            <ns3:cad>54</ns3:cad>
          </ns3:TrackPointExtension>
        </extensions>
      </trkpt>
      <trkpt lat="69.0358508192002773284912109375" lon="20.52859984338283538818359375">
        <ele>715.4000244140625</ele>
        <time>2026-08-23T06:17:00.000Z</time>
        <extensions>
          <ns3:TrackPointExtension>
            <ns3:cad>43</ns3:cad>
          </ns3:TrackPointExtension>
        </extensions>
      </trkpt>
      <trkpt lat="69.03590287081897258758544921875" lon="20.52856170572340488433837890625">
        <ele>715.4000244140625</ele>
        <time>2026-08-23T06:17:06.000Z</time>
        <extensions>
          <ns3:TrackPointExtension>
            <ns3:cad>0</ns3:cad>
          </ns3:TrackPointExtension>
        </extensions>
      </trkpt>
      <trkpt lat="69.03597059659659862518310546875" lon="20.52856489084661006927490234375">
        <ele>715.4000244140625</ele>
        <time>2026-08-23T06:17:15.000Z</time>
        <extensions>
          <ns3:TrackPointExtension>
            <ns3:cad>0</ns3:cad>
          </ns3:TrackPointExtension>
        </extensions>
      </trkpt>
      <trkpt lat="69.0360097400844097137451171875" lon="20.52865541540086269378662109375">
        <ele>714.79998779296875</ele>
        <time>2026-08-23T06:17:22.000Z</time>
        <extensions>
          <ns3:TrackPointExtension>
            <ns3:cad>0</ns3:cad>
          </ns3:TrackPointExtension>
        </extensions>
      </trkpt>
      <trkpt lat="69.03602658770978450775146484375" lon="20.5287193693220615386962890625">
        <ele>714.20001220703125</ele>
        <time>2026-08-23T06:17:27.000Z</time>
        <extensions>
          <ns3:TrackPointExtension>
            <ns3:cad>0</ns3:cad>
          </ns3:TrackPointExtension>
        </extensions>
      </trkpt>
      <trkpt lat="69.03603832237422466278076171875" lon="20.52874694578349590301513671875">
        <ele>713.79998779296875</ele>
        <time>2026-08-23T06:17:30.000Z</time>
        <extensions>
          <ns3:TrackPointExtension>
            <ns3:cad>0</ns3:cad>
          </ns3:TrackPointExtension>
        </extensions>
      </trkpt>
      <trkpt lat="69.03606715612113475799560546875" lon="20.52876890636980533599853515625">
        <ele>713.20001220703125</ele>
        <time>2026-08-23T06:17:34.000Z</time>
        <extensions>
          <ns3:TrackPointExtension>
            <ns3:cad>0</ns3:cad>
          </ns3:TrackPointExtension>
        </extensions>
      </trkpt>
      <trkpt lat="69.03611711226403713226318359375" lon="20.528812743723392486572265625">
        <ele>713</ele>
        <time>2026-08-23T06:17:41.000Z</time>
        <extensions>
          <ns3:TrackPointExtension>
            <ns3:cad>40</ns3:cad>
          </ns3:TrackPointExtension>
        </extensions>
      </trkpt>
      <trkpt lat="69.03615550138056278228759765625" lon="20.5288615263998508453369140625">
        <ele>712.79998779296875</ele>
        <time>2026-08-23T06:17:46.000Z</time>
        <extensions>
          <ns3:TrackPointExtension>
            <ns3:cad>0</ns3:cad>
          </ns3:TrackPointExtension>
        </extensions>
      </trkpt>
      <trkpt lat="69.036159776151180267333984375" lon="20.52886764518916606903076171875">
        <ele>712.79998779296875</ele>
        <time>2026-08-23T06:17:47.000Z</time>
        <extensions>
          <ns3:TrackPointExtension>
            <ns3:cad>0</ns3:cad>
          </ns3:TrackPointExtension>
        </extensions>
      </trkpt>
      <trkpt lat="69.0361659787595272064208984375" lon="20.528860352933406829833984375">
        <ele>713</ele>
        <time>2026-08-23T06:17:57.000Z</time>
        <extensions>
          <ns3:TrackPointExtension>
            <ns3:cad>0</ns3:cad>
          </ns3:TrackPointExtension>
        </extensions>
      </trkpt>
      <trkpt lat="69.0361730195581912994384765625" lon="20.5288759432733058929443359375">
        <ele>712.79998779296875</ele>
        <time>2026-08-23T06:18:04.000Z</time>
        <extensions>
          <ns3:TrackPointExtension>
            <ns3:cad>0</ns3:cad>
          </ns3:TrackPointExtension>
        </extensions>
      </trkpt>
      <trkpt lat="69.03619439341127872467041015625" lon="20.52890419028699398040771484375">
        <ele>712.4000244140625</ele>
        <time>2026-08-23T06:18:11.000Z</time>
        <extensions>
          <ns3:TrackPointExtension>
            <ns3:cad>0</ns3:cad>
          </ns3:TrackPointExtension>
        </extensions>
      </trkpt>
      <trkpt lat="69.03622423298656940460205078125" lon="20.52891768515110015869140625">
        <ele>711.5999755859375</ele>
        <time>2026-08-23T06:18:16.000Z</time>
        <extensions>
          <ns3:TrackPointExtension>
            <ns3:cad>0</ns3:cad>
          </ns3:TrackPointExtension>
        </extensions>
      </trkpt>
      <trkpt lat="69.03623060323297977447509765625" lon="20.528913326561450958251953125">
        <ele>711.5999755859375</ele>
        <time>2026-08-23T06:18:17.000Z</time>
        <extensions>
          <ns3:TrackPointExtension>
            <ns3:cad>0</ns3:cad>
          </ns3:TrackPointExtension>
        </extensions>
      </trkpt>
      <trkpt lat="69.0362580120563507080078125" lon="20.5289346165955066680908203125">
        <ele>711</ele>
        <time>2026-08-23T06:18:23.000Z</time>
        <extensions>
          <ns3:TrackPointExtension>
            <ns3:cad>0</ns3:cad>
          </ns3:TrackPointExtension>
        </extensions>
      </trkpt>
      <trkpt lat="69.0362605266273021697998046875" lon="20.52896085195243358612060546875">
        <ele>710.5999755859375</ele>
        <time>2026-08-23T06:18:27.000Z</time>
        <extensions>
          <ns3:TrackPointExtension>
            <ns3:cad>0</ns3:cad>
          </ns3:TrackPointExtension>
        </extensions>
      </trkpt>
      <trkpt lat="69.036267735064029693603515625" lon="20.52897945977747440338134765625">
        <ele>710.4000244140625</ele>
        <time>2026-08-23T06:18:29.000Z</time>
        <extensions>
          <ns3:TrackPointExtension>
            <ns3:cad>0</ns3:cad>
          </ns3:TrackPointExtension>
        </extensions>
      </trkpt>
      <trkpt lat="69.0362829901278018951416015625" lon="20.52902924828231334686279296875">
        <ele>709.5999755859375</ele>
        <time>2026-08-23T06:18:36.000Z</time>
        <extensions>
          <ns3:TrackPointExtension>
            <ns3:cad>0</ns3:cad>
          </ns3:TrackPointExtension>
        </extensions>
      </trkpt>
      <trkpt lat="69.03628391213715076446533203125" lon="20.52903327159583568572998046875">
        <ele>709.4000244140625</ele>
        <time>2026-08-23T06:18:37.000Z</time>
        <extensions>
          <ns3:TrackPointExtension>
            <ns3:cad>0</ns3:cad>
          </ns3:TrackPointExtension>
        </extensions>
      </trkpt>
      <trkpt lat="69.03632800094783306121826171875" lon="20.52904307842254638671875">
        <ele>708.4000244140625</ele>
        <time>2026-08-23T06:18:44.000Z</time>
        <extensions>
          <ns3:TrackPointExtension>
            <ns3:cad>0</ns3:cad>
          </ns3:TrackPointExtension>
        </extensions>
      </trkpt>
      <trkpt lat="69.03633512556552886962890625" lon="20.5290556512773036956787109375">
        <ele>708.4000244140625</ele>
        <time>2026-08-23T06:18:45.000Z</time>
        <extensions>
          <ns3:TrackPointExtension>
            <ns3:cad>0</ns3:cad>
          </ns3:TrackPointExtension>
        </extensions>
      </trkpt>
      <trkpt lat="69.036372005939483642578125" lon="20.5291612632572650909423828125">
        <ele>707.4000244140625</ele>
        <time>2026-08-23T06:18:52.000Z</time>
        <extensions>
          <ns3:TrackPointExtension>
            <ns3:cad>0</ns3:cad>
          </ns3:TrackPointExtension>
        </extensions>
      </trkpt>
      <trkpt lat="69.03637267649173736572265625" lon="20.52917794324457645416259765625">
        <ele>707.20001220703125</ele>
        <time>2026-08-23T06:18:53.000Z</time>
        <extensions>
          <ns3:TrackPointExtension>
            <ns3:cad>0</ns3:cad>
          </ns3:TrackPointExtension>
        </extensions>
      </trkpt>
      <trkpt lat="69.03638700954616069793701171875" lon="20.5292410589754581451416015625">
        <ele>706.79998779296875</ele>
        <time>2026-08-23T06:18:59.000Z</time>
        <extensions>
          <ns3:TrackPointExtension>
            <ns3:cad>47</ns3:cad>
          </ns3:TrackPointExtension>
        </extensions>
      </trkpt>
      <trkpt lat="69.03642305172979831695556640625" lon="20.52928959019482135772705078125">
        <ele>706.20001220703125</ele>
        <time>2026-08-23T06:19:05.000Z</time>
        <extensions>
          <ns3:TrackPointExtension>
            <ns3:cad>46</ns3:cad>
          </ns3:TrackPointExtension>
        </extensions>
      </trkpt>
      <trkpt lat="69.03643612749874591827392578125" lon="20.52930249832570552825927734375">
        <ele>706</ele>
        <time>2026-08-23T06:19:07.000Z</time>
        <extensions>
          <ns3:TrackPointExtension>
            <ns3:cad>43</ns3:cad>
          </ns3:TrackPointExtension>
        </extensions>
      </trkpt>
      <trkpt lat="69.03645104728639125823974609375" lon="20.52938648499548435211181640625">
        <ele>705.20001220703125</ele>
        <time>2026-08-23T06:19:12.000Z</time>
        <extensions>
          <ns3:TrackPointExtension>
            <ns3:cad>0</ns3:cad>
          </ns3:TrackPointExtension>
        </extensions>
      </trkpt>
      <trkpt lat="69.03646496124565601348876953125" lon="20.52946678362786769866943359375">
        <ele>704.20001220703125</ele>
        <time>2026-08-23T06:19:18.000Z</time>
        <extensions>
          <ns3:TrackPointExtension>
            <ns3:cad>0</ns3:cad>
          </ns3:TrackPointExtension>
        </extensions>
      </trkpt>
      <trkpt lat="69.0364690683782100677490234375" lon="20.52948321215808391571044921875">
        <ele>704.20001220703125</ele>
        <time>2026-08-23T06:19:19.000Z</time>
        <extensions>
          <ns3:TrackPointExtension>
            <ns3:cad>46</ns3:cad>
          </ns3:TrackPointExtension>
        </extensions>
      </trkpt>
      <trkpt lat="69.0364752709865570068359375" lon="20.52953325212001800537109375">
        <ele>703.5999755859375</ele>
        <time>2026-08-23T06:19:23.000Z</time>
        <extensions>
          <ns3:TrackPointExtension>
            <ns3:cad>0</ns3:cad>
          </ns3:TrackPointExtension>
        </extensions>
      </trkpt>
      <trkpt lat="69.03648055158555507659912109375" lon="20.5296024866402149200439453125">
        <ele>703.20001220703125</ele>
        <time>2026-08-23T06:19:29.000Z</time>
        <extensions>
          <ns3:TrackPointExtension>
            <ns3:cad>0</ns3:cad>
          </ns3:TrackPointExtension>
        </extensions>
      </trkpt>
      <trkpt lat="69.03648993931710720062255859375" lon="20.5296608246862888336181640625">
        <ele>703</ele>
        <time>2026-08-23T06:19:33.000Z</time>
        <extensions>
          <ns3:TrackPointExtension>
            <ns3:cad>0</ns3:cad>
          </ns3:TrackPointExtension>
        </extensions>
      </trkpt>
      <trkpt lat="69.03648926876485347747802734375" lon="20.52967783994972705841064453125">
        <ele>702.79998779296875</ele>
        <time>2026-08-23T06:19:34.000Z</time>
        <extensions>
          <ns3:TrackPointExtension>
            <ns3:cad>0</ns3:cad>
          </ns3:TrackPointExtension>
        </extensions>
      </trkpt>
      <trkpt lat="69.03649806976318359375" lon="20.52974171005189418792724609375">
        <ele>702</ele>
        <time>2026-08-23T06:19:40.000Z</time>
        <extensions>
          <ns3:TrackPointExtension>
            <ns3:cad>41</ns3:cad>
          </ns3:TrackPointExtension>
        </extensions>
      </trkpt>
      <trkpt lat="69.0365020930767059326171875" lon="20.5297525227069854736328125">
        <ele>702</ele>
        <time>2026-08-23T06:19:41.000Z</time>
        <extensions>
          <ns3:TrackPointExtension>
            <ns3:cad>0</ns3:cad>
          </ns3:TrackPointExtension>
        </extensions>
      </trkpt>
      <trkpt lat="69.03652933426201343536376953125" lon="20.529872886836528778076171875">
        <ele>701.20001220703125</ele>
        <time>2026-08-23T06:19:47.000Z</time>
        <extensions>
          <ns3:TrackPointExtension>
            <ns3:cad>0</ns3:cad>
          </ns3:TrackPointExtension>
        </extensions>
      </trkpt>
      <trkpt lat="69.036541990935802459716796875" lon="20.52993013523519039154052734375">
        <ele>700.79998779296875</ele>
        <time>2026-08-23T06:19:50.000Z</time>
        <extensions>
          <ns3:TrackPointExtension>
            <ns3:cad>0</ns3:cad>
          </ns3:TrackPointExtension>
        </extensions>
      </trkpt>
      <trkpt lat="69.03655531816184520721435546875" lon="20.52999031729996204376220703125">
        <ele>700.5999755859375</ele>
        <time>2026-08-23T06:19:53.000Z</time>
        <extensions>
          <ns3:TrackPointExtension>
            <ns3:cad>0</ns3:cad>
          </ns3:TrackPointExtension>
        </extensions>
      </trkpt>
      <trkpt lat="69.03657384216785430908203125" lon="20.53013943135738372802734375">
        <ele>700.5999755859375</ele>
        <time>2026-08-23T06:19:59.000Z</time>
        <extensions>
          <ns3:TrackPointExtension>
            <ns3:cad>0</ns3:cad>
          </ns3:TrackPointExtension>
        </extensions>
      </trkpt>
      <trkpt lat="69.03658431954681873321533203125" lon="20.530257113277912139892578125">
        <ele>700.79998779296875</ele>
        <time>2026-08-23T06:20:05.000Z</time>
        <extensions>
          <ns3:TrackPointExtension>
            <ns3:cad>0</ns3:cad>
          </ns3:TrackPointExtension>
        </extensions>
      </trkpt>
      <trkpt lat="69.03658767230808734893798828125" lon="20.53032190538942813873291015625">
        <ele>700.4000244140625</ele>
        <time>2026-08-23T06:20:10.000Z</time>
        <extensions>
          <ns3:TrackPointExtension>
            <ns3:cad>0</ns3:cad>
          </ns3:TrackPointExtension>
        </extensions>
      </trkpt>
      <trkpt lat="69.03660544194281101226806640625" lon="20.5303605459630489349365234375">
        <ele>699.79998779296875</ele>
        <time>2026-08-23T06:20:14.000Z</time>
        <extensions>
          <ns3:TrackPointExtension>
            <ns3:cad>0</ns3:cad>
          </ns3:TrackPointExtension>
        </extensions>
      </trkpt>
      <trkpt lat="69.03661541640758514404296875" lon="20.5303913913667201995849609375">
        <ele>699.4000244140625</ele>
        <time>2026-08-23T06:20:16.000Z</time>
        <extensions>
          <ns3:TrackPointExtension>
            <ns3:cad>0</ns3:cad>
          </ns3:TrackPointExtension>
        </extensions>
      </trkpt>
      <trkpt lat="69.0366226248443126678466796875" lon="20.53048065863549709320068359375">
        <ele>698.5999755859375</ele>
        <time>2026-08-23T06:20:21.000Z</time>
        <extensions>
          <ns3:TrackPointExtension>
            <ns3:cad>45</ns3:cad>
          </ns3:TrackPointExtension>
        </extensions>
      </trkpt>
      <trkpt lat="69.03662136755883693695068359375" lon="20.53049926646053791046142578125">
        <ele>698.5999755859375</ele>
        <time>2026-08-23T06:20:22.000Z</time>
        <extensions>
          <ns3:TrackPointExtension>
            <ns3:cad>45</ns3:cad>
          </ns3:TrackPointExtension>
        </extensions>
      </trkpt>
      <trkpt lat="69.0366201102733612060546875" lon="20.53050823509693145751953125">
        <ele>699</ele>
        <time>2026-08-23T06:20:26.000Z</time>
        <extensions>
          <ns3:TrackPointExtension>
            <ns3:cad>0</ns3:cad>
          </ns3:TrackPointExtension>
        </extensions>
      </trkpt>
      <trkpt lat="69.0366199426352977752685546875" lon="20.530502535402774810791015625">
        <ele>699</ele>
        <time>2026-08-23T06:20:27.000Z</time>
        <extensions>
          <ns3:TrackPointExtension>
            <ns3:cad>0</ns3:cad>
          </ns3:TrackPointExtension>
        </extensions>
      </trkpt>
      <trkpt lat="69.03661482967436313629150390625" lon="20.530507899820804595947265625">
        <ele>699.20001220703125</ele>
        <time>2026-08-23T06:20:34.000Z</time>
        <extensions>
          <ns3:TrackPointExtension>
            <ns3:cad>0</ns3:cad>
          </ns3:TrackPointExtension>
        </extensions>
      </trkpt>
      <trkpt lat="69.03661885298788547515869140625" lon="20.53050379268825054168701171875">
        <ele>699</ele>
        <time>2026-08-23T06:20:42.000Z</time>
        <extensions>
          <ns3:TrackPointExtension>
            <ns3:cad>0</ns3:cad>
          </ns3:TrackPointExtension>
        </extensions>
      </trkpt>
      <trkpt lat="69.036622457206249237060546875" lon="20.5305540002882480621337890625">
        <ele>699.20001220703125</ele>
        <time>2026-08-23T06:20:48.000Z</time>
        <extensions>
          <ns3:TrackPointExtension>
            <ns3:cad>0</ns3:cad>
          </ns3:TrackPointExtension>
        </extensions>
      </trkpt>
      <trkpt lat="69.0366289950907230377197265625" lon="20.53069070912897586822509765625">
        <ele>699</ele>
        <time>2026-08-23T06:20:54.000Z</time>
        <extensions>
          <ns3:TrackPointExtension>
            <ns3:cad>0</ns3:cad>
          </ns3:TrackPointExtension>
        </extensions>
      </trkpt>
      <trkpt lat="69.036641232669353485107421875" lon="20.53083454258739948272705078125">
        <ele>697.79998779296875</ele>
        <time>2026-08-23T06:21:03.000Z</time>
        <extensions>
          <ns3:TrackPointExtension>
            <ns3:cad>0</ns3:cad>
          </ns3:TrackPointExtension>
        </extensions>
      </trkpt>
      <trkpt lat="69.0366430766880512237548828125" lon="20.53088776767253875732421875">
        <ele>697.5999755859375</ele>
        <time>2026-08-23T06:21:05.000Z</time>
        <extensions>
          <ns3:TrackPointExtension>
            <ns3:cad>0</ns3:cad>
          </ns3:TrackPointExtension>
        </extensions>
      </trkpt>
      <trkpt lat="69.0366648696362972259521484375" lon="20.531005449593067169189453125">
        <ele>697.4000244140625</ele>
        <time>2026-08-23T06:21:10.000Z</time>
        <extensions>
          <ns3:TrackPointExtension>
            <ns3:cad>0</ns3:cad>
          </ns3:TrackPointExtension>
        </extensions>
      </trkpt>
      <trkpt lat="69.0366994030773639678955078125" lon="20.531146265566349029541015625">
        <ele>697</ele>
        <time>2026-08-23T06:21:17.000Z</time>
        <extensions>
          <ns3:TrackPointExtension>
            <ns3:cad>43</ns3:cad>
          </ns3:TrackPointExtension>
        </extensions>
      </trkpt>
      <trkpt lat="69.0367081202566623687744140625" lon="20.5311933718621730804443359375">
        <ele>696.5999755859375</ele>
        <time>2026-08-23T06:21:20.000Z</time>
        <extensions>
          <ns3:TrackPointExtension>
            <ns3:cad>45</ns3:cad>
          </ns3:TrackPointExtension>
        </extensions>
      </trkpt>
      <trkpt lat="69.0367121435701847076416015625" lon="20.5312733352184295654296875">
        <ele>696.20001220703125</ele>
        <time>2026-08-23T06:21:24.000Z</time>
        <extensions>
          <ns3:TrackPointExtension>
            <ns3:cad>50</ns3:cad>
          </ns3:TrackPointExtension>
        </extensions>
      </trkpt>
      <trkpt lat="69.03673402033746242523193359375" lon="20.53141792304813861846923828125">
        <ele>695.79998779296875</ele>
        <time>2026-08-23T06:21:31.000Z</time>
        <extensions>
          <ns3:TrackPointExtension>
            <ns3:cad>0</ns3:cad>
          </ns3:TrackPointExtension>
        </extensions>
      </trkpt>
      <trkpt lat="69.03674340806901454925537109375" lon="20.53148061968386173248291015625">
        <ele>695.5999755859375</ele>
        <time>2026-08-23T06:21:34.000Z</time>
        <extensions>
          <ns3:TrackPointExtension>
            <ns3:cad>0</ns3:cad>
          </ns3:TrackPointExtension>
        </extensions>
      </trkpt>
      <trkpt lat="69.03675195761024951934814453125" lon="20.53155236877501010894775390625">
        <ele>695.20001220703125</ele>
        <time>2026-08-23T06:21:37.000Z</time>
        <extensions>
          <ns3:TrackPointExtension>
            <ns3:cad>0</ns3:cad>
          </ns3:TrackPointExtension>
        </extensions>
      </trkpt>
      <trkpt lat="69.0367788635194301605224609375" lon="20.531656555831432342529296875">
        <ele>694.79998779296875</ele>
        <time>2026-08-23T06:21:43.000Z</time>
        <extensions>
          <ns3:TrackPointExtension>
            <ns3:cad>44</ns3:cad>
          </ns3:TrackPointExtension>
        </extensions>
      </trkpt>
      <trkpt lat="69.036784060299396514892578125" lon="20.53169972263276576995849609375">
        <ele>694.4000244140625</ele>
        <time>2026-08-23T06:21:45.000Z</time>
        <extensions>
          <ns3:TrackPointExtension>
            <ns3:cad>0</ns3:cad>
          </ns3:TrackPointExtension>
        </extensions>
      </trkpt>
      <trkpt lat="69.036796800792217254638671875" lon="20.531805418431758880615234375">
        <ele>694</ele>
        <time>2026-08-23T06:21:50.000Z</time>
        <extensions>
          <ns3:TrackPointExtension>
            <ns3:cad>0</ns3:cad>
          </ns3:TrackPointExtension>
        </extensions>
      </trkpt>
      <trkpt lat="69.03681524097919464111328125" lon="20.531899295747280120849609375">
        <ele>693.4000244140625</ele>
        <time>2026-08-23T06:21:55.000Z</time>
        <extensions>
          <ns3:TrackPointExtension>
            <ns3:cad>0</ns3:cad>
          </ns3:TrackPointExtension>
        </extensions>
      </trkpt>
      <trkpt lat="69.03681968338787555694580078125" lon="20.53194447420537471771240234375">
        <ele>693.4000244140625</ele>
        <time>2026-08-23T06:21:57.000Z</time>
        <extensions>
          <ns3:TrackPointExtension>
            <ns3:cad>0</ns3:cad>
          </ns3:TrackPointExtension>
        </extensions>
      </trkpt>
      <trkpt lat="69.0368288196623325347900390625" lon="20.5320033989846706390380859375">
        <ele>693</ele>
        <time>2026-08-23T06:22:01.000Z</time>
        <extensions>
          <ns3:TrackPointExtension>
            <ns3:cad>0</ns3:cad>
          </ns3:TrackPointExtension>
        </extensions>
      </trkpt>
      <trkpt lat="69.0368335135281085968017578125" lon="20.53201161324977874755859375">
        <ele>692.79998779296875</ele>
        <time>2026-08-23T06:22:02.000Z</time>
        <extensions>
          <ns3:TrackPointExtension>
            <ns3:cad>0</ns3:cad>
          </ns3:TrackPointExtension>
        </extensions>
      </trkpt>
      <trkpt lat="69.0368462540209293365478515625" lon="20.53206014446914196014404296875">
        <ele>692.4000244140625</ele>
        <time>2026-08-23T06:22:05.000Z</time>
        <extensions>
          <ns3:TrackPointExtension>
            <ns3:cad>0</ns3:cad>
          </ns3:TrackPointExtension>
        </extensions>
      </trkpt>
      <trkpt lat="69.0368561446666717529296875" lon="20.53213139064610004425048828125">
        <ele>692</ele>
        <time>2026-08-23T06:22:08.000Z</time>
        <extensions>
          <ns3:TrackPointExtension>
            <ns3:cad>43</ns3:cad>
          </ns3:TrackPointExtension>
        </extensions>
      </trkpt>
      <trkpt lat="69.03685824014246463775634765625" lon="20.53223918192088603973388671875">
        <ele>691.79998779296875</ele>
        <time>2026-08-23T06:22:13.000Z</time>
        <extensions>
          <ns3:TrackPointExtension>
            <ns3:cad>44</ns3:cad>
          </ns3:TrackPointExtension>
        </extensions>
      </trkpt>
      <trkpt lat="69.03685388155281543731689453125" lon="20.5323671735823154449462890625">
        <ele>691.4000244140625</ele>
        <time>2026-08-23T06:22:18.000Z</time>
        <extensions>
          <ns3:TrackPointExtension>
            <ns3:cad>42</ns3:cad>
          </ns3:TrackPointExtension>
        </extensions>
      </trkpt>
      <trkpt lat="69.03685555793344974517822265625" lon="20.53238603286445140838623046875">
        <ele>691.20001220703125</ele>
        <time>2026-08-23T06:22:19.000Z</time>
        <extensions>
          <ns3:TrackPointExtension>
            <ns3:cad>0</ns3:cad>
          </ns3:TrackPointExtension>
        </extensions>
      </trkpt>
      <trkpt lat="69.03686628676950931549072265625" lon="20.5324727855622768402099609375">
        <ele>690.79998779296875</ele>
        <time>2026-08-23T06:22:24.000Z</time>
        <extensions>
          <ns3:TrackPointExtension>
            <ns3:cad>0</ns3:cad>
          </ns3:TrackPointExtension>
        </extensions>
      </trkpt>
      <trkpt lat="69.03688238002359867095947265625" lon="20.53256909362971782684326171875">
        <ele>690.5999755859375</ele>
        <time>2026-08-23T06:22:31.000Z</time>
        <extensions>
          <ns3:TrackPointExtension>
            <ns3:cad>0</ns3:cad>
          </ns3:TrackPointExtension>
        </extensions>
      </trkpt>
      <trkpt lat="69.03689126484096050262451171875" lon="20.53263899870216846466064453125">
        <ele>690.20001220703125</ele>
        <time>2026-08-23T06:22:36.000Z</time>
        <extensions>
          <ns3:TrackPointExtension>
            <ns3:cad>0</ns3:cad>
          </ns3:TrackPointExtension>
        </extensions>
      </trkpt>
      <trkpt lat="69.03689679689705371856689453125" lon="20.5326545052230358123779296875">
        <ele>690.20001220703125</ele>
        <time>2026-08-23T06:22:38.000Z</time>
        <extensions>
          <ns3:TrackPointExtension>
            <ns3:cad>0</ns3:cad>
          </ns3:TrackPointExtension>
        </extensions>
      </trkpt>
      <trkpt lat="69.03692848049104213714599609375" lon="20.53274695761501789093017578125">
        <ele>689.4000244140625</ele>
        <time>2026-08-23T06:22:44.000Z</time>
        <extensions>
          <ns3:TrackPointExtension>
            <ns3:cad>0</ns3:cad>
          </ns3:TrackPointExtension>
        </extensions>
      </trkpt>
      <trkpt lat="69.0369307436048984527587890625" lon="20.5327631346881389617919921875">
        <ele>689.20001220703125</ele>
        <time>2026-08-23T06:22:45.000Z</time>
        <extensions>
          <ns3:TrackPointExtension>
            <ns3:cad>0</ns3:cad>
          </ns3:TrackPointExtension>
        </extensions>
      </trkpt>
      <trkpt lat="69.0369511954486370086669921875" lon="20.53288190625607967376708984375">
        <ele>688.5999755859375</ele>
        <time>2026-08-23T06:22:52.000Z</time>
        <extensions>
          <ns3:TrackPointExtension>
            <ns3:cad>0</ns3:cad>
          </ns3:TrackPointExtension>
        </extensions>
      </trkpt>
      <trkpt lat="69.0369806997478008270263671875" lon="20.5329482071101665496826171875">
        <ele>688.20001220703125</ele>
        <time>2026-08-23T06:22:58.000Z</time>
        <extensions>
          <ns3:TrackPointExtension>
            <ns3:cad>0</ns3:cad>
          </ns3:TrackPointExtension>
        </extensions>
      </trkpt>
      <trkpt lat="69.03699654154479503631591796875" lon="20.5330548249185085296630859375">
        <ele>687.79998779296875</ele>
        <time>2026-08-23T06:23:04.000Z</time>
        <extensions>
          <ns3:TrackPointExtension>
            <ns3:cad>0</ns3:cad>
          </ns3:TrackPointExtension>
        </extensions>
      </trkpt>
      <trkpt lat="69.0370179153978824615478515625" lon="20.53311743773519992828369140625">
        <ele>687.20001220703125</ele>
        <time>2026-08-23T06:23:09.000Z</time>
        <extensions>
          <ns3:TrackPointExtension>
            <ns3:cad>40</ns3:cad>
          </ns3:TrackPointExtension>
        </extensions>
      </trkpt>
      <trkpt lat="69.03702336363494396209716796875" lon="20.53313369862735271453857421875">
        <ele>687</ele>
        <time>2026-08-23T06:23:10.000Z</time>
        <extensions>
          <ns3:TrackPointExtension>
            <ns3:cad>0</ns3:cad>
          </ns3:TrackPointExtension>
        </extensions>
      </trkpt>
      <trkpt lat="69.03706175275146961212158203125" lon="20.53323830477893352508544921875">
        <ele>686.4000244140625</ele>
        <time>2026-08-23T06:23:17.000Z</time>
        <extensions>
          <ns3:TrackPointExtension>
            <ns3:cad>0</ns3:cad>
          </ns3:TrackPointExtension>
        </extensions>
      </trkpt>
      <trkpt lat="69.0370822884142398834228515625" lon="20.533320195972919464111328125">
        <ele>686</ele>
        <time>2026-08-23T06:23:21.000Z</time>
        <extensions>
          <ns3:TrackPointExtension>
            <ns3:cad>44</ns3:cad>
          </ns3:TrackPointExtension>
        </extensions>
      </trkpt>
      <trkpt lat="69.03708639554679393768310546875" lon="20.53333553485572338104248046875">
        <ele>685.79998779296875</ele>
        <time>2026-08-23T06:23:22.000Z</time>
        <extensions>
          <ns3:TrackPointExtension>
            <ns3:cad>44</ns3:cad>
          </ns3:TrackPointExtension>
        </extensions>
      </trkpt>
      <trkpt lat="69.03712327592074871063232421875" lon="20.53344869054853916168212890625">
        <ele>685</ele>
        <time>2026-08-23T06:23:29.000Z</time>
        <extensions>
          <ns3:TrackPointExtension>
            <ns3:cad>43</ns3:cad>
          </ns3:TrackPointExtension>
        </extensions>
      </trkpt>
      <trkpt lat="69.03715747408568859100341796875" lon="20.5335879139602184295654296875">
        <ele>684.20001220703125</ele>
        <time>2026-08-23T06:23:36.000Z</time>
        <extensions>
          <ns3:TrackPointExtension>
            <ns3:cad>0</ns3:cad>
          </ns3:TrackPointExtension>
        </extensions>
      </trkpt>
      <trkpt lat="69.03716317377984523773193359375" lon="20.533629320561885833740234375">
        <ele>684</ele>
        <time>2026-08-23T06:23:38.000Z</time>
        <extensions>
          <ns3:TrackPointExtension>
            <ns3:cad>0</ns3:cad>
          </ns3:TrackPointExtension>
        </extensions>
      </trkpt>
      <trkpt lat="69.037172980606555938720703125" lon="20.53369528613984584808349609375">
        <ele>683.4000244140625</ele>
        <time>2026-08-23T06:23:42.000Z</time>
        <extensions>
          <ns3:TrackPointExtension>
            <ns3:cad>0</ns3:cad>
          </ns3:TrackPointExtension>
        </extensions>
      </trkpt>
      <trkpt lat="69.0371842123568058013916015625" lon="20.53376904688775539398193359375">
        <ele>682.79998779296875</ele>
        <time>2026-08-23T06:23:47.000Z</time>
        <extensions>
          <ns3:TrackPointExtension>
            <ns3:cad>0</ns3:cad>
          </ns3:TrackPointExtension>
        </extensions>
      </trkpt>
      <trkpt lat="69.03718697838485240936279296875" lon="20.5338068492710590362548828125">
        <ele>682.79998779296875</ele>
        <time>2026-08-23T06:23:49.000Z</time>
        <extensions>
          <ns3:TrackPointExtension>
            <ns3:cad>0</ns3:cad>
          </ns3:TrackPointExtension>
        </extensions>
      </trkpt>
      <trkpt lat="69.03722251765429973602294921875" lon="20.5339300632476806640625">
        <ele>682</ele>
        <time>2026-08-23T06:23:57.000Z</time>
        <extensions>
          <ns3:TrackPointExtension>
            <ns3:cad>48</ns3:cad>
          </ns3:TrackPointExtension>
        </extensions>
      </trkpt>
      <trkpt lat="69.037243388593196868896484375" lon="20.53398060612380504608154296875">
        <ele>681.79998779296875</ele>
        <time>2026-08-23T06:24:01.000Z</time>
        <extensions>
          <ns3:TrackPointExtension>
            <ns3:cad>0</ns3:cad>
          </ns3:TrackPointExtension>
        </extensions>
      </trkpt>
      <trkpt lat="69.0372492559254169464111328125" lon="20.53401178680360317230224609375">
        <ele>681.5999755859375</ele>
        <time>2026-08-23T06:24:03.000Z</time>
        <extensions>
          <ns3:TrackPointExtension>
            <ns3:cad>0</ns3:cad>
          </ns3:TrackPointExtension>
        </extensions>
      </trkpt>
      <trkpt lat="69.037259481847286224365234375" lon="20.53413282148540019989013671875">
        <ele>680.79998779296875</ele>
        <time>2026-08-23T06:24:09.000Z</time>
        <extensions>
          <ns3:TrackPointExtension>
            <ns3:cad>0</ns3:cad>
          </ns3:TrackPointExtension>
        </extensions>
      </trkpt>
      <trkpt lat="69.03726761229336261749267578125" lon="20.5341786704957485198974609375">
        <ele>680.4000244140625</ele>
        <time>2026-08-23T06:24:11.000Z</time>
        <extensions>
          <ns3:TrackPointExtension>
            <ns3:cad>0</ns3:cad>
          </ns3:TrackPointExtension>
        </extensions>
      </trkpt>
      <trkpt lat="69.0372841246426105499267578125" lon="20.53429375402629375457763671875">
        <ele>679.5999755859375</ele>
        <time>2026-08-23T06:24:16.000Z</time>
        <extensions>
          <ns3:TrackPointExtension>
            <ns3:cad>44</ns3:cad>
          </ns3:TrackPointExtension>
        </extensions>
      </trkpt>
      <trkpt lat="69.0372995473444461822509765625" lon="20.53435125388205051422119140625">
        <ele>679.4000244140625</ele>
        <time>2026-08-23T06:24:19.000Z</time>
        <extensions>
          <ns3:TrackPointExtension>
            <ns3:cad>0</ns3:cad>
          </ns3:TrackPointExtension>
        </extensions>
      </trkpt>
      <trkpt lat="69.037308432161808013916015625" lon="20.53444161079823970794677734375">
        <ele>678.79998779296875</ele>
        <time>2026-08-23T06:24:25.000Z</time>
        <extensions>
          <ns3:TrackPointExtension>
            <ns3:cad>0</ns3:cad>
          </ns3:TrackPointExtension>
        </extensions>
      </trkpt>
      <trkpt lat="69.03731010854244232177734375" lon="20.53444915451109409332275390625">
        <ele>678.5999755859375</ele>
        <time>2026-08-23T06:24:26.000Z</time>
        <extensions>
          <ns3:TrackPointExtension>
            <ns3:cad>0</ns3:cad>
          </ns3:TrackPointExtension>
        </extensions>
      </trkpt>
      <trkpt lat="69.0373240225017070770263671875" lon="20.534488297998905181884765625">
        <ele>678.20001220703125</ele>
        <time>2026-08-23T06:24:31.000Z</time>
        <extensions>
          <ns3:TrackPointExtension>
            <ns3:cad>0</ns3:cad>
          </ns3:TrackPointExtension>
        </extensions>
      </trkpt>
      <trkpt lat="69.0373387746512889862060546875" lon="20.5345682613551616668701171875">
        <ele>678</ele>
        <time>2026-08-23T06:24:38.000Z</time>
        <extensions>
          <ns3:TrackPointExtension>
            <ns3:cad>0</ns3:cad>
          </ns3:TrackPointExtension>
        </extensions>
      </trkpt>
      <trkpt lat="69.03735780157148838043212890625" lon="20.53465501405298709869384765625">
        <ele>677.5999755859375</ele>
        <time>2026-08-23T06:24:44.000Z</time>
        <extensions>
          <ns3:TrackPointExtension>
            <ns3:cad>0</ns3:cad>
          </ns3:TrackPointExtension>
        </extensions>
      </trkpt>
      <trkpt lat="69.03736098669469356536865234375" lon="20.5346708558499813079833984375">
        <ele>677.5999755859375</ele>
        <time>2026-08-23T06:24:45.000Z</time>
        <extensions>
          <ns3:TrackPointExtension>
            <ns3:cad>0</ns3:cad>
          </ns3:TrackPointExtension>
        </extensions>
      </trkpt>
      <trkpt lat="69.03737707994878292083740234375" lon="20.53473548032343387603759765625">
        <ele>677.4000244140625</ele>
        <time>2026-08-23T06:24:50.000Z</time>
        <extensions>
          <ns3:TrackPointExtension>
            <ns3:cad>0</ns3:cad>
          </ns3:TrackPointExtension>
        </extensions>
      </trkpt>
      <trkpt lat="69.0373890660703182220458984375" lon="20.53482583723962306976318359375">
        <ele>677.20001220703125</ele>
        <time>2026-08-23T06:24:54.000Z</time>
        <extensions>
          <ns3:TrackPointExtension>
            <ns3:cad>0</ns3:cad>
          </ns3:TrackPointExtension>
        </extensions>
      </trkpt>
      <trkpt lat="69.03740775771439075469970703125" lon="20.534967742860317230224609375">
        <ele>677</ele>
        <time>2026-08-23T06:25:01.000Z</time>
        <extensions>
          <ns3:TrackPointExtension>
            <ns3:cad>0</ns3:cad>
          </ns3:TrackPointExtension>
        </extensions>
      </trkpt>
      <trkpt lat="69.037420414388179779052734375" lon="20.53502515889704227447509765625">
        <ele>676.5999755859375</ele>
        <time>2026-08-23T06:25:06.000Z</time>
        <extensions>
          <ns3:TrackPointExtension>
            <ns3:cad>0</ns3:cad>
          </ns3:TrackPointExtension>
        </extensions>
      </trkpt>
      <trkpt lat="69.0374205820262432098388671875" lon="20.535043179988861083984375">
        <ele>676.5999755859375</ele>
        <time>2026-08-23T06:25:07.000Z</time>
        <extensions>
          <ns3:TrackPointExtension>
            <ns3:cad>0</ns3:cad>
          </ns3:TrackPointExtension>
        </extensions>
      </trkpt>
      <trkpt lat="69.03742318041622638702392578125" lon="20.53511132486164569854736328125">
        <ele>676.4000244140625</ele>
        <time>2026-08-23T06:25:12.000Z</time>
        <extensions>
          <ns3:TrackPointExtension>
            <ns3:cad>73</ns3:cad>
          </ns3:TrackPointExtension>
        </extensions>
      </trkpt>
      <trkpt lat="69.0374339930713176727294921875" lon="20.5352106504142284393310546875">
        <ele>676.4000244140625</ele>
        <time>2026-08-23T06:25:18.000Z</time>
        <extensions>
          <ns3:TrackPointExtension>
            <ns3:cad>0</ns3:cad>
          </ns3:TrackPointExtension>
        </extensions>
      </trkpt>
      <trkpt lat="69.03744933195412158966064453125" lon="20.5353127419948577880859375">
        <ele>675.5999755859375</ele>
        <time>2026-08-23T06:25:24.000Z</time>
        <extensions>
          <ns3:TrackPointExtension>
            <ns3:cad>0</ns3:cad>
          </ns3:TrackPointExtension>
        </extensions>
      </trkpt>
      <trkpt lat="69.037443883717060089111328125" lon="20.53543939255177974700927734375">
        <ele>675.20001220703125</ele>
        <time>2026-08-23T06:25:31.000Z</time>
        <extensions>
          <ns3:TrackPointExtension>
            <ns3:cad>0</ns3:cad>
          </ns3:TrackPointExtension>
        </extensions>
      </trkpt>
      <trkpt lat="69.037453942000865936279296875" lon="20.5356069467961788177490234375">
        <ele>675</ele>
        <time>2026-08-23T06:25:39.000Z</time>
        <extensions>
          <ns3:TrackPointExtension>
            <ns3:cad>0</ns3:cad>
          </ns3:TrackPointExtension>
        </extensions>
      </trkpt>
      <trkpt lat="69.03747774660587310791015625" lon="20.53571012802422046661376953125">
        <ele>675</ele>
        <time>2026-08-23T06:25:46.000Z</time>
        <extensions>
          <ns3:TrackPointExtension>
            <ns3:cad>0</ns3:cad>
          </ns3:TrackPointExtension>
        </extensions>
      </trkpt>
      <trkpt lat="69.03751102276146411895751953125" lon="20.53580199368298053741455078125">
        <ele>674.79998779296875</ele>
        <time>2026-08-23T06:25:52.000Z</time>
        <extensions>
          <ns3:TrackPointExtension>
            <ns3:cad>0</ns3:cad>
          </ns3:TrackPointExtension>
        </extensions>
      </trkpt>
      <trkpt lat="69.03752778656780719757080078125" lon="20.5358500219881534576416015625">
        <ele>674.5999755859375</ele>
        <time>2026-08-23T06:25:55.000Z</time>
        <extensions>
          <ns3:TrackPointExtension>
            <ns3:cad>50</ns3:cad>
          </ns3:TrackPointExtension>
        </extensions>
      </trkpt>
      <trkpt lat="69.037550501525402069091796875" lon="20.5359001457691192626953125">
        <ele>674.4000244140625</ele>
        <time>2026-08-23T06:25:59.000Z</time>
        <extensions>
          <ns3:TrackPointExtension>
            <ns3:cad>0</ns3:cad>
          </ns3:TrackPointExtension>
        </extensions>
      </trkpt>
      <trkpt lat="69.0375669300556182861328125" lon="20.53589888848364353179931640625">
        <ele>674.20001220703125</ele>
        <time>2026-08-23T06:26:05.000Z</time>
        <extensions>
          <ns3:TrackPointExtension>
            <ns3:cad>0</ns3:cad>
          </ns3:TrackPointExtension>
        </extensions>
      </trkpt>
      <trkpt lat="69.0375922434031963348388671875" lon="20.535850860178470611572265625">
        <ele>673.79998779296875</ele>
        <time>2026-08-23T06:26:13.000Z</time>
        <extensions>
          <ns3:TrackPointExtension>
            <ns3:cad>0</ns3:cad>
          </ns3:TrackPointExtension>
        </extensions>
      </trkpt>
      <trkpt lat="69.0376093424856662750244140625" lon="20.53586770780384540557861328125">
        <ele>673.4000244140625</ele>
        <time>2026-08-23T06:26:16.000Z</time>
        <extensions>
          <ns3:TrackPointExtension>
            <ns3:cad>0</ns3:cad>
          </ns3:TrackPointExtension>
        </extensions>
      </trkpt>
      <trkpt lat="69.03761261142790317535400390625" lon="20.53589536808431148529052734375">
        <ele>673.20001220703125</ele>
        <time>2026-08-23T06:26:18.000Z</time>
        <extensions>
          <ns3:TrackPointExtension>
            <ns3:cad>0</ns3:cad>
          </ns3:TrackPointExtension>
        </extensions>
      </trkpt>
      <trkpt lat="69.0376358292996883392333984375" lon="20.536003746092319488525390625">
        <ele>673</ele>
        <time>2026-08-23T06:26:25.000Z</time>
        <extensions>
          <ns3:TrackPointExtension>
            <ns3:cad>0</ns3:cad>
          </ns3:TrackPointExtension>
        </extensions>
      </trkpt>
      <trkpt lat="69.03765871189534664154052734375" lon="20.536086224019527435302734375">
        <ele>673</ele>
        <time>2026-08-23T06:26:31.000Z</time>
        <extensions>
          <ns3:TrackPointExtension>
            <ns3:cad>0</ns3:cad>
          </ns3:TrackPointExtension>
        </extensions>
      </trkpt>
      <trkpt lat="69.037680588662624359130859375" lon="20.53616174496710300445556640625">
        <ele>672.5999755859375</ele>
        <time>2026-08-23T06:26:37.000Z</time>
        <extensions>
          <ns3:TrackPointExtension>
            <ns3:cad>68</ns3:cad>
          </ns3:TrackPointExtension>
        </extensions>
      </trkpt>
      <trkpt lat="69.03768561780452728271484375" lon="20.53618839941918849945068359375">
        <ele>672.4000244140625</ele>
        <time>2026-08-23T06:26:39.000Z</time>
        <extensions>
          <ns3:TrackPointExtension>
            <ns3:cad>0</ns3:cad>
          </ns3:TrackPointExtension>
        </extensions>
      </trkpt>
      <trkpt lat="69.03770280070602893829345703125" lon="20.5362231843173503875732421875">
        <ele>672.20001220703125</ele>
        <time>2026-08-23T06:26:45.000Z</time>
        <extensions>
          <ns3:TrackPointExtension>
            <ns3:cad>0</ns3:cad>
          </ns3:TrackPointExtension>
        </extensions>
      </trkpt>
      <trkpt lat="69.0377385914325714111328125" lon="20.5363009683787822723388671875">
        <ele>671.79998779296875</ele>
        <time>2026-08-23T06:26:51.000Z</time>
        <extensions>
          <ns3:TrackPointExtension>
            <ns3:cad>0</ns3:cad>
          </ns3:TrackPointExtension>
        </extensions>
      </trkpt>
      <trkpt lat="69.037739597260951995849609375" lon="20.5363683588802814483642578125">
        <ele>671.4000244140625</ele>
        <time>2026-08-23T06:26:55.000Z</time>
        <extensions>
          <ns3:TrackPointExtension>
            <ns3:cad>0</ns3:cad>
          </ns3:TrackPointExtension>
        </extensions>
      </trkpt>
      <trkpt lat="69.03774135746061801910400390625" lon="20.53638671524822711944580078125">
        <ele>671.20001220703125</ele>
        <time>2026-08-23T06:26:56.000Z</time>
        <extensions>
          <ns3:TrackPointExtension>
            <ns3:cad>0</ns3:cad>
          </ns3:TrackPointExtension>
        </extensions>
      </trkpt>
      <trkpt lat="69.037766754627227783203125" lon="20.5364776588976383209228515625">
        <ele>670.4000244140625</ele>
        <time>2026-08-23T06:27:03.000Z</time>
        <extensions>
          <ns3:TrackPointExtension>
            <ns3:cad>0</ns3:cad>
          </ns3:TrackPointExtension>
        </extensions>
      </trkpt>
      <trkpt lat="69.03780765831470489501953125" lon="20.53659324534237384796142578125">
        <ele>669.4000244140625</ele>
        <time>2026-08-23T06:27:10.000Z</time>
        <extensions>
          <ns3:TrackPointExtension>
            <ns3:cad>0</ns3:cad>
          </ns3:TrackPointExtension>
        </extensions>
      </trkpt>
      <trkpt lat="69.037815369665622711181640625" lon="20.536643452942371368408203125">
        <ele>669.20001220703125</ele>
        <time>2026-08-23T06:27:12.000Z</time>
        <extensions>
          <ns3:TrackPointExtension>
            <ns3:cad>0</ns3:cad>
          </ns3:TrackPointExtension>
        </extensions>
      </trkpt>
      <trkpt lat="69.0378239192068576812744140625" lon="20.536764152348041534423828125">
        <ele>669</ele>
        <time>2026-08-23T06:27:17.000Z</time>
        <extensions>
          <ns3:TrackPointExtension>
            <ns3:cad>0</ns3:cad>
          </ns3:TrackPointExtension>
        </extensions>
      </trkpt>
      <trkpt lat="69.03784043155610561370849609375" lon="20.53687714040279388427734375">
        <ele>668.79998779296875</ele>
        <time>2026-08-23T06:27:23.000Z</time>
        <extensions>
          <ns3:TrackPointExtension>
            <ns3:cad>45</ns3:cad>
          </ns3:TrackPointExtension>
        </extensions>
      </trkpt>
      <trkpt lat="69.03786800801753997802734375" lon="20.53696992807090282440185546875">
        <ele>668.20001220703125</ele>
        <time>2026-08-23T06:27:29.000Z</time>
        <extensions>
          <ns3:TrackPointExtension>
            <ns3:cad>0</ns3:cad>
          </ns3:TrackPointExtension>
        </extensions>
      </trkpt>
      <trkpt lat="69.03787982650101184844970703125" lon="20.53703027777373790740966796875">
        <ele>668.20001220703125</ele>
        <time>2026-08-23T06:27:34.000Z</time>
        <extensions>
          <ns3:TrackPointExtension>
            <ns3:cad>0</ns3:cad>
          </ns3:TrackPointExtension>
        </extensions>
      </trkpt>
      <trkpt lat="69.03789751231670379638671875" lon="20.5370982550084590911865234375">
        <ele>667.79998779296875</ele>
        <time>2026-08-23T06:27:40.000Z</time>
        <extensions>
          <ns3:TrackPointExtension>
            <ns3:cad>0</ns3:cad>
          </ns3:TrackPointExtension>
        </extensions>
      </trkpt>
      <trkpt lat="69.03791285119950771331787109375" lon="20.53724183700978755950927734375">
        <ele>667.4000244140625</ele>
        <time>2026-08-23T06:27:47.000Z</time>
        <extensions>
          <ns3:TrackPointExtension>
            <ns3:cad>0</ns3:cad>
          </ns3:TrackPointExtension>
        </extensions>
      </trkpt>
      <trkpt lat="69.037913270294666290283203125" lon="20.53738047368824481964111328125">
        <ele>667.20001220703125</ele>
        <time>2026-08-23T06:27:54.000Z</time>
        <extensions>
          <ns3:TrackPointExtension>
            <ns3:cad>0</ns3:cad>
          </ns3:TrackPointExtension>
        </extensions>
      </trkpt>
      <trkpt lat="69.0379129350185394287109375" lon="20.537397824227809906005859375">
        <ele>667</ele>
        <time>2026-08-23T06:27:55.000Z</time>
        <extensions>
          <ns3:TrackPointExtension>
            <ns3:cad>0</ns3:cad>
          </ns3:TrackPointExtension>
        </extensions>
      </trkpt>
      <trkpt lat="69.03791989199817180633544921875" lon="20.5375139974057674407958984375">
        <ele>667</ele>
        <time>2026-08-23T06:28:01.000Z</time>
        <extensions>
          <ns3:TrackPointExtension>
            <ns3:cad>45</ns3:cad>
          </ns3:TrackPointExtension>
        </extensions>
      </trkpt>
      <trkpt lat="69.03794906102120876312255859375" lon="20.53763888776302337646484375">
        <ele>666.79998779296875</ele>
        <time>2026-08-23T06:28:08.000Z</time>
        <extensions>
          <ns3:TrackPointExtension>
            <ns3:cad>44</ns3:cad>
          </ns3:TrackPointExtension>
        </extensions>
      </trkpt>
      <trkpt lat="69.03796766884624958038330078125" lon="20.53776788525283336639404296875">
        <ele>666.4000244140625</ele>
        <time>2026-08-23T06:28:14.000Z</time>
        <extensions>
          <ns3:TrackPointExtension>
            <ns3:cad>45</ns3:cad>
          </ns3:TrackPointExtension>
        </extensions>
      </trkpt>
      <trkpt lat="69.03799465857446193695068359375" lon="20.53782756440341472625732421875">
        <ele>666</ele>
        <time>2026-08-23T06:28:20.000Z</time>
        <extensions>
          <ns3:TrackPointExtension>
            <ns3:cad>44</ns3:cad>
          </ns3:TrackPointExtension>
        </extensions>
      </trkpt>
      <trkpt lat="69.03802064247429370880126953125" lon="20.53793451748788356781005859375">
        <ele>665.5999755859375</ele>
        <time>2026-08-23T06:28:28.000Z</time>
        <extensions>
          <ns3:TrackPointExtension>
            <ns3:cad>0</ns3:cad>
          </ns3:TrackPointExtension>
        </extensions>
      </trkpt>
      <trkpt lat="69.03805048204958438873291015625" lon="20.53803090937435626983642578125">
        <ele>665.4000244140625</ele>
        <time>2026-08-23T06:28:35.000Z</time>
        <extensions>
          <ns3:TrackPointExtension>
            <ns3:cad>0</ns3:cad>
          </ns3:TrackPointExtension>
        </extensions>
      </trkpt>
      <trkpt lat="69.03807546012103557586669921875" lon="20.5381550453603267669677734375">
        <ele>665.20001220703125</ele>
        <time>2026-08-23T06:28:41.000Z</time>
        <extensions>
          <ns3:TrackPointExtension>
            <ns3:cad>0</ns3:cad>
          </ns3:TrackPointExtension>
        </extensions>
      </trkpt>
      <trkpt lat="69.0380928106606006622314453125" lon="20.53827188909053802490234375">
        <ele>665.20001220703125</ele>
        <time>2026-08-23T06:28:48.000Z</time>
        <extensions>
          <ns3:TrackPointExtension>
            <ns3:cad>0</ns3:cad>
          </ns3:TrackPointExtension>
        </extensions>
      </trkpt>
      <trkpt lat="69.0381203033030033111572265625" lon="20.5383421294391155242919921875">
        <ele>665</ele>
        <time>2026-08-23T06:28:53.000Z</time>
        <extensions>
          <ns3:TrackPointExtension>
            <ns3:cad>0</ns3:cad>
          </ns3:TrackPointExtension>
        </extensions>
      </trkpt>
      <trkpt lat="69.03816749341785907745361328125" lon="20.53843592293560504913330078125">
        <ele>664.79998779296875</ele>
        <time>2026-08-23T06:29:00.000Z</time>
        <extensions>
          <ns3:TrackPointExtension>
            <ns3:cad>80</ns3:cad>
          </ns3:TrackPointExtension>
        </extensions>
      </trkpt>
      <trkpt lat="69.03821191750466823577880859375" lon="20.53855209611356258392333984375">
        <ele>664.4000244140625</ele>
        <time>2026-08-23T06:29:07.000Z</time>
        <extensions>
          <ns3:TrackPointExtension>
            <ns3:cad>42</ns3:cad>
          </ns3:TrackPointExtension>
        </extensions>
      </trkpt>
      <trkpt lat="69.03822784312069416046142578125" lon="20.53864127956330776214599609375">
        <ele>664</ele>
        <time>2026-08-23T06:29:12.000Z</time>
        <extensions>
          <ns3:TrackPointExtension>
            <ns3:cad>46</ns3:cad>
          </ns3:TrackPointExtension>
        </extensions>
      </trkpt>
      <trkpt lat="69.03824217617511749267578125" lon="20.538687296211719512939453125">
        <ele>664</ele>
        <time>2026-08-23T06:29:15.000Z</time>
        <extensions>
          <ns3:TrackPointExtension>
            <ns3:cad>47</ns3:cad>
          </ns3:TrackPointExtension>
        </extensions>
      </trkpt>
      <trkpt lat="69.03827830217778682708740234375" lon="20.5388138629496097564697265625">
        <ele>663.5999755859375</ele>
        <time>2026-08-23T06:29:22.000Z</time>
        <extensions>
          <ns3:TrackPointExtension>
            <ns3:cad>46</ns3:cad>
          </ns3:TrackPointExtension>
        </extensions>
      </trkpt>
      <trkpt lat="69.03832239098846912384033203125" lon="20.538977645337581634521484375">
        <ele>663.20001220703125</ele>
        <time>2026-08-23T06:29:30.000Z</time>
        <extensions>
          <ns3:TrackPointExtension>
            <ns3:cad>44</ns3:cad>
          </ns3:TrackPointExtension>
        </extensions>
      </trkpt>
      <trkpt lat="69.0383700840175151824951171875" lon="20.53907378576695919036865234375">
        <ele>663</ele>
        <time>2026-08-23T06:29:36.000Z</time>
        <extensions>
          <ns3:TrackPointExtension>
            <ns3:cad>47</ns3:cad>
          </ns3:TrackPointExtension>
        </extensions>
      </trkpt>
      <trkpt lat="69.03839967213571071624755859375" lon="20.5391397513449192047119140625">
        <ele>662.5999755859375</ele>
        <time>2026-08-23T06:29:40.000Z</time>
        <extensions>
          <ns3:TrackPointExtension>
            <ns3:cad>46</ns3:cad>
          </ns3:TrackPointExtension>
        </extensions>
      </trkpt>
      <trkpt lat="69.038453735411167144775390625" lon="20.53931367583572864532470703125">
        <ele>662.20001220703125</ele>
        <time>2026-08-23T06:29:48.000Z</time>
        <extensions>
          <ns3:TrackPointExtension>
            <ns3:cad>0</ns3:cad>
          </ns3:TrackPointExtension>
        </extensions>
      </trkpt>
      <trkpt lat="69.03846169821918010711669921875" lon="20.53937955759465694427490234375">
        <ele>662</ele>
        <time>2026-08-23T06:29:51.000Z</time>
        <extensions>
          <ns3:TrackPointExtension>
            <ns3:cad>0</ns3:cad>
          </ns3:TrackPointExtension>
        </extensions>
      </trkpt>
      <trkpt lat="69.0384735167026519775390625" lon="20.539433956146240234375">
        <ele>661.5999755859375</ele>
        <time>2026-08-23T06:29:54.000Z</time>
        <extensions>
          <ns3:TrackPointExtension>
            <ns3:cad>47</ns3:cad>
          </ns3:TrackPointExtension>
        </extensions>
      </trkpt>
      <trkpt lat="69.03851785697042942047119140625" lon="20.53963042795658111572265625">
        <ele>661.4000244140625</ele>
        <time>2026-08-23T06:30:03.000Z</time>
        <extensions>
          <ns3:TrackPointExtension>
            <ns3:cad>44</ns3:cad>
          </ns3:TrackPointExtension>
        </extensions>
      </trkpt>
      <trkpt lat="69.0385226346552371978759765625" lon="20.539770238101482391357421875">
        <ele>661.4000244140625</ele>
        <time>2026-08-23T06:30:09.000Z</time>
        <extensions>
          <ns3:TrackPointExtension>
            <ns3:cad>44</ns3:cad>
          </ns3:TrackPointExtension>
        </extensions>
      </trkpt>
      <trkpt lat="69.03854333795607089996337890625" lon="20.539900995790958404541015625">
        <ele>660.79998779296875</ele>
        <time>2026-08-23T06:30:16.000Z</time>
        <extensions>
          <ns3:TrackPointExtension>
            <ns3:cad>43</ns3:cad>
          </ns3:TrackPointExtension>
        </extensions>
      </trkpt>
      <trkpt lat="69.0385799668729305267333984375" lon="20.54006519727408885955810546875">
        <ele>660</ele>
        <time>2026-08-23T06:30:24.000Z</time>
        <extensions>
          <ns3:TrackPointExtension>
            <ns3:cad>0</ns3:cad>
          </ns3:TrackPointExtension>
        </extensions>
      </trkpt>
      <trkpt lat="69.03860134072601795196533203125" lon="20.54020232520997524261474609375">
        <ele>659.79998779296875</ele>
        <time>2026-08-23T06:30:30.000Z</time>
        <extensions>
          <ns3:TrackPointExtension>
            <ns3:cad>0</ns3:cad>
          </ns3:TrackPointExtension>
        </extensions>
      </trkpt>
      <trkpt lat="69.03863914310932159423828125" lon="20.5403836257755756378173828125">
        <ele>659.4000244140625</ele>
        <time>2026-08-23T06:30:38.000Z</time>
        <extensions>
          <ns3:TrackPointExtension>
            <ns3:cad>45</ns3:cad>
          </ns3:TrackPointExtension>
        </extensions>
      </trkpt>
      <trkpt lat="69.03866462409496307373046875" lon="20.54055704735219478607177734375">
        <ele>659.20001220703125</ele>
        <time>2026-08-23T06:30:45.000Z</time>
        <extensions>
          <ns3:TrackPointExtension>
            <ns3:cad>45</ns3:cad>
          </ns3:TrackPointExtension>
        </extensions>
      </trkpt>
      <trkpt lat="69.03867191635072231292724609375" lon="20.5406691133975982666015625">
        <ele>659</ele>
        <time>2026-08-23T06:30:50.000Z</time>
        <extensions>
          <ns3:TrackPointExtension>
            <ns3:cad>0</ns3:cad>
          </ns3:TrackPointExtension>
        </extensions>
      </trkpt>
      <trkpt lat="69.038673341274261474609375" lon="20.540704317390918731689453125">
        <ele>658.79998779296875</ele>
        <time>2026-08-23T06:30:52.000Z</time>
        <extensions>
          <ns3:TrackPointExtension>
            <ns3:cad>0</ns3:cad>
          </ns3:TrackPointExtension>
        </extensions>
      </trkpt>
      <trkpt lat="69.03867778368294239044189453125" lon="20.540858209133148193359375">
        <ele>658.5999755859375</ele>
        <time>2026-08-23T06:30:58.000Z</time>
        <extensions>
          <ns3:TrackPointExtension>
            <ns3:cad>45</ns3:cad>
          </ns3:TrackPointExtension>
        </extensions>
      </trkpt>
      <trkpt lat="69.038678370416164398193359375" lon="20.54096859879791736602783203125">
        <ele>659</ele>
        <time>2026-08-23T06:31:04.000Z</time>
        <extensions>
          <ns3:TrackPointExtension>
            <ns3:cad>44</ns3:cad>
          </ns3:TrackPointExtension>
        </extensions>
      </trkpt>
      <trkpt lat="69.03869303874671459197998046875" lon="20.54109114222228527069091796875">
        <ele>658.5999755859375</ele>
        <time>2026-08-23T06:31:11.000Z</time>
        <extensions>
          <ns3:TrackPointExtension>
            <ns3:cad>40</ns3:cad>
          </ns3:TrackPointExtension>
        </extensions>
      </trkpt>
      <trkpt lat="69.03873025439679622650146484375" lon="20.5411653220653533935546875">
        <ele>658.79998779296875</ele>
        <time>2026-08-23T06:31:17.000Z</time>
        <extensions>
          <ns3:TrackPointExtension>
            <ns3:cad>0</ns3:cad>
          </ns3:TrackPointExtension>
        </extensions>
      </trkpt>
      <trkpt lat="69.0387310087680816650390625" lon="20.5412959121167659759521484375">
        <ele>659.4000244140625</ele>
        <time>2026-08-23T06:31:23.000Z</time>
        <extensions>
          <ns3:TrackPointExtension>
            <ns3:cad>0</ns3:cad>
          </ns3:TrackPointExtension>
        </extensions>
      </trkpt>
      <trkpt lat="69.03873729519546031951904296875" lon="20.54141367785632610321044921875">
        <ele>659.79998779296875</ele>
        <time>2026-08-23T06:31:28.000Z</time>
        <extensions>
          <ns3:TrackPointExtension>
            <ns3:cad>0</ns3:cad>
          </ns3:TrackPointExtension>
        </extensions>
      </trkpt>
      <trkpt lat="69.03874282725155353546142578125" lon="20.54144703783094882965087890625">
        <ele>660</ele>
        <time>2026-08-23T06:31:30.000Z</time>
        <extensions>
          <ns3:TrackPointExtension>
            <ns3:cad>0</ns3:cad>
          </ns3:TrackPointExtension>
        </extensions>
      </trkpt>
      <trkpt lat="69.03876294381916522979736328125" lon="20.54158869199454784393310546875">
        <ele>660.20001220703125</ele>
        <time>2026-08-23T06:31:38.000Z</time>
        <extensions>
          <ns3:TrackPointExtension>
            <ns3:cad>42</ns3:cad>
          </ns3:TrackPointExtension>
        </extensions>
      </trkpt>
      <trkpt lat="69.03877115808427333831787109375" lon="20.54174560122191905975341796875">
        <ele>660</ele>
        <time>2026-08-23T06:31:44.000Z</time>
        <extensions>
          <ns3:TrackPointExtension>
            <ns3:cad>0</ns3:cad>
          </ns3:TrackPointExtension>
        </extensions>
      </trkpt>
      <trkpt lat="69.03876864351332187652587890625" lon="20.54189899004995822906494140625">
        <ele>660</ele>
        <time>2026-08-23T06:31:50.000Z</time>
        <extensions>
          <ns3:TrackPointExtension>
            <ns3:cad>0</ns3:cad>
          </ns3:TrackPointExtension>
        </extensions>
      </trkpt>
      <trkpt lat="69.038768224418163299560546875" lon="20.5420056916773319244384765625">
        <ele>660.20001220703125</ele>
        <time>2026-08-23T06:31:55.000Z</time>
        <extensions>
          <ns3:TrackPointExtension>
            <ns3:cad>0</ns3:cad>
          </ns3:TrackPointExtension>
        </extensions>
      </trkpt>
      <trkpt lat="69.03877132572233676910400390625" lon="20.542029328644275665283203125">
        <ele>660.20001220703125</ele>
        <time>2026-08-23T06:31:56.000Z</time>
        <extensions>
          <ns3:TrackPointExtension>
            <ns3:cad>0</ns3:cad>
          </ns3:TrackPointExtension>
        </extensions>
      </trkpt>
      <trkpt lat="69.03877736069262027740478515625" lon="20.54214592091739177703857421875">
        <ele>660</ele>
        <time>2026-08-23T06:32:03.000Z</time>
        <extensions>
          <ns3:TrackPointExtension>
            <ns3:cad>65</ns3:cad>
          </ns3:TrackPointExtension>
        </extensions>
      </trkpt>
      <trkpt lat="69.03878356330096721649169921875" lon="20.54228925146162509918212890625">
        <ele>659.5999755859375</ele>
        <time>2026-08-23T06:32:09.000Z</time>
        <extensions>
          <ns3:TrackPointExtension>
            <ns3:cad>0</ns3:cad>
          </ns3:TrackPointExtension>
        </extensions>
      </trkpt>
      <trkpt lat="69.0387868322432041168212890625" lon="20.542426295578479766845703125">
        <ele>659.20001220703125</ele>
        <time>2026-08-23T06:32:15.000Z</time>
        <extensions>
          <ns3:TrackPointExtension>
            <ns3:cad>0</ns3:cad>
          </ns3:TrackPointExtension>
        </extensions>
      </trkpt>
      <trkpt lat="69.03878892771899700164794921875" lon="20.5425364337861537933349609375">
        <ele>659</ele>
        <time>2026-08-23T06:32:21.000Z</time>
        <extensions>
          <ns3:TrackPointExtension>
            <ns3:cad>0</ns3:cad>
          </ns3:TrackPointExtension>
        </extensions>
      </trkpt>
      <trkpt lat="69.038784988224506378173828125" lon="20.54260122589766979217529296875">
        <ele>658.79998779296875</ele>
        <time>2026-08-23T06:32:24.000Z</time>
        <extensions>
          <ns3:TrackPointExtension>
            <ns3:cad>0</ns3:cad>
          </ns3:TrackPointExtension>
        </extensions>
      </trkpt>
      <trkpt lat="69.0387831442058086395263671875" lon="20.54266744293272495269775390625">
        <ele>658.4000244140625</ele>
        <time>2026-08-23T06:32:27.000Z</time>
        <extensions>
          <ns3:TrackPointExtension>
            <ns3:cad>44</ns3:cad>
          </ns3:TrackPointExtension>
        </extensions>
      </trkpt>
      <trkpt lat="69.038769900798797607421875" lon="20.5427907407283782958984375">
        <ele>658.20001220703125</ele>
        <time>2026-08-23T06:32:33.000Z</time>
        <extensions>
          <ns3:TrackPointExtension>
            <ns3:cad>43</ns3:cad>
          </ns3:TrackPointExtension>
        </extensions>
      </trkpt>
      <trkpt lat="69.03875774703919887542724609375" lon="20.542888641357421875">
        <ele>657.79998779296875</ele>
        <time>2026-08-23T06:32:37.000Z</time>
        <extensions>
          <ns3:TrackPointExtension>
            <ns3:cad>41</ns3:cad>
          </ns3:TrackPointExtension>
        </extensions>
      </trkpt>
      <trkpt lat="69.0387526340782642364501953125" lon="20.54292962886393070220947265625">
        <ele>657.5999755859375</ele>
        <time>2026-08-23T06:32:39.000Z</time>
        <extensions>
          <ns3:TrackPointExtension>
            <ns3:cad>41</ns3:cad>
          </ns3:TrackPointExtension>
        </extensions>
      </trkpt>
      <trkpt lat="69.0387442521750926971435546875" lon="20.54309056140482425689697265625">
        <ele>657.4000244140625</ele>
        <time>2026-08-23T06:32:46.000Z</time>
        <extensions>
          <ns3:TrackPointExtension>
            <ns3:cad>46</ns3:cad>
          </ns3:TrackPointExtension>
        </extensions>
      </trkpt>
      <trkpt lat="69.03875984251499176025390625" lon="20.543231964111328125">
        <ele>656.79998779296875</ele>
        <time>2026-08-23T06:32:52.000Z</time>
        <extensions>
          <ns3:TrackPointExtension>
            <ns3:cad>43</ns3:cad>
          </ns3:TrackPointExtension>
        </extensions>
      </trkpt>
      <trkpt lat="69.0387502871453762054443359375" lon="20.54337671957910060882568359375">
        <ele>656.4000244140625</ele>
        <time>2026-08-23T06:32:59.000Z</time>
        <extensions>
          <ns3:TrackPointExtension>
            <ns3:cad>48</ns3:cad>
          </ns3:TrackPointExtension>
        </extensions>
      </trkpt>
      <trkpt lat="69.03872874565422534942626953125" lon="20.54354351945221424102783203125">
        <ele>656.4000244140625</ele>
        <time>2026-08-23T06:33:06.000Z</time>
        <extensions>
          <ns3:TrackPointExtension>
            <ns3:cad>46</ns3:cad>
          </ns3:TrackPointExtension>
        </extensions>
      </trkpt>
      <trkpt lat="69.038684405386447906494140625" lon="20.54373311810195446014404296875">
        <ele>656.4000244140625</ele>
        <time>2026-08-23T06:33:14.000Z</time>
        <extensions>
          <ns3:TrackPointExtension>
            <ns3:cad>47</ns3:cad>
          </ns3:TrackPointExtension>
        </extensions>
      </trkpt>
      <trkpt lat="69.03863285668194293975830078125" lon="20.54387175478041172027587890625">
        <ele>656.79998779296875</ele>
        <time>2026-08-23T06:33:22.000Z</time>
        <extensions>
          <ns3:TrackPointExtension>
            <ns3:cad>46</ns3:cad>
          </ns3:TrackPointExtension>
        </extensions>
      </trkpt>
      <trkpt lat="69.038601927459239959716796875" lon="20.5440505407750606536865234375">
        <ele>657.4000244140625</ele>
        <time>2026-08-23T06:33:30.000Z</time>
        <extensions>
          <ns3:TrackPointExtension>
            <ns3:cad>46</ns3:cad>
          </ns3:TrackPointExtension>
        </extensions>
      </trkpt>
      <trkpt lat="69.03861709870398044586181640625" lon="20.54421071894466876983642578125">
        <ele>657.5999755859375</ele>
        <time>2026-08-23T06:33:37.000Z</time>
        <extensions>
          <ns3:TrackPointExtension>
            <ns3:cad>45</ns3:cad>
          </ns3:TrackPointExtension>
        </extensions>
      </trkpt>
      <trkpt lat="69.03869437985122203826904296875" lon="20.5443247966468334197998046875">
        <ele>657.20001220703125</ele>
        <time>2026-08-23T06:33:46.000Z</time>
        <extensions>
          <ns3:TrackPointExtension>
            <ns3:cad>47</ns3:cad>
          </ns3:TrackPointExtension>
        </extensions>
      </trkpt>
      <trkpt lat="69.03873679228127002716064453125" lon="20.544369556009769439697265625">
        <ele>657</ele>
        <time>2026-08-23T06:33:52.000Z</time>
        <extensions>
          <ns3:TrackPointExtension>
            <ns3:cad>44</ns3:cad>
          </ns3:TrackPointExtension>
        </extensions>
      </trkpt>
      <trkpt lat="69.03876311145722866058349609375" lon="20.54438154213130474090576171875">
        <ele>657</ele>
        <time>2026-08-23T06:33:57.000Z</time>
        <extensions>
          <ns3:TrackPointExtension>
            <ns3:cad>0</ns3:cad>
          </ns3:TrackPointExtension>
        </extensions>
      </trkpt>
      <trkpt lat="69.03879714198410511016845703125" lon="20.544428564608097076416015625">
        <ele>657.20001220703125</ele>
        <time>2026-08-23T06:34:04.000Z</time>
        <extensions>
          <ns3:TrackPointExtension>
            <ns3:cad>40</ns3:cad>
          </ns3:TrackPointExtension>
        </extensions>
      </trkpt>
      <trkpt lat="69.038843326270580291748046875" lon="20.544507019221782684326171875">
        <ele>657.4000244140625</ele>
        <time>2026-08-23T06:34:10.000Z</time>
        <extensions>
          <ns3:TrackPointExtension>
            <ns3:cad>76</ns3:cad>
          </ns3:TrackPointExtension>
        </extensions>
      </trkpt>
      <trkpt lat="69.0388978086411952972412109375" lon="20.544586479663848876953125">
        <ele>657.79998779296875</ele>
        <time>2026-08-23T06:34:18.000Z</time>
        <extensions>
          <ns3:TrackPointExtension>
            <ns3:cad>43</ns3:cad>
          </ns3:TrackPointExtension>
        </extensions>
      </trkpt>
      <trkpt lat="69.03894491493701934814453125" lon="20.544588826596736907958984375">
        <ele>658.5999755859375</ele>
        <time>2026-08-23T06:34:26.000Z</time>
        <extensions>
          <ns3:TrackPointExtension>
            <ns3:cad>69</ns3:cad>
          </ns3:TrackPointExtension>
        </extensions>
      </trkpt>
      <trkpt lat="69.03898338787257671356201171875" lon="20.54460190236568450927734375">
        <ele>658.5999755859375</ele>
        <time>2026-08-23T06:34:32.000Z</time>
        <extensions>
          <ns3:TrackPointExtension>
            <ns3:cad>0</ns3:cad>
          </ns3:TrackPointExtension>
        </extensions>
      </trkpt>
      <trkpt lat="69.03902714140713214874267578125" lon="20.544612966477870941162109375">
        <ele>657.79998779296875</ele>
        <time>2026-08-23T06:34:38.000Z</time>
        <extensions>
          <ns3:TrackPointExtension>
            <ns3:cad>45</ns3:cad>
          </ns3:TrackPointExtension>
        </extensions>
      </trkpt>
      <trkpt lat="69.039049856364727020263671875" lon="20.5447194166481494903564453125">
        <ele>658.20001220703125</ele>
        <time>2026-08-23T06:34:45.000Z</time>
        <extensions>
          <ns3:TrackPointExtension>
            <ns3:cad>0</ns3:cad>
          </ns3:TrackPointExtension>
        </extensions>
      </trkpt>
      <trkpt lat="69.0390949510037899017333984375" lon="20.54480315186083316802978515625">
        <ele>658.4000244140625</ele>
        <time>2026-08-23T06:34:52.000Z</time>
        <extensions>
          <ns3:TrackPointExtension>
            <ns3:cad>0</ns3:cad>
          </ns3:TrackPointExtension>
        </extensions>
      </trkpt>
      <trkpt lat="69.03913174755871295928955078125" lon="20.544867105782032012939453125">
        <ele>658.4000244140625</ele>
        <time>2026-08-23T06:34:59.000Z</time>
        <extensions>
          <ns3:TrackPointExtension>
            <ns3:cad>0</ns3:cad>
          </ns3:TrackPointExtension>
        </extensions>
      </trkpt>
      <trkpt lat="69.03915815055370330810546875" lon="20.54494128562510013580322265625">
        <ele>658.79998779296875</ele>
        <time>2026-08-23T06:35:04.000Z</time>
        <extensions>
          <ns3:TrackPointExtension>
            <ns3:cad>79</ns3:cad>
          </ns3:TrackPointExtension>
        </extensions>
      </trkpt>
      <trkpt lat="69.039163850247859954833984375" lon="20.54495989345014095306396484375">
        <ele>658.79998779296875</ele>
        <time>2026-08-23T06:35:05.000Z</time>
        <extensions>
          <ns3:TrackPointExtension>
            <ns3:cad>0</ns3:cad>
          </ns3:TrackPointExtension>
        </extensions>
      </trkpt>
      <trkpt lat="69.03918740339577198028564453125" lon="20.54506701417267322540283203125">
        <ele>659.4000244140625</ele>
        <time>2026-08-23T06:35:12.000Z</time>
        <extensions>
          <ns3:TrackPointExtension>
            <ns3:cad>41</ns3:cad>
          </ns3:TrackPointExtension>
        </extensions>
      </trkpt>
      <trkpt lat="69.03920777142047882080078125" lon="20.5452441237866878509521484375">
        <ele>659.79998779296875</ele>
        <time>2026-08-23T06:35:22.000Z</time>
        <extensions>
          <ns3:TrackPointExtension>
            <ns3:cad>42</ns3:cad>
          </ns3:TrackPointExtension>
        </extensions>
      </trkpt>
      <trkpt lat="69.03920483775436878204345703125" lon="20.5452230013906955718994140625">
        <ele>659.79998779296875</ele>
        <time>2026-08-23T06:35:25.000Z</time>
        <extensions>
          <ns3:TrackPointExtension>
            <ns3:cad>0</ns3:cad>
          </ns3:TrackPointExtension>
        </extensions>
      </trkpt>
      <trkpt lat="69.0392065979540348052978515625" lon="20.54521688260138034820556640625">
        <ele>659.79998779296875</ele>
        <time>2026-08-23T06:35:28.000Z</time>
        <extensions>
          <ns3:TrackPointExtension>
            <ns3:cad>0</ns3:cad>
          </ns3:TrackPointExtension>
        </extensions>
      </trkpt>
      <trkpt lat="69.0392112918198108673095703125" lon="20.54523733444511890411376953125">
        <ele>659.79998779296875</ele>
        <time>2026-08-23T06:35:34.000Z</time>
        <extensions>
          <ns3:TrackPointExtension>
            <ns3:cad>0</ns3:cad>
          </ns3:TrackPointExtension>
        </extensions>
      </trkpt>
      <trkpt lat="69.0392035804688930511474609375" lon="20.545211099088191986083984375">
        <ele>659.79998779296875</ele>
        <time>2026-08-23T06:35:42.000Z</time>
        <extensions>
          <ns3:TrackPointExtension>
            <ns3:cad>0</ns3:cad>
          </ns3:TrackPointExtension>
        </extensions>
      </trkpt>
      <trkpt lat="69.03920131735503673553466796875" lon="20.54522559978067874908447265625">
        <ele>659.5999755859375</ele>
        <time>2026-08-23T06:35:49.000Z</time>
        <extensions>
          <ns3:TrackPointExtension>
            <ns3:cad>0</ns3:cad>
          </ns3:TrackPointExtension>
        </extensions>
      </trkpt>
      <trkpt lat="69.039198718965053558349609375" lon="20.54522828198969364166259765625">
        <ele>659.5999755859375</ele>
        <time>2026-08-23T06:35:57.000Z</time>
        <extensions>
          <ns3:TrackPointExtension>
            <ns3:cad>0</ns3:cad>
          </ns3:TrackPointExtension>
        </extensions>
      </trkpt>
      <trkpt lat="69.03919813223183155059814453125" lon="20.54525091312825679779052734375">
        <ele>659.5999755859375</ele>
        <time>2026-08-23T06:36:05.000Z</time>
        <extensions>
          <ns3:TrackPointExtension>
            <ns3:cad>0</ns3:cad>
          </ns3:TrackPointExtension>
        </extensions>
      </trkpt>
      <trkpt lat="69.03919444419443607330322265625" lon="20.545284859836101531982421875">
        <ele>659.79998779296875</ele>
        <time>2026-08-23T06:36:11.000Z</time>
        <extensions>
          <ns3:TrackPointExtension>
            <ns3:cad>0</ns3:cad>
          </ns3:TrackPointExtension>
        </extensions>
      </trkpt>
      <trkpt lat="69.0392012335360050201416015625" lon="20.54532081820070743560791015625">
        <ele>659.79998779296875</ele>
        <time>2026-08-23T06:36:16.000Z</time>
        <extensions>
          <ns3:TrackPointExtension>
            <ns3:cad>0</ns3:cad>
          </ns3:TrackPointExtension>
        </extensions>
      </trkpt>
      <trkpt lat="69.039223529398441314697265625" lon="20.545429028570652008056640625">
        <ele>661</ele>
        <time>2026-08-23T06:36:24.000Z</time>
        <extensions>
          <ns3:TrackPointExtension>
            <ns3:cad>0</ns3:cad>
          </ns3:TrackPointExtension>
        </extensions>
      </trkpt>
      <trkpt lat="69.0392666123807430267333984375" lon="20.54552215151488780975341796875">
        <ele>661.4000244140625</ele>
        <time>2026-08-23T06:36:32.000Z</time>
        <extensions>
          <ns3:TrackPointExtension>
            <ns3:cad>0</ns3:cad>
          </ns3:TrackPointExtension>
        </extensions>
      </trkpt>
      <trkpt lat="69.03930642642080783843994140625" lon="20.54564771242439746856689453125">
        <ele>662</ele>
        <time>2026-08-23T06:36:39.000Z</time>
        <extensions>
          <ns3:TrackPointExtension>
            <ns3:cad>75</ns3:cad>
          </ns3:TrackPointExtension>
        </extensions>
      </trkpt>
      <trkpt lat="69.03931145556271076202392578125" lon="20.54566246457397937774658203125">
        <ele>662</ele>
        <time>2026-08-23T06:36:40.000Z</time>
        <extensions>
          <ns3:TrackPointExtension>
            <ns3:cad>0</ns3:cad>
          </ns3:TrackPointExtension>
        </extensions>
      </trkpt>
      <trkpt lat="69.0393383614718914031982421875" lon="20.54581585340201854705810546875">
        <ele>662.20001220703125</ele>
        <time>2026-08-23T06:36:47.000Z</time>
        <extensions>
          <ns3:TrackPointExtension>
            <ns3:cad>0</ns3:cad>
          </ns3:TrackPointExtension>
        </extensions>
      </trkpt>
      <trkpt lat="69.03934095986187458038330078125" lon="20.54593504406511783599853515625">
        <ele>662.20001220703125</ele>
        <time>2026-08-23T06:36:53.000Z</time>
        <extensions>
          <ns3:TrackPointExtension>
            <ns3:cad>0</ns3:cad>
          </ns3:TrackPointExtension>
        </extensions>
      </trkpt>
      <trkpt lat="69.0393517725169658660888671875" lon="20.5460001714527606964111328125">
        <ele>662.20001220703125</ele>
        <time>2026-08-23T06:37:00.000Z</time>
        <extensions>
          <ns3:TrackPointExtension>
            <ns3:cad>0</ns3:cad>
          </ns3:TrackPointExtension>
        </extensions>
      </trkpt>
      <trkpt lat="69.0393829531967639923095703125" lon="20.546142160892486572265625">
        <ele>662.5999755859375</ele>
        <time>2026-08-23T06:37:07.000Z</time>
        <extensions>
          <ns3:TrackPointExtension>
            <ns3:cad>0</ns3:cad>
          </ns3:TrackPointExtension>
        </extensions>
      </trkpt>
      <trkpt lat="69.03939343057572841644287109375" lon="20.54629395715892314910888671875">
        <ele>662.79998779296875</ele>
        <time>2026-08-23T06:37:14.000Z</time>
        <extensions>
          <ns3:TrackPointExtension>
            <ns3:cad>0</ns3:cad>
          </ns3:TrackPointExtension>
        </extensions>
      </trkpt>
      <trkpt lat="69.03939913026988506317138671875" lon="20.54639068432152271270751953125">
        <ele>663</ele>
        <time>2026-08-23T06:37:18.000Z</time>
        <extensions>
          <ns3:TrackPointExtension>
            <ns3:cad>0</ns3:cad>
          </ns3:TrackPointExtension>
        </extensions>
      </trkpt>
      <trkpt lat="69.0394010581076145172119140625" lon="20.54642739705741405487060546875">
        <ele>663.20001220703125</ele>
        <time>2026-08-23T06:37:20.000Z</time>
        <extensions>
          <ns3:TrackPointExtension>
            <ns3:cad>0</ns3:cad>
          </ns3:TrackPointExtension>
        </extensions>
      </trkpt>
      <trkpt lat="69.0394238568842411041259765625" lon="20.54660257883369922637939453125">
        <ele>663.4000244140625</ele>
        <time>2026-08-23T06:37:27.000Z</time>
        <extensions>
          <ns3:TrackPointExtension>
            <ns3:cad>41</ns3:cad>
          </ns3:TrackPointExtension>
        </extensions>
      </trkpt>
      <trkpt lat="69.03944439254701137542724609375" lon="20.546827800571918487548828125">
        <ele>663.4000244140625</ele>
        <time>2026-08-23T06:37:35.000Z</time>
        <extensions>
          <ns3:TrackPointExtension>
            <ns3:cad>0</ns3:cad>
          </ns3:TrackPointExtension>
        </extensions>
      </trkpt>
      <trkpt lat="69.03945663012564182281494140625" lon="20.54698009975254535675048828125">
        <ele>663.4000244140625</ele>
        <time>2026-08-23T06:37:42.000Z</time>
        <extensions>
          <ns3:TrackPointExtension>
            <ns3:cad>0</ns3:cad>
          </ns3:TrackPointExtension>
        </extensions>
      </trkpt>
      <trkpt lat="69.0394563786685466766357421875" lon="20.5471466481685638427734375">
        <ele>663.4000244140625</ele>
        <time>2026-08-23T06:37:49.000Z</time>
        <extensions>
          <ns3:TrackPointExtension>
            <ns3:cad>0</ns3:cad>
          </ns3:TrackPointExtension>
        </extensions>
      </trkpt>
      <trkpt lat="69.039460904896259307861328125" lon="20.5472842790186405181884765625">
        <ele>663.79998779296875</ele>
        <time>2026-08-23T06:37:55.000Z</time>
        <extensions>
          <ns3:TrackPointExtension>
            <ns3:cad>0</ns3:cad>
          </ns3:TrackPointExtension>
        </extensions>
      </trkpt>
      <trkpt lat="69.0394691191613674163818359375" lon="20.5474844388663768768310546875">
        <ele>663.79998779296875</ele>
        <time>2026-08-23T06:38:03.000Z</time>
        <extensions>
          <ns3:TrackPointExtension>
            <ns3:cad>0</ns3:cad>
          </ns3:TrackPointExtension>
        </extensions>
      </trkpt>
      <trkpt lat="69.039478003978729248046875" lon="20.547643192112445831298828125">
        <ele>664</ele>
        <time>2026-08-23T06:38:10.000Z</time>
        <extensions>
          <ns3:TrackPointExtension>
            <ns3:cad>0</ns3:cad>
          </ns3:TrackPointExtension>
        </extensions>
      </trkpt>
      <trkpt lat="69.03946551494300365447998046875" lon="20.54781108163297176361083984375">
        <ele>663.79998779296875</ele>
        <time>2026-08-23T06:38:17.000Z</time>
        <extensions>
          <ns3:TrackPointExtension>
            <ns3:cad>0</ns3:cad>
          </ns3:TrackPointExtension>
        </extensions>
      </trkpt>
      <trkpt lat="69.03945964761078357696533203125" lon="20.548040159046649932861328125">
        <ele>664</ele>
        <time>2026-08-23T06:38:27.000Z</time>
        <extensions>
          <ns3:TrackPointExtension>
            <ns3:cad>0</ns3:cad>
          </ns3:TrackPointExtension>
        </extensions>
      </trkpt>
      <trkpt lat="69.03945721685886383056640625" lon="20.54809723980724811553955078125">
        <ele>664</ele>
        <time>2026-08-23T06:38:29.000Z</time>
        <extensions>
          <ns3:TrackPointExtension>
            <ns3:cad>0</ns3:cad>
          </ns3:TrackPointExtension>
        </extensions>
      </trkpt>
      <trkpt lat="69.0394557081162929534912109375" lon="20.54824358783662319183349609375">
        <ele>664.20001220703125</ele>
        <time>2026-08-23T06:38:35.000Z</time>
        <extensions>
          <ns3:TrackPointExtension>
            <ns3:cad>48</ns3:cad>
          </ns3:TrackPointExtension>
        </extensions>
      </trkpt>
      <trkpt lat="69.039464928209781646728515625" lon="20.54835758171975612640380859375">
        <ele>664.20001220703125</ele>
        <time>2026-08-23T06:38:40.000Z</time>
        <extensions>
          <ns3:TrackPointExtension>
            <ns3:cad>0</ns3:cad>
          </ns3:TrackPointExtension>
        </extensions>
      </trkpt>
      <trkpt lat="69.03945813886821269989013671875" lon="20.5485070310533046722412109375">
        <ele>664.4000244140625</ele>
        <time>2026-08-23T06:38:46.000Z</time>
        <extensions>
          <ns3:TrackPointExtension>
            <ns3:cad>0</ns3:cad>
          </ns3:TrackPointExtension>
        </extensions>
      </trkpt>
      <trkpt lat="69.0394500084221363067626953125" lon="20.54864089004695415496826171875">
        <ele>664.20001220703125</ele>
        <time>2026-08-23T06:38:51.000Z</time>
        <extensions>
          <ns3:TrackPointExtension>
            <ns3:cad>0</ns3:cad>
          </ns3:TrackPointExtension>
        </extensions>
      </trkpt>
      <trkpt lat="69.0394439734518527984619140625" lon="20.5488399602472782135009765625">
        <ele>664.20001220703125</ele>
        <time>2026-08-23T06:38:59.000Z</time>
        <extensions>
          <ns3:TrackPointExtension>
            <ns3:cad>43</ns3:cad>
          </ns3:TrackPointExtension>
        </extensions>
      </trkpt>
      <trkpt lat="69.03944724239408969879150390625" lon="20.54902176372706890106201171875">
        <ele>664.5999755859375</ele>
        <time>2026-08-23T06:39:07.000Z</time>
        <extensions>
          <ns3:TrackPointExtension>
            <ns3:cad>0</ns3:cad>
          </ns3:TrackPointExtension>
        </extensions>
      </trkpt>
      <trkpt lat="69.0394463203847408294677734375" lon="20.54913994856178760528564453125">
        <ele>664.5999755859375</ele>
        <time>2026-08-23T06:39:13.000Z</time>
        <extensions>
          <ns3:TrackPointExtension>
            <ns3:cad>45</ns3:cad>
          </ns3:TrackPointExtension>
        </extensions>
      </trkpt>
      <trkpt lat="69.0394525229930877685546875" lon="20.54928948171436786651611328125">
        <ele>664.79998779296875</ele>
        <time>2026-08-23T06:39:20.000Z</time>
        <extensions>
          <ns3:TrackPointExtension>
            <ns3:cad>0</ns3:cad>
          </ns3:TrackPointExtension>
        </extensions>
      </trkpt>
      <trkpt lat="69.03945587575435638427734375" lon="20.54938252083957195281982421875">
        <ele>665.20001220703125</ele>
        <time>2026-08-23T06:39:24.000Z</time>
        <extensions>
          <ns3:TrackPointExtension>
            <ns3:cad>0</ns3:cad>
          </ns3:TrackPointExtension>
        </extensions>
      </trkpt>
      <trkpt lat="69.0394550375640392303466796875" lon="20.5494260229170322418212890625">
        <ele>665.4000244140625</ele>
        <time>2026-08-23T06:39:26.000Z</time>
        <extensions>
          <ns3:TrackPointExtension>
            <ns3:cad>42</ns3:cad>
          </ns3:TrackPointExtension>
        </extensions>
      </trkpt>
      <trkpt lat="69.03944338671863079071044921875" lon="20.549552924931049346923828125">
        <ele>666</ele>
        <time>2026-08-23T06:39:33.000Z</time>
        <extensions>
          <ns3:TrackPointExtension>
            <ns3:cad>0</ns3:cad>
          </ns3:TrackPointExtension>
        </extensions>
      </trkpt>
      <trkpt lat="69.0394419617950916290283203125" lon="20.54956390522420406341552734375">
        <ele>666.20001220703125</ele>
        <time>2026-08-23T06:39:35.000Z</time>
        <extensions>
          <ns3:TrackPointExtension>
            <ns3:cad>0</ns3:cad>
          </ns3:TrackPointExtension>
        </extensions>
      </trkpt>
      <trkpt lat="69.039429724216461181640625" lon="20.5496265180408954620361328125">
        <ele>666.20001220703125</ele>
        <time>2026-08-23T06:39:39.000Z</time>
        <extensions>
          <ns3:TrackPointExtension>
            <ns3:cad>0</ns3:cad>
          </ns3:TrackPointExtension>
        </extensions>
      </trkpt>
      <trkpt lat="69.03942343778908252716064453125" lon="20.5497537553310394287109375">
        <ele>666.4000244140625</ele>
        <time>2026-08-23T06:39:44.000Z</time>
        <extensions>
          <ns3:TrackPointExtension>
            <ns3:cad>0</ns3:cad>
          </ns3:TrackPointExtension>
        </extensions>
      </trkpt>
      <trkpt lat="69.039430059492588043212890625" lon="20.54985743947327136993408203125">
        <ele>666.5999755859375</ele>
        <time>2026-08-23T06:39:50.000Z</time>
        <extensions>
          <ns3:TrackPointExtension>
            <ns3:cad>0</ns3:cad>
          </ns3:TrackPointExtension>
        </extensions>
      </trkpt>
      <trkpt lat="69.0394543670117855072021484375" lon="20.5499902926385402679443359375">
        <ele>667</ele>
        <time>2026-08-23T06:39:57.000Z</time>
        <extensions>
          <ns3:TrackPointExtension>
            <ns3:cad>0</ns3:cad>
          </ns3:TrackPointExtension>
        </extensions>
      </trkpt>
      <trkpt lat="69.03946635313332080841064453125" lon="20.5500613711774349212646484375">
        <ele>667.20001220703125</ele>
        <time>2026-08-23T06:40:00.000Z</time>
        <extensions>
          <ns3:TrackPointExtension>
            <ns3:cad>0</ns3:cad>
          </ns3:TrackPointExtension>
        </extensions>
      </trkpt>
      <trkpt lat="69.0394842065870761871337890625" lon="20.55016773752868175506591796875">
        <ele>667.4000244140625</ele>
        <time>2026-08-23T06:40:05.000Z</time>
        <extensions>
          <ns3:TrackPointExtension>
            <ns3:cad>0</ns3:cad>
          </ns3:TrackPointExtension>
        </extensions>
      </trkpt>
      <trkpt lat="69.03949568979442119598388671875" lon="20.550334453582763671875">
        <ele>667.5999755859375</ele>
        <time>2026-08-23T06:40:12.000Z</time>
        <extensions>
          <ns3:TrackPointExtension>
            <ns3:cad>0</ns3:cad>
          </ns3:TrackPointExtension>
        </extensions>
      </trkpt>
      <trkpt lat="69.039493761956691741943359375" lon="20.550443418323993682861328125">
        <ele>667.79998779296875</ele>
        <time>2026-08-23T06:40:17.000Z</time>
        <extensions>
          <ns3:TrackPointExtension>
            <ns3:cad>0</ns3:cad>
          </ns3:TrackPointExtension>
        </extensions>
      </trkpt>
      <trkpt lat="69.0394832007586956024169921875" lon="20.55056906305253505706787109375">
        <ele>668</ele>
        <time>2026-08-23T06:40:23.000Z</time>
        <extensions>
          <ns3:TrackPointExtension>
            <ns3:cad>40</ns3:cad>
          </ns3:TrackPointExtension>
        </extensions>
      </trkpt>
      <trkpt lat="69.0394801832735538482666015625" lon="20.55066495202481746673583984375">
        <ele>668</ele>
        <time>2026-08-23T06:40:29.000Z</time>
        <extensions>
          <ns3:TrackPointExtension>
            <ns3:cad>0</ns3:cad>
          </ns3:TrackPointExtension>
        </extensions>
      </trkpt>
      <trkpt lat="69.0394820272922515869140625" lon="20.5506576597690582275390625">
        <ele>668.20001220703125</ele>
        <time>2026-08-23T06:40:33.000Z</time>
        <extensions>
          <ns3:TrackPointExtension>
            <ns3:cad>0</ns3:cad>
          </ns3:TrackPointExtension>
        </extensions>
      </trkpt>
      <trkpt lat="69.03948479332029819488525390625" lon="20.5506444163620471954345703125">
        <ele>668</ele>
        <time>2026-08-23T06:40:35.000Z</time>
        <extensions>
          <ns3:TrackPointExtension>
            <ns3:cad>0</ns3:cad>
          </ns3:TrackPointExtension>
        </extensions>
      </trkpt>
      <trkpt lat="69.0394842065870761871337890625" lon="20.550640560686588287353515625">
        <ele>667.79998779296875</ele>
        <time>2026-08-23T06:40:36.000Z</time>
        <extensions>
          <ns3:TrackPointExtension>
            <ns3:cad>0</ns3:cad>
          </ns3:TrackPointExtension>
        </extensions>
      </trkpt>
      <trkpt lat="69.0395026467740535736083984375" lon="20.5506910197436809539794921875">
        <ele>667</ele>
        <time>2026-08-23T07:04:05.000Z</time>
        <extensions>
          <ns3:TrackPointExtension>
            <ns3:cad>0</ns3:cad>
          </ns3:TrackPointExtension>
        </extensions>
      </trkpt>
      <trkpt lat="69.039509184658527374267578125" lon="20.55071289651095867156982421875">
        <ele>667</ele>
        <time>2026-08-23T07:04:08.000Z</time>
        <extensions>
          <ns3:TrackPointExtension>
            <ns3:cad>0</ns3:cad>
          </ns3:TrackPointExtension>
        </extensions>
      </trkpt>
      <trkpt lat="69.0395244397222995758056640625" lon="20.5507758446037769317626953125">
        <ele>666.79998779296875</ele>
        <time>2026-08-23T07:04:14.000Z</time>
        <extensions>
          <ns3:TrackPointExtension>
            <ns3:cad>0</ns3:cad>
          </ns3:TrackPointExtension>
        </extensions>
      </trkpt>
      <trkpt lat="69.03953894041478633880615234375" lon="20.55093032307922840118408203125">
        <ele>666.79998779296875</ele>
        <time>2026-08-23T07:04:21.000Z</time>
        <extensions>
          <ns3:TrackPointExtension>
            <ns3:cad>0</ns3:cad>
          </ns3:TrackPointExtension>
        </extensions>
      </trkpt>
      <trkpt lat="69.0395331569015979766845703125" lon="20.551126040518283843994140625">
        <ele>667</ele>
        <time>2026-08-23T07:04:28.000Z</time>
        <extensions>
          <ns3:TrackPointExtension>
            <ns3:cad>75</ns3:cad>
          </ns3:TrackPointExtension>
        </extensions>
      </trkpt>
      <trkpt lat="69.0395432151854038238525390625" lon="20.551290996372699737548828125">
        <ele>667.4000244140625</ele>
        <time>2026-08-23T07:04:35.000Z</time>
        <extensions>
          <ns3:TrackPointExtension>
            <ns3:cad>0</ns3:cad>
          </ns3:TrackPointExtension>
        </extensions>
      </trkpt>
      <trkpt lat="69.039557464420795440673828125" lon="20.5514658428728580474853515625">
        <ele>667.79998779296875</ele>
        <time>2026-08-23T07:04:42.000Z</time>
        <extensions>
          <ns3:TrackPointExtension>
            <ns3:cad>0</ns3:cad>
          </ns3:TrackPointExtension>
        </extensions>
      </trkpt>
      <trkpt lat="69.03955955989658832550048828125" lon="20.5515137873589992523193359375">
        <ele>668</ele>
        <time>2026-08-23T07:04:44.000Z</time>
        <extensions>
          <ns3:TrackPointExtension>
            <ns3:cad>48</ns3:cad>
          </ns3:TrackPointExtension>
        </extensions>
      </trkpt>
      <trkpt lat="69.03956542722880840301513671875" lon="20.5516076646745204925537109375">
        <ele>668.20001220703125</ele>
        <time>2026-08-23T07:04:48.000Z</time>
        <extensions>
          <ns3:TrackPointExtension>
            <ns3:cad>45</ns3:cad>
          </ns3:TrackPointExtension>
        </extensions>
      </trkpt>
      <trkpt lat="69.0395760722458362579345703125" lon="20.551844201982021331787109375">
        <ele>668.5999755859375</ele>
        <time>2026-08-23T07:04:56.000Z</time>
        <extensions>
          <ns3:TrackPointExtension>
            <ns3:cad>45</ns3:cad>
          </ns3:TrackPointExtension>
        </extensions>
      </trkpt>
      <trkpt lat="69.0395971946418285369873046875" lon="20.5520012788474559783935546875">
        <ele>668.5999755859375</ele>
        <time>2026-08-23T07:05:02.000Z</time>
        <extensions>
          <ns3:TrackPointExtension>
            <ns3:cad>0</ns3:cad>
          </ns3:TrackPointExtension>
        </extensions>
      </trkpt>
      <trkpt lat="69.03960985131561756134033203125" lon="20.55215190164744853973388671875">
        <ele>668.79998779296875</ele>
        <time>2026-08-23T07:05:09.000Z</time>
        <extensions>
          <ns3:TrackPointExtension>
            <ns3:cad>0</ns3:cad>
          </ns3:TrackPointExtension>
        </extensions>
      </trkpt>
      <trkpt lat="69.03962158598005771636962890625" lon="20.55231015197932720184326171875">
        <ele>668.79998779296875</ele>
        <time>2026-08-23T07:05:15.000Z</time>
        <extensions>
          <ns3:TrackPointExtension>
            <ns3:cad>0</ns3:cad>
          </ns3:TrackPointExtension>
        </extensions>
      </trkpt>
      <trkpt lat="69.0396310575306415557861328125" lon="20.552379302680492401123046875">
        <ele>669</ele>
        <time>2026-08-23T07:05:18.000Z</time>
        <extensions>
          <ns3:TrackPointExtension>
            <ns3:cad>0</ns3:cad>
          </ns3:TrackPointExtension>
        </extensions>
      </trkpt>
      <trkpt lat="69.03964907862246036529541015625" lon="20.552473850548267364501953125">
        <ele>669.20001220703125</ele>
        <time>2026-08-23T07:05:22.000Z</time>
        <extensions>
          <ns3:TrackPointExtension>
            <ns3:cad>0</ns3:cad>
          </ns3:TrackPointExtension>
        </extensions>
      </trkpt>
      <trkpt lat="69.03967925347387790679931640625" lon="20.55259916000068187713623046875">
        <ele>669.5999755859375</ele>
        <time>2026-08-23T07:05:28.000Z</time>
        <extensions>
          <ns3:TrackPointExtension>
            <ns3:cad>0</ns3:cad>
          </ns3:TrackPointExtension>
        </extensions>
      </trkpt>
      <trkpt lat="69.0397007949650287628173828125" lon="20.552738048136234283447265625">
        <ele>669.5999755859375</ele>
        <time>2026-08-23T07:05:34.000Z</time>
        <extensions>
          <ns3:TrackPointExtension>
            <ns3:cad>0</ns3:cad>
          </ns3:TrackPointExtension>
        </extensions>
      </trkpt>
      <trkpt lat="69.03971563093364238739013671875" lon="20.55284022353589534759521484375">
        <ele>670</ele>
        <time>2026-08-23T07:05:39.000Z</time>
        <extensions>
          <ns3:TrackPointExtension>
            <ns3:cad>0</ns3:cad>
          </ns3:TrackPointExtension>
        </extensions>
      </trkpt>
      <trkpt lat="69.0397222526371479034423828125" lon="20.55286419577896595001220703125">
        <ele>670.20001220703125</ele>
        <time>2026-08-23T07:05:41.000Z</time>
        <extensions>
          <ns3:TrackPointExtension>
            <ns3:cad>0</ns3:cad>
          </ns3:TrackPointExtension>
        </extensions>
      </trkpt>
      <trkpt lat="69.03975636698305606842041015625" lon="20.55301708169281482696533203125">
        <ele>671</ele>
        <time>2026-08-23T07:05:48.000Z</time>
        <extensions>
          <ns3:TrackPointExtension>
            <ns3:cad>0</ns3:cad>
          </ns3:TrackPointExtension>
        </extensions>
      </trkpt>
      <trkpt lat="69.039759300649166107177734375" lon="20.55303669534623622894287109375">
        <ele>671.20001220703125</ele>
        <time>2026-08-23T07:05:49.000Z</time>
        <extensions>
          <ns3:TrackPointExtension>
            <ns3:cad>0</ns3:cad>
          </ns3:TrackPointExtension>
        </extensions>
      </trkpt>
      <trkpt lat="69.0397681854665279388427734375" lon="20.55308640003204345703125">
        <ele>671.5999755859375</ele>
        <time>2026-08-23T07:05:53.000Z</time>
        <extensions>
          <ns3:TrackPointExtension>
            <ns3:cad>0</ns3:cad>
          </ns3:TrackPointExtension>
        </extensions>
      </trkpt>
      <trkpt lat="69.0397940017282962799072265625" lon="20.55319435894489288330078125">
        <ele>671.79998779296875</ele>
        <time>2026-08-23T07:05:58.000Z</time>
        <extensions>
          <ns3:TrackPointExtension>
            <ns3:cad>0</ns3:cad>
          </ns3:TrackPointExtension>
        </extensions>
      </trkpt>
      <trkpt lat="69.0398124419152736663818359375" lon="20.55325227789580821990966796875">
        <ele>672.20001220703125</ele>
        <time>2026-08-23T07:06:01.000Z</time>
        <extensions>
          <ns3:TrackPointExtension>
            <ns3:cad>0</ns3:cad>
          </ns3:TrackPointExtension>
        </extensions>
      </trkpt>
      <trkpt lat="69.03982258401811122894287109375" lon="20.5532951094210147857666015625">
        <ele>672.4000244140625</ele>
        <time>2026-08-23T07:06:03.000Z</time>
        <extensions>
          <ns3:TrackPointExtension>
            <ns3:cad>0</ns3:cad>
          </ns3:TrackPointExtension>
        </extensions>
      </trkpt>
      <trkpt lat="69.0398634038865566253662109375" lon="20.55342997424304485321044921875">
        <ele>672.79998779296875</ele>
        <time>2026-08-23T07:06:09.000Z</time>
        <extensions>
          <ns3:TrackPointExtension>
            <ns3:cad>0</ns3:cad>
          </ns3:TrackPointExtension>
        </extensions>
      </trkpt>
      <trkpt lat="69.0398667566478252410888671875" lon="20.55345159955322742462158203125">
        <ele>672.79998779296875</ele>
        <time>2026-08-23T07:06:10.000Z</time>
        <extensions>
          <ns3:TrackPointExtension>
            <ns3:cad>0</ns3:cad>
          </ns3:TrackPointExtension>
        </extensions>
      </trkpt>
      <trkpt lat="69.0398828499019145965576171875" lon="20.55356374941766262054443359375">
        <ele>673.20001220703125</ele>
        <time>2026-08-23T07:06:15.000Z</time>
        <extensions>
          <ns3:TrackPointExtension>
            <ns3:cad>0</ns3:cad>
          </ns3:TrackPointExtension>
        </extensions>
      </trkpt>
      <trkpt lat="69.03989131562411785125732421875" lon="20.5536887235939502716064453125">
        <ele>673.5999755859375</ele>
        <time>2026-08-23T07:06:21.000Z</time>
        <extensions>
          <ns3:TrackPointExtension>
            <ns3:cad>0</ns3:cad>
          </ns3:TrackPointExtension>
        </extensions>
      </trkpt>
      <trkpt lat="69.0399043075740337371826171875" lon="20.553818307816982269287109375">
        <ele>674.20001220703125</ele>
        <time>2026-08-23T07:06:27.000Z</time>
        <extensions>
          <ns3:TrackPointExtension>
            <ns3:cad>0</ns3:cad>
          </ns3:TrackPointExtension>
        </extensions>
      </trkpt>
      <trkpt lat="69.0399069897830486297607421875" lon="20.55383347906172275543212890625">
        <ele>674.20001220703125</ele>
        <time>2026-08-23T07:06:28.000Z</time>
        <extensions>
          <ns3:TrackPointExtension>
            <ns3:cad>0</ns3:cad>
          </ns3:TrackPointExtension>
        </extensions>
      </trkpt>
      <trkpt lat="69.039915539324283599853515625" lon="20.553863234817981719970703125">
        <ele>674.4000244140625</ele>
        <time>2026-08-23T07:06:30.000Z</time>
        <extensions>
          <ns3:TrackPointExtension>
            <ns3:cad>73</ns3:cad>
          </ns3:TrackPointExtension>
        </extensions>
      </trkpt>
      <trkpt lat="69.0399250946938991546630859375" lon="20.55392534472048282623291015625">
        <ele>674.4000244140625</ele>
        <time>2026-08-23T07:06:33.000Z</time>
        <extensions>
          <ns3:TrackPointExtension>
            <ns3:cad>0</ns3:cad>
          </ns3:TrackPointExtension>
        </extensions>
      </trkpt>
      <trkpt lat="69.039936326444149017333984375" lon="20.55411946959793567657470703125">
        <ele>674.5999755859375</ele>
        <time>2026-08-23T07:06:40.000Z</time>
        <extensions>
          <ns3:TrackPointExtension>
            <ns3:cad>0</ns3:cad>
          </ns3:TrackPointExtension>
        </extensions>
      </trkpt>
      <trkpt lat="69.03994261287152767181396484375" lon="20.554290711879730224609375">
        <ele>674.5999755859375</ele>
        <time>2026-08-23T07:06:46.000Z</time>
        <extensions>
          <ns3:TrackPointExtension>
            <ns3:cad>0</ns3:cad>
          </ns3:TrackPointExtension>
        </extensions>
      </trkpt>
      <trkpt lat="69.03995485045015811920166015625" lon="20.55446111597120761871337890625">
        <ele>674.79998779296875</ele>
        <time>2026-08-23T07:06:53.000Z</time>
        <extensions>
          <ns3:TrackPointExtension>
            <ns3:cad>0</ns3:cad>
          </ns3:TrackPointExtension>
        </extensions>
      </trkpt>
      <trkpt lat="69.03996323235332965850830078125" lon="20.55461919866502285003662109375">
        <ele>675.20001220703125</ele>
        <time>2026-08-23T07:07:00.000Z</time>
        <extensions>
          <ns3:TrackPointExtension>
            <ns3:cad>0</ns3:cad>
          </ns3:TrackPointExtension>
        </extensions>
      </trkpt>
      <trkpt lat="69.03996071778237819671630859375" lon="20.554661191999912261962890625">
        <ele>675.20001220703125</ele>
        <time>2026-08-23T07:07:02.000Z</time>
        <extensions>
          <ns3:TrackPointExtension>
            <ns3:cad>0</ns3:cad>
          </ns3:TrackPointExtension>
        </extensions>
      </trkpt>
      <trkpt lat="69.0399680100381374359130859375" lon="20.55479169823229312896728515625">
        <ele>675.4000244140625</ele>
        <time>2026-08-23T07:07:07.000Z</time>
        <extensions>
          <ns3:TrackPointExtension>
            <ns3:cad>0</ns3:cad>
          </ns3:TrackPointExtension>
        </extensions>
      </trkpt>
      <trkpt lat="69.03999340720474720001220703125" lon="20.55497266352176666259765625">
        <ele>676</ele>
        <time>2026-08-23T07:07:15.000Z</time>
        <extensions>
          <ns3:TrackPointExtension>
            <ns3:cad>45</ns3:cad>
          </ns3:TrackPointExtension>
        </extensions>
      </trkpt>
      <trkpt lat="69.03999759815633296966552734375" lon="20.55505036376416683197021484375">
        <ele>676.20001220703125</ele>
        <time>2026-08-23T07:07:18.000Z</time>
        <extensions>
          <ns3:TrackPointExtension>
            <ns3:cad>0</ns3:cad>
          </ns3:TrackPointExtension>
        </extensions>
      </trkpt>
      <trkpt lat="69.04000849463045597076416015625" lon="20.5551461689174175262451171875">
        <ele>676.4000244140625</ele>
        <time>2026-08-23T07:07:22.000Z</time>
        <extensions>
          <ns3:TrackPointExtension>
            <ns3:cad>0</ns3:cad>
          </ns3:TrackPointExtension>
        </extensions>
      </trkpt>
      <trkpt lat="69.040017463266849517822265625" lon="20.55529092438519001007080078125">
        <ele>676.4000244140625</ele>
        <time>2026-08-23T07:07:27.000Z</time>
        <extensions>
          <ns3:TrackPointExtension>
            <ns3:cad>0</ns3:cad>
          </ns3:TrackPointExtension>
        </extensions>
      </trkpt>
      <trkpt lat="69.0400266833603382110595703125" lon="20.55544950999319553375244140625">
        <ele>676.5999755859375</ele>
        <time>2026-08-23T07:07:33.000Z</time>
        <extensions>
          <ns3:TrackPointExtension>
            <ns3:cad>40</ns3:cad>
          </ns3:TrackPointExtension>
        </extensions>
      </trkpt>
      <trkpt lat="69.04004571028053760528564453125" lon="20.55564321577548980712890625">
        <ele>676.5999755859375</ele>
        <time>2026-08-23T07:07:41.000Z</time>
        <extensions>
          <ns3:TrackPointExtension>
            <ns3:cad>16</ns3:cad>
          </ns3:TrackPointExtension>
        </extensions>
      </trkpt>
      <trkpt lat="69.04005493037402629852294921875" lon="20.55577506311237812042236328125">
        <ele>676.5999755859375</ele>
        <time>2026-08-23T07:07:47.000Z</time>
        <extensions>
          <ns3:TrackPointExtension>
            <ns3:cad>44</ns3:cad>
          </ns3:TrackPointExtension>
        </extensions>
      </trkpt>
      <trkpt lat="69.04007035307586193084716796875" lon="20.55587598122656345367431640625">
        <ele>676.5999755859375</ele>
        <time>2026-08-23T07:07:52.000Z</time>
        <extensions>
          <ns3:TrackPointExtension>
            <ns3:cad>45</ns3:cad>
          </ns3:TrackPointExtension>
        </extensions>
      </trkpt>
      <trkpt lat="69.04007278382778167724609375" lon="20.5559002049267292022705078125">
        <ele>676.79998779296875</ele>
        <time>2026-08-23T07:07:53.000Z</time>
        <extensions>
          <ns3:TrackPointExtension>
            <ns3:cad>44</ns3:cad>
          </ns3:TrackPointExtension>
        </extensions>
      </trkpt>
      <trkpt lat="69.04007655568420886993408203125" lon="20.55597321130335330963134765625">
        <ele>676.5999755859375</ele>
        <time>2026-08-23T07:08:00.000Z</time>
        <extensions>
          <ns3:TrackPointExtension>
            <ns3:cad>0</ns3:cad>
          </ns3:TrackPointExtension>
        </extensions>
      </trkpt>
      <trkpt lat="69.040089212357997894287109375" lon="20.55599869228899478912353515625">
        <ele>676.5999755859375</ele>
        <time>2026-08-23T07:08:06.000Z</time>
        <extensions>
          <ns3:TrackPointExtension>
            <ns3:cad>0</ns3:cad>
          </ns3:TrackPointExtension>
        </extensions>
      </trkpt>
      <trkpt lat="69.04011410661041736602783203125" lon="20.55612056516110897064208984375">
        <ele>676.4000244140625</ele>
        <time>2026-08-23T07:08:12.000Z</time>
        <extensions>
          <ns3:TrackPointExtension>
            <ns3:cad>0</ns3:cad>
          </ns3:TrackPointExtension>
        </extensions>
      </trkpt>
      <trkpt lat="69.0401490591466426849365234375" lon="20.556233637034893035888671875">
        <ele>676.79998779296875</ele>
        <time>2026-08-23T07:08:17.000Z</time>
        <extensions>
          <ns3:TrackPointExtension>
            <ns3:cad>44</ns3:cad>
          </ns3:TrackPointExtension>
        </extensions>
      </trkpt>
      <trkpt lat="69.0401758812367916107177734375" lon="20.5563260056078433990478515625">
        <ele>677.20001220703125</ele>
        <time>2026-08-23T07:08:22.000Z</time>
        <extensions>
          <ns3:TrackPointExtension>
            <ns3:cad>0</ns3:cad>
          </ns3:TrackPointExtension>
        </extensions>
      </trkpt>
      <trkpt lat="69.04017797671258449554443359375" lon="20.55634771473705768585205078125">
        <ele>677.20001220703125</ele>
        <time>2026-08-23T07:08:23.000Z</time>
        <extensions>
          <ns3:TrackPointExtension>
            <ns3:cad>0</ns3:cad>
          </ns3:TrackPointExtension>
        </extensions>
      </trkpt>
      <trkpt lat="69.0401805751025676727294921875" lon="20.556374453008174896240234375">
        <ele>677.4000244140625</ele>
        <time>2026-08-23T07:08:24.000Z</time>
        <extensions>
          <ns3:TrackPointExtension>
            <ns3:cad>0</ns3:cad>
          </ns3:TrackPointExtension>
        </extensions>
      </trkpt>
      <trkpt lat="69.0401886217296123504638671875" lon="20.55644393898546695709228515625">
        <ele>677.4000244140625</ele>
        <time>2026-08-23T07:08:27.000Z</time>
        <extensions>
          <ns3:TrackPointExtension>
            <ns3:cad>0</ns3:cad>
          </ns3:TrackPointExtension>
        </extensions>
      </trkpt>
      <trkpt lat="69.04021033085882663726806640625" lon="20.55657100863754749298095703125">
        <ele>677.79998779296875</ele>
        <time>2026-08-23T07:08:32.000Z</time>
        <extensions>
          <ns3:TrackPointExtension>
            <ns3:cad>0</ns3:cad>
          </ns3:TrackPointExtension>
        </extensions>
      </trkpt>
      <trkpt lat="69.04022525064647197723388671875" lon="20.55666186846792697906494140625">
        <ele>677.79998779296875</ele>
        <time>2026-08-23T07:08:37.000Z</time>
        <extensions>
          <ns3:TrackPointExtension>
            <ns3:cad>0</ns3:cad>
          </ns3:TrackPointExtension>
        </extensions>
      </trkpt>
      <trkpt lat="69.0402600355446338653564453125" lon="20.5568104796111583709716796875">
        <ele>677.79998779296875</ele>
        <time>2026-08-23T07:08:45.000Z</time>
        <extensions>
          <ns3:TrackPointExtension>
            <ns3:cad>41</ns3:cad>
          </ns3:TrackPointExtension>
        </extensions>
      </trkpt>
      <trkpt lat="69.04028358869254589080810546875" lon="20.55685414932668209075927734375">
        <ele>677.79998779296875</ele>
        <time>2026-08-23T07:08:51.000Z</time>
        <extensions>
          <ns3:TrackPointExtension>
            <ns3:cad>0</ns3:cad>
          </ns3:TrackPointExtension>
        </extensions>
      </trkpt>
      <trkpt lat="69.04028777964413166046142578125" lon="20.55685632862150669097900390625">
        <ele>677.79998779296875</ele>
        <time>2026-08-23T07:08:58.000Z</time>
        <extensions>
          <ns3:TrackPointExtension>
            <ns3:cad>0</ns3:cad>
          </ns3:TrackPointExtension>
        </extensions>
      </trkpt>
      <trkpt lat="69.04029917903244495391845703125" lon="20.55693662725389003753662109375">
        <ele>677.4000244140625</ele>
        <time>2026-08-23T07:09:04.000Z</time>
        <extensions>
          <ns3:TrackPointExtension>
            <ns3:cad>0</ns3:cad>
          </ns3:TrackPointExtension>
        </extensions>
      </trkpt>
      <trkpt lat="69.04031946323812007904052734375" lon="20.55709202773869037628173828125">
        <ele>677.79998779296875</ele>
        <time>2026-08-23T07:09:11.000Z</time>
        <extensions>
          <ns3:TrackPointExtension>
            <ns3:cad>0</ns3:cad>
          </ns3:TrackPointExtension>
        </extensions>
      </trkpt>
      <trkpt lat="69.0403522364795207977294921875" lon="20.55726503022015094757080078125">
        <ele>677.79998779296875</ele>
        <time>2026-08-23T07:09:18.000Z</time>
        <extensions>
          <ns3:TrackPointExtension>
            <ns3:cad>45</ns3:cad>
          </ns3:TrackPointExtension>
        </extensions>
      </trkpt>
      <trkpt lat="69.0403859317302703857421875" lon="20.5574758350849151611328125">
        <ele>677.79998779296875</ele>
        <time>2026-08-23T07:09:26.000Z</time>
        <extensions>
          <ns3:TrackPointExtension>
            <ns3:cad>0</ns3:cad>
          </ns3:TrackPointExtension>
        </extensions>
      </trkpt>
      <trkpt lat="69.04041300527751445770263671875" lon="20.557630062103271484375">
        <ele>677.4000244140625</ele>
        <time>2026-08-23T07:09:32.000Z</time>
        <extensions>
          <ns3:TrackPointExtension>
            <ns3:cad>48</ns3:cad>
          </ns3:TrackPointExtension>
        </extensions>
      </trkpt>
      <trkpt lat="69.0404357202351093292236328125" lon="20.55771698243916034698486328125">
        <ele>677.20001220703125</ele>
        <time>2026-08-23T07:09:37.000Z</time>
        <extensions>
          <ns3:TrackPointExtension>
            <ns3:cad>46</ns3:cad>
          </ns3:TrackPointExtension>
        </extensions>
      </trkpt>
      <trkpt lat="69.0404464490711688995361328125" lon="20.55773911066353321075439453125">
        <ele>677.20001220703125</ele>
        <time>2026-08-23T07:09:39.000Z</time>
        <extensions>
          <ns3:TrackPointExtension>
            <ns3:cad>44</ns3:cad>
          </ns3:TrackPointExtension>
        </extensions>
      </trkpt>
      <trkpt lat="69.04046178795397281646728515625" lon="20.55786668322980403900146484375">
        <ele>676.79998779296875</ele>
        <time>2026-08-23T07:09:44.000Z</time>
        <extensions>
          <ns3:TrackPointExtension>
            <ns3:cad>0</ns3:cad>
          </ns3:TrackPointExtension>
        </extensions>
      </trkpt>
      <trkpt lat="69.04047871939837932586669921875" lon="20.557993836700916290283203125">
        <ele>676.5999755859375</ele>
        <time>2026-08-23T07:09:50.000Z</time>
        <extensions>
          <ns3:TrackPointExtension>
            <ns3:cad>0</ns3:cad>
          </ns3:TrackPointExtension>
        </extensions>
      </trkpt>
      <trkpt lat="69.0404960699379444122314453125" lon="20.55809877812862396240234375">
        <ele>676.5999755859375</ele>
        <time>2026-08-23T07:09:54.000Z</time>
        <extensions>
          <ns3:TrackPointExtension>
            <ns3:cad>0</ns3:cad>
          </ns3:TrackPointExtension>
        </extensions>
      </trkpt>
      <trkpt lat="69.0404980815947055816650390625" lon="20.55812115781009197235107421875">
        <ele>676.5999755859375</ele>
        <time>2026-08-23T07:09:55.000Z</time>
        <extensions>
          <ns3:TrackPointExtension>
            <ns3:cad>0</ns3:cad>
          </ns3:TrackPointExtension>
        </extensions>
      </trkpt>
      <trkpt lat="69.04051761142909526824951171875" lon="20.55821168236434459686279296875">
        <ele>676.4000244140625</ele>
        <time>2026-08-23T07:10:01.000Z</time>
        <extensions>
          <ns3:TrackPointExtension>
            <ns3:cad>0</ns3:cad>
          </ns3:TrackPointExtension>
        </extensions>
      </trkpt>
      <trkpt lat="69.0405414998531341552734375" lon="20.5583510734140872955322265625">
        <ele>676.5999755859375</ele>
        <time>2026-08-23T07:10:07.000Z</time>
        <extensions>
          <ns3:TrackPointExtension>
            <ns3:cad>0</ns3:cad>
          </ns3:TrackPointExtension>
        </extensions>
      </trkpt>
      <trkpt lat="69.04057309962809085845947265625" lon="20.55857763625681400299072265625">
        <ele>676.5999755859375</ele>
        <time>2026-08-23T07:10:16.000Z</time>
        <extensions>
          <ns3:TrackPointExtension>
            <ns3:cad>43</ns3:cad>
          </ns3:TrackPointExtension>
        </extensions>
      </trkpt>
      <trkpt lat="69.0405852533876895904541015625" lon="20.55869146250188350677490234375">
        <ele>676.4000244140625</ele>
        <time>2026-08-23T07:10:22.000Z</time>
        <extensions>
          <ns3:TrackPointExtension>
            <ns3:cad>0</ns3:cad>
          </ns3:TrackPointExtension>
        </extensions>
      </trkpt>
      <trkpt lat="69.04059313237667083740234375" lon="20.55874410085380077362060546875">
        <ele>676.20001220703125</ele>
        <time>2026-08-23T07:10:24.000Z</time>
        <extensions>
          <ns3:TrackPointExtension>
            <ns3:cad>0</ns3:cad>
          </ns3:TrackPointExtension>
        </extensions>
      </trkpt>
      <trkpt lat="69.0406201221048831939697265625" lon="20.55888860486447811126708984375">
        <ele>676.20001220703125</ele>
        <time>2026-08-23T07:10:30.000Z</time>
        <extensions>
          <ns3:TrackPointExtension>
            <ns3:cad>0</ns3:cad>
          </ns3:TrackPointExtension>
        </extensions>
      </trkpt>
      <trkpt lat="69.040645770728588104248046875" lon="20.559011399745941162109375">
        <ele>676.20001220703125</ele>
        <time>2026-08-23T07:10:36.000Z</time>
        <extensions>
          <ns3:TrackPointExtension>
            <ns3:cad>52</ns3:cad>
          </ns3:TrackPointExtension>
        </extensions>
      </trkpt>
      <trkpt lat="69.04066823422908782958984375" lon="20.55916654877364635467529296875">
        <ele>675.4000244140625</ele>
        <time>2026-08-23T07:10:43.000Z</time>
        <extensions>
          <ns3:TrackPointExtension>
            <ns3:cad>0</ns3:cad>
          </ns3:TrackPointExtension>
        </extensions>
      </trkpt>
      <trkpt lat="69.04066957533359527587890625" lon="20.55918448604643344879150390625">
        <ele>675.20001220703125</ele>
        <time>2026-08-23T07:10:44.000Z</time>
        <extensions>
          <ns3:TrackPointExtension>
            <ns3:cad>0</ns3:cad>
          </ns3:TrackPointExtension>
        </extensions>
      </trkpt>
      <trkpt lat="69.0406650491058826446533203125" lon="20.559211559593677520751953125">
        <ele>675.20001220703125</ele>
        <time>2026-08-23T07:10:49.000Z</time>
        <extensions>
          <ns3:TrackPointExtension>
            <ns3:cad>0</ns3:cad>
          </ns3:TrackPointExtension>
        </extensions>
      </trkpt>
      <trkpt lat="69.0406730957329273223876953125" lon="20.55917744524776935577392578125">
        <ele>675.20001220703125</ele>
        <time>2026-08-23T07:10:57.000Z</time>
        <extensions>
          <ns3:TrackPointExtension>
            <ns3:cad>0</ns3:cad>
          </ns3:TrackPointExtension>
        </extensions>
      </trkpt>
      <trkpt lat="69.0406818129122257232666015625" lon="20.55918063037097454071044921875">
        <ele>675.20001220703125</ele>
        <time>2026-08-23T07:11:05.000Z</time>
        <extensions>
          <ns3:TrackPointExtension>
            <ns3:cad>0</ns3:cad>
          </ns3:TrackPointExtension>
        </extensions>
      </trkpt>
      <trkpt lat="69.0406784601509571075439453125" lon="20.55918247438967227935791015625">
        <ele>675.20001220703125</ele>
        <time>2026-08-23T07:11:14.000Z</time>
        <extensions>
          <ns3:TrackPointExtension>
            <ns3:cad>0</ns3:cad>
          </ns3:TrackPointExtension>
        </extensions>
      </trkpt>
      <trkpt lat="69.04067653231322765350341796875" lon="20.5591825582087039947509765625">
        <ele>675</ele>
        <time>2026-08-23T07:11:26.000Z</time>
        <extensions>
          <ns3:TrackPointExtension>
            <ns3:cad>0</ns3:cad>
          </ns3:TrackPointExtension>
        </extensions>
      </trkpt>
      <trkpt lat="69.0406717546284198760986328125" lon="20.55922136642038822174072265625">
        <ele>675</ele>
        <time>2026-08-23T07:11:35.000Z</time>
        <extensions>
          <ns3:TrackPointExtension>
            <ns3:cad>0</ns3:cad>
          </ns3:TrackPointExtension>
        </extensions>
      </trkpt>
      <trkpt lat="69.04067502357065677642822265625" lon="20.5592274852097034454345703125">
        <ele>675</ele>
        <time>2026-08-23T07:11:45.000Z</time>
        <extensions>
          <ns3:TrackPointExtension>
            <ns3:cad>0</ns3:cad>
          </ns3:TrackPointExtension>
        </extensions>
      </trkpt>
      <trkpt lat="69.04066949151456356048583984375" lon="20.55922354571521282196044921875">
        <ele>675</ele>
        <time>2026-08-23T07:11:51.000Z</time>
        <extensions>
          <ns3:TrackPointExtension>
            <ns3:cad>0</ns3:cad>
          </ns3:TrackPointExtension>
        </extensions>
      </trkpt>
      <trkpt lat="69.04067871160805225372314453125" lon="20.559257157146930694580078125">
        <ele>675</ele>
        <time>2026-08-23T07:11:56.000Z</time>
        <extensions>
          <ns3:TrackPointExtension>
            <ns3:cad>0</ns3:cad>
          </ns3:TrackPointExtension>
        </extensions>
      </trkpt>
      <trkpt lat="69.0406918711960315704345703125" lon="20.55935832671821117401123046875">
        <ele>674.20001220703125</ele>
        <time>2026-08-23T07:12:01.000Z</time>
        <extensions>
          <ns3:TrackPointExtension>
            <ns3:cad>0</ns3:cad>
          </ns3:TrackPointExtension>
        </extensions>
      </trkpt>
      <trkpt lat="69.04069564305245876312255859375" lon="20.5594024993479251861572265625">
        <ele>674</ele>
        <time>2026-08-23T07:12:03.000Z</time>
        <extensions>
          <ns3:TrackPointExtension>
            <ns3:cad>0</ns3:cad>
          </ns3:TrackPointExtension>
        </extensions>
      </trkpt>
      <trkpt lat="69.04070972464978694915771484375" lon="20.55956284515559673309326171875">
        <ele>673.20001220703125</ele>
        <time>2026-08-23T07:12:09.000Z</time>
        <extensions>
          <ns3:TrackPointExtension>
            <ns3:cad>0</ns3:cad>
          </ns3:TrackPointExtension>
        </extensions>
      </trkpt>
      <trkpt lat="69.04071073047816753387451171875" lon="20.559589751064777374267578125">
        <ele>673</ele>
        <time>2026-08-23T07:12:10.000Z</time>
        <extensions>
          <ns3:TrackPointExtension>
            <ns3:cad>0</ns3:cad>
          </ns3:TrackPointExtension>
        </extensions>
      </trkpt>
      <trkpt lat="69.0407334454357624053955078125" lon="20.559702403843402862548828125">
        <ele>672.20001220703125</ele>
        <time>2026-08-23T07:12:16.000Z</time>
        <extensions>
          <ns3:TrackPointExtension>
            <ns3:cad>48</ns3:cad>
          </ns3:TrackPointExtension>
        </extensions>
      </trkpt>
      <trkpt lat="69.04074601829051971435546875" lon="20.5597401224076747894287109375">
        <ele>672</ele>
        <time>2026-08-23T07:12:18.000Z</time>
        <extensions>
          <ns3:TrackPointExtension>
            <ns3:cad>50</ns3:cad>
          </ns3:TrackPointExtension>
        </extensions>
      </trkpt>
      <trkpt lat="69.04078063555061817169189453125" lon="20.55982352234423160552978515625">
        <ele>671.5999755859375</ele>
        <time>2026-08-23T07:12:23.000Z</time>
        <extensions>
          <ns3:TrackPointExtension>
            <ns3:cad>0</ns3:cad>
          </ns3:TrackPointExtension>
        </extensions>
      </trkpt>
      <trkpt lat="69.04079790227115154266357421875" lon="20.55989929474890232086181640625">
        <ele>671</ele>
        <time>2026-08-23T07:12:27.000Z</time>
        <extensions>
          <ns3:TrackPointExtension>
            <ns3:cad>0</ns3:cad>
          </ns3:TrackPointExtension>
        </extensions>
      </trkpt>
      <trkpt lat="69.04080527834594249725341796875" lon="20.5599449761211872100830078125">
        <ele>670.79998779296875</ele>
        <time>2026-08-23T07:12:29.000Z</time>
        <extensions>
          <ns3:TrackPointExtension>
            <ns3:cad>0</ns3:cad>
          </ns3:TrackPointExtension>
        </extensions>
      </trkpt>
      <trkpt lat="69.040839560329914093017578125" lon="20.56010833941400051116943359375">
        <ele>670</ele>
        <time>2026-08-23T07:12:37.000Z</time>
        <extensions>
          <ns3:TrackPointExtension>
            <ns3:cad>48</ns3:cad>
          </ns3:TrackPointExtension>
        </extensions>
      </trkpt>
      <trkpt lat="69.04084484092891216278076171875" lon="20.56012258864939212799072265625">
        <ele>670</ele>
        <time>2026-08-23T07:12:38.000Z</time>
        <extensions>
          <ns3:TrackPointExtension>
            <ns3:cad>48</ns3:cad>
          </ns3:TrackPointExtension>
        </extensions>
      </trkpt>
      <trkpt lat="69.04085054062306880950927734375" lon="20.560158379375934600830078125">
        <ele>669.79998779296875</ele>
        <time>2026-08-23T07:12:40.000Z</time>
        <extensions>
          <ns3:TrackPointExtension>
            <ns3:cad>49</ns3:cad>
          </ns3:TrackPointExtension>
        </extensions>
      </trkpt>
      <trkpt lat="69.04086110182106494903564453125" lon="20.5602537654340267181396484375">
        <ele>669.4000244140625</ele>
        <time>2026-08-23T07:12:44.000Z</time>
        <extensions>
          <ns3:TrackPointExtension>
            <ns3:cad>45</ns3:cad>
          </ns3:TrackPointExtension>
        </extensions>
      </trkpt>
      <trkpt lat="69.04087468050420284271240234375" lon="20.5603228323161602020263671875">
        <ele>669</ele>
        <time>2026-08-23T07:12:47.000Z</time>
        <extensions>
          <ns3:TrackPointExtension>
            <ns3:cad>45</ns3:cad>
          </ns3:TrackPointExtension>
        </extensions>
      </trkpt>
      <trkpt lat="69.04088155366480350494384765625" lon="20.56039298884570598602294921875">
        <ele>668.5999755859375</ele>
        <time>2026-08-23T07:12:50.000Z</time>
        <extensions>
          <ns3:TrackPointExtension>
            <ns3:cad>48</ns3:cad>
          </ns3:TrackPointExtension>
        </extensions>
      </trkpt>
      <trkpt lat="69.04089831747114658355712890625" lon="20.5604757182300090789794921875">
        <ele>668</ele>
        <time>2026-08-23T07:12:54.000Z</time>
        <extensions>
          <ns3:TrackPointExtension>
            <ns3:cad>52</ns3:cad>
          </ns3:TrackPointExtension>
        </extensions>
      </trkpt>
      <trkpt lat="69.04091441072523593902587890625" lon="20.56053497828543186187744140625">
        <ele>667.5999755859375</ele>
        <time>2026-08-23T07:12:57.000Z</time>
        <extensions>
          <ns3:TrackPointExtension>
            <ns3:cad>52</ns3:cad>
          </ns3:TrackPointExtension>
        </extensions>
      </trkpt>
      <trkpt lat="69.04093385674059391021728515625" lon="20.5606591142714023590087890625">
        <ele>666.79998779296875</ele>
        <time>2026-08-23T07:13:02.000Z</time>
        <extensions>
          <ns3:TrackPointExtension>
            <ns3:cad>52</ns3:cad>
          </ns3:TrackPointExtension>
        </extensions>
      </trkpt>
      <trkpt lat="69.0409453399479389190673828125" lon="20.56072466075420379638671875">
        <ele>666.4000244140625</ele>
        <time>2026-08-23T07:13:05.000Z</time>
        <extensions>
          <ns3:TrackPointExtension>
            <ns3:cad>0</ns3:cad>
          </ns3:TrackPointExtension>
        </extensions>
      </trkpt>
      <trkpt lat="69.040973670780658721923828125" lon="20.56089020334184169769287109375">
        <ele>665.79998779296875</ele>
        <time>2026-08-23T07:13:12.000Z</time>
        <extensions>
          <ns3:TrackPointExtension>
            <ns3:cad>0</ns3:cad>
          </ns3:TrackPointExtension>
        </extensions>
      </trkpt>
      <trkpt lat="69.04100242070853710174560546875" lon="20.561018697917461395263671875">
        <ele>665</ele>
        <time>2026-08-23T07:13:20.000Z</time>
        <extensions>
          <ns3:TrackPointExtension>
            <ns3:cad>0</ns3:cad>
          </ns3:TrackPointExtension>
        </extensions>
      </trkpt>
      <trkpt lat="69.04101851396262645721435546875" lon="20.56111098267138004302978515625">
        <ele>664.79998779296875</ele>
        <time>2026-08-23T07:13:24.000Z</time>
        <extensions>
          <ns3:TrackPointExtension>
            <ns3:cad>0</ns3:cad>
          </ns3:TrackPointExtension>
        </extensions>
      </trkpt>
      <trkpt lat="69.04103661887347698211669921875" lon="20.56117451749742031097412109375">
        <ele>664.20001220703125</ele>
        <time>2026-08-23T07:13:28.000Z</time>
        <extensions>
          <ns3:TrackPointExtension>
            <ns3:cad>0</ns3:cad>
          </ns3:TrackPointExtension>
        </extensions>
      </trkpt>
      <trkpt lat="69.04104030691087245941162109375" lon="20.56120536290109157562255859375">
        <ele>664</ele>
        <time>2026-08-23T07:13:30.000Z</time>
        <extensions>
          <ns3:TrackPointExtension>
            <ns3:cad>0</ns3:cad>
          </ns3:TrackPointExtension>
        </extensions>
      </trkpt>
      <trkpt lat="69.04105044901371002197265625" lon="20.56127862073481082916259765625">
        <ele>663.5999755859375</ele>
        <time>2026-08-23T07:13:33.000Z</time>
        <extensions>
          <ns3:TrackPointExtension>
            <ns3:cad>0</ns3:cad>
          </ns3:TrackPointExtension>
        </extensions>
      </trkpt>
      <trkpt lat="69.0410636924207210540771484375" lon="20.56133276782929897308349609375">
        <ele>663.4000244140625</ele>
        <time>2026-08-23T07:13:35.000Z</time>
        <extensions>
          <ns3:TrackPointExtension>
            <ns3:cad>0</ns3:cad>
          </ns3:TrackPointExtension>
        </extensions>
      </trkpt>
      <trkpt lat="69.04110082425177097320556640625" lon="20.56147660128772258758544921875">
        <ele>662.5999755859375</ele>
        <time>2026-08-23T07:13:41.000Z</time>
        <extensions>
          <ns3:TrackPointExtension>
            <ns3:cad>49</ns3:cad>
          </ns3:TrackPointExtension>
        </extensions>
      </trkpt>
      <trkpt lat="69.041105769574642181396484375" lon="20.56149973534047603607177734375">
        <ele>662.5999755859375</ele>
        <time>2026-08-23T07:13:42.000Z</time>
        <extensions>
          <ns3:TrackPointExtension>
            <ns3:cad>50</ns3:cad>
          </ns3:TrackPointExtension>
        </extensions>
      </trkpt>
      <trkpt lat="69.0411344356834888458251953125" lon="20.5616109631955623626708984375">
        <ele>662.20001220703125</ele>
        <time>2026-08-23T07:13:47.000Z</time>
        <extensions>
          <ns3:TrackPointExtension>
            <ns3:cad>50</ns3:cad>
          </ns3:TrackPointExtension>
        </extensions>
      </trkpt>
      <trkpt lat="69.04116385616362094879150390625" lon="20.5617164075374603271484375">
        <ele>661.79998779296875</ele>
        <time>2026-08-23T07:13:52.000Z</time>
        <extensions>
          <ns3:TrackPointExtension>
            <ns3:cad>48</ns3:cad>
          </ns3:TrackPointExtension>
        </extensions>
      </trkpt>
      <trkpt lat="69.04119185172021389007568359375" lon="20.56176929734647274017333984375">
        <ele>662</ele>
        <time>2026-08-23T07:13:56.000Z</time>
        <extensions>
          <ns3:TrackPointExtension>
            <ns3:cad>47</ns3:cad>
          </ns3:TrackPointExtension>
        </extensions>
      </trkpt>
      <trkpt lat="69.04120760969817638397216796875" lon="20.56181975640356540679931640625">
        <ele>662</ele>
        <time>2026-08-23T07:13:59.000Z</time>
        <extensions>
          <ns3:TrackPointExtension>
            <ns3:cad>0</ns3:cad>
          </ns3:TrackPointExtension>
        </extensions>
      </trkpt>
      <trkpt lat="69.0412477590143680572509765625" lon="20.5619452334940433502197265625">
        <ele>661.5999755859375</ele>
        <time>2026-08-23T07:14:05.000Z</time>
        <extensions>
          <ns3:TrackPointExtension>
            <ns3:cad>0</ns3:cad>
          </ns3:TrackPointExtension>
        </extensions>
      </trkpt>
      <trkpt lat="69.041255302727222442626953125" lon="20.56195939891040325164794921875">
        <ele>661.5999755859375</ele>
        <time>2026-08-23T07:14:06.000Z</time>
        <extensions>
          <ns3:TrackPointExtension>
            <ns3:cad>0</ns3:cad>
          </ns3:TrackPointExtension>
        </extensions>
      </trkpt>
      <trkpt lat="69.041292853653430938720703125" lon="20.56205830536782741546630859375">
        <ele>661</ele>
        <time>2026-08-23T07:14:12.000Z</time>
        <extensions>
          <ns3:TrackPointExtension>
            <ns3:cad>0</ns3:cad>
          </ns3:TrackPointExtension>
        </extensions>
      </trkpt>
      <trkpt lat="69.0413107909262180328369140625" lon="20.5621641688048839569091796875">
        <ele>660.5999755859375</ele>
        <time>2026-08-23T07:14:17.000Z</time>
        <extensions>
          <ns3:TrackPointExtension>
            <ns3:cad>49</ns3:cad>
          </ns3:TrackPointExtension>
        </extensions>
      </trkpt>
      <trkpt lat="69.04133233241736888885498046875" lon="20.5622932501137256622314453125">
        <ele>660.5999755859375</ele>
        <time>2026-08-23T07:14:23.000Z</time>
        <extensions>
          <ns3:TrackPointExtension>
            <ns3:cad>0</ns3:cad>
          </ns3:TrackPointExtension>
        </extensions>
      </trkpt>
      <trkpt lat="69.04135680757462978363037109375" lon="20.562410093843936920166015625">
        <ele>660.5999755859375</ele>
        <time>2026-08-23T07:14:29.000Z</time>
        <extensions>
          <ns3:TrackPointExtension>
            <ns3:cad>0</ns3:cad>
          </ns3:TrackPointExtension>
        </extensions>
      </trkpt>
      <trkpt lat="69.041361920535564422607421875" lon="20.5624692700803279876708984375">
        <ele>660.4000244140625</ele>
        <time>2026-08-23T07:14:31.000Z</time>
        <extensions>
          <ns3:TrackPointExtension>
            <ns3:cad>48</ns3:cad>
          </ns3:TrackPointExtension>
        </extensions>
      </trkpt>
      <trkpt lat="69.0413872338831424713134765625" lon="20.562632717192173004150390625">
        <ele>660.4000244140625</ele>
        <time>2026-08-23T07:14:38.000Z</time>
        <extensions>
          <ns3:TrackPointExtension>
            <ns3:cad>48</ns3:cad>
          </ns3:TrackPointExtension>
        </extensions>
      </trkpt>
      <trkpt lat="69.041400812566280364990234375" lon="20.56280764751136302947998046875">
        <ele>659.79998779296875</ele>
        <time>2026-08-23T07:14:45.000Z</time>
        <extensions>
          <ns3:TrackPointExtension>
            <ns3:cad>47</ns3:cad>
          </ns3:TrackPointExtension>
        </extensions>
      </trkpt>
      <trkpt lat="69.04140374623239040374755859375" lon="20.56285676546394824981689453125">
        <ele>659.5999755859375</ele>
        <time>2026-08-23T07:14:47.000Z</time>
        <extensions>
          <ns3:TrackPointExtension>
            <ns3:cad>48</ns3:cad>
          </ns3:TrackPointExtension>
        </extensions>
      </trkpt>
      <trkpt lat="69.04142151586711406707763671875" lon="20.5629906244575977325439453125">
        <ele>659.20001220703125</ele>
        <time>2026-08-23T07:14:52.000Z</time>
        <extensions>
          <ns3:TrackPointExtension>
            <ns3:cad>48</ns3:cad>
          </ns3:TrackPointExtension>
        </extensions>
      </trkpt>
      <trkpt lat="69.04142553918063640594482421875" lon="20.56315918453037738800048828125">
        <ele>658.5999755859375</ele>
        <time>2026-08-23T07:14:58.000Z</time>
        <extensions>
          <ns3:TrackPointExtension>
            <ns3:cad>47</ns3:cad>
          </ns3:TrackPointExtension>
        </extensions>
      </trkpt>
      <trkpt lat="69.0414239466190338134765625" lon="20.5632023513317108154296875">
        <ele>658.4000244140625</ele>
        <time>2026-08-23T07:15:00.000Z</time>
        <extensions>
          <ns3:TrackPointExtension>
            <ns3:cad>46</ns3:cad>
          </ns3:TrackPointExtension>
        </extensions>
      </trkpt>
      <trkpt lat="69.04142889194190502166748046875" lon="20.563286840915679931640625">
        <ele>658.20001220703125</ele>
        <time>2026-08-23T07:15:04.000Z</time>
        <extensions>
          <ns3:TrackPointExtension>
            <ns3:cad>48</ns3:cad>
          </ns3:TrackPointExtension>
        </extensions>
      </trkpt>
      <trkpt lat="69.04144582338631153106689453125" lon="20.563377030193805694580078125">
        <ele>658</ele>
        <time>2026-08-23T07:15:10.000Z</time>
        <extensions>
          <ns3:TrackPointExtension>
            <ns3:cad>0</ns3:cad>
          </ns3:TrackPointExtension>
        </extensions>
      </trkpt>
      <trkpt lat="69.041446745395660400390625" lon="20.563417263329029083251953125">
        <ele>657.79998779296875</ele>
        <time>2026-08-23T07:15:12.000Z</time>
        <extensions>
          <ns3:TrackPointExtension>
            <ns3:cad>0</ns3:cad>
          </ns3:TrackPointExtension>
        </extensions>
      </trkpt>
      <trkpt lat="69.04145722277462482452392578125" lon="20.563503094017505645751953125">
        <ele>657.5999755859375</ele>
        <time>2026-08-23T07:15:16.000Z</time>
        <extensions>
          <ns3:TrackPointExtension>
            <ns3:cad>0</ns3:cad>
          </ns3:TrackPointExtension>
        </extensions>
      </trkpt>
      <trkpt lat="69.04147423803806304931640625" lon="20.56360191665589809417724609375">
        <ele>657.4000244140625</ele>
        <time>2026-08-23T07:15:20.000Z</time>
        <extensions>
          <ns3:TrackPointExtension>
            <ns3:cad>0</ns3:cad>
          </ns3:TrackPointExtension>
        </extensions>
      </trkpt>
      <trkpt lat="69.04148790054023265838623046875" lon="20.56369897909462451934814453125">
        <ele>657.20001220703125</ele>
        <time>2026-08-23T07:15:24.000Z</time>
        <extensions>
          <ns3:TrackPointExtension>
            <ns3:cad>0</ns3:cad>
          </ns3:TrackPointExtension>
        </extensions>
      </trkpt>
      <trkpt lat="69.04150298796594142913818359375" lon="20.56382252834737300872802734375">
        <ele>657</ele>
        <time>2026-08-23T07:15:30.000Z</time>
        <extensions>
          <ns3:TrackPointExtension>
            <ns3:cad>0</ns3:cad>
          </ns3:TrackPointExtension>
        </extensions>
      </trkpt>
      <trkpt lat="69.04150214977562427520751953125" lon="20.56393266655504703521728515625">
        <ele>656.5999755859375</ele>
        <time>2026-08-23T07:15:35.000Z</time>
        <extensions>
          <ns3:TrackPointExtension>
            <ns3:cad>0</ns3:cad>
          </ns3:TrackPointExtension>
        </extensions>
      </trkpt>
      <trkpt lat="69.04150114394724369049072265625" lon="20.56398245505988597869873046875">
        <ele>656.4000244140625</ele>
        <time>2026-08-23T07:15:37.000Z</time>
        <extensions>
          <ns3:TrackPointExtension>
            <ns3:cad>0</ns3:cad>
          </ns3:TrackPointExtension>
        </extensions>
      </trkpt>
      <trkpt lat="69.041500724852085113525390625" lon="20.56408806703984737396240234375">
        <ele>656</ele>
        <time>2026-08-23T07:15:42.000Z</time>
        <extensions>
          <ns3:TrackPointExtension>
            <ns3:cad>46</ns3:cad>
          </ns3:TrackPointExtension>
        </extensions>
      </trkpt>
      <trkpt lat="69.04150432907044887542724609375" lon="20.5641288869082927703857421875">
        <ele>655.79998779296875</ele>
        <time>2026-08-23T07:15:44.000Z</time>
        <extensions>
          <ns3:TrackPointExtension>
            <ns3:cad>0</ns3:cad>
          </ns3:TrackPointExtension>
        </extensions>
      </trkpt>
      <trkpt lat="69.04150910675525665283203125" lon="20.56419954635202884674072265625">
        <ele>655.79998779296875</ele>
        <time>2026-08-23T07:15:48.000Z</time>
        <extensions>
          <ns3:TrackPointExtension>
            <ns3:cad>0</ns3:cad>
          </ns3:TrackPointExtension>
        </extensions>
      </trkpt>
      <trkpt lat="69.04150449670851230621337890625" lon="20.5642418749630451202392578125">
        <ele>655.5999755859375</ele>
        <time>2026-08-23T07:15:53.000Z</time>
        <extensions>
          <ns3:TrackPointExtension>
            <ns3:cad>0</ns3:cad>
          </ns3:TrackPointExtension>
        </extensions>
      </trkpt>
      <trkpt lat="69.04150910675525665283203125" lon="20.5643401108682155609130859375">
        <ele>655.5999755859375</ele>
        <time>2026-08-23T07:16:00.000Z</time>
        <extensions>
          <ns3:TrackPointExtension>
            <ns3:cad>0</ns3:cad>
          </ns3:TrackPointExtension>
        </extensions>
      </trkpt>
      <trkpt lat="69.04151740483939647674560546875" lon="20.564431808888912200927734375">
        <ele>655.5999755859375</ele>
        <time>2026-08-23T07:16:05.000Z</time>
        <extensions>
          <ns3:TrackPointExtension>
            <ns3:cad>0</ns3:cad>
          </ns3:TrackPointExtension>
        </extensions>
      </trkpt>
      <trkpt lat="69.04152193106710910797119140625" lon="20.56454437784850597381591796875">
        <ele>655.4000244140625</ele>
        <time>2026-08-23T07:16:11.000Z</time>
        <extensions>
          <ns3:TrackPointExtension>
            <ns3:cad>0</ns3:cad>
          </ns3:TrackPointExtension>
        </extensions>
      </trkpt>
      <trkpt lat="69.04154489748179912567138671875" lon="20.5645798332989215850830078125">
        <ele>655.4000244140625</ele>
        <time>2026-08-23T07:16:17.000Z</time>
        <extensions>
          <ns3:TrackPointExtension>
            <ns3:cad>0</ns3:cad>
          </ns3:TrackPointExtension>
        </extensions>
      </trkpt>
      <trkpt lat="69.04158580116927623748779296875" lon="20.56467429734766483306884765625">
        <ele>655.5999755859375</ele>
        <time>2026-08-23T07:16:24.000Z</time>
        <extensions>
          <ns3:TrackPointExtension>
            <ns3:cad>0</ns3:cad>
          </ns3:TrackPointExtension>
        </extensions>
      </trkpt>
      <trkpt lat="69.04161446727812290191650390625" lon="20.56482215411961078643798828125">
        <ele>655.79998779296875</ele>
        <time>2026-08-23T07:16:31.000Z</time>
        <extensions>
          <ns3:TrackPointExtension>
            <ns3:cad>0</ns3:cad>
          </ns3:TrackPointExtension>
        </extensions>
      </trkpt>
      <trkpt lat="69.04164631851017475128173828125" lon="20.56493279524147510528564453125">
        <ele>656</ele>
        <time>2026-08-23T07:16:37.000Z</time>
        <extensions>
          <ns3:TrackPointExtension>
            <ns3:cad>0</ns3:cad>
          </ns3:TrackPointExtension>
        </extensions>
      </trkpt>
      <trkpt lat="69.04167280532419681549072265625" lon="20.5650307796895503997802734375">
        <ele>656</ele>
        <time>2026-08-23T07:16:43.000Z</time>
        <extensions>
          <ns3:TrackPointExtension>
            <ns3:cad>41</ns3:cad>
          </ns3:TrackPointExtension>
        </extensions>
      </trkpt>
      <trkpt lat="69.0417002141475677490234375" lon="20.56514653377234935760498046875">
        <ele>656</ele>
        <time>2026-08-23T07:16:50.000Z</time>
        <extensions>
          <ns3:TrackPointExtension>
            <ns3:cad>44</ns3:cad>
          </ns3:TrackPointExtension>
        </extensions>
      </trkpt>
      <trkpt lat="69.0417312271893024444580078125" lon="20.56533110328018665313720703125">
        <ele>656</ele>
        <time>2026-08-23T07:16:57.000Z</time>
        <extensions>
          <ns3:TrackPointExtension>
            <ns3:cad>47</ns3:cad>
          </ns3:TrackPointExtension>
        </extensions>
      </trkpt>
      <trkpt lat="69.0417377650737762451171875" lon="20.5654554069042205810546875">
        <ele>656.20001220703125</ele>
        <time>2026-08-23T07:17:02.000Z</time>
        <extensions>
          <ns3:TrackPointExtension>
            <ns3:cad>44</ns3:cad>
          </ns3:TrackPointExtension>
        </extensions>
      </trkpt>
      <trkpt lat="69.04175561852753162384033203125" lon="20.56565581820905208587646484375">
        <ele>655.79998779296875</ele>
        <time>2026-08-23T07:17:09.000Z</time>
        <extensions>
          <ns3:TrackPointExtension>
            <ns3:cad>0</ns3:cad>
          </ns3:TrackPointExtension>
        </extensions>
      </trkpt>
      <trkpt lat="69.0417530201375484466552734375" lon="20.56582546792924404144287109375">
        <ele>655.5999755859375</ele>
        <time>2026-08-23T07:17:15.000Z</time>
        <extensions>
          <ns3:TrackPointExtension>
            <ns3:cad>0</ns3:cad>
          </ns3:TrackPointExtension>
        </extensions>
      </trkpt>
      <trkpt lat="69.04174916446208953857421875" lon="20.5659784376621246337890625">
        <ele>655.79998779296875</ele>
        <time>2026-08-23T07:17:21.000Z</time>
        <extensions>
          <ns3:TrackPointExtension>
            <ns3:cad>45</ns3:cad>
          </ns3:TrackPointExtension>
        </extensions>
      </trkpt>
      <trkpt lat="69.0417432971298694610595703125" lon="20.56612235493957996368408203125">
        <ele>656</ele>
        <time>2026-08-23T07:17:27.000Z</time>
        <extensions>
          <ns3:TrackPointExtension>
            <ns3:cad>0</ns3:cad>
          </ns3:TrackPointExtension>
        </extensions>
      </trkpt>
      <trkpt lat="69.04173684306442737579345703125" lon="20.56622344069182872772216796875">
        <ele>655.79998779296875</ele>
        <time>2026-08-23T07:17:32.000Z</time>
        <extensions>
          <ns3:TrackPointExtension>
            <ns3:cad>47</ns3:cad>
          </ns3:TrackPointExtension>
        </extensions>
      </trkpt>
      <trkpt lat="69.04173843562602996826171875" lon="20.566246993839740753173828125">
        <ele>655.79998779296875</ele>
        <time>2026-08-23T07:17:33.000Z</time>
        <extensions>
          <ns3:TrackPointExtension>
            <ns3:cad>47</ns3:cad>
          </ns3:TrackPointExtension>
        </extensions>
      </trkpt>
      <trkpt lat="69.0417270362377166748046875" lon="20.56641538627445697784423828125">
        <ele>655.79998779296875</ele>
        <time>2026-08-23T07:17:39.000Z</time>
        <extensions>
          <ns3:TrackPointExtension>
            <ns3:cad>0</ns3:cad>
          </ns3:TrackPointExtension>
        </extensions>
      </trkpt>
      <trkpt lat="69.04172611422836780548095703125" lon="20.56660984642803668975830078125">
        <ele>655.79998779296875</ele>
        <time>2026-08-23T07:17:46.000Z</time>
        <extensions>
          <ns3:TrackPointExtension>
            <ns3:cad>0</ns3:cad>
          </ns3:TrackPointExtension>
        </extensions>
      </trkpt>
      <trkpt lat="69.04172762297093868255615234375" lon="20.56674429215490818023681640625">
        <ele>656</ele>
        <time>2026-08-23T07:17:51.000Z</time>
        <extensions>
          <ns3:TrackPointExtension>
            <ns3:cad>45</ns3:cad>
          </ns3:TrackPointExtension>
        </extensions>
      </trkpt>
      <trkpt lat="69.041721336543560028076171875" lon="20.5668768100440502166748046875">
        <ele>656</ele>
        <time>2026-08-23T07:17:57.000Z</time>
        <extensions>
          <ns3:TrackPointExtension>
            <ns3:cad>0</ns3:cad>
          </ns3:TrackPointExtension>
        </extensions>
      </trkpt>
      <trkpt lat="69.041707254946231842041015625" lon="20.5669654905796051025390625">
        <ele>656.20001220703125</ele>
        <time>2026-08-23T07:18:01.000Z</time>
        <extensions>
          <ns3:TrackPointExtension>
            <ns3:cad>0</ns3:cad>
          </ns3:TrackPointExtension>
        </extensions>
      </trkpt>
      <trkpt lat="69.04169677756726741790771484375" lon="20.56711996905505657196044921875">
        <ele>656.20001220703125</ele>
        <time>2026-08-23T07:18:07.000Z</time>
        <extensions>
          <ns3:TrackPointExtension>
            <ns3:cad>0</ns3:cad>
          </ns3:TrackPointExtension>
        </extensions>
      </trkpt>
      <trkpt lat="69.04168755747377872467041015625" lon="20.5672576837241649627685546875">
        <ele>656</ele>
        <time>2026-08-23T07:18:13.000Z</time>
        <extensions>
          <ns3:TrackPointExtension>
            <ns3:cad>41</ns3:cad>
          </ns3:TrackPointExtension>
        </extensions>
      </trkpt>
      <trkpt lat="69.04168906621634960174560546875" lon="20.56750402785837650299072265625">
        <ele>655.79998779296875</ele>
        <time>2026-08-23T07:18:22.000Z</time>
        <extensions>
          <ns3:TrackPointExtension>
            <ns3:cad>44</ns3:cad>
          </ns3:TrackPointExtension>
        </extensions>
      </trkpt>
      <trkpt lat="69.0416926704347133636474609375" lon="20.5676764436066150665283203125">
        <ele>655.4000244140625</ele>
        <time>2026-08-23T07:18:30.000Z</time>
        <extensions>
          <ns3:TrackPointExtension>
            <ns3:cad>0</ns3:cad>
          </ns3:TrackPointExtension>
        </extensions>
      </trkpt>
      <trkpt lat="69.0416916646063327789306640625" lon="20.56767937727272510528564453125">
        <ele>655.4000244140625</ele>
        <time>2026-08-23T07:18:31.000Z</time>
        <extensions>
          <ns3:TrackPointExtension>
            <ns3:cad>0</ns3:cad>
          </ns3:TrackPointExtension>
        </extensions>
      </trkpt>
      <trkpt lat="69.04169308952987194061279296875" lon="20.567681305110454559326171875">
        <ele>655.4000244140625</ele>
        <time>2026-08-23T07:18:33.000Z</time>
        <extensions>
          <ns3:TrackPointExtension>
            <ns3:cad>0</ns3:cad>
          </ns3:TrackPointExtension>
        </extensions>
      </trkpt>
      <trkpt lat="69.04170113615691661834716796875" lon="20.5677123181521892547607421875">
        <ele>655.20001220703125</ele>
        <time>2026-08-23T07:18:36.000Z</time>
        <extensions>
          <ns3:TrackPointExtension>
            <ns3:cad>0</ns3:cad>
          </ns3:TrackPointExtension>
        </extensions>
      </trkpt>
      <trkpt lat="69.041712284088134765625" lon="20.56785908527672290802001953125">
        <ele>654.79998779296875</ele>
        <time>2026-08-23T07:18:42.000Z</time>
        <extensions>
          <ns3:TrackPointExtension>
            <ns3:cad>0</ns3:cad>
          </ns3:TrackPointExtension>
        </extensions>
      </trkpt>
      <trkpt lat="69.04171521775424480438232421875" lon="20.5679181776940822601318359375">
        <ele>654.5999755859375</ele>
        <time>2026-08-23T07:18:45.000Z</time>
        <extensions>
          <ns3:TrackPointExtension>
            <ns3:cad>0</ns3:cad>
          </ns3:TrackPointExtension>
        </extensions>
      </trkpt>
      <trkpt lat="69.04172393493354320526123046875" lon="20.5679490230977535247802734375">
        <ele>654.4000244140625</ele>
        <time>2026-08-23T07:18:47.000Z</time>
        <extensions>
          <ns3:TrackPointExtension>
            <ns3:cad>47</ns3:cad>
          </ns3:TrackPointExtension>
        </extensions>
      </trkpt>
      <trkpt lat="69.041729383170604705810546875" lon="20.5679627694189548492431640625">
        <ele>654.4000244140625</ele>
        <time>2026-08-23T07:18:48.000Z</time>
        <extensions>
          <ns3:TrackPointExtension>
            <ns3:cad>47</ns3:cad>
          </ns3:TrackPointExtension>
        </extensions>
      </trkpt>
      <trkpt lat="69.04174488969147205352783203125" lon="20.568073578178882598876953125">
        <ele>654.20001220703125</ele>
        <time>2026-08-23T07:18:54.000Z</time>
        <extensions>
          <ns3:TrackPointExtension>
            <ns3:cad>0</ns3:cad>
          </ns3:TrackPointExtension>
        </extensions>
      </trkpt>
      <trkpt lat="69.04176525771617889404296875" lon="20.5682055093348026275634765625">
        <ele>653.5999755859375</ele>
        <time>2026-08-23T07:19:00.000Z</time>
        <extensions>
          <ns3:TrackPointExtension>
            <ns3:cad>75</ns3:cad>
          </ns3:TrackPointExtension>
        </extensions>
      </trkpt>
      <trkpt lat="69.04176936484873294830322265625" lon="20.56826166808605194091796875">
        <ele>653.4000244140625</ele>
        <time>2026-08-23T07:19:04.000Z</time>
        <extensions>
          <ns3:TrackPointExtension>
            <ns3:cad>0</ns3:cad>
          </ns3:TrackPointExtension>
        </extensions>
      </trkpt>
      <trkpt lat="69.04176902957260608673095703125" lon="20.56829242967069149017333984375">
        <ele>653.20001220703125</ele>
        <time>2026-08-23T07:19:06.000Z</time>
        <extensions>
          <ns3:TrackPointExtension>
            <ns3:cad>0</ns3:cad>
          </ns3:TrackPointExtension>
        </extensions>
      </trkpt>
      <trkpt lat="69.041772298514842987060546875" lon="20.5683092772960662841796875">
        <ele>653.20001220703125</ele>
        <time>2026-08-23T07:19:07.000Z</time>
        <extensions>
          <ns3:TrackPointExtension>
            <ns3:cad>0</ns3:cad>
          </ns3:TrackPointExtension>
        </extensions>
      </trkpt>
      <trkpt lat="69.041788391768932342529296875" lon="20.56843240745365619659423828125">
        <ele>652.79998779296875</ele>
        <time>2026-08-23T07:19:13.000Z</time>
        <extensions>
          <ns3:TrackPointExtension>
            <ns3:cad>0</ns3:cad>
          </ns3:TrackPointExtension>
        </extensions>
      </trkpt>
      <trkpt lat="69.0417899005115032196044921875" lon="20.5685106106102466583251953125">
        <ele>652.20001220703125</ele>
        <time>2026-08-23T07:19:17.000Z</time>
        <extensions>
          <ns3:TrackPointExtension>
            <ns3:cad>0</ns3:cad>
          </ns3:TrackPointExtension>
        </extensions>
      </trkpt>
      <trkpt lat="69.0418083406984806060791015625" lon="20.56854690425097942352294921875">
        <ele>652</ele>
        <time>2026-08-23T07:19:20.000Z</time>
        <extensions>
          <ns3:TrackPointExtension>
            <ns3:cad>0</ns3:cad>
          </ns3:TrackPointExtension>
        </extensions>
      </trkpt>
      <trkpt lat="69.04182652942836284637451171875" lon="20.5686257779598236083984375">
        <ele>651.4000244140625</ele>
        <time>2026-08-23T07:19:25.000Z</time>
        <extensions>
          <ns3:TrackPointExtension>
            <ns3:cad>0</ns3:cad>
          </ns3:TrackPointExtension>
        </extensions>
      </trkpt>
      <trkpt lat="69.041830636560916900634765625" lon="20.5686889775097370147705078125">
        <ele>651.20001220703125</ele>
        <time>2026-08-23T07:19:28.000Z</time>
        <extensions>
          <ns3:TrackPointExtension>
            <ns3:cad>0</ns3:cad>
          </ns3:TrackPointExtension>
        </extensions>
      </trkpt>
      <trkpt lat="69.04183541424572467803955078125" lon="20.5687556974589824676513671875">
        <ele>650.4000244140625</ele>
        <time>2026-08-23T07:19:32.000Z</time>
        <extensions>
          <ns3:TrackPointExtension>
            <ns3:cad>0</ns3:cad>
          </ns3:TrackPointExtension>
        </extensions>
      </trkpt>
      <trkpt lat="69.0418458916246891021728515625" lon="20.56882769800722599029541015625">
        <ele>650</ele>
        <time>2026-08-23T07:19:37.000Z</time>
        <extensions>
          <ns3:TrackPointExtension>
            <ns3:cad>79</ns3:cad>
          </ns3:TrackPointExtension>
        </extensions>
      </trkpt>
      <trkpt lat="69.04185016639530658721923828125" lon="20.56888687424361705780029296875">
        <ele>649.5999755859375</ele>
        <time>2026-08-23T07:19:40.000Z</time>
        <extensions>
          <ns3:TrackPointExtension>
            <ns3:cad>0</ns3:cad>
          </ns3:TrackPointExtension>
        </extensions>
      </trkpt>
      <trkpt lat="69.04185905121266841888427734375" lon="20.56896046735346317291259765625">
        <ele>649.20001220703125</ele>
        <time>2026-08-23T07:19:46.000Z</time>
        <extensions>
          <ns3:TrackPointExtension>
            <ns3:cad>0</ns3:cad>
          </ns3:TrackPointExtension>
        </extensions>
      </trkpt>
      <trkpt lat="69.04186173342168331146240234375" lon="20.56897589005529880523681640625">
        <ele>649.4000244140625</ele>
        <time>2026-08-23T07:19:53.000Z</time>
        <extensions>
          <ns3:TrackPointExtension>
            <ns3:cad>0</ns3:cad>
          </ns3:TrackPointExtension>
        </extensions>
      </trkpt>
      <trkpt lat="69.04186994768679141998291015625" lon="20.56906155310571193695068359375">
        <ele>649</ele>
        <time>2026-08-23T07:19:58.000Z</time>
        <extensions>
          <ns3:TrackPointExtension>
            <ns3:cad>0</ns3:cad>
          </ns3:TrackPointExtension>
        </extensions>
      </trkpt>
      <trkpt lat="69.0418750606477260589599609375" lon="20.5690916441380977630615234375">
        <ele>648.79998779296875</ele>
        <time>2026-08-23T07:19:59.000Z</time>
        <extensions>
          <ns3:TrackPointExtension>
            <ns3:cad>0</ns3:cad>
          </ns3:TrackPointExtension>
        </extensions>
      </trkpt>
      <trkpt lat="69.04189593158662319183349609375" lon="20.56919063441455364227294921875">
        <ele>648.20001220703125</ele>
        <time>2026-08-23T07:20:05.000Z</time>
        <extensions>
          <ns3:TrackPointExtension>
            <ns3:cad>0</ns3:cad>
          </ns3:TrackPointExtension>
        </extensions>
      </trkpt>
      <trkpt lat="69.04190129600465297698974609375" lon="20.56922500021755695343017578125">
        <ele>648.20001220703125</ele>
        <time>2026-08-23T07:20:12.000Z</time>
        <extensions>
          <ns3:TrackPointExtension>
            <ns3:cad>0</ns3:cad>
          </ns3:TrackPointExtension>
        </extensions>
      </trkpt>
      <trkpt lat="69.04191604815423488616943359375" lon="20.56929700076580047607421875">
        <ele>648</ele>
        <time>2026-08-23T07:20:18.000Z</time>
        <extensions>
          <ns3:TrackPointExtension>
            <ns3:cad>0</ns3:cad>
          </ns3:TrackPointExtension>
        </extensions>
      </trkpt>
      <trkpt lat="69.04191923327744007110595703125" lon="20.5693112500011920928955078125">
        <ele>647.79998779296875</ele>
        <time>2026-08-23T07:20:19.000Z</time>
        <extensions>
          <ns3:TrackPointExtension>
            <ns3:cad>0</ns3:cad>
          </ns3:TrackPointExtension>
        </extensions>
      </trkpt>
      <trkpt lat="69.0419585444033145904541015625" lon="20.5694597773253917694091796875">
        <ele>647</ele>
        <time>2026-08-23T07:20:26.000Z</time>
        <extensions>
          <ns3:TrackPointExtension>
            <ns3:cad>47</ns3:cad>
          </ns3:TrackPointExtension>
        </extensions>
      </trkpt>
      <trkpt lat="69.04196265153586864471435546875" lon="20.569482408463954925537109375">
        <ele>646.79998779296875</ele>
        <time>2026-08-23T07:20:27.000Z</time>
        <extensions>
          <ns3:TrackPointExtension>
            <ns3:cad>47</ns3:cad>
          </ns3:TrackPointExtension>
        </extensions>
      </trkpt>
      <trkpt lat="69.04197455383837223052978515625" lon="20.569606125354766845703125">
        <ele>646</ele>
        <time>2026-08-23T07:20:32.000Z</time>
        <extensions>
          <ns3:TrackPointExtension>
            <ns3:cad>47</ns3:cad>
          </ns3:TrackPointExtension>
        </extensions>
      </trkpt>
      <trkpt lat="69.04197991825640201568603515625" lon="20.56963789276778697967529296875">
        <ele>645.79998779296875</ele>
        <time>2026-08-23T07:20:34.000Z</time>
        <extensions>
          <ns3:TrackPointExtension>
            <ns3:cad>0</ns3:cad>
          </ns3:TrackPointExtension>
        </extensions>
      </trkpt>
      <trkpt lat="69.04198897071182727813720703125" lon="20.5696986615657806396484375">
        <ele>645.20001220703125</ele>
        <time>2026-08-23T07:20:38.000Z</time>
        <extensions>
          <ns3:TrackPointExtension>
            <ns3:cad>41</ns3:cad>
          </ns3:TrackPointExtension>
        </extensions>
      </trkpt>
      <trkpt lat="69.0420014597475528717041015625" lon="20.56979320943355560302734375">
        <ele>644.5999755859375</ele>
        <time>2026-08-23T07:20:43.000Z</time>
        <extensions>
          <ns3:TrackPointExtension>
            <ns3:cad>0</ns3:cad>
          </ns3:TrackPointExtension>
        </extensions>
      </trkpt>
      <trkpt lat="69.0420033037662506103515625" lon="20.56981558911502361297607421875">
        <ele>644.5999755859375</ele>
        <time>2026-08-23T07:20:44.000Z</time>
        <extensions>
          <ns3:TrackPointExtension>
            <ns3:cad>0</ns3:cad>
          </ns3:TrackPointExtension>
        </extensions>
      </trkpt>
      <trkpt lat="69.04202015139162540435791015625" lon="20.56995254941284656524658203125">
        <ele>643.5999755859375</ele>
        <time>2026-08-23T07:20:51.000Z</time>
        <extensions>
          <ns3:TrackPointExtension>
            <ns3:cad>0</ns3:cad>
          </ns3:TrackPointExtension>
        </extensions>
      </trkpt>
      <trkpt lat="69.0420220792293548583984375" lon="20.570049695670604705810546875">
        <ele>642.4000244140625</ele>
        <time>2026-08-23T07:20:58.000Z</time>
        <extensions>
          <ns3:TrackPointExtension>
            <ns3:cad>0</ns3:cad>
          </ns3:TrackPointExtension>
        </extensions>
      </trkpt>
      <trkpt lat="69.0420229174196720123291015625" lon="20.57011884637176990509033203125">
        <ele>641.4000244140625</ele>
        <time>2026-08-23T07:21:02.000Z</time>
        <extensions>
          <ns3:TrackPointExtension>
            <ns3:cad>0</ns3:cad>
          </ns3:TrackPointExtension>
        </extensions>
      </trkpt>
      <trkpt lat="69.042022414505481719970703125" lon="20.57018003426492214202880859375">
        <ele>640.79998779296875</ele>
        <time>2026-08-23T07:21:05.000Z</time>
        <extensions>
          <ns3:TrackPointExtension>
            <ns3:cad>0</ns3:cad>
          </ns3:TrackPointExtension>
        </extensions>
      </trkpt>
      <trkpt lat="69.04202140867710113525390625" lon="20.570234097540378570556640625">
        <ele>640.20001220703125</ele>
        <time>2026-08-23T07:21:07.000Z</time>
        <extensions>
          <ns3:TrackPointExtension>
            <ns3:cad>0</ns3:cad>
          </ns3:TrackPointExtension>
        </extensions>
      </trkpt>
      <trkpt lat="69.04201260767877101898193359375" lon="20.57032537646591663360595703125">
        <ele>639.5999755859375</ele>
        <time>2026-08-23T07:21:11.000Z</time>
        <extensions>
          <ns3:TrackPointExtension>
            <ns3:cad>0</ns3:cad>
          </ns3:TrackPointExtension>
        </extensions>
      </trkpt>
      <trkpt lat="69.04200263321399688720703125" lon="20.57037918828427791595458984375">
        <ele>639.20001220703125</ele>
        <time>2026-08-23T07:21:14.000Z</time>
        <extensions>
          <ns3:TrackPointExtension>
            <ns3:cad>45</ns3:cad>
          </ns3:TrackPointExtension>
        </extensions>
      </trkpt>
      <trkpt lat="69.0419940836727619171142578125" lon="20.57042243890464305877685546875">
        <ele>638.79998779296875</ele>
        <time>2026-08-23T07:21:17.000Z</time>
        <extensions>
          <ns3:TrackPointExtension>
            <ns3:cad>44</ns3:cad>
          </ns3:TrackPointExtension>
        </extensions>
      </trkpt>
      <trkpt lat="69.04199316166341304779052734375" lon="20.57045244611799716949462890625">
        <ele>639</ele>
        <time>2026-08-23T07:21:23.000Z</time>
        <extensions>
          <ns3:TrackPointExtension>
            <ns3:cad>0</ns3:cad>
          </ns3:TrackPointExtension>
        </extensions>
      </trkpt>
      <trkpt lat="69.04197514057159423828125" lon="20.5705784261226654052734375">
        <ele>638.20001220703125</ele>
        <time>2026-08-23T07:21:29.000Z</time>
        <extensions>
          <ns3:TrackPointExtension>
            <ns3:cad>0</ns3:cad>
          </ns3:TrackPointExtension>
        </extensions>
      </trkpt>
      <trkpt lat="69.0419737994670867919921875" lon="20.570598877966403961181640625">
        <ele>638</ele>
        <time>2026-08-23T07:21:30.000Z</time>
        <extensions>
          <ns3:TrackPointExtension>
            <ns3:cad>0</ns3:cad>
          </ns3:TrackPointExtension>
        </extensions>
      </trkpt>
      <trkpt lat="69.04198310337960720062255859375" lon="20.57071362622082233428955078125">
        <ele>637.5999755859375</ele>
        <time>2026-08-23T07:21:36.000Z</time>
        <extensions>
          <ns3:TrackPointExtension>
            <ns3:cad>0</ns3:cad>
          </ns3:TrackPointExtension>
        </extensions>
      </trkpt>
      <trkpt lat="69.04198662377893924713134765625" lon="20.57077112607657909393310546875">
        <ele>637</ele>
        <time>2026-08-23T07:21:39.000Z</time>
        <extensions>
          <ns3:TrackPointExtension>
            <ns3:cad>0</ns3:cad>
          </ns3:TrackPointExtension>
        </extensions>
      </trkpt>
      <trkpt lat="69.0420006215572357177734375" lon="20.570877492427825927734375">
        <ele>636.4000244140625</ele>
        <time>2026-08-23T07:21:44.000Z</time>
        <extensions>
          <ns3:TrackPointExtension>
            <ns3:cad>0</ns3:cad>
          </ns3:TrackPointExtension>
        </extensions>
      </trkpt>
      <trkpt lat="69.04200933873653411865234375" lon="20.57092434726655483245849609375">
        <ele>636</ele>
        <time>2026-08-23T07:21:47.000Z</time>
        <extensions>
          <ns3:TrackPointExtension>
            <ns3:cad>0</ns3:cad>
          </ns3:TrackPointExtension>
        </extensions>
      </trkpt>
      <trkpt lat="69.0420182235538959503173828125" lon="20.57098050601780414581298828125">
        <ele>635.20001220703125</ele>
        <time>2026-08-23T07:21:51.000Z</time>
        <extensions>
          <ns3:TrackPointExtension>
            <ns3:cad>0</ns3:cad>
          </ns3:TrackPointExtension>
        </extensions>
      </trkpt>
      <trkpt lat="69.04202266596257686614990234375" lon="20.5709916539490222930908203125">
        <ele>635</ele>
        <time>2026-08-23T07:21:52.000Z</time>
        <extensions>
          <ns3:TrackPointExtension>
            <ns3:cad>0</ns3:cad>
          </ns3:TrackPointExtension>
        </extensions>
      </trkpt>
      <trkpt lat="69.04204328544437885284423828125" lon="20.57107991538941860198974609375">
        <ele>633.79998779296875</ele>
        <time>2026-08-23T07:21:57.000Z</time>
        <extensions>
          <ns3:TrackPointExtension>
            <ns3:cad>0</ns3:cad>
          </ns3:TrackPointExtension>
        </extensions>
      </trkpt>
      <trkpt lat="69.04204563237726688385009765625" lon="20.5710908956825733184814453125">
        <ele>633.5999755859375</ele>
        <time>2026-08-23T07:21:58.000Z</time>
        <extensions>
          <ns3:TrackPointExtension>
            <ns3:cad>0</ns3:cad>
          </ns3:TrackPointExtension>
        </extensions>
      </trkpt>
      <trkpt lat="69.0420665033161640167236328125" lon="20.5711284466087818145751953125">
        <ele>632.79998779296875</ele>
        <time>2026-08-23T07:22:04.000Z</time>
        <extensions>
          <ns3:TrackPointExtension>
            <ns3:cad>77</ns3:cad>
          </ns3:TrackPointExtension>
        </extensions>
      </trkpt>
      <trkpt lat="69.0420742146670818328857421875" lon="20.57115535251796245574951171875">
        <ele>632.4000244140625</ele>
        <time>2026-08-23T07:22:06.000Z</time>
        <extensions>
          <ns3:TrackPointExtension>
            <ns3:cad>77</ns3:cad>
          </ns3:TrackPointExtension>
        </extensions>
      </trkpt>
      <trkpt lat="69.04208175837993621826171875" lon="20.57121302001178264617919921875">
        <ele>631.5999755859375</ele>
        <time>2026-08-23T07:22:10.000Z</time>
        <extensions>
          <ns3:TrackPointExtension>
            <ns3:cad>0</ns3:cad>
          </ns3:TrackPointExtension>
        </extensions>
      </trkpt>
      <trkpt lat="69.04208385385572910308837890625" lon="20.57125576771795749664306640625">
        <ele>631.20001220703125</ele>
        <time>2026-08-23T07:22:13.000Z</time>
        <extensions>
          <ns3:TrackPointExtension>
            <ns3:cad>0</ns3:cad>
          </ns3:TrackPointExtension>
        </extensions>
      </trkpt>
      <trkpt lat="69.04208485968410968780517578125" lon="20.5713014490902423858642578125">
        <ele>630.5999755859375</ele>
        <time>2026-08-23T07:22:17.000Z</time>
        <extensions>
          <ns3:TrackPointExtension>
            <ns3:cad>0</ns3:cad>
          </ns3:TrackPointExtension>
        </extensions>
      </trkpt>
      <trkpt lat="69.04208402149379253387451171875" lon="20.57137764059007167816162109375">
        <ele>630.20001220703125</ele>
        <time>2026-08-23T07:22:20.000Z</time>
        <extensions>
          <ns3:TrackPointExtension>
            <ns3:cad>0</ns3:cad>
          </ns3:TrackPointExtension>
        </extensions>
      </trkpt>
      <trkpt lat="69.0420896373689174652099609375" lon="20.57147587649524211883544921875">
        <ele>629.5999755859375</ele>
        <time>2026-08-23T07:22:24.000Z</time>
        <extensions>
          <ns3:TrackPointExtension>
            <ns3:cad>0</ns3:cad>
          </ns3:TrackPointExtension>
        </extensions>
      </trkpt>
      <trkpt lat="69.0420903079211711883544921875" lon="20.5715364776551723480224609375">
        <ele>628.79998779296875</ele>
        <time>2026-08-23T07:22:27.000Z</time>
        <extensions>
          <ns3:TrackPointExtension>
            <ns3:cad>0</ns3:cad>
          </ns3:TrackPointExtension>
        </extensions>
      </trkpt>
      <trkpt lat="69.04209625907242298126220703125" lon="20.5715991742908954620361328125">
        <ele>628.4000244140625</ele>
        <time>2026-08-23T07:22:30.000Z</time>
        <extensions>
          <ns3:TrackPointExtension>
            <ns3:cad>0</ns3:cad>
          </ns3:TrackPointExtension>
        </extensions>
      </trkpt>
      <trkpt lat="69.0421047247946262359619140625" lon="20.57165659032762050628662109375">
        <ele>627.5999755859375</ele>
        <time>2026-08-23T07:22:33.000Z</time>
        <extensions>
          <ns3:TrackPointExtension>
            <ns3:cad>0</ns3:cad>
          </ns3:TrackPointExtension>
        </extensions>
      </trkpt>
      <trkpt lat="69.0421057306230068206787109375" lon="20.57174644432961940765380859375">
        <ele>627.20001220703125</ele>
        <time>2026-08-23T07:22:36.000Z</time>
        <extensions>
          <ns3:TrackPointExtension>
            <ns3:cad>0</ns3:cad>
          </ns3:TrackPointExtension>
        </extensions>
      </trkpt>
      <trkpt lat="69.0421030484139919281005859375" lon="20.57183571159839630126953125">
        <ele>626.20001220703125</ele>
        <time>2026-08-23T07:22:40.000Z</time>
        <extensions>
          <ns3:TrackPointExtension>
            <ns3:cad>51</ns3:cad>
          </ns3:TrackPointExtension>
        </extensions>
      </trkpt>
      <trkpt lat="69.04210480861365795135498046875" lon="20.571878962218761444091796875">
        <ele>626</ele>
        <time>2026-08-23T07:22:42.000Z</time>
        <extensions>
          <ns3:TrackPointExtension>
            <ns3:cad>0</ns3:cad>
          </ns3:TrackPointExtension>
        </extensions>
      </trkpt>
      <trkpt lat="69.0421144478023052215576171875" lon="20.5719579197466373443603515625">
        <ele>625.4000244140625</ele>
        <time>2026-08-23T07:22:47.000Z</time>
        <extensions>
          <ns3:TrackPointExtension>
            <ns3:cad>0</ns3:cad>
          </ns3:TrackPointExtension>
        </extensions>
      </trkpt>
      <trkpt lat="69.0421141125261783599853515625" lon="20.57201650924980640411376953125">
        <ele>625</ele>
        <time>2026-08-23T07:22:50.000Z</time>
        <extensions>
          <ns3:TrackPointExtension>
            <ns3:cad>0</ns3:cad>
          </ns3:TrackPointExtension>
        </extensions>
      </trkpt>
      <trkpt lat="69.04211930930614471435546875" lon="20.57212463580071926116943359375">
        <ele>624</ele>
        <time>2026-08-23T07:22:56.000Z</time>
        <extensions>
          <ns3:TrackPointExtension>
            <ns3:cad>0</ns3:cad>
          </ns3:TrackPointExtension>
        </extensions>
      </trkpt>
      <trkpt lat="69.04212241061031818389892578125" lon="20.572223626077175140380859375">
        <ele>622.79998779296875</ele>
        <time>2026-08-23T07:23:02.000Z</time>
        <extensions>
          <ns3:TrackPointExtension>
            <ns3:cad>0</ns3:cad>
          </ns3:TrackPointExtension>
        </extensions>
      </trkpt>
      <trkpt lat="69.04211905784904956817626953125" lon="20.57226327247917652130126953125">
        <ele>622.20001220703125</ele>
        <time>2026-08-23T07:23:04.000Z</time>
        <extensions>
          <ns3:TrackPointExtension>
            <ns3:cad>0</ns3:cad>
          </ns3:TrackPointExtension>
        </extensions>
      </trkpt>
      <trkpt lat="69.04211419634521007537841796875" lon="20.57230099104344844818115234375">
        <ele>621.79998779296875</ele>
        <time>2026-08-23T07:23:06.000Z</time>
        <extensions>
          <ns3:TrackPointExtension>
            <ns3:cad>0</ns3:cad>
          </ns3:TrackPointExtension>
        </extensions>
      </trkpt>
      <trkpt lat="69.04211268760263919830322265625" lon="20.57238380424678325653076171875">
        <ele>620.79998779296875</ele>
        <time>2026-08-23T07:23:10.000Z</time>
        <extensions>
          <ns3:TrackPointExtension>
            <ns3:cad>0</ns3:cad>
          </ns3:TrackPointExtension>
        </extensions>
      </trkpt>
      <trkpt lat="69.04211260378360748291015625" lon="20.57240626774728298187255859375">
        <ele>620.5999755859375</ele>
        <time>2026-08-23T07:23:11.000Z</time>
        <extensions>
          <ns3:TrackPointExtension>
            <ns3:cad>0</ns3:cad>
          </ns3:TrackPointExtension>
        </extensions>
      </trkpt>
      <trkpt lat="69.0421124361455440521240234375" lon="20.57246871292591094970703125">
        <ele>620</ele>
        <time>2026-08-23T07:23:15.000Z</time>
        <extensions>
          <ns3:TrackPointExtension>
            <ns3:cad>0</ns3:cad>
          </ns3:TrackPointExtension>
        </extensions>
      </trkpt>
      <trkpt lat="69.042116291821002960205078125" lon="20.572520680725574493408203125">
        <ele>619.5999755859375</ele>
        <time>2026-08-23T07:23:18.000Z</time>
        <extensions>
          <ns3:TrackPointExtension>
            <ns3:cad>43</ns3:cad>
          </ns3:TrackPointExtension>
        </extensions>
      </trkpt>
      <trkpt lat="69.04211754910647869110107421875" lon="20.57257994078099727630615234375">
        <ele>619.4000244140625</ele>
        <time>2026-08-23T07:23:22.000Z</time>
        <extensions>
          <ns3:TrackPointExtension>
            <ns3:cad>0</ns3:cad>
          </ns3:TrackPointExtension>
        </extensions>
      </trkpt>
      <trkpt lat="69.0421201474964618682861328125" lon="20.57264967821538448333740234375">
        <ele>619</ele>
        <time>2026-08-23T07:23:27.000Z</time>
        <extensions>
          <ns3:TrackPointExtension>
            <ns3:cad>0</ns3:cad>
          </ns3:TrackPointExtension>
        </extensions>
      </trkpt>
      <trkpt lat="69.0421288646757602691650390625" lon="20.57267499156296253204345703125">
        <ele>618.79998779296875</ele>
        <time>2026-08-23T07:23:32.000Z</time>
        <extensions>
          <ns3:TrackPointExtension>
            <ns3:cad>0</ns3:cad>
          </ns3:TrackPointExtension>
        </extensions>
      </trkpt>
      <trkpt lat="69.0421422757208347320556640625" lon="20.57269443757832050323486328125">
        <ele>618.79998779296875</ele>
        <time>2026-08-23T07:23:41.000Z</time>
        <extensions>
          <ns3:TrackPointExtension>
            <ns3:cad>0</ns3:cad>
          </ns3:TrackPointExtension>
        </extensions>
      </trkpt>
      <trkpt lat="69.0421508252620697021484375" lon="20.5727548711001873016357421875">
        <ele>618.5999755859375</ele>
        <time>2026-08-23T07:23:45.000Z</time>
        <extensions>
          <ns3:TrackPointExtension>
            <ns3:cad>0</ns3:cad>
          </ns3:TrackPointExtension>
        </extensions>
      </trkpt>
      <trkpt lat="69.04215677641332149505615234375" lon="20.57280072011053562164306640625">
        <ele>618.20001220703125</ele>
        <time>2026-08-23T07:23:47.000Z</time>
        <extensions>
          <ns3:TrackPointExtension>
            <ns3:cad>0</ns3:cad>
          </ns3:TrackPointExtension>
        </extensions>
      </trkpt>
      <trkpt lat="69.0421727858483791351318359375" lon="20.57292661629617214202880859375">
        <ele>617.4000244140625</ele>
        <time>2026-08-23T07:23:53.000Z</time>
        <extensions>
          <ns3:TrackPointExtension>
            <ns3:cad>46</ns3:cad>
          </ns3:TrackPointExtension>
        </extensions>
      </trkpt>
      <trkpt lat="69.04217555187642574310302734375" lon="20.5730458907783031463623046875">
        <ele>617.20001220703125</ele>
        <time>2026-08-23T07:23:59.000Z</time>
        <extensions>
          <ns3:TrackPointExtension>
            <ns3:cad>0</ns3:cad>
          </ns3:TrackPointExtension>
        </extensions>
      </trkpt>
      <trkpt lat="69.042170606553554534912109375" lon="20.57314932346343994140625">
        <ele>616.5999755859375</ele>
        <time>2026-08-23T07:24:06.000Z</time>
        <extensions>
          <ns3:TrackPointExtension>
            <ns3:cad>0</ns3:cad>
          </ns3:TrackPointExtension>
        </extensions>
      </trkpt>
      <trkpt lat="69.04216230846941471099853515625" lon="20.57316918857395648956298828125">
        <ele>616.4000244140625</ele>
        <time>2026-08-23T07:24:15.000Z</time>
        <extensions>
          <ns3:TrackPointExtension>
            <ns3:cad>0</ns3:cad>
          </ns3:TrackPointExtension>
        </extensions>
      </trkpt>
      <trkpt lat="69.04216046445071697235107421875" lon="20.57318896986544132232666015625">
        <ele>616.79998779296875</ele>
        <time>2026-08-23T07:24:21.000Z</time>
        <extensions>
          <ns3:TrackPointExtension>
            <ns3:cad>0</ns3:cad>
          </ns3:TrackPointExtension>
        </extensions>
      </trkpt>
      <trkpt lat="69.04215342365205287933349609375" lon="20.573173463344573974609375">
        <ele>616.79998779296875</ele>
        <time>2026-08-23T07:24:27.000Z</time>
        <extensions>
          <ns3:TrackPointExtension>
            <ns3:cad>0</ns3:cad>
          </ns3:TrackPointExtension>
        </extensions>
      </trkpt>
      <trkpt lat="69.04216884635388851165771484375" lon="20.573221407830715179443359375">
        <ele>616.79998779296875</ele>
        <time>2026-08-23T07:24:34.000Z</time>
        <extensions>
          <ns3:TrackPointExtension>
            <ns3:cad>0</ns3:cad>
          </ns3:TrackPointExtension>
        </extensions>
      </trkpt>
      <trkpt lat="69.04219248332083225250244140625" lon="20.5732919834554195404052734375">
        <ele>616.4000244140625</ele>
        <time>2026-08-23T07:24:41.000Z</time>
        <extensions>
          <ns3:TrackPointExtension>
            <ns3:cad>0</ns3:cad>
          </ns3:TrackPointExtension>
        </extensions>
      </trkpt>
      <trkpt lat="69.0421969257295131683349609375" lon="20.57329743169248104095458984375">
        <ele>616.20001220703125</ele>
        <time>2026-08-23T07:24:42.000Z</time>
        <extensions>
          <ns3:TrackPointExtension>
            <ns3:cad>0</ns3:cad>
          </ns3:TrackPointExtension>
        </extensions>
      </trkpt>
      <trkpt lat="69.04221544973552227020263671875" lon="20.57335526682436466217041015625">
        <ele>615.4000244140625</ele>
        <time>2026-08-23T07:24:48.000Z</time>
        <extensions>
          <ns3:TrackPointExtension>
            <ns3:cad>0</ns3:cad>
          </ns3:TrackPointExtension>
        </extensions>
      </trkpt>
      <trkpt lat="69.0422207303345203399658203125" lon="20.5733786523342132568359375">
        <ele>615.20001220703125</ele>
        <time>2026-08-23T07:24:50.000Z</time>
        <extensions>
          <ns3:TrackPointExtension>
            <ns3:cad>46</ns3:cad>
          </ns3:TrackPointExtension>
        </extensions>
      </trkpt>
      <trkpt lat="69.04224537312984466552734375" lon="20.57341360487043857574462890625">
        <ele>614.79998779296875</ele>
        <time>2026-08-23T07:24:53.000Z</time>
        <extensions>
          <ns3:TrackPointExtension>
            <ns3:cad>45</ns3:cad>
          </ns3:TrackPointExtension>
        </extensions>
      </trkpt>
      <trkpt lat="69.04227353632450103759765625" lon="20.57347328402101993560791015625">
        <ele>614.20001220703125</ele>
        <time>2026-08-23T07:24:57.000Z</time>
        <extensions>
          <ns3:TrackPointExtension>
            <ns3:cad>45</ns3:cad>
          </ns3:TrackPointExtension>
        </extensions>
      </trkpt>
      <trkpt lat="69.04228619299829006195068359375" lon="20.57351955212652683258056640625">
        <ele>613.79998779296875</ele>
        <time>2026-08-23T07:25:00.000Z</time>
        <extensions>
          <ns3:TrackPointExtension>
            <ns3:cad>46</ns3:cad>
          </ns3:TrackPointExtension>
        </extensions>
      </trkpt>
      <trkpt lat="69.04229742474853992462158203125" lon="20.573576800525188446044921875">
        <ele>613.20001220703125</ele>
        <time>2026-08-23T07:25:04.000Z</time>
        <extensions>
          <ns3:TrackPointExtension>
            <ns3:cad>0</ns3:cad>
          </ns3:TrackPointExtension>
        </extensions>
      </trkpt>
      <trkpt lat="69.04231050051748752593994140625" lon="20.57362114079296588897705078125">
        <ele>612.4000244140625</ele>
        <time>2026-08-23T07:25:08.000Z</time>
        <extensions>
          <ns3:TrackPointExtension>
            <ns3:cad>46</ns3:cad>
          </ns3:TrackPointExtension>
        </extensions>
      </trkpt>
      <trkpt lat="69.0423203073441982269287109375" lon="20.57364310137927532196044921875">
        <ele>612</ele>
        <time>2026-08-23T07:25:10.000Z</time>
        <extensions>
          <ns3:TrackPointExtension>
            <ns3:cad>46</ns3:cad>
          </ns3:TrackPointExtension>
        </extensions>
      </trkpt>
      <trkpt lat="69.042337238788604736328125" lon="20.573682747781276702880859375">
        <ele>611.5999755859375</ele>
        <time>2026-08-23T07:25:14.000Z</time>
        <extensions>
          <ns3:TrackPointExtension>
            <ns3:cad>0</ns3:cad>
          </ns3:TrackPointExtension>
        </extensions>
      </trkpt>
      <trkpt lat="69.042362384498119354248046875" lon="20.57375349104404449462890625">
        <ele>611.20001220703125</ele>
        <time>2026-08-23T07:25:21.000Z</time>
        <extensions>
          <ns3:TrackPointExtension>
            <ns3:cad>0</ns3:cad>
          </ns3:TrackPointExtension>
        </extensions>
      </trkpt>
      <trkpt lat="69.0423655696213245391845703125" lon="20.57375709526240825653076171875">
        <ele>611</ele>
        <time>2026-08-23T07:25:22.000Z</time>
        <extensions>
          <ns3:TrackPointExtension>
            <ns3:cad>0</ns3:cad>
          </ns3:TrackPointExtension>
        </extensions>
      </trkpt>
      <trkpt lat="69.04239163734018802642822265625" lon="20.57380621321499347686767578125">
        <ele>610.5999755859375</ele>
        <time>2026-08-23T07:25:29.000Z</time>
        <extensions>
          <ns3:TrackPointExtension>
            <ns3:cad>0</ns3:cad>
          </ns3:TrackPointExtension>
        </extensions>
      </trkpt>
      <trkpt lat="69.04243421740829944610595703125" lon="20.57386304251849651336669921875">
        <ele>610</ele>
        <time>2026-08-23T07:25:35.000Z</time>
        <extensions>
          <ns3:TrackPointExtension>
            <ns3:cad>0</ns3:cad>
          </ns3:TrackPointExtension>
        </extensions>
      </trkpt>
      <trkpt lat="69.04243924655020236968994140625" lon="20.5738837458193302154541015625">
        <ele>610</ele>
        <time>2026-08-23T07:25:36.000Z</time>
        <extensions>
          <ns3:TrackPointExtension>
            <ns3:cad>0</ns3:cad>
          </ns3:TrackPointExtension>
        </extensions>
      </trkpt>
      <trkpt lat="69.0424480475485324859619140625" lon="20.5739501304924488067626953125">
        <ele>609.79998779296875</ele>
        <time>2026-08-23T07:25:40.000Z</time>
        <extensions>
          <ns3:TrackPointExtension>
            <ns3:cad>0</ns3:cad>
          </ns3:TrackPointExtension>
        </extensions>
      </trkpt>
      <trkpt lat="69.0424673259258270263671875" lon="20.5740111507475376129150390625">
        <ele>609.4000244140625</ele>
        <time>2026-08-23T07:25:45.000Z</time>
        <extensions>
          <ns3:TrackPointExtension>
            <ns3:cad>0</ns3:cad>
          </ns3:TrackPointExtension>
        </extensions>
      </trkpt>
      <trkpt lat="69.0424741990864276885986328125" lon="20.57404442690312862396240234375">
        <ele>609</ele>
        <time>2026-08-23T07:25:47.000Z</time>
        <extensions>
          <ns3:TrackPointExtension>
            <ns3:cad>0</ns3:cad>
          </ns3:TrackPointExtension>
        </extensions>
      </trkpt>
      <trkpt lat="69.042486436665058135986328125" lon="20.57410930283367633819580078125">
        <ele>607.79998779296875</ele>
        <time>2026-08-23T07:25:52.000Z</time>
        <extensions>
          <ns3:TrackPointExtension>
            <ns3:cad>0</ns3:cad>
          </ns3:TrackPointExtension>
        </extensions>
      </trkpt>
      <trkpt lat="69.04250663705170154571533203125" lon="20.57417635805904865264892578125">
        <ele>607.20001220703125</ele>
        <time>2026-08-23T07:25:58.000Z</time>
        <extensions>
          <ns3:TrackPointExtension>
            <ns3:cad>0</ns3:cad>
          </ns3:TrackPointExtension>
        </extensions>
      </trkpt>
      <trkpt lat="69.0425157733261585235595703125" lon="20.5742029286921024322509765625">
        <ele>606.79998779296875</ele>
        <time>2026-08-23T07:26:00.000Z</time>
        <extensions>
          <ns3:TrackPointExtension>
            <ns3:cad>0</ns3:cad>
          </ns3:TrackPointExtension>
        </extensions>
      </trkpt>
      <trkpt lat="69.0425258316099643707275390625" lon="20.5742756836116313934326171875">
        <ele>606.20001220703125</ele>
        <time>2026-08-23T07:26:04.000Z</time>
        <extensions>
          <ns3:TrackPointExtension>
            <ns3:cad>0</ns3:cad>
          </ns3:TrackPointExtension>
        </extensions>
      </trkpt>
      <trkpt lat="69.04253765009343624114990234375" lon="20.57430912740528583526611328125">
        <ele>605.5999755859375</ele>
        <time>2026-08-23T07:26:07.000Z</time>
        <extensions>
          <ns3:TrackPointExtension>
            <ns3:cad>0</ns3:cad>
          </ns3:TrackPointExtension>
        </extensions>
      </trkpt>
      <trkpt lat="69.04254536144435405731201171875" lon="20.57434651069343090057373046875">
        <ele>605</ele>
        <time>2026-08-23T07:26:10.000Z</time>
        <extensions>
          <ns3:TrackPointExtension>
            <ns3:cad>0</ns3:cad>
          </ns3:TrackPointExtension>
        </extensions>
      </trkpt>
      <trkpt lat="69.04254586435854434967041015625" lon="20.57439277879893779754638671875">
        <ele>604.4000244140625</ele>
        <time>2026-08-23T07:26:13.000Z</time>
        <extensions>
          <ns3:TrackPointExtension>
            <ns3:cad>0</ns3:cad>
          </ns3:TrackPointExtension>
        </extensions>
      </trkpt>
      <trkpt lat="69.042546115815639495849609375" lon="20.57442027144134044647216796875">
        <ele>604.20001220703125</ele>
        <time>2026-08-23T07:26:15.000Z</time>
        <extensions>
          <ns3:TrackPointExtension>
            <ns3:cad>0</ns3:cad>
          </ns3:TrackPointExtension>
        </extensions>
      </trkpt>
      <trkpt lat="69.0425513125956058502197265625" lon="20.57451314292848110198974609375">
        <ele>603.4000244140625</ele>
        <time>2026-08-23T07:26:21.000Z</time>
        <extensions>
          <ns3:TrackPointExtension>
            <ns3:cad>0</ns3:cad>
          </ns3:TrackPointExtension>
        </extensions>
      </trkpt>
      <trkpt lat="69.04255357570946216583251953125" lon="20.57452873326838016510009765625">
        <ele>603.4000244140625</ele>
        <time>2026-08-23T07:26:22.000Z</time>
        <extensions>
          <ns3:TrackPointExtension>
            <ns3:cad>0</ns3:cad>
          </ns3:TrackPointExtension>
        </extensions>
      </trkpt>
      <trkpt lat="69.04257805086672306060791015625" lon="20.574563853442668914794921875">
        <ele>602.5999755859375</ele>
        <time>2026-08-23T07:26:28.000Z</time>
        <extensions>
          <ns3:TrackPointExtension>
            <ns3:cad>61</ns3:cad>
          </ns3:TrackPointExtension>
        </extensions>
      </trkpt>
      <trkpt lat="69.04258333146572113037109375" lon="20.57458539493381977081298828125">
        <ele>602.20001220703125</ele>
        <time>2026-08-23T07:26:30.000Z</time>
        <extensions>
          <ns3:TrackPointExtension>
            <ns3:cad>0</ns3:cad>
          </ns3:TrackPointExtension>
        </extensions>
      </trkpt>
      <trkpt lat="69.042594395577907562255859375" lon="20.57464809156954288482666015625">
        <ele>601.79998779296875</ele>
        <time>2026-08-23T07:26:34.000Z</time>
        <extensions>
          <ns3:TrackPointExtension>
            <ns3:cad>0</ns3:cad>
          </ns3:TrackPointExtension>
        </extensions>
      </trkpt>
      <trkpt lat="69.04260344803333282470703125" lon="20.5747118778526782989501953125">
        <ele>601.20001220703125</ele>
        <time>2026-08-23T07:26:38.000Z</time>
        <extensions>
          <ns3:TrackPointExtension>
            <ns3:cad>0</ns3:cad>
          </ns3:TrackPointExtension>
        </extensions>
      </trkpt>
      <trkpt lat="69.04260705225169658660888671875" lon="20.57473207823932170867919921875">
        <ele>601</ele>
        <time>2026-08-23T07:26:40.000Z</time>
        <extensions>
          <ns3:TrackPointExtension>
            <ns3:cad>0</ns3:cad>
          </ns3:TrackPointExtension>
        </extensions>
      </trkpt>
      <trkpt lat="69.0426130034029483795166015625" lon="20.57475973851978778839111328125">
        <ele>600.20001220703125</ele>
        <time>2026-08-23T07:26:45.000Z</time>
        <extensions>
          <ns3:TrackPointExtension>
            <ns3:cad>0</ns3:cad>
          </ns3:TrackPointExtension>
        </extensions>
      </trkpt>
      <trkpt lat="69.04261727817356586456298828125" lon="20.5747802741825580596923828125">
        <ele>600</ele>
        <time>2026-08-23T07:26:47.000Z</time>
        <extensions>
          <ns3:TrackPointExtension>
            <ns3:cad>0</ns3:cad>
          </ns3:TrackPointExtension>
        </extensions>
      </trkpt>
      <trkpt lat="69.04261627234518527984619140625" lon="20.57485646568238735198974609375">
        <ele>599.4000244140625</ele>
        <time>2026-08-23T07:26:51.000Z</time>
        <extensions>
          <ns3:TrackPointExtension>
            <ns3:cad>0</ns3:cad>
          </ns3:TrackPointExtension>
        </extensions>
      </trkpt>
      <trkpt lat="69.0426228940486907958984375" lon="20.57489669881761074066162109375">
        <ele>599</ele>
        <time>2026-08-23T07:26:55.000Z</time>
        <extensions>
          <ns3:TrackPointExtension>
            <ns3:cad>0</ns3:cad>
          </ns3:TrackPointExtension>
        </extensions>
      </trkpt>
      <trkpt lat="69.04262968339025974273681640625" lon="20.5749113671481609344482421875">
        <ele>598.5999755859375</ele>
        <time>2026-08-23T07:26:57.000Z</time>
        <extensions>
          <ns3:TrackPointExtension>
            <ns3:cad>0</ns3:cad>
          </ns3:TrackPointExtension>
        </extensions>
      </trkpt>
      <trkpt lat="69.04263471253216266632080078125" lon="20.57493743486702442169189453125">
        <ele>598</ele>
        <time>2026-08-23T07:27:00.000Z</time>
        <extensions>
          <ns3:TrackPointExtension>
            <ns3:cad>0</ns3:cad>
          </ns3:TrackPointExtension>
        </extensions>
      </trkpt>
      <trkpt lat="69.0426388196647167205810546875" lon="20.57494916953146457672119140625">
        <ele>597.79998779296875</ele>
        <time>2026-08-23T07:27:02.000Z</time>
        <extensions>
          <ns3:TrackPointExtension>
            <ns3:cad>0</ns3:cad>
          </ns3:TrackPointExtension>
        </extensions>
      </trkpt>
      <trkpt lat="69.04264912940561771392822265625" lon="20.57499912567436695098876953125">
        <ele>597</ele>
        <time>2026-08-23T07:27:08.000Z</time>
        <extensions>
          <ns3:TrackPointExtension>
            <ns3:cad>0</ns3:cad>
          </ns3:TrackPointExtension>
        </extensions>
      </trkpt>
      <trkpt lat="69.0426616184413433074951171875" lon="20.57504271157085895538330078125">
        <ele>596</ele>
        <time>2026-08-23T07:27:15.000Z</time>
        <extensions>
          <ns3:TrackPointExtension>
            <ns3:cad>0</ns3:cad>
          </ns3:TrackPointExtension>
        </extensions>
      </trkpt>
      <trkpt lat="69.0426740236580371856689453125" lon="20.57510666549205780029296875">
        <ele>595</ele>
        <time>2026-08-23T07:27:22.000Z</time>
        <extensions>
          <ns3:TrackPointExtension>
            <ns3:cad>55</ns3:cad>
          </ns3:TrackPointExtension>
        </extensions>
      </trkpt>
      <trkpt lat="69.04267813079059123992919921875" lon="20.57510993443429470062255859375">
        <ele>594.79998779296875</ele>
        <time>2026-08-23T07:27:23.000Z</time>
        <extensions>
          <ns3:TrackPointExtension>
            <ns3:cad>55</ns3:cad>
          </ns3:TrackPointExtension>
        </extensions>
      </trkpt>
      <trkpt lat="69.04269908554852008819580078125" lon="20.5751695297658443450927734375">
        <ele>593.79998779296875</ele>
        <time>2026-08-23T07:27:27.000Z</time>
        <extensions>
          <ns3:TrackPointExtension>
            <ns3:cad>52</ns3:cad>
          </ns3:TrackPointExtension>
        </extensions>
      </trkpt>
      <trkpt lat="69.0427048690617084503173828125" lon="20.575208924710750579833984375">
        <ele>593.4000244140625</ele>
        <time>2026-08-23T07:27:29.000Z</time>
        <extensions>
          <ns3:TrackPointExtension>
            <ns3:cad>0</ns3:cad>
          </ns3:TrackPointExtension>
        </extensions>
      </trkpt>
      <trkpt lat="69.042717106640338897705078125" lon="20.57529550977051258087158203125">
        <ele>592.79998779296875</ele>
        <time>2026-08-23T07:27:33.000Z</time>
        <extensions>
          <ns3:TrackPointExtension>
            <ns3:cad>0</ns3:cad>
          </ns3:TrackPointExtension>
        </extensions>
      </trkpt>
      <trkpt lat="69.042722471058368682861328125" lon="20.5753200687468051910400390625">
        <ele>592.5999755859375</ele>
        <time>2026-08-23T07:27:35.000Z</time>
        <extensions>
          <ns3:TrackPointExtension>
            <ns3:cad>0</ns3:cad>
          </ns3:TrackPointExtension>
        </extensions>
      </trkpt>
      <trkpt lat="69.04272020794451236724853515625" lon="20.5753271095454692840576171875">
        <ele>592.20001220703125</ele>
        <time>2026-08-23T07:27:41.000Z</time>
        <extensions>
          <ns3:TrackPointExtension>
            <ns3:cad>0</ns3:cad>
          </ns3:TrackPointExtension>
        </extensions>
      </trkpt>
      <trkpt lat="69.04271752573549747467041015625" lon="20.575308166444301605224609375">
        <ele>592</ele>
        <time>2026-08-23T07:27:50.000Z</time>
        <extensions>
          <ns3:TrackPointExtension>
            <ns3:cad>0</ns3:cad>
          </ns3:TrackPointExtension>
        </extensions>
      </trkpt>
      <trkpt lat="69.04271299950778484344482421875" lon="20.5753063224256038665771484375">
        <ele>592</ele>
        <time>2026-08-23T07:27:58.000Z</time>
        <extensions>
          <ns3:TrackPointExtension>
            <ns3:cad>0</ns3:cad>
          </ns3:TrackPointExtension>
        </extensions>
      </trkpt>
      <trkpt lat="69.04271115548908710479736328125" lon="20.57531126774847507476806640625">
        <ele>592</ele>
        <time>2026-08-23T07:28:10.000Z</time>
        <extensions>
          <ns3:TrackPointExtension>
            <ns3:cad>0</ns3:cad>
          </ns3:TrackPointExtension>
        </extensions>
      </trkpt>
      <trkpt lat="69.0427129156887531280517578125" lon="20.5752416141331195831298828125">
        <ele>592</ele>
        <time>2026-08-23T07:28:16.000Z</time>
        <extensions>
          <ns3:TrackPointExtension>
            <ns3:cad>0</ns3:cad>
          </ns3:TrackPointExtension>
        </extensions>
      </trkpt>
      <trkpt lat="69.04271199367940425872802734375" lon="20.575230382382869720458984375">
        <ele>592.20001220703125</ele>
        <time>2026-08-23T07:28:26.000Z</time>
        <extensions>
          <ns3:TrackPointExtension>
            <ns3:cad>0</ns3:cad>
          </ns3:TrackPointExtension>
        </extensions>
      </trkpt>
      <trkpt lat="69.0427114069461822509765625" lon="20.57522593997418880462646484375">
        <ele>592.4000244140625</ele>
        <time>2026-08-23T07:28:36.000Z</time>
        <extensions>
          <ns3:TrackPointExtension>
            <ns3:cad>0</ns3:cad>
          </ns3:TrackPointExtension>
        </extensions>
      </trkpt>
      <trkpt lat="69.04271400533616542816162109375" lon="20.5752043984830379486083984375">
        <ele>592.5999755859375</ele>
        <time>2026-08-23T07:28:41.000Z</time>
        <extensions>
          <ns3:TrackPointExtension>
            <ns3:cad>0</ns3:cad>
          </ns3:TrackPointExtension>
        </extensions>
      </trkpt>
      <trkpt lat="69.0427132509648799896240234375" lon="20.57522359304130077362060546875">
        <ele>592.5999755859375</ele>
        <time>2026-08-23T07:28:50.000Z</time>
        <extensions>
          <ns3:TrackPointExtension>
            <ns3:cad>0</ns3:cad>
          </ns3:TrackPointExtension>
        </extensions>
      </trkpt>
      <trkpt lat="69.04272037558257579803466796875" lon="20.57534764520823955535888671875">
        <ele>592.4000244140625</ele>
        <time>2026-08-23T07:28:58.000Z</time>
        <extensions>
          <ns3:TrackPointExtension>
            <ns3:cad>0</ns3:cad>
          </ns3:TrackPointExtension>
        </extensions>
      </trkpt>
      <trkpt lat="69.04272607527673244476318359375" lon="20.57541319169104099273681640625">
        <ele>591.79998779296875</ele>
        <time>2026-08-23T07:29:02.000Z</time>
        <extensions>
          <ns3:TrackPointExtension>
            <ns3:cad>0</ns3:cad>
          </ns3:TrackPointExtension>
        </extensions>
      </trkpt>
      <trkpt lat="69.04273797757923603057861328125" lon="20.575457029044628143310546875">
        <ele>591.20001220703125</ele>
        <time>2026-08-23T07:29:05.000Z</time>
        <extensions>
          <ns3:TrackPointExtension>
            <ns3:cad>0</ns3:cad>
          </ns3:TrackPointExtension>
        </extensions>
      </trkpt>
      <trkpt lat="69.0427484549582004547119140625" lon="20.5754895508289337158203125">
        <ele>590.5999755859375</ele>
        <time>2026-08-23T07:29:08.000Z</time>
        <extensions>
          <ns3:TrackPointExtension>
            <ns3:cad>0</ns3:cad>
          </ns3:TrackPointExtension>
        </extensions>
      </trkpt>
      <trkpt lat="69.0427611954510211944580078125" lon="20.57550120167434215545654296875">
        <ele>589.79998779296875</ele>
        <time>2026-08-23T07:29:11.000Z</time>
        <extensions>
          <ns3:TrackPointExtension>
            <ns3:cad>0</ns3:cad>
          </ns3:TrackPointExtension>
        </extensions>
      </trkpt>
      <trkpt lat="69.04277116991579532623291015625" lon="20.57550841011106967926025390625">
        <ele>589.4000244140625</ele>
        <time>2026-08-23T07:29:13.000Z</time>
        <extensions>
          <ns3:TrackPointExtension>
            <ns3:cad>50</ns3:cad>
          </ns3:TrackPointExtension>
        </extensions>
      </trkpt>
      <trkpt lat="69.04279413633048534393310546875" lon="20.57555786333978176116943359375">
        <ele>588.20001220703125</ele>
        <time>2026-08-23T07:29:18.000Z</time>
        <extensions>
          <ns3:TrackPointExtension>
            <ns3:cad>40</ns3:cad>
          </ns3:TrackPointExtension>
        </extensions>
      </trkpt>
      <trkpt lat="69.04282431118190288543701171875" lon="20.57564847171306610107421875">
        <ele>587</ele>
        <time>2026-08-23T07:29:24.000Z</time>
        <extensions>
          <ns3:TrackPointExtension>
            <ns3:cad>43</ns3:cad>
          </ns3:TrackPointExtension>
        </extensions>
      </trkpt>
      <trkpt lat="69.04283118434250354766845703125" lon="20.57567319832742214202880859375">
        <ele>586.79998779296875</ele>
        <time>2026-08-23T07:29:26.000Z</time>
        <extensions>
          <ns3:TrackPointExtension>
            <ns3:cad>0</ns3:cad>
          </ns3:TrackPointExtension>
        </extensions>
      </trkpt>
      <trkpt lat="69.042846858501434326171875" lon="20.57574913837015628814697265625">
        <ele>586</ele>
        <time>2026-08-23T07:29:31.000Z</time>
        <extensions>
          <ns3:TrackPointExtension>
            <ns3:cad>77</ns3:cad>
          </ns3:TrackPointExtension>
        </extensions>
      </trkpt>
      <trkpt lat="69.04285163618624210357666015625" lon="20.57576037012040615081787109375">
        <ele>585.79998779296875</ele>
        <time>2026-08-23T07:29:32.000Z</time>
        <extensions>
          <ns3:TrackPointExtension>
            <ns3:cad>77</ns3:cad>
          </ns3:TrackPointExtension>
        </extensions>
      </trkpt>
      <trkpt lat="69.04285498894751071929931640625" lon="20.5757690034806728363037109375">
        <ele>585.79998779296875</ele>
        <time>2026-08-23T07:29:33.000Z</time>
        <extensions>
          <ns3:TrackPointExtension>
            <ns3:cad>0</ns3:cad>
          </ns3:TrackPointExtension>
        </extensions>
      </trkpt>
      <trkpt lat="69.04286622069776058197021484375" lon="20.57581937871873378753662109375">
        <ele>585</ele>
        <time>2026-08-23T07:29:37.000Z</time>
        <extensions>
          <ns3:TrackPointExtension>
            <ns3:cad>0</ns3:cad>
          </ns3:TrackPointExtension>
        </extensions>
      </trkpt>
      <trkpt lat="69.04287166893482208251953125" lon="20.5758581869304180145263671875">
        <ele>584.5999755859375</ele>
        <time>2026-08-23T07:29:40.000Z</time>
        <extensions>
          <ns3:TrackPointExtension>
            <ns3:cad>0</ns3:cad>
          </ns3:TrackPointExtension>
        </extensions>
      </trkpt>
      <trkpt lat="69.04289471916854381561279296875" lon="20.5759339593350887298583984375">
        <ele>583.79998779296875</ele>
        <time>2026-08-23T07:29:47.000Z</time>
        <extensions>
          <ns3:TrackPointExtension>
            <ns3:cad>0</ns3:cad>
          </ns3:TrackPointExtension>
        </extensions>
      </trkpt>
      <trkpt lat="69.04289589263498783111572265625" lon="20.57594762183725833892822265625">
        <ele>583.5999755859375</ele>
        <time>2026-08-23T07:29:48.000Z</time>
        <extensions>
          <ns3:TrackPointExtension>
            <ns3:cad>0</ns3:cad>
          </ns3:TrackPointExtension>
        </extensions>
      </trkpt>
      <trkpt lat="69.0429033525288105010986328125" lon="20.5760673992335796356201171875">
        <ele>583</ele>
        <time>2026-08-23T07:29:54.000Z</time>
        <extensions>
          <ns3:TrackPointExtension>
            <ns3:cad>0</ns3:cad>
          </ns3:TrackPointExtension>
        </extensions>
      </trkpt>
      <trkpt lat="69.042909555137157440185546875" lon="20.5761153437197208404541015625">
        <ele>582.79998779296875</ele>
        <time>2026-08-23T07:29:57.000Z</time>
        <extensions>
          <ns3:TrackPointExtension>
            <ns3:cad>0</ns3:cad>
          </ns3:TrackPointExtension>
        </extensions>
      </trkpt>
      <trkpt lat="69.04291517101228237152099609375" lon="20.5761574208736419677734375">
        <ele>582.5999755859375</ele>
        <time>2026-08-23T07:30:02.000Z</time>
        <extensions>
          <ns3:TrackPointExtension>
            <ns3:cad>0</ns3:cad>
          </ns3:TrackPointExtension>
        </extensions>
      </trkpt>
      <trkpt lat="69.0429368801414966583251953125" lon="20.57621215470135211944580078125">
        <ele>582</ele>
        <time>2026-08-23T07:30:09.000Z</time>
        <extensions>
          <ns3:TrackPointExtension>
            <ns3:cad>0</ns3:cad>
          </ns3:TrackPointExtension>
        </extensions>
      </trkpt>
      <trkpt lat="69.0429472737014293670654296875" lon="20.57625087909400463104248046875">
        <ele>581.79998779296875</ele>
        <time>2026-08-23T07:30:12.000Z</time>
        <extensions>
          <ns3:TrackPointExtension>
            <ns3:cad>0</ns3:cad>
          </ns3:TrackPointExtension>
        </extensions>
      </trkpt>
      <trkpt lat="69.0429720841348171234130859375" lon="20.57629899121820926666259765625">
        <ele>581.20001220703125</ele>
        <time>2026-08-23T07:30:16.000Z</time>
        <extensions>
          <ns3:TrackPointExtension>
            <ns3:cad>0</ns3:cad>
          </ns3:TrackPointExtension>
        </extensions>
      </trkpt>
      <trkpt lat="69.04299899004399776458740234375" lon="20.57631122879683971405029296875">
        <ele>580.5999755859375</ele>
        <time>2026-08-23T07:30:19.000Z</time>
        <extensions>
          <ns3:TrackPointExtension>
            <ns3:cad>0</ns3:cad>
          </ns3:TrackPointExtension>
        </extensions>
      </trkpt>
      <trkpt lat="69.04301382601261138916015625" lon="20.5763264000415802001953125">
        <ele>580.4000244140625</ele>
        <time>2026-08-23T07:30:21.000Z</time>
        <extensions>
          <ns3:TrackPointExtension>
            <ns3:cad>0</ns3:cad>
          </ns3:TrackPointExtension>
        </extensions>
      </trkpt>
      <trkpt lat="69.0430520474910736083984375" lon="20.576350875198841094970703125">
        <ele>580.79998779296875</ele>
        <time>2026-08-23T07:30:27.000Z</time>
        <extensions>
          <ns3:TrackPointExtension>
            <ns3:cad>0</ns3:cad>
          </ns3:TrackPointExtension>
        </extensions>
      </trkpt>
      <trkpt lat="69.04312186874449253082275390625" lon="20.57643528096377849578857421875">
        <ele>580.20001220703125</ele>
        <time>2026-08-23T07:30:35.000Z</time>
        <extensions>
          <ns3:TrackPointExtension>
            <ns3:cad>0</ns3:cad>
          </ns3:TrackPointExtension>
        </extensions>
      </trkpt>
      <trkpt lat="69.0431675501167774200439453125" lon="20.57652580551803112030029296875">
        <ele>579.5999755859375</ele>
        <time>2026-08-23T07:30:40.000Z</time>
        <extensions>
          <ns3:TrackPointExtension>
            <ns3:cad>45</ns3:cad>
          </ns3:TrackPointExtension>
        </extensions>
      </trkpt>
      <trkpt lat="69.0431752614676952362060546875" lon="20.57653921656310558319091796875">
        <ele>579.5999755859375</ele>
        <time>2026-08-23T07:30:41.000Z</time>
        <extensions>
          <ns3:TrackPointExtension>
            <ns3:cad>48</ns3:cad>
          </ns3:TrackPointExtension>
        </extensions>
      </trkpt>
      <trkpt lat="69.0432352758944034576416015625" lon="20.57663150131702423095703125">
        <ele>578.79998779296875</ele>
        <time>2026-08-23T07:30:49.000Z</time>
        <extensions>
          <ns3:TrackPointExtension>
            <ns3:cad>47</ns3:cad>
          </ns3:TrackPointExtension>
        </extensions>
      </trkpt>
      <trkpt lat="69.0432483516633510589599609375" lon="20.57665086351335048675537109375">
        <ele>578.5999755859375</ele>
        <time>2026-08-23T07:30:51.000Z</time>
        <extensions>
          <ns3:TrackPointExtension>
            <ns3:cad>46</ns3:cad>
          </ns3:TrackPointExtension>
        </extensions>
      </trkpt>
      <trkpt lat="69.04329009354114532470703125" lon="20.5767503567039966583251953125">
        <ele>577.79998779296875</ele>
        <time>2026-08-23T07:30:58.000Z</time>
        <extensions>
          <ns3:TrackPointExtension>
            <ns3:cad>47</ns3:cad>
          </ns3:TrackPointExtension>
        </extensions>
      </trkpt>
      <trkpt lat="69.04330342076718807220458984375" lon="20.57677038945257663726806640625">
        <ele>577.4000244140625</ele>
        <time>2026-08-23T07:31:00.000Z</time>
        <extensions>
          <ns3:TrackPointExtension>
            <ns3:cad>45</ns3:cad>
          </ns3:TrackPointExtension>
        </extensions>
      </trkpt>
      <trkpt lat="69.0433415584266185760498046875" lon="20.57684297673404216766357421875">
        <ele>576.4000244140625</ele>
        <time>2026-08-23T07:31:07.000Z</time>
        <extensions>
          <ns3:TrackPointExtension>
            <ns3:cad>47</ns3:cad>
          </ns3:TrackPointExtension>
        </extensions>
      </trkpt>
      <trkpt lat="69.04334600083529949188232421875" lon="20.5768485926091670989990234375">
        <ele>576.4000244140625</ele>
        <time>2026-08-23T07:31:08.000Z</time>
        <extensions>
          <ns3:TrackPointExtension>
            <ns3:cad>46</ns3:cad>
          </ns3:TrackPointExtension>
        </extensions>
      </trkpt>
      <trkpt lat="69.043390341103076934814453125" lon="20.576910786330699920654296875">
        <ele>575.5999755859375</ele>
        <time>2026-08-23T07:31:14.000Z</time>
        <extensions>
          <ns3:TrackPointExtension>
            <ns3:cad>48</ns3:cad>
          </ns3:TrackPointExtension>
        </extensions>
      </trkpt>
      <trkpt lat="69.0434052608907222747802734375" lon="20.576934255659580230712890625">
        <ele>575.4000244140625</ele>
        <time>2026-08-23T07:31:16.000Z</time>
        <extensions>
          <ns3:TrackPointExtension>
            <ns3:cad>48</ns3:cad>
          </ns3:TrackPointExtension>
        </extensions>
      </trkpt>
      <trkpt lat="69.04343820177018642425537109375" lon="20.57697658427059650421142578125">
        <ele>574.5999755859375</ele>
        <time>2026-08-23T07:31:20.000Z</time>
        <extensions>
          <ns3:TrackPointExtension>
            <ns3:cad>47</ns3:cad>
          </ns3:TrackPointExtension>
        </extensions>
      </trkpt>
      <trkpt lat="69.04345773160457611083984375" lon="20.57703316211700439453125">
        <ele>574.20001220703125</ele>
        <time>2026-08-23T07:31:23.000Z</time>
        <extensions>
          <ns3:TrackPointExtension>
            <ns3:cad>45</ns3:cad>
          </ns3:TrackPointExtension>
        </extensions>
      </trkpt>
      <trkpt lat="69.04349050484597682952880859375" lon="20.57712594978511333465576171875">
        <ele>574</ele>
        <time>2026-08-23T07:31:28.000Z</time>
        <extensions>
          <ns3:TrackPointExtension>
            <ns3:cad>44</ns3:cad>
          </ns3:TrackPointExtension>
        </extensions>
      </trkpt>
      <trkpt lat="69.04353358782827854156494140625" lon="20.57720415294170379638671875">
        <ele>573.5999755859375</ele>
        <time>2026-08-23T07:31:36.000Z</time>
        <extensions>
          <ns3:TrackPointExtension>
            <ns3:cad>45</ns3:cad>
          </ns3:TrackPointExtension>
        </extensions>
      </trkpt>
      <trkpt lat="69.04357851482927799224853515625" lon="20.5772807635366916656494140625">
        <ele>573.20001220703125</ele>
        <time>2026-08-23T07:31:42.000Z</time>
        <extensions>
          <ns3:TrackPointExtension>
            <ns3:cad>47</ns3:cad>
          </ns3:TrackPointExtension>
        </extensions>
      </trkpt>
      <trkpt lat="69.043590165674686431884765625" lon="20.57731403969228267669677734375">
        <ele>573</ele>
        <time>2026-08-23T07:31:44.000Z</time>
        <extensions>
          <ns3:TrackPointExtension>
            <ns3:cad>46</ns3:cad>
          </ns3:TrackPointExtension>
        </extensions>
      </trkpt>
      <trkpt lat="69.043632410466670989990234375" lon="20.57746432721614837646484375">
        <ele>572.79998779296875</ele>
        <time>2026-08-23T07:31:52.000Z</time>
        <extensions>
          <ns3:TrackPointExtension>
            <ns3:cad>46</ns3:cad>
          </ns3:TrackPointExtension>
        </extensions>
      </trkpt>
      <trkpt lat="69.0436624176800251007080078125" lon="20.57756516151130199432373046875">
        <ele>572.4000244140625</ele>
        <time>2026-08-23T07:31:59.000Z</time>
        <extensions>
          <ns3:TrackPointExtension>
            <ns3:cad>42</ns3:cad>
          </ns3:TrackPointExtension>
        </extensions>
      </trkpt>
      <trkpt lat="69.04368177987635135650634765625" lon="20.5776043049991130828857421875">
        <ele>572.20001220703125</ele>
        <time>2026-08-23T07:32:03.000Z</time>
        <extensions>
          <ns3:TrackPointExtension>
            <ns3:cad>0</ns3:cad>
          </ns3:TrackPointExtension>
        </extensions>
      </trkpt>
      <trkpt lat="69.04371128417551517486572265625" lon="20.57763674296438694000244140625">
        <ele>572.4000244140625</ele>
        <time>2026-08-23T07:32:07.000Z</time>
        <extensions>
          <ns3:TrackPointExtension>
            <ns3:cad>0</ns3:cad>
          </ns3:TrackPointExtension>
        </extensions>
      </trkpt>
      <trkpt lat="69.04377146624028682708740234375" lon="20.5777310393750667572021484375">
        <ele>572.4000244140625</ele>
        <time>2026-08-23T07:32:15.000Z</time>
        <extensions>
          <ns3:TrackPointExtension>
            <ns3:cad>0</ns3:cad>
          </ns3:TrackPointExtension>
        </extensions>
      </trkpt>
      <trkpt lat="69.04382393695414066314697265625" lon="20.57788987644016742706298828125">
        <ele>572</ele>
        <time>2026-08-23T07:32:23.000Z</time>
        <extensions>
          <ns3:TrackPointExtension>
            <ns3:cad>44</ns3:cad>
          </ns3:TrackPointExtension>
        </extensions>
      </trkpt>
      <trkpt lat="69.0438984520733356475830078125" lon="20.57806137017905712127685546875">
        <ele>571.79998779296875</ele>
        <time>2026-08-23T07:32:35.000Z</time>
        <extensions>
          <ns3:TrackPointExtension>
            <ns3:cad>42</ns3:cad>
          </ns3:TrackPointExtension>
        </extensions>
      </trkpt>
      <trkpt lat="69.04392586089670658111572265625" lon="20.57811920531094074249267578125">
        <ele>571</ele>
        <time>2026-08-23T07:32:43.000Z</time>
        <extensions>
          <ns3:TrackPointExtension>
            <ns3:cad>0</ns3:cad>
          </ns3:TrackPointExtension>
        </extensions>
      </trkpt>
      <trkpt lat="69.04394882731139659881591796875" lon="20.5781695805490016937255859375">
        <ele>570</ele>
        <time>2026-08-23T07:32:48.000Z</time>
        <extensions>
          <ns3:TrackPointExtension>
            <ns3:cad>0</ns3:cad>
          </ns3:TrackPointExtension>
        </extensions>
      </trkpt>
      <trkpt lat="69.04395905323326587677001953125" lon="20.57822414673864841461181640625">
        <ele>569</ele>
        <time>2026-08-23T07:32:53.000Z</time>
        <extensions>
          <ns3:TrackPointExtension>
            <ns3:cad>0</ns3:cad>
          </ns3:TrackPointExtension>
        </extensions>
      </trkpt>
      <trkpt lat="69.0439631603658199310302734375" lon="20.57824208401143550872802734375">
        <ele>568.79998779296875</ele>
        <time>2026-08-23T07:32:54.000Z</time>
        <extensions>
          <ns3:TrackPointExtension>
            <ns3:cad>0</ns3:cad>
          </ns3:TrackPointExtension>
        </extensions>
      </trkpt>
      <trkpt lat="69.04398470185697078704833984375" lon="20.57832288555800914764404296875">
        <ele>567.79998779296875</ele>
        <time>2026-08-23T07:32:59.000Z</time>
        <extensions>
          <ns3:TrackPointExtension>
            <ns3:cad>0</ns3:cad>
          </ns3:TrackPointExtension>
        </extensions>
      </trkpt>
      <trkpt lat="69.04398956336081027984619140625" lon="20.578337050974369049072265625">
        <ele>567.79998779296875</ele>
        <time>2026-08-23T07:33:00.000Z</time>
        <extensions>
          <ns3:TrackPointExtension>
            <ns3:cad>0</ns3:cad>
          </ns3:TrackPointExtension>
        </extensions>
      </trkpt>
      <trkpt lat="69.04400900937616825103759765625" lon="20.578370578587055206298828125">
        <ele>567.20001220703125</ele>
        <time>2026-08-23T07:33:07.000Z</time>
        <extensions>
          <ns3:TrackPointExtension>
            <ns3:cad>0</ns3:cad>
          </ns3:TrackPointExtension>
        </extensions>
      </trkpt>
      <trkpt lat="69.044010601937770843505859375" lon="20.57838072068989276885986328125">
        <ele>567</ele>
        <time>2026-08-23T07:33:16.000Z</time>
        <extensions>
          <ns3:TrackPointExtension>
            <ns3:cad>0</ns3:cad>
          </ns3:TrackPointExtension>
        </extensions>
      </trkpt>
      <trkpt lat="69.0440080873668193817138671875" lon="20.5783702433109283447265625">
        <ele>567</ele>
        <time>2026-08-23T07:33:23.000Z</time>
        <extensions>
          <ns3:TrackPointExtension>
            <ns3:cad>0</ns3:cad>
          </ns3:TrackPointExtension>
        </extensions>
      </trkpt>
      <trkpt lat="69.044011272490024566650390625" lon="20.5783677287399768829345703125">
        <ele>566.5999755859375</ele>
        <time>2026-08-23T07:33:29.000Z</time>
        <extensions>
          <ns3:TrackPointExtension>
            <ns3:cad>0</ns3:cad>
          </ns3:TrackPointExtension>
        </extensions>
      </trkpt>
      <trkpt lat="69.0440218336880207061767578125" lon="20.57836898602545261383056640625">
        <ele>565.79998779296875</ele>
        <time>2026-08-23T07:33:38.000Z</time>
        <extensions>
          <ns3:TrackPointExtension>
            <ns3:cad>0</ns3:cad>
          </ns3:TrackPointExtension>
        </extensions>
      </trkpt>
      <trkpt lat="69.04402527026832103729248046875" lon="20.57837217114865779876708984375">
        <ele>565.5999755859375</ele>
        <time>2026-08-23T07:33:39.000Z</time>
        <extensions>
          <ns3:TrackPointExtension>
            <ns3:cad>0</ns3:cad>
          </ns3:TrackPointExtension>
        </extensions>
      </trkpt>
      <trkpt lat="69.044033400714397430419921875" lon="20.57839077897369861602783203125">
        <ele>565.20001220703125</ele>
        <time>2026-08-23T07:33:46.000Z</time>
        <extensions>
          <ns3:TrackPointExtension>
            <ns3:cad>0</ns3:cad>
          </ns3:TrackPointExtension>
        </extensions>
      </trkpt>
      <trkpt lat="69.0440647490322589874267578125" lon="20.57844274677336215972900390625">
        <ele>564.4000244140625</ele>
        <time>2026-08-23T07:33:53.000Z</time>
        <extensions>
          <ns3:TrackPointExtension>
            <ns3:cad>0</ns3:cad>
          </ns3:TrackPointExtension>
        </extensions>
      </trkpt>
      <trkpt lat="69.04406927525997161865234375" lon="20.57845179922878742218017578125">
        <ele>564.4000244140625</ele>
        <time>2026-08-23T07:33:54.000Z</time>
        <extensions>
          <ns3:TrackPointExtension>
            <ns3:cad>0</ns3:cad>
          </ns3:TrackPointExtension>
        </extensions>
      </trkpt>
      <trkpt lat="69.04408478178083896636962890625" lon="20.57851751334965229034423828125">
        <ele>563.4000244140625</ele>
        <time>2026-08-23T07:33:59.000Z</time>
        <extensions>
          <ns3:TrackPointExtension>
            <ns3:cad>0</ns3:cad>
          </ns3:TrackPointExtension>
        </extensions>
      </trkpt>
      <trkpt lat="69.04409014619886875152587890625" lon="20.57853410951793193817138671875">
        <ele>563.20001220703125</ele>
        <time>2026-08-23T07:34:00.000Z</time>
        <extensions>
          <ns3:TrackPointExtension>
            <ns3:cad>0</ns3:cad>
          </ns3:TrackPointExtension>
        </extensions>
      </trkpt>
      <trkpt lat="69.04411084949970245361328125" lon="20.57859445922076702117919921875">
        <ele>562.4000244140625</ele>
        <time>2026-08-23T07:34:04.000Z</time>
        <extensions>
          <ns3:TrackPointExtension>
            <ns3:cad>0</ns3:cad>
          </ns3:TrackPointExtension>
        </extensions>
      </trkpt>
      <trkpt lat="69.04411411844193935394287109375" lon="20.5786557309329509735107421875">
        <ele>561.4000244140625</ele>
        <time>2026-08-23T07:34:08.000Z</time>
        <extensions>
          <ns3:TrackPointExtension>
            <ns3:cad>0</ns3:cad>
          </ns3:TrackPointExtension>
        </extensions>
      </trkpt>
      <trkpt lat="69.04414462856948375701904296875" lon="20.57879260741174221038818359375">
        <ele>560.20001220703125</ele>
        <time>2026-08-23T07:34:14.000Z</time>
        <extensions>
          <ns3:TrackPointExtension>
            <ns3:cad>65</ns3:cad>
          </ns3:TrackPointExtension>
        </extensions>
      </trkpt>
      <trkpt lat="69.04416843317449092864990234375" lon="20.57895454578101634979248046875">
        <ele>559.20001220703125</ele>
        <time>2026-08-23T07:34:21.000Z</time>
        <extensions>
          <ns3:TrackPointExtension>
            <ns3:cad>50</ns3:cad>
          </ns3:TrackPointExtension>
        </extensions>
      </trkpt>
      <trkpt lat="69.04420346952974796295166015625" lon="20.5791373550891876220703125">
        <ele>558.20001220703125</ele>
        <time>2026-08-23T07:34:30.000Z</time>
        <extensions>
          <ns3:TrackPointExtension>
            <ns3:cad>50</ns3:cad>
          </ns3:TrackPointExtension>
        </extensions>
      </trkpt>
      <trkpt lat="69.04420296661555767059326171875" lon="20.57915487326681613922119140625">
        <ele>558.20001220703125</ele>
        <time>2026-08-23T07:34:31.000Z</time>
        <extensions>
          <ns3:TrackPointExtension>
            <ns3:cad>50</ns3:cad>
          </ns3:TrackPointExtension>
        </extensions>
      </trkpt>
      <trkpt lat="69.04420338571071624755859375" lon="20.57920834980905055999755859375">
        <ele>557.79998779296875</ele>
        <time>2026-08-23T07:34:34.000Z</time>
        <extensions>
          <ns3:TrackPointExtension>
            <ns3:cad>0</ns3:cad>
          </ns3:TrackPointExtension>
        </extensions>
      </trkpt>
      <trkpt lat="69.04420732520520687103271484375" lon="20.57924405671656131744384765625">
        <ele>557.79998779296875</ele>
        <time>2026-08-23T07:34:36.000Z</time>
        <extensions>
          <ns3:TrackPointExtension>
            <ns3:cad>0</ns3:cad>
          </ns3:TrackPointExtension>
        </extensions>
      </trkpt>
      <trkpt lat="69.044203720986843109130859375" lon="20.57928328402340412139892578125">
        <ele>557.5999755859375</ele>
        <time>2026-08-23T07:34:42.000Z</time>
        <extensions>
          <ns3:TrackPointExtension>
            <ns3:cad>0</ns3:cad>
          </ns3:TrackPointExtension>
        </extensions>
      </trkpt>
      <trkpt lat="69.04419575817883014678955078125" lon="20.57933709584176540374755859375">
        <ele>557</ele>
        <time>2026-08-23T07:34:48.000Z</time>
        <extensions>
          <ns3:TrackPointExtension>
            <ns3:cad>0</ns3:cad>
          </ns3:TrackPointExtension>
        </extensions>
      </trkpt>
      <trkpt lat="69.04419391416013240814208984375" lon="20.57934497483074665069580078125">
        <ele>557</ele>
        <time>2026-08-23T07:34:49.000Z</time>
        <extensions>
          <ns3:TrackPointExtension>
            <ns3:cad>0</ns3:cad>
          </ns3:TrackPointExtension>
        </extensions>
      </trkpt>
      <trkpt lat="69.0441906452178955078125" lon="20.57945813052356243133544921875">
        <ele>556</ele>
        <time>2026-08-23T07:34:55.000Z</time>
        <extensions>
          <ns3:TrackPointExtension>
            <ns3:cad>0</ns3:cad>
          </ns3:TrackPointExtension>
        </extensions>
      </trkpt>
      <trkpt lat="69.04418787918984889984130859375" lon="20.57948729954659938812255859375">
        <ele>555.5999755859375</ele>
        <time>2026-08-23T07:34:57.000Z</time>
        <extensions>
          <ns3:TrackPointExtension>
            <ns3:cad>0</ns3:cad>
          </ns3:TrackPointExtension>
        </extensions>
      </trkpt>
      <trkpt lat="69.04419207014143466949462890625" lon="20.57954178191721439361572265625">
        <ele>555</ele>
        <time>2026-08-23T07:35:00.000Z</time>
        <extensions>
          <ns3:TrackPointExtension>
            <ns3:cad>0</ns3:cad>
          </ns3:TrackPointExtension>
        </extensions>
      </trkpt>
      <trkpt lat="69.0441928245127201080322265625" lon="20.579609759151935577392578125">
        <ele>554</ele>
        <time>2026-08-23T07:35:04.000Z</time>
        <extensions>
          <ns3:TrackPointExtension>
            <ns3:cad>0</ns3:cad>
          </ns3:TrackPointExtension>
        </extensions>
      </trkpt>
      <trkpt lat="69.044191651046276092529296875" lon="20.5796176381409168243408203125">
        <ele>553.79998779296875</ele>
        <time>2026-08-23T07:35:05.000Z</time>
        <extensions>
          <ns3:TrackPointExtension>
            <ns3:cad>0</ns3:cad>
          </ns3:TrackPointExtension>
        </extensions>
      </trkpt>
      <trkpt lat="69.0442080795764923095703125" lon="20.5796411074697971343994140625">
        <ele>552.79998779296875</ele>
        <time>2026-08-23T07:35:12.000Z</time>
        <extensions>
          <ns3:TrackPointExtension>
            <ns3:cad>0</ns3:cad>
          </ns3:TrackPointExtension>
        </extensions>
      </trkpt>
      <trkpt lat="69.044237919151782989501953125" lon="20.5796015448868274688720703125">
        <ele>552.4000244140625</ele>
        <time>2026-08-23T07:35:20.000Z</time>
        <extensions>
          <ns3:TrackPointExtension>
            <ns3:cad>0</ns3:cad>
          </ns3:TrackPointExtension>
        </extensions>
      </trkpt>
      <trkpt lat="69.0442478097975254058837890625" lon="20.57957363314926624298095703125">
        <ele>552.4000244140625</ele>
        <time>2026-08-23T07:35:28.000Z</time>
        <extensions>
          <ns3:TrackPointExtension>
            <ns3:cad>0</ns3:cad>
          </ns3:TrackPointExtension>
        </extensions>
      </trkpt>
      <trkpt lat="69.04428116977214813232421875" lon="20.57959693484008312225341796875">
        <ele>552.4000244140625</ele>
        <time>2026-08-23T07:35:34.000Z</time>
        <extensions>
          <ns3:TrackPointExtension>
            <ns3:cad>0</ns3:cad>
          </ns3:TrackPointExtension>
        </extensions>
      </trkpt>
      <trkpt lat="69.04431545175611972808837890625" lon="20.57964957319200038909912109375">
        <ele>551.79998779296875</ele>
        <time>2026-08-23T07:35:42.000Z</time>
        <extensions>
          <ns3:TrackPointExtension>
            <ns3:cad>0</ns3:cad>
          </ns3:TrackPointExtension>
        </extensions>
      </trkpt>
      <trkpt lat="69.04431444592773914337158203125" lon="20.5796565301716327667236328125">
        <ele>551.5999755859375</ele>
        <time>2026-08-23T07:35:43.000Z</time>
        <extensions>
          <ns3:TrackPointExtension>
            <ns3:cad>0</ns3:cad>
          </ns3:TrackPointExtension>
        </extensions>
      </trkpt>
      <trkpt lat="69.04431226663291454315185546875" lon="20.57964873500168323516845703125">
        <ele>551</ele>
        <time>2026-08-23T07:35:48.000Z</time>
        <extensions>
          <ns3:TrackPointExtension>
            <ns3:cad>0</ns3:cad>
          </ns3:TrackPointExtension>
        </extensions>
      </trkpt>
      <trkpt lat="69.0443180501461029052734375" lon="20.57966466061770915985107421875">
        <ele>551</ele>
        <time>2026-08-23T07:35:53.000Z</time>
        <extensions>
          <ns3:TrackPointExtension>
            <ns3:cad>0</ns3:cad>
          </ns3:TrackPointExtension>
        </extensions>
      </trkpt>
      <trkpt lat="69.04432483948767185211181640625" lon="20.579774379730224609375">
        <ele>550.79998779296875</ele>
        <time>2026-08-23T07:36:00.000Z</time>
        <extensions>
          <ns3:TrackPointExtension>
            <ns3:cad>0</ns3:cad>
          </ns3:TrackPointExtension>
        </extensions>
      </trkpt>
      <trkpt lat="69.044331125915050506591796875" lon="20.57977370917797088623046875">
        <ele>550.79998779296875</ele>
        <time>2026-08-23T07:36:07.000Z</time>
        <extensions>
          <ns3:TrackPointExtension>
            <ns3:cad>0</ns3:cad>
          </ns3:TrackPointExtension>
        </extensions>
      </trkpt>
      <trkpt lat="69.04432936571538448333740234375" lon="20.57969500310719013214111328125">
        <ele>550.5999755859375</ele>
        <time>2026-08-23T07:36:15.000Z</time>
        <extensions>
          <ns3:TrackPointExtension>
            <ns3:cad>0</ns3:cad>
          </ns3:TrackPointExtension>
        </extensions>
      </trkpt>
      <trkpt lat="69.0443287789821624755859375" lon="20.57970204390585422515869140625">
        <ele>550.79998779296875</ele>
        <time>2026-08-23T07:36:22.000Z</time>
        <extensions>
          <ns3:TrackPointExtension>
            <ns3:cad>0</ns3:cad>
          </ns3:TrackPointExtension>
        </extensions>
      </trkpt>
      <trkpt lat="69.0443232469260692596435546875" lon="20.5796927399933338165283203125">
        <ele>550.79998779296875</ele>
        <time>2026-08-23T07:36:32.000Z</time>
        <extensions>
          <ns3:TrackPointExtension>
            <ns3:cad>0</ns3:cad>
          </ns3:TrackPointExtension>
        </extensions>
      </trkpt>
      <trkpt lat="69.0443182177841663360595703125" lon="20.57971201837062835693359375">
        <ele>550.79998779296875</ele>
        <time>2026-08-23T07:36:39.000Z</time>
        <extensions>
          <ns3:TrackPointExtension>
            <ns3:cad>45</ns3:cad>
          </ns3:TrackPointExtension>
        </extensions>
      </trkpt>
      <trkpt lat="69.0443158708512783050537109375" lon="20.5797252617776393890380859375">
        <ele>550.5999755859375</ele>
        <time>2026-08-23T07:36:45.000Z</time>
        <extensions>
          <ns3:TrackPointExtension>
            <ns3:cad>0</ns3:cad>
          </ns3:TrackPointExtension>
        </extensions>
      </trkpt>
      <trkpt lat="69.04431578703224658966064453125" lon="20.57971796952188014984130859375">
        <ele>550.4000244140625</ele>
        <time>2026-08-23T07:36:50.000Z</time>
        <extensions>
          <ns3:TrackPointExtension>
            <ns3:cad>0</ns3:cad>
          </ns3:TrackPointExtension>
        </extensions>
      </trkpt>
      <trkpt lat="69.04432400129735469818115234375" lon="20.57972383685410022735595703125">
        <ele>550.4000244140625</ele>
        <time>2026-08-23T07:36:58.000Z</time>
        <extensions>
          <ns3:TrackPointExtension>
            <ns3:cad>0</ns3:cad>
          </ns3:TrackPointExtension>
        </extensions>
      </trkpt>
      <trkpt lat="69.0443252585828304290771484375" lon="20.5797333084046840667724609375">
        <ele>550.4000244140625</ele>
        <time>2026-08-23T07:37:05.000Z</time>
        <extensions>
          <ns3:TrackPointExtension>
            <ns3:cad>0</ns3:cad>
          </ns3:TrackPointExtension>
        </extensions>
      </trkpt>
      <trkpt lat="69.044323749840259552001953125" lon="20.57971662841737270355224609375">
        <ele>550.4000244140625</ele>
        <time>2026-08-23T07:37:16.000Z</time>
        <extensions>
          <ns3:TrackPointExtension>
            <ns3:cad>0</ns3:cad>
          </ns3:TrackPointExtension>
        </extensions>
      </trkpt>
      <trkpt lat="69.044326432049274444580078125" lon="20.57971377857029438018798828125">
        <ele>550</ele>
        <time>2026-08-23T07:37:25.000Z</time>
        <extensions>
          <ns3:TrackPointExtension>
            <ns3:cad>0</ns3:cad>
          </ns3:TrackPointExtension>
        </extensions>
      </trkpt>
      <trkpt lat="69.04433104209601879119873046875" lon="20.5797034688293933868408203125">
        <ele>550</ele>
        <time>2026-08-23T07:37:34.000Z</time>
        <extensions>
          <ns3:TrackPointExtension>
            <ns3:cad>0</ns3:cad>
          </ns3:TrackPointExtension>
        </extensions>
      </trkpt>
      <trkpt lat="69.0443260967731475830078125" lon="20.57972249574959278106689453125">
        <ele>550.20001220703125</ele>
        <time>2026-08-23T07:37:40.000Z</time>
        <extensions>
          <ns3:TrackPointExtension>
            <ns3:cad>0</ns3:cad>
          </ns3:TrackPointExtension>
        </extensions>
      </trkpt>
      <trkpt lat="69.0443287789821624755859375" lon="20.57973481714725494384765625">
        <ele>550.5999755859375</ele>
        <time>2026-08-23T07:37:49.000Z</time>
        <extensions>
          <ns3:TrackPointExtension>
            <ns3:cad>0</ns3:cad>
          </ns3:TrackPointExtension>
        </extensions>
      </trkpt>
      <trkpt lat="69.0443212352693080902099609375" lon="20.57971092872321605682373046875">
        <ele>550.5999755859375</ele>
        <time>2026-08-23T07:37:58.000Z</time>
        <extensions>
          <ns3:TrackPointExtension>
            <ns3:cad>0</ns3:cad>
          </ns3:TrackPointExtension>
        </extensions>
      </trkpt>
      <trkpt lat="69.04434948228299617767333984375" lon="20.57971143163740634918212890625">
        <ele>550.5999755859375</ele>
        <time>2026-08-23T07:38:04.000Z</time>
        <extensions>
          <ns3:TrackPointExtension>
            <ns3:cad>0</ns3:cad>
          </ns3:TrackPointExtension>
        </extensions>
      </trkpt>
      <trkpt lat="69.04435786418616771697998046875" lon="20.57968393899500370025634765625">
        <ele>550.5999755859375</ele>
        <time>2026-08-23T07:38:12.000Z</time>
        <extensions>
          <ns3:TrackPointExtension>
            <ns3:cad>0</ns3:cad>
          </ns3:TrackPointExtension>
        </extensions>
      </trkpt>
      <trkpt lat="69.0443770587444305419921875" lon="20.57968678884208202362060546875">
        <ele>550.5999755859375</ele>
        <time>2026-08-23T07:38:18.000Z</time>
        <extensions>
          <ns3:TrackPointExtension>
            <ns3:cad>0</ns3:cad>
          </ns3:TrackPointExtension>
        </extensions>
      </trkpt>
      <trkpt lat="69.0444154478609561920166015625" lon="20.5796657502651214599609375">
        <ele>550.4000244140625</ele>
        <time>2026-08-23T07:38:23.000Z</time>
        <extensions>
          <ns3:TrackPointExtension>
            <ns3:cad>0</ns3:cad>
          </ns3:TrackPointExtension>
        </extensions>
      </trkpt>
      <trkpt lat="69.0444503165781497955322265625" lon="20.57964202947914600372314453125">
        <ele>550.4000244140625</ele>
        <time>2026-08-23T07:38:29.000Z</time>
        <extensions>
          <ns3:TrackPointExtension>
            <ns3:cad>0</ns3:cad>
          </ns3:TrackPointExtension>
        </extensions>
      </trkpt>
      <trkpt lat="69.0444677509367465972900390625" lon="20.5796260200440883636474609375">
        <ele>550.4000244140625</ele>
        <time>2026-08-23T07:38:37.000Z</time>
        <extensions>
          <ns3:TrackPointExtension>
            <ns3:cad>0</ns3:cad>
          </ns3:TrackPointExtension>
        </extensions>
      </trkpt>
      <trkpt lat="69.044518209993839263916015625" lon="20.57970397174358367919921875">
        <ele>550.20001220703125</ele>
        <time>2026-08-23T07:38:43.000Z</time>
        <extensions>
          <ns3:TrackPointExtension>
            <ns3:cad>0</ns3:cad>
          </ns3:TrackPointExtension>
        </extensions>
      </trkpt>
      <trkpt lat="69.0445512346923351287841796875" lon="20.57981100864708423614501953125">
        <ele>549.5999755859375</ele>
        <time>2026-08-23T07:38:48.000Z</time>
        <extensions>
          <ns3:TrackPointExtension>
            <ns3:cad>0</ns3:cad>
          </ns3:TrackPointExtension>
        </extensions>
      </trkpt>
      <trkpt lat="69.04455718584358692169189453125" lon="20.5798285268247127532958984375">
        <ele>549.4000244140625</ele>
        <time>2026-08-23T07:38:49.000Z</time>
        <extensions>
          <ns3:TrackPointExtension>
            <ns3:cad>47</ns3:cad>
          </ns3:TrackPointExtension>
        </extensions>
      </trkpt>
      <trkpt lat="69.04456548392772674560546875" lon="20.579904131591320037841796875">
        <ele>549.20001220703125</ele>
        <time>2026-08-23T07:38:52.000Z</time>
        <extensions>
          <ns3:TrackPointExtension>
            <ns3:cad>47</ns3:cad>
          </ns3:TrackPointExtension>
        </extensions>
      </trkpt>
      <trkpt lat="69.04457311145961284637451171875" lon="20.57996791787445545196533203125">
        <ele>548.79998779296875</ele>
        <time>2026-08-23T07:38:55.000Z</time>
        <extensions>
          <ns3:TrackPointExtension>
            <ns3:cad>0</ns3:cad>
          </ns3:TrackPointExtension>
        </extensions>
      </trkpt>
      <trkpt lat="69.04458300210535526275634765625" lon="20.579995326697826385498046875">
        <ele>548.4000244140625</ele>
        <time>2026-08-23T07:38:58.000Z</time>
        <extensions>
          <ns3:TrackPointExtension>
            <ns3:cad>51</ns3:cad>
          </ns3:TrackPointExtension>
        </extensions>
      </trkpt>
      <trkpt lat="69.04460865072906017303466796875" lon="20.5800464563071727752685546875">
        <ele>547.4000244140625</ele>
        <time>2026-08-23T07:39:03.000Z</time>
        <extensions>
          <ns3:TrackPointExtension>
            <ns3:cad>48</ns3:cad>
          </ns3:TrackPointExtension>
        </extensions>
      </trkpt>
      <trkpt lat="69.044614098966121673583984375" lon="20.58006338775157928466796875">
        <ele>547.4000244140625</ele>
        <time>2026-08-23T07:39:04.000Z</time>
        <extensions>
          <ns3:TrackPointExtension>
            <ns3:cad>48</ns3:cad>
          </ns3:TrackPointExtension>
        </extensions>
      </trkpt>
      <trkpt lat="69.04462558217346668243408203125" lon="20.58011963032186031341552734375">
        <ele>547</ele>
        <time>2026-08-23T07:39:07.000Z</time>
        <extensions>
          <ns3:TrackPointExtension>
            <ns3:cad>0</ns3:cad>
          </ns3:TrackPointExtension>
        </extensions>
      </trkpt>
      <trkpt lat="69.04463656246662139892578125" lon="20.580195151269435882568359375">
        <ele>546.4000244140625</ele>
        <time>2026-08-23T07:39:10.000Z</time>
        <extensions>
          <ns3:TrackPointExtension>
            <ns3:cad>0</ns3:cad>
          </ns3:TrackPointExtension>
        </extensions>
      </trkpt>
      <trkpt lat="69.044639579951763153076171875" lon="20.58020956814289093017578125">
        <ele>546.4000244140625</ele>
        <time>2026-08-23T07:39:11.000Z</time>
        <extensions>
          <ns3:TrackPointExtension>
            <ns3:cad>0</ns3:cad>
          </ns3:TrackPointExtension>
        </extensions>
      </trkpt>
      <trkpt lat="69.0446544997394084930419921875" lon="20.58029414154589176177978515625">
        <ele>546.20001220703125</ele>
        <time>2026-08-23T07:39:17.000Z</time>
        <extensions>
          <ns3:TrackPointExtension>
            <ns3:cad>0</ns3:cad>
          </ns3:TrackPointExtension>
        </extensions>
      </trkpt>
      <trkpt lat="69.044665060937404632568359375" lon="20.58034694753587245941162109375">
        <ele>545.5999755859375</ele>
        <time>2026-08-23T07:39:23.000Z</time>
        <extensions>
          <ns3:TrackPointExtension>
            <ns3:cad>0</ns3:cad>
          </ns3:TrackPointExtension>
        </extensions>
      </trkpt>
      <trkpt lat="69.04467352665960788726806640625" lon="20.5804209597408771514892578125">
        <ele>545.20001220703125</ele>
        <time>2026-08-23T07:39:26.000Z</time>
        <extensions>
          <ns3:TrackPointExtension>
            <ns3:cad>0</ns3:cad>
          </ns3:TrackPointExtension>
        </extensions>
      </trkpt>
      <trkpt lat="69.04468911699950695037841796875" lon="20.58054626919329166412353515625">
        <ele>544.20001220703125</ele>
        <time>2026-08-23T07:39:31.000Z</time>
        <extensions>
          <ns3:TrackPointExtension>
            <ns3:cad>54</ns3:cad>
          </ns3:TrackPointExtension>
        </extensions>
      </trkpt>
      <trkpt lat="69.04469364322721958160400390625" lon="20.580572001636028289794921875">
        <ele>544.20001220703125</ele>
        <time>2026-08-23T07:39:32.000Z</time>
        <extensions>
          <ns3:TrackPointExtension>
            <ns3:cad>54</ns3:cad>
          </ns3:TrackPointExtension>
        </extensions>
      </trkpt>
      <trkpt lat="69.044711999595165252685546875" lon="20.58066713623702526092529296875">
        <ele>543.20001220703125</ele>
        <time>2026-08-23T07:39:37.000Z</time>
        <extensions>
          <ns3:TrackPointExtension>
            <ns3:cad>0</ns3:cad>
          </ns3:TrackPointExtension>
        </extensions>
      </trkpt>
      <trkpt lat="69.044720716774463653564453125" lon="20.58068926446139812469482421875">
        <ele>543</ele>
        <time>2026-08-23T07:39:39.000Z</time>
        <extensions>
          <ns3:TrackPointExtension>
            <ns3:cad>0</ns3:cad>
          </ns3:TrackPointExtension>
        </extensions>
      </trkpt>
      <trkpt lat="69.0447684936225414276123046875" lon="20.5807869136333465576171875">
        <ele>542</ele>
        <time>2026-08-23T07:39:45.000Z</time>
        <extensions>
          <ns3:TrackPointExtension>
            <ns3:cad>0</ns3:cad>
          </ns3:TrackPointExtension>
        </extensions>
      </trkpt>
      <trkpt lat="69.04477762989699840545654296875" lon="20.5808132328093051910400390625">
        <ele>541.79998779296875</ele>
        <time>2026-08-23T07:39:46.000Z</time>
        <extensions>
          <ns3:TrackPointExtension>
            <ns3:cad>0</ns3:cad>
          </ns3:TrackPointExtension>
        </extensions>
      </trkpt>
      <trkpt lat="69.04481492936611175537109375" lon="20.5809118039906024932861328125">
        <ele>541</ele>
        <time>2026-08-23T07:39:51.000Z</time>
        <extensions>
          <ns3:TrackPointExtension>
            <ns3:cad>50</ns3:cad>
          </ns3:TrackPointExtension>
        </extensions>
      </trkpt>
      <trkpt lat="69.0448244847357273101806640625" lon="20.5809503607451915740966796875">
        <ele>540.79998779296875</ele>
        <time>2026-08-23T07:39:53.000Z</time>
        <extensions>
          <ns3:TrackPointExtension>
            <ns3:cad>50</ns3:cad>
          </ns3:TrackPointExtension>
        </extensions>
      </trkpt>
      <trkpt lat="69.04484937898814678192138671875" lon="20.581027306616306304931640625">
        <ele>540.20001220703125</ele>
        <time>2026-08-23T07:39:58.000Z</time>
        <extensions>
          <ns3:TrackPointExtension>
            <ns3:cad>50</ns3:cad>
          </ns3:TrackPointExtension>
        </extensions>
      </trkpt>
      <trkpt lat="69.04487150721251964569091796875" lon="20.58109511621296405792236328125">
        <ele>539.5999755859375</ele>
        <time>2026-08-23T07:40:02.000Z</time>
        <extensions>
          <ns3:TrackPointExtension>
            <ns3:cad>0</ns3:cad>
          </ns3:TrackPointExtension>
        </extensions>
      </trkpt>
      <trkpt lat="69.0448808111250400543212890625" lon="20.5811327509582042694091796875">
        <ele>539.20001220703125</ele>
        <time>2026-08-23T07:40:05.000Z</time>
        <extensions>
          <ns3:TrackPointExtension>
            <ns3:cad>0</ns3:cad>
          </ns3:TrackPointExtension>
        </extensions>
      </trkpt>
      <trkpt lat="69.044910483062267303466796875" lon="20.581264011561870574951171875">
        <ele>538.5999755859375</ele>
        <time>2026-08-23T07:40:12.000Z</time>
        <extensions>
          <ns3:TrackPointExtension>
            <ns3:cad>0</ns3:cad>
          </ns3:TrackPointExtension>
        </extensions>
      </trkpt>
      <trkpt lat="69.04493420384824275970458984375" lon="20.58138177730143070220947265625">
        <ele>537.5999755859375</ele>
        <time>2026-08-23T07:40:18.000Z</time>
        <extensions>
          <ns3:TrackPointExtension>
            <ns3:cad>0</ns3:cad>
          </ns3:TrackPointExtension>
        </extensions>
      </trkpt>
      <trkpt lat="69.04493873007595539093017578125" lon="20.5814016424119472503662109375">
        <ele>537.4000244140625</ele>
        <time>2026-08-23T07:40:19.000Z</time>
        <extensions>
          <ns3:TrackPointExtension>
            <ns3:cad>0</ns3:cad>
          </ns3:TrackPointExtension>
        </extensions>
      </trkpt>
      <trkpt lat="69.04497628100216388702392578125" lon="20.58156718499958515167236328125">
        <ele>536.79998779296875</ele>
        <time>2026-08-23T07:40:26.000Z</time>
        <extensions>
          <ns3:TrackPointExtension>
            <ns3:cad>0</ns3:cad>
          </ns3:TrackPointExtension>
        </extensions>
      </trkpt>
      <trkpt lat="69.04499304480850696563720703125" lon="20.58166122995316982269287109375">
        <ele>536.4000244140625</ele>
        <time>2026-08-23T07:40:30.000Z</time>
        <extensions>
          <ns3:TrackPointExtension>
            <ns3:cad>48</ns3:cad>
          </ns3:TrackPointExtension>
        </extensions>
      </trkpt>
      <trkpt lat="69.04500804841518402099609375" lon="20.5817409418523311614990234375">
        <ele>536.20001220703125</ele>
        <time>2026-08-23T07:40:33.000Z</time>
        <extensions>
          <ns3:TrackPointExtension>
            <ns3:cad>47</ns3:cad>
          </ns3:TrackPointExtension>
        </extensions>
      </trkpt>
      <trkpt lat="69.04503864236176013946533203125" lon="20.581923834979534149169921875">
        <ele>536</ele>
        <time>2026-08-23T07:40:41.000Z</time>
        <extensions>
          <ns3:TrackPointExtension>
            <ns3:cad>46</ns3:cad>
          </ns3:TrackPointExtension>
        </extensions>
      </trkpt>
      <trkpt lat="69.0450699068605899810791015625" lon="20.58204277418553829193115234375">
        <ele>536.4000244140625</ele>
        <time>2026-08-23T07:40:47.000Z</time>
        <extensions>
          <ns3:TrackPointExtension>
            <ns3:cad>47</ns3:cad>
          </ns3:TrackPointExtension>
        </extensions>
      </trkpt>
      <trkpt lat="69.04508373700082302093505859375" lon="20.58220521546900272369384765625">
        <ele>536</ele>
        <time>2026-08-23T07:40:53.000Z</time>
        <extensions>
          <ns3:TrackPointExtension>
            <ns3:cad>0</ns3:cad>
          </ns3:TrackPointExtension>
        </extensions>
      </trkpt>
      <trkpt lat="69.0450779534876346588134765625" lon="20.5823135934770107269287109375">
        <ele>535.4000244140625</ele>
        <time>2026-08-23T07:40:58.000Z</time>
        <extensions>
          <ns3:TrackPointExtension>
            <ns3:cad>0</ns3:cad>
          </ns3:TrackPointExtension>
        </extensions>
      </trkpt>
      <trkpt lat="69.04507451690733432769775390625" lon="20.58235893957316875457763671875">
        <ele>535</ele>
        <time>2026-08-23T07:41:00.000Z</time>
        <extensions>
          <ns3:TrackPointExtension>
            <ns3:cad>0</ns3:cad>
          </ns3:TrackPointExtension>
        </extensions>
      </trkpt>
      <trkpt lat="69.0450776182115077972412109375" lon="20.58242482133209705352783203125">
        <ele>534.20001220703125</ele>
        <time>2026-08-23T07:41:03.000Z</time>
        <extensions>
          <ns3:TrackPointExtension>
            <ns3:cad>0</ns3:cad>
          </ns3:TrackPointExtension>
        </extensions>
      </trkpt>
      <trkpt lat="69.0450744330883026123046875" lon="20.58250009082257747650146484375">
        <ele>533.79998779296875</ele>
        <time>2026-08-23T07:41:06.000Z</time>
        <extensions>
          <ns3:TrackPointExtension>
            <ns3:cad>0</ns3:cad>
          </ns3:TrackPointExtension>
        </extensions>
      </trkpt>
      <trkpt lat="69.04506596736609935760498046875" lon="20.58260939083993434906005859375">
        <ele>533.20001220703125</ele>
        <time>2026-08-23T07:41:11.000Z</time>
        <extensions>
          <ns3:TrackPointExtension>
            <ns3:cad>0</ns3:cad>
          </ns3:TrackPointExtension>
        </extensions>
      </trkpt>
      <trkpt lat="69.04506479389965534210205078125" lon="20.58269505389034748077392578125">
        <ele>532.79998779296875</ele>
        <time>2026-08-23T07:41:14.000Z</time>
        <extensions>
          <ns3:TrackPointExtension>
            <ns3:cad>0</ns3:cad>
          </ns3:TrackPointExtension>
        </extensions>
      </trkpt>
      <trkpt lat="69.04506194405257701873779296875" lon="20.582856573164463043212890625">
        <ele>533.4000244140625</ele>
        <time>2026-08-23T07:41:21.000Z</time>
        <extensions>
          <ns3:TrackPointExtension>
            <ns3:cad>0</ns3:cad>
          </ns3:TrackPointExtension>
        </extensions>
      </trkpt>
      <trkpt lat="69.04506563208997249603271484375" lon="20.5830139853060245513916015625">
        <ele>532</ele>
        <time>2026-08-23T07:41:29.000Z</time>
        <extensions>
          <ns3:TrackPointExtension>
            <ns3:cad>0</ns3:cad>
          </ns3:TrackPointExtension>
        </extensions>
      </trkpt>
      <trkpt lat="69.04506730847060680389404296875" lon="20.58309906162321567535400390625">
        <ele>531</ele>
        <time>2026-08-23T07:41:34.000Z</time>
        <extensions>
          <ns3:TrackPointExtension>
            <ns3:cad>0</ns3:cad>
          </ns3:TrackPointExtension>
        </extensions>
      </trkpt>
      <trkpt lat="69.04506596736609935760498046875" lon="20.583116747438907623291015625">
        <ele>530.79998779296875</ele>
        <time>2026-08-23T07:41:35.000Z</time>
        <extensions>
          <ns3:TrackPointExtension>
            <ns3:cad>0</ns3:cad>
          </ns3:TrackPointExtension>
        </extensions>
      </trkpt>
      <trkpt lat="69.0450665540993213653564453125" lon="20.5831427313387393951416015625">
        <ele>530.20001220703125</ele>
        <time>2026-08-23T07:41:37.000Z</time>
        <extensions>
          <ns3:TrackPointExtension>
            <ns3:cad>0</ns3:cad>
          </ns3:TrackPointExtension>
        </extensions>
      </trkpt>
      <trkpt lat="69.04506965540349483489990234375" lon="20.583186484873294830322265625">
        <ele>529.79998779296875</ele>
        <time>2026-08-23T07:41:39.000Z</time>
        <extensions>
          <ns3:TrackPointExtension>
            <ns3:cad>0</ns3:cad>
          </ns3:TrackPointExtension>
        </extensions>
      </trkpt>
      <trkpt lat="69.0450762771070003509521484375" lon="20.58324926532804965972900390625">
        <ele>529.4000244140625</ele>
        <time>2026-08-23T07:41:42.000Z</time>
        <extensions>
          <ns3:TrackPointExtension>
            <ns3:cad>0</ns3:cad>
          </ns3:TrackPointExtension>
        </extensions>
      </trkpt>
      <trkpt lat="69.045084826648235321044921875" lon="20.5832902528345584869384765625">
        <ele>529.20001220703125</ele>
        <time>2026-08-23T07:41:44.000Z</time>
        <extensions>
          <ns3:TrackPointExtension>
            <ns3:cad>0</ns3:cad>
          </ns3:TrackPointExtension>
        </extensions>
      </trkpt>
      <trkpt lat="69.04510234482586383819580078125" lon="20.5833767540752887725830078125">
        <ele>528.79998779296875</ele>
        <time>2026-08-23T07:41:48.000Z</time>
        <extensions>
          <ns3:TrackPointExtension>
            <ns3:cad>45</ns3:cad>
          </ns3:TrackPointExtension>
        </extensions>
      </trkpt>
      <trkpt lat="69.0451037697494029998779296875" lon="20.58339603245258331298828125">
        <ele>528.5999755859375</ele>
        <time>2026-08-23T07:41:49.000Z</time>
        <extensions>
          <ns3:TrackPointExtension>
            <ns3:cad>46</ns3:cad>
          </ns3:TrackPointExtension>
        </extensions>
      </trkpt>
      <trkpt lat="69.04511324129998683929443359375" lon="20.58344674296677112579345703125">
        <ele>528.20001220703125</ele>
        <time>2026-08-23T07:41:52.000Z</time>
        <extensions>
          <ns3:TrackPointExtension>
            <ns3:cad>48</ns3:cad>
          </ns3:TrackPointExtension>
        </extensions>
      </trkpt>
      <trkpt lat="69.0451302565634250640869140625" lon="20.583497621119022369384765625">
        <ele>527.79998779296875</ele>
        <time>2026-08-23T07:41:55.000Z</time>
        <extensions>
          <ns3:TrackPointExtension>
            <ns3:cad>49</ns3:cad>
          </ns3:TrackPointExtension>
        </extensions>
      </trkpt>
      <trkpt lat="69.045138470828533172607421875" lon="20.58357582427561283111572265625">
        <ele>527.20001220703125</ele>
        <time>2026-08-23T07:41:59.000Z</time>
        <extensions>
          <ns3:TrackPointExtension>
            <ns3:cad>49</ns3:cad>
          </ns3:TrackPointExtension>
        </extensions>
      </trkpt>
      <trkpt lat="69.04514090158045291900634765625" lon="20.58364011347293853759765625">
        <ele>526.79998779296875</ele>
        <time>2026-08-23T07:42:02.000Z</time>
        <extensions>
          <ns3:TrackPointExtension>
            <ns3:cad>0</ns3:cad>
          </ns3:TrackPointExtension>
        </extensions>
      </trkpt>
      <trkpt lat="69.04517107643187046051025390625" lon="20.583779923617839813232421875">
        <ele>526</ele>
        <time>2026-08-23T07:42:08.000Z</time>
        <extensions>
          <ns3:TrackPointExtension>
            <ns3:cad>0</ns3:cad>
          </ns3:TrackPointExtension>
        </extensions>
      </trkpt>
      <trkpt lat="69.045201502740383148193359375" lon="20.58388461358845233917236328125">
        <ele>525.5999755859375</ele>
        <time>2026-08-23T07:42:14.000Z</time>
        <extensions>
          <ns3:TrackPointExtension>
            <ns3:cad>0</ns3:cad>
          </ns3:TrackPointExtension>
        </extensions>
      </trkpt>
      <trkpt lat="69.0452060289680957794189453125" lon="20.583904646337032318115234375">
        <ele>525.5999755859375</ele>
        <time>2026-08-23T07:42:15.000Z</time>
        <extensions>
          <ns3:TrackPointExtension>
            <ns3:cad>0</ns3:cad>
          </ns3:TrackPointExtension>
        </extensions>
      </trkpt>
      <trkpt lat="69.04525372199714183807373046875" lon="20.58410757221281528472900390625">
        <ele>525.4000244140625</ele>
        <time>2026-08-23T07:42:25.000Z</time>
        <extensions>
          <ns3:TrackPointExtension>
            <ns3:cad>0</ns3:cad>
          </ns3:TrackPointExtension>
        </extensions>
      </trkpt>
      <trkpt lat="69.045265875756740570068359375" lon="20.58425190858542919158935546875">
        <ele>524.5999755859375</ele>
        <time>2026-08-23T07:42:32.000Z</time>
        <extensions>
          <ns3:TrackPointExtension>
            <ns3:cad>0</ns3:cad>
          </ns3:TrackPointExtension>
        </extensions>
      </trkpt>
      <trkpt lat="69.0452667139470577239990234375" lon="20.5842739529907703399658203125">
        <ele>524.4000244140625</ele>
        <time>2026-08-23T07:42:33.000Z</time>
        <extensions>
          <ns3:TrackPointExtension>
            <ns3:cad>0</ns3:cad>
          </ns3:TrackPointExtension>
        </extensions>
      </trkpt>
      <trkpt lat="69.04528792016208171844482421875" lon="20.58443815447390079498291015625">
        <ele>523.79998779296875</ele>
        <time>2026-08-23T07:42:40.000Z</time>
        <extensions>
          <ns3:TrackPointExtension>
            <ns3:cad>0</ns3:cad>
          </ns3:TrackPointExtension>
        </extensions>
      </trkpt>
      <trkpt lat="69.0452943742275238037109375" lon="20.5844737775623798370361328125">
        <ele>524</ele>
        <time>2026-08-23T07:42:42.000Z</time>
        <extensions>
          <ns3:TrackPointExtension>
            <ns3:cad>0</ns3:cad>
          </ns3:TrackPointExtension>
        </extensions>
      </trkpt>
      <trkpt lat="69.04532589018344879150390625" lon="20.58463789522647857666015625">
        <ele>523.79998779296875</ele>
        <time>2026-08-23T07:42:49.000Z</time>
        <extensions>
          <ns3:TrackPointExtension>
            <ns3:cad>0</ns3:cad>
          </ns3:TrackPointExtension>
        </extensions>
      </trkpt>
      <trkpt lat="69.04534609057009220123291015625" lon="20.584776364266872406005859375">
        <ele>523.5999755859375</ele>
        <time>2026-08-23T07:42:54.000Z</time>
        <extensions>
          <ns3:TrackPointExtension>
            <ns3:cad>55</ns3:cad>
          </ns3:TrackPointExtension>
        </extensions>
      </trkpt>
      <trkpt lat="69.04536352492868900299072265625" lon="20.584835372865200042724609375">
        <ele>523.4000244140625</ele>
        <time>2026-08-23T07:42:57.000Z</time>
        <extensions>
          <ns3:TrackPointExtension>
            <ns3:cad>46</ns3:cad>
          </ns3:TrackPointExtension>
        </extensions>
      </trkpt>
      <trkpt lat="69.0453951247036457061767578125" lon="20.58491609059274196624755859375">
        <ele>522.4000244140625</ele>
        <time>2026-08-23T07:43:03.000Z</time>
        <extensions>
          <ns3:TrackPointExtension>
            <ns3:cad>48</ns3:cad>
          </ns3:TrackPointExtension>
        </extensions>
      </trkpt>
      <trkpt lat="69.0454004891216754913330078125" lon="20.5849290825426578521728515625">
        <ele>522.20001220703125</ele>
        <time>2026-08-23T07:43:04.000Z</time>
        <extensions>
          <ns3:TrackPointExtension>
            <ns3:cad>48</ns3:cad>
          </ns3:TrackPointExtension>
        </extensions>
      </trkpt>
      <trkpt lat="69.045406691730022430419921875" lon="20.58496269397437572479248046875">
        <ele>521.79998779296875</ele>
        <time>2026-08-23T07:43:06.000Z</time>
        <extensions>
          <ns3:TrackPointExtension>
            <ns3:cad>48</ns3:cad>
          </ns3:TrackPointExtension>
        </extensions>
      </trkpt>
      <trkpt lat="69.04541733674705028533935546875" lon="20.585015751421451568603515625">
        <ele>521.4000244140625</ele>
        <time>2026-08-23T07:43:09.000Z</time>
        <extensions>
          <ns3:TrackPointExtension>
            <ns3:cad>0</ns3:cad>
          </ns3:TrackPointExtension>
        </extensions>
      </trkpt>
      <trkpt lat="69.04544432647526264190673828125" lon="20.58517307974398136138916015625">
        <ele>520.5999755859375</ele>
        <time>2026-08-23T07:43:15.000Z</time>
        <extensions>
          <ns3:TrackPointExtension>
            <ns3:cad>0</ns3:cad>
          </ns3:TrackPointExtension>
        </extensions>
      </trkpt>
      <trkpt lat="69.045445583760738372802734375" lon="20.58521951548755168914794921875">
        <ele>520.4000244140625</ele>
        <time>2026-08-23T07:43:18.000Z</time>
        <extensions>
          <ns3:TrackPointExtension>
            <ns3:cad>0</ns3:cad>
          </ns3:TrackPointExtension>
        </extensions>
      </trkpt>
      <trkpt lat="69.0454514510929584503173828125" lon="20.58529428206384181976318359375">
        <ele>519.4000244140625</ele>
        <time>2026-08-23T07:43:22.000Z</time>
        <extensions>
          <ns3:TrackPointExtension>
            <ns3:cad>47</ns3:cad>
          </ns3:TrackPointExtension>
        </extensions>
      </trkpt>
      <trkpt lat="69.04545254074037075042724609375" lon="20.58532127179205417633056640625">
        <ele>519.20001220703125</ele>
        <time>2026-08-23T07:43:23.000Z</time>
        <extensions>
          <ns3:TrackPointExtension>
            <ns3:cad>47</ns3:cad>
          </ns3:TrackPointExtension>
        </extensions>
      </trkpt>
      <trkpt lat="69.0454517863690853118896484375" lon="20.58544515632092952728271484375">
        <ele>518</ele>
        <time>2026-08-23T07:43:29.000Z</time>
        <extensions>
          <ns3:TrackPointExtension>
            <ns3:cad>50</ns3:cad>
          </ns3:TrackPointExtension>
        </extensions>
      </trkpt>
      <trkpt lat="69.04546645469963550567626953125" lon="20.58557155542075634002685546875">
        <ele>517.20001220703125</ele>
        <time>2026-08-23T07:43:34.000Z</time>
        <extensions>
          <ns3:TrackPointExtension>
            <ns3:cad>65</ns3:cad>
          </ns3:TrackPointExtension>
        </extensions>
      </trkpt>
      <trkpt lat="69.04547114856541156768798828125" lon="20.58559536002576351165771484375">
        <ele>517</ele>
        <time>2026-08-23T07:43:35.000Z</time>
        <extensions>
          <ns3:TrackPointExtension>
            <ns3:cad>65</ns3:cad>
          </ns3:TrackPointExtension>
        </extensions>
      </trkpt>
      <trkpt lat="69.0455007366836071014404296875" lon="20.5857085995376110076904296875">
        <ele>517</ele>
        <time>2026-08-23T07:43:40.000Z</time>
        <extensions>
          <ns3:TrackPointExtension>
            <ns3:cad>0</ns3:cad>
          </ns3:TrackPointExtension>
        </extensions>
      </trkpt>
      <trkpt lat="69.0455169975757598876953125" lon="20.58587581850588321685791015625">
        <ele>516.79998779296875</ele>
        <time>2026-08-23T07:43:47.000Z</time>
        <extensions>
          <ns3:TrackPointExtension>
            <ns3:cad>0</ns3:cad>
          </ns3:TrackPointExtension>
        </extensions>
      </trkpt>
      <trkpt lat="69.04552035033702850341796875" lon="20.58589342050254344940185546875">
        <ele>516.79998779296875</ele>
        <time>2026-08-23T07:43:48.000Z</time>
        <extensions>
          <ns3:TrackPointExtension>
            <ns3:cad>45</ns3:cad>
          </ns3:TrackPointExtension>
        </extensions>
      </trkpt>
      <trkpt lat="69.0455305762588977813720703125" lon="20.58599911630153656005859375">
        <ele>516</ele>
        <time>2026-08-23T07:43:52.000Z</time>
        <extensions>
          <ns3:TrackPointExtension>
            <ns3:cad>0</ns3:cad>
          </ns3:TrackPointExtension>
        </extensions>
      </trkpt>
      <trkpt lat="69.045533426105976104736328125" lon="20.5860314704477787017822265625">
        <ele>515.5999755859375</ele>
        <time>2026-08-23T07:43:53.000Z</time>
        <extensions>
          <ns3:TrackPointExtension>
            <ns3:cad>0</ns3:cad>
          </ns3:TrackPointExtension>
        </extensions>
      </trkpt>
      <trkpt lat="69.04554390348494052886962890625" lon="20.586118809878826141357421875">
        <ele>514.79998779296875</ele>
        <time>2026-08-23T07:43:57.000Z</time>
        <extensions>
          <ns3:TrackPointExtension>
            <ns3:cad>52</ns3:cad>
          </ns3:TrackPointExtension>
        </extensions>
      </trkpt>
      <trkpt lat="69.04555697925388813018798828125" lon="20.58621503412723541259765625">
        <ele>514.20001220703125</ele>
        <time>2026-08-23T07:44:01.000Z</time>
        <extensions>
          <ns3:TrackPointExtension>
            <ns3:cad>51</ns3:cad>
          </ns3:TrackPointExtension>
        </extensions>
      </trkpt>
      <trkpt lat="69.04557055793702602386474609375" lon="20.5863030441105365753173828125">
        <ele>513.5999755859375</ele>
        <time>2026-08-23T07:44:05.000Z</time>
        <extensions>
          <ns3:TrackPointExtension>
            <ns3:cad>49</ns3:cad>
          </ns3:TrackPointExtension>
        </extensions>
      </trkpt>
      <trkpt lat="69.04557667672634124755859375" lon="20.58637353591620922088623046875">
        <ele>513.20001220703125</ele>
        <time>2026-08-23T07:44:08.000Z</time>
        <extensions>
          <ns3:TrackPointExtension>
            <ns3:cad>46</ns3:cad>
          </ns3:TrackPointExtension>
        </extensions>
      </trkpt>
      <trkpt lat="69.04558648355305194854736328125" lon="20.58649607934057712554931640625">
        <ele>512.5999755859375</ele>
        <time>2026-08-23T07:44:13.000Z</time>
        <extensions>
          <ns3:TrackPointExtension>
            <ns3:cad>52</ns3:cad>
          </ns3:TrackPointExtension>
        </extensions>
      </trkpt>
      <trkpt lat="69.04558799229562282562255859375" lon="20.58652080595493316650390625">
        <ele>512.4000244140625</ele>
        <time>2026-08-23T07:44:14.000Z</time>
        <extensions>
          <ns3:TrackPointExtension>
            <ns3:cad>52</ns3:cad>
          </ns3:TrackPointExtension>
        </extensions>
      </trkpt>
      <trkpt lat="69.04558614827692508697509765625" lon="20.58665466494858264923095703125">
        <ele>511.399993896484375</ele>
        <time>2026-08-23T07:44:19.000Z</time>
        <extensions>
          <ns3:TrackPointExtension>
            <ns3:cad>49</ns3:cad>
          </ns3:TrackPointExtension>
        </extensions>
      </trkpt>
      <trkpt lat="69.0455865673720836639404296875" lon="20.5867201276123523712158203125">
        <ele>511.20001220703125</ele>
        <time>2026-08-23T07:44:21.000Z</time>
        <extensions>
          <ns3:TrackPointExtension>
            <ns3:cad>51</ns3:cad>
          </ns3:TrackPointExtension>
        </extensions>
      </trkpt>
      <trkpt lat="69.0455974638462066650390625" lon="20.58696471154689788818359375">
        <ele>510.79998779296875</ele>
        <time>2026-08-23T07:44:29.000Z</time>
        <extensions>
          <ns3:TrackPointExtension>
            <ns3:cad>48</ns3:cad>
          </ns3:TrackPointExtension>
        </extensions>
      </trkpt>
      <trkpt lat="69.0456187538802623748779296875" lon="20.58718976564705371856689453125">
        <ele>510.600006103515625</ele>
        <time>2026-08-23T07:44:38.000Z</time>
        <extensions>
          <ns3:TrackPointExtension>
            <ns3:cad>48</ns3:cad>
          </ns3:TrackPointExtension>
        </extensions>
      </trkpt>
      <trkpt lat="69.0456241182982921600341796875" lon="20.58723150752484798431396484375">
        <ele>510.399993896484375</ele>
        <time>2026-08-23T07:44:40.000Z</time>
        <extensions>
          <ns3:TrackPointExtension>
            <ns3:cad>48</ns3:cad>
          </ns3:TrackPointExtension>
        </extensions>
      </trkpt>
      <trkpt lat="69.045651443302631378173828125" lon="20.58736830018460750579833984375">
        <ele>510.600006103515625</ele>
        <time>2026-08-23T07:44:47.000Z</time>
        <extensions>
          <ns3:TrackPointExtension>
            <ns3:cad>50</ns3:cad>
          </ns3:TrackPointExtension>
        </extensions>
      </trkpt>
      <trkpt lat="69.04569528065621852874755859375" lon="20.58747944422066211700439453125">
        <ele>510.399993896484375</ele>
        <time>2026-08-23T07:44:53.000Z</time>
        <extensions>
          <ns3:TrackPointExtension>
            <ns3:cad>48</ns3:cad>
          </ns3:TrackPointExtension>
        </extensions>
      </trkpt>
      <trkpt lat="69.0457288920879364013671875" lon="20.58766267262399196624755859375">
        <ele>510.20001220703125</ele>
        <time>2026-08-23T07:45:01.000Z</time>
        <extensions>
          <ns3:TrackPointExtension>
            <ns3:cad>47</ns3:cad>
          </ns3:TrackPointExtension>
        </extensions>
      </trkpt>
      <trkpt lat="69.04575730673968791961669921875" lon="20.5878771655261516571044921875">
        <ele>509.600006103515625</ele>
        <time>2026-08-23T07:45:10.000Z</time>
        <extensions>
          <ns3:TrackPointExtension>
            <ns3:cad>49</ns3:cad>
          </ns3:TrackPointExtension>
        </extensions>
      </trkpt>
      <trkpt lat="69.04576937668025493621826171875" lon="20.58800046332180500030517578125">
        <ele>509.399993896484375</ele>
        <time>2026-08-23T07:45:15.000Z</time>
        <extensions>
          <ns3:TrackPointExtension>
            <ns3:cad>0</ns3:cad>
          </ns3:TrackPointExtension>
        </extensions>
      </trkpt>
      <trkpt lat="69.045773483812808990478515625" lon="20.5880384333431720733642578125">
        <ele>509.20001220703125</ele>
        <time>2026-08-23T07:45:17.000Z</time>
        <extensions>
          <ns3:TrackPointExtension>
            <ns3:cad>45</ns3:cad>
          </ns3:TrackPointExtension>
        </extensions>
      </trkpt>
      <trkpt lat="69.0457932651042938232421875" lon="20.58820514939725399017333984375">
        <ele>508.600006103515625</ele>
        <time>2026-08-23T07:45:25.000Z</time>
        <extensions>
          <ns3:TrackPointExtension>
            <ns3:cad>0</ns3:cad>
          </ns3:TrackPointExtension>
        </extensions>
      </trkpt>
      <trkpt lat="69.04579452238976955413818359375" lon="20.5883748829364776611328125">
        <ele>508.399993896484375</ele>
        <time>2026-08-23T07:45:32.000Z</time>
        <extensions>
          <ns3:TrackPointExtension>
            <ns3:cad>0</ns3:cad>
          </ns3:TrackPointExtension>
        </extensions>
      </trkpt>
      <trkpt lat="69.04581866227090358734130859375" lon="20.58851025067269802093505859375">
        <ele>507.79998779296875</ele>
        <time>2026-08-23T07:45:39.000Z</time>
        <extensions>
          <ns3:TrackPointExtension>
            <ns3:cad>48</ns3:cad>
          </ns3:TrackPointExtension>
        </extensions>
      </trkpt>
      <trkpt lat="69.04583643190562725067138671875" lon="20.58867135085165500640869140625">
        <ele>507.399993896484375</ele>
        <time>2026-08-23T07:45:46.000Z</time>
        <extensions>
          <ns3:TrackPointExtension>
            <ns3:cad>46</ns3:cad>
          </ns3:TrackPointExtension>
        </extensions>
      </trkpt>
      <trkpt lat="69.04583609662950038909912109375" lon="20.5886994302272796630859375">
        <ele>507.20001220703125</ele>
        <time>2026-08-23T07:45:47.000Z</time>
        <extensions>
          <ns3:TrackPointExtension>
            <ns3:cad>46</ns3:cad>
          </ns3:TrackPointExtension>
        </extensions>
      </trkpt>
      <trkpt lat="69.04584045521914958953857421875" lon="20.58883764781057834625244140625">
        <ele>507.20001220703125</ele>
        <time>2026-08-23T07:45:53.000Z</time>
        <extensions>
          <ns3:TrackPointExtension>
            <ns3:cad>0</ns3:cad>
          </ns3:TrackPointExtension>
        </extensions>
      </trkpt>
      <trkpt lat="69.0458738990128040313720703125" lon="20.5890355445444583892822265625">
        <ele>507</ele>
        <time>2026-08-23T07:46:02.000Z</time>
        <extensions>
          <ns3:TrackPointExtension>
            <ns3:cad>49</ns3:cad>
          </ns3:TrackPointExtension>
        </extensions>
      </trkpt>
      <trkpt lat="69.04592343606054782867431640625" lon="20.5892519652843475341796875">
        <ele>506.600006103515625</ele>
        <time>2026-08-23T07:46:12.000Z</time>
        <extensions>
          <ns3:TrackPointExtension>
            <ns3:cad>44</ns3:cad>
          </ns3:TrackPointExtension>
        </extensions>
      </trkpt>
      <trkpt lat="69.0459929220378398895263671875" lon="20.58953820727765560150146484375">
        <ele>506.399993896484375</ele>
        <time>2026-08-23T07:46:24.000Z</time>
        <extensions>
          <ns3:TrackPointExtension>
            <ns3:cad>49</ns3:cad>
          </ns3:TrackPointExtension>
        </extensions>
      </trkpt>
      <trkpt lat="69.04603265225887298583984375" lon="20.58974348008632659912109375">
        <ele>506.600006103515625</ele>
        <time>2026-08-23T07:46:33.000Z</time>
        <extensions>
          <ns3:TrackPointExtension>
            <ns3:cad>48</ns3:cad>
          </ns3:TrackPointExtension>
        </extensions>
      </trkpt>
      <trkpt lat="69.04608554206788539886474609375" lon="20.5899780057370662689208984375">
        <ele>506.79998779296875</ele>
        <time>2026-08-23T07:46:43.000Z</time>
        <extensions>
          <ns3:TrackPointExtension>
            <ns3:cad>0</ns3:cad>
          </ns3:TrackPointExtension>
        </extensions>
      </trkpt>
      <trkpt lat="69.046092666685581207275390625" lon="20.5899863876402378082275390625">
        <ele>506.79998779296875</ele>
        <time>2026-08-23T07:46:44.000Z</time>
        <extensions>
          <ns3:TrackPointExtension>
            <ns3:cad>0</ns3:cad>
          </ns3:TrackPointExtension>
        </extensions>
      </trkpt>
      <trkpt lat="69.04611445963382720947265625" lon="20.59005335904657840728759765625">
        <ele>506.20001220703125</ele>
        <time>2026-08-23T07:46:48.000Z</time>
        <extensions>
          <ns3:TrackPointExtension>
            <ns3:cad>0</ns3:cad>
          </ns3:TrackPointExtension>
        </extensions>
      </trkpt>
      <trkpt lat="69.04612644575536251068115234375" lon="20.59009526856243610382080078125">
        <ele>505.600006103515625</ele>
        <time>2026-08-23T07:46:50.000Z</time>
        <extensions>
          <ns3:TrackPointExtension>
            <ns3:cad>0</ns3:cad>
          </ns3:TrackPointExtension>
        </extensions>
      </trkpt>
      <trkpt lat="69.04617271386086940765380859375" lon="20.590235330164432525634765625">
        <ele>505.399993896484375</ele>
        <time>2026-08-23T07:46:57.000Z</time>
        <extensions>
          <ns3:TrackPointExtension>
            <ns3:cad>48</ns3:cad>
          </ns3:TrackPointExtension>
        </extensions>
      </trkpt>
      <trkpt lat="69.04618729837238788604736328125" lon="20.59029735624790191650390625">
        <ele>505</ele>
        <time>2026-08-23T07:47:01.000Z</time>
        <extensions>
          <ns3:TrackPointExtension>
            <ns3:cad>46</ns3:cad>
          </ns3:TrackPointExtension>
        </extensions>
      </trkpt>
      <trkpt lat="69.046209342777729034423828125" lon="20.59036332182586193084716796875">
        <ele>504.399993896484375</ele>
        <time>2026-08-23T07:47:05.000Z</time>
        <extensions>
          <ns3:TrackPointExtension>
            <ns3:cad>0</ns3:cad>
          </ns3:TrackPointExtension>
        </extensions>
      </trkpt>
      <trkpt lat="69.04622484929859638214111328125" lon="20.59037983417510986328125">
        <ele>503.79998779296875</ele>
        <time>2026-08-23T07:47:07.000Z</time>
        <extensions>
          <ns3:TrackPointExtension>
            <ns3:cad>0</ns3:cad>
          </ns3:TrackPointExtension>
        </extensions>
      </trkpt>
      <trkpt lat="69.046251587569713592529296875" lon="20.59042518027126789093017578125">
        <ele>503</ele>
        <time>2026-08-23T07:47:11.000Z</time>
        <extensions>
          <ns3:TrackPointExtension>
            <ns3:cad>0</ns3:cad>
          </ns3:TrackPointExtension>
        </extensions>
      </trkpt>
      <trkpt lat="69.046256281435489654541015625" lon="20.5904390104115009307861328125">
        <ele>502.79998779296875</ele>
        <time>2026-08-23T07:47:12.000Z</time>
        <extensions>
          <ns3:TrackPointExtension>
            <ns3:cad>0</ns3:cad>
          </ns3:TrackPointExtension>
        </extensions>
      </trkpt>
      <trkpt lat="69.04628301970660686492919921875" lon="20.59054411947727203369140625">
        <ele>501.79998779296875</ele>
        <time>2026-08-23T07:47:18.000Z</time>
        <extensions>
          <ns3:TrackPointExtension>
            <ns3:cad>0</ns3:cad>
          </ns3:TrackPointExtension>
        </extensions>
      </trkpt>
      <trkpt lat="69.0462856180965900421142578125" lon="20.59056381694972515106201171875">
        <ele>501.600006103515625</ele>
        <time>2026-08-23T07:47:19.000Z</time>
        <extensions>
          <ns3:TrackPointExtension>
            <ns3:cad>0</ns3:cad>
          </ns3:TrackPointExtension>
        </extensions>
      </trkpt>
      <trkpt lat="69.0462950058281421661376953125" lon="20.590722151100635528564453125">
        <ele>501.79998779296875</ele>
        <time>2026-08-23T07:47:26.000Z</time>
        <extensions>
          <ns3:TrackPointExtension>
            <ns3:cad>0</ns3:cad>
          </ns3:TrackPointExtension>
        </extensions>
      </trkpt>
      <trkpt lat="69.04629257507622241973876953125" lon="20.5908359773457050323486328125">
        <ele>500.79998779296875</ele>
        <time>2026-08-23T07:47:33.000Z</time>
        <extensions>
          <ns3:TrackPointExtension>
            <ns3:cad>0</ns3:cad>
          </ns3:TrackPointExtension>
        </extensions>
      </trkpt>
      <trkpt lat="69.0462948381900787353515625" lon="20.59084762819111347198486328125">
        <ele>500.399993896484375</ele>
        <time>2026-08-23T07:47:34.000Z</time>
        <extensions>
          <ns3:TrackPointExtension>
            <ns3:cad>0</ns3:cad>
          </ns3:TrackPointExtension>
        </extensions>
      </trkpt>
      <trkpt lat="69.04630464501678943634033203125" lon="20.590875037014484405517578125">
        <ele>499.600006103515625</ele>
        <time>2026-08-23T07:47:37.000Z</time>
        <extensions>
          <ns3:TrackPointExtension>
            <ns3:cad>0</ns3:cad>
          </ns3:TrackPointExtension>
        </extensions>
      </trkpt>
      <trkpt lat="69.0463121049106121063232421875" lon="20.59093295596539974212646484375">
        <ele>498.79998779296875</ele>
        <time>2026-08-23T07:47:40.000Z</time>
        <extensions>
          <ns3:TrackPointExtension>
            <ns3:cad>0</ns3:cad>
          </ns3:TrackPointExtension>
        </extensions>
      </trkpt>
      <trkpt lat="69.046316631138324737548828125" lon="20.5909848399460315704345703125">
        <ele>498.600006103515625</ele>
        <time>2026-08-23T07:47:42.000Z</time>
        <extensions>
          <ns3:TrackPointExtension>
            <ns3:cad>0</ns3:cad>
          </ns3:TrackPointExtension>
        </extensions>
      </trkpt>
      <trkpt lat="69.04633431695401668548583984375" lon="20.59108165092766284942626953125">
        <ele>498.20001220703125</ele>
        <time>2026-08-23T07:47:47.000Z</time>
        <extensions>
          <ns3:TrackPointExtension>
            <ns3:cad>0</ns3:cad>
          </ns3:TrackPointExtension>
        </extensions>
      </trkpt>
      <trkpt lat="69.0463496558368206024169921875" lon="20.59114267118275165557861328125">
        <ele>497.399993896484375</ele>
        <time>2026-08-23T07:47:51.000Z</time>
        <extensions>
          <ns3:TrackPointExtension>
            <ns3:cad>0</ns3:cad>
          </ns3:TrackPointExtension>
        </extensions>
      </trkpt>
      <trkpt lat="69.04636859893798828125" lon="20.5912181921303272247314453125">
        <ele>496.79998779296875</ele>
        <time>2026-08-23T07:47:55.000Z</time>
        <extensions>
          <ns3:TrackPointExtension>
            <ns3:cad>45</ns3:cad>
          </ns3:TrackPointExtension>
        </extensions>
      </trkpt>
      <trkpt lat="69.04637941159307956695556640625" lon="20.5913006700575351715087890625">
        <ele>496.20001220703125</ele>
        <time>2026-08-23T07:47:58.000Z</time>
        <extensions>
          <ns3:TrackPointExtension>
            <ns3:cad>0</ns3:cad>
          </ns3:TrackPointExtension>
        </extensions>
      </trkpt>
      <trkpt lat="69.04639014042913913726806640625" lon="20.591363869607448577880859375">
        <ele>495.79998779296875</ele>
        <time>2026-08-23T07:48:00.000Z</time>
        <extensions>
          <ns3:TrackPointExtension>
            <ns3:cad>0</ns3:cad>
          </ns3:TrackPointExtension>
        </extensions>
      </trkpt>
      <trkpt lat="69.0464190579950809478759765625" lon="20.59159579686820507049560546875">
        <ele>495.79998779296875</ele>
        <time>2026-08-23T07:48:09.000Z</time>
        <extensions>
          <ns3:TrackPointExtension>
            <ns3:cad>45</ns3:cad>
          </ns3:TrackPointExtension>
        </extensions>
      </trkpt>
      <trkpt lat="69.04643054120242595672607421875" lon="20.59170283377170562744140625">
        <ele>495.20001220703125</ele>
        <time>2026-08-23T07:48:13.000Z</time>
        <extensions>
          <ns3:TrackPointExtension>
            <ns3:cad>49</ns3:cad>
          </ns3:TrackPointExtension>
        </extensions>
      </trkpt>
      <trkpt lat="69.046443365514278411865234375" lon="20.591810457408428192138671875">
        <ele>494.79998779296875</ele>
        <time>2026-08-23T07:48:18.000Z</time>
        <extensions>
          <ns3:TrackPointExtension>
            <ns3:cad>51</ns3:cad>
          </ns3:TrackPointExtension>
        </extensions>
      </trkpt>
      <trkpt lat="69.046469517052173614501953125" lon="20.59200114570558071136474609375">
        <ele>494.399993896484375</ele>
        <time>2026-08-23T07:48:27.000Z</time>
        <extensions>
          <ns3:TrackPointExtension>
            <ns3:cad>48</ns3:cad>
          </ns3:TrackPointExtension>
        </extensions>
      </trkpt>
      <trkpt lat="69.046478234231472015380859375" lon="20.5920423008501529693603515625">
        <ele>494.20001220703125</ele>
        <time>2026-08-23T07:48:29.000Z</time>
        <extensions>
          <ns3:TrackPointExtension>
            <ns3:cad>48</ns3:cad>
          </ns3:TrackPointExtension>
        </extensions>
      </trkpt>
      <trkpt lat="69.046502374112606048583984375" lon="20.59216677211225032806396484375">
        <ele>494.600006103515625</ele>
        <time>2026-08-23T07:48:35.000Z</time>
        <extensions>
          <ns3:TrackPointExtension>
            <ns3:cad>0</ns3:cad>
          </ns3:TrackPointExtension>
        </extensions>
      </trkpt>
      <trkpt lat="69.0465260110795497894287109375" lon="20.592331476509571075439453125">
        <ele>494.20001220703125</ele>
        <time>2026-08-23T07:48:41.000Z</time>
        <extensions>
          <ns3:TrackPointExtension>
            <ns3:cad>47</ns3:cad>
          </ns3:TrackPointExtension>
        </extensions>
      </trkpt>
      <trkpt lat="69.04652140103280544281005859375" lon="20.5924704484641551971435546875">
        <ele>493.79998779296875</ele>
        <time>2026-08-23T07:48:47.000Z</time>
        <extensions>
          <ns3:TrackPointExtension>
            <ns3:cad>46</ns3:cad>
          </ns3:TrackPointExtension>
        </extensions>
      </trkpt>
      <trkpt lat="69.0465132705867290496826171875" lon="20.5925204046070575714111328125">
        <ele>493.600006103515625</ele>
        <time>2026-08-23T07:48:49.000Z</time>
        <extensions>
          <ns3:TrackPointExtension>
            <ns3:cad>46</ns3:cad>
          </ns3:TrackPointExtension>
        </extensions>
      </trkpt>
      <trkpt lat="69.04649055562913417816162109375" lon="20.5926840193569660186767578125">
        <ele>493.79998779296875</ele>
        <time>2026-08-23T07:48:55.000Z</time>
        <extensions>
          <ns3:TrackPointExtension>
            <ns3:cad>0</ns3:cad>
          </ns3:TrackPointExtension>
        </extensions>
      </trkpt>
      <trkpt lat="69.0464664995670318603515625" lon="20.59284335933625698089599609375">
        <ele>493.399993896484375</ele>
        <time>2026-08-23T07:49:01.000Z</time>
        <extensions>
          <ns3:TrackPointExtension>
            <ns3:cad>0</ns3:cad>
          </ns3:TrackPointExtension>
        </extensions>
      </trkpt>
      <trkpt lat="69.04644344933331012725830078125" lon="20.59298937208950519561767578125">
        <ele>493.20001220703125</ele>
        <time>2026-08-23T07:49:07.000Z</time>
        <extensions>
          <ns3:TrackPointExtension>
            <ns3:cad>0</ns3:cad>
          </ns3:TrackPointExtension>
        </extensions>
      </trkpt>
      <trkpt lat="69.0464415214955806732177734375" lon="20.5930196307599544525146484375">
        <ele>493</ele>
        <time>2026-08-23T07:49:08.000Z</time>
        <extensions>
          <ns3:TrackPointExtension>
            <ns3:cad>45</ns3:cad>
          </ns3:TrackPointExtension>
        </extensions>
      </trkpt>
      <trkpt lat="69.046435318887233734130859375" lon="20.59321685694158077239990234375">
        <ele>492.399993896484375</ele>
        <time>2026-08-23T07:49:15.000Z</time>
        <extensions>
          <ns3:TrackPointExtension>
            <ns3:cad>49</ns3:cad>
          </ns3:TrackPointExtension>
        </extensions>
      </trkpt>
      <trkpt lat="69.04645116068422794342041015625" lon="20.59336940757930278778076171875">
        <ele>492.20001220703125</ele>
        <time>2026-08-23T07:49:22.000Z</time>
        <extensions>
          <ns3:TrackPointExtension>
            <ns3:cad>48</ns3:cad>
          </ns3:TrackPointExtension>
        </extensions>
      </trkpt>
      <trkpt lat="69.04645132832229137420654296875" lon="20.593574345111846923828125">
        <ele>492.20001220703125</ele>
        <time>2026-08-23T07:49:29.000Z</time>
        <extensions>
          <ns3:TrackPointExtension>
            <ns3:cad>47</ns3:cad>
          </ns3:TrackPointExtension>
        </extensions>
      </trkpt>
      <trkpt lat="69.0464562736451625823974609375" lon="20.59373737312853336334228515625">
        <ele>492.20001220703125</ele>
        <time>2026-08-23T07:49:35.000Z</time>
        <extensions>
          <ns3:TrackPointExtension>
            <ns3:cad>47</ns3:cad>
          </ns3:TrackPointExtension>
        </extensions>
      </trkpt>
      <trkpt lat="69.04645652510225772857666015625" lon="20.5937703140079975128173828125">
        <ele>492</ele>
        <time>2026-08-23T07:49:36.000Z</time>
        <extensions>
          <ns3:TrackPointExtension>
            <ns3:cad>47</ns3:cad>
          </ns3:TrackPointExtension>
        </extensions>
      </trkpt>
      <trkpt lat="69.046456106007099151611328125" lon="20.59399670921266078948974609375">
        <ele>491.79998779296875</ele>
        <time>2026-08-23T07:49:43.000Z</time>
        <extensions>
          <ns3:TrackPointExtension>
            <ns3:cad>47</ns3:cad>
          </ns3:TrackPointExtension>
        </extensions>
      </trkpt>
      <trkpt lat="69.04645568691194057464599609375" lon="20.59412411414086818695068359375">
        <ele>492</ele>
        <time>2026-08-23T07:49:48.000Z</time>
        <extensions>
          <ns3:TrackPointExtension>
            <ns3:cad>48</ns3:cad>
          </ns3:TrackPointExtension>
        </extensions>
      </trkpt>
      <trkpt lat="69.04646121896803379058837890625" lon="20.59431396424770355224609375">
        <ele>492.20001220703125</ele>
        <time>2026-08-23T07:49:54.000Z</time>
        <extensions>
          <ns3:TrackPointExtension>
            <ns3:cad>49</ns3:cad>
          </ns3:TrackPointExtension>
        </extensions>
      </trkpt>
      <trkpt lat="69.0464666672050952911376953125" lon="20.5944596417248249053955078125">
        <ele>492.20001220703125</ele>
        <time>2026-08-23T07:49:59.000Z</time>
        <extensions>
          <ns3:TrackPointExtension>
            <ns3:cad>48</ns3:cad>
          </ns3:TrackPointExtension>
        </extensions>
      </trkpt>
      <trkpt lat="69.0464651584625244140625" lon="20.59457254596054553985595703125">
        <ele>492.399993896484375</ele>
        <time>2026-08-23T07:50:04.000Z</time>
        <extensions>
          <ns3:TrackPointExtension>
            <ns3:cad>48</ns3:cad>
          </ns3:TrackPointExtension>
        </extensions>
      </trkpt>
      <trkpt lat="69.04646473936736583709716796875" lon="20.5948076583445072174072265625">
        <ele>492</ele>
        <time>2026-08-23T07:50:12.000Z</time>
        <extensions>
          <ns3:TrackPointExtension>
            <ns3:cad>0</ns3:cad>
          </ns3:TrackPointExtension>
        </extensions>
      </trkpt>
      <trkpt lat="69.04645803384482860565185546875" lon="20.59499164111912250518798828125">
        <ele>491</ele>
        <time>2026-08-23T07:50:19.000Z</time>
        <extensions>
          <ns3:TrackPointExtension>
            <ns3:cad>0</ns3:cad>
          </ns3:TrackPointExtension>
        </extensions>
      </trkpt>
      <trkpt lat="69.04645786620676517486572265625" lon="20.5950229056179523468017578125">
        <ele>490.79998779296875</ele>
        <time>2026-08-23T07:50:20.000Z</time>
        <extensions>
          <ns3:TrackPointExtension>
            <ns3:cad>0</ns3:cad>
          </ns3:TrackPointExtension>
        </extensions>
      </trkpt>
      <trkpt lat="69.046456776559352874755859375" lon="20.59521325863897800445556640625">
        <ele>490.20001220703125</ele>
        <time>2026-08-23T07:50:26.000Z</time>
        <extensions>
          <ns3:TrackPointExtension>
            <ns3:cad>49</ns3:cad>
          </ns3:TrackPointExtension>
        </extensions>
      </trkpt>
      <trkpt lat="69.0464485622942447662353515625" lon="20.5953566730022430419921875">
        <ele>490</ele>
        <time>2026-08-23T07:50:31.000Z</time>
        <extensions>
          <ns3:TrackPointExtension>
            <ns3:cad>49</ns3:cad>
          </ns3:TrackPointExtension>
        </extensions>
      </trkpt>
      <trkpt lat="69.04644479043781757354736328125" lon="20.59538290835916996002197265625">
        <ele>490</ele>
        <time>2026-08-23T07:50:32.000Z</time>
        <extensions>
          <ns3:TrackPointExtension>
            <ns3:cad>48</ns3:cad>
          </ns3:TrackPointExtension>
        </extensions>
      </trkpt>
      <trkpt lat="69.0464264340698719024658203125" lon="20.59551559388637542724609375">
        <ele>489.79998779296875</ele>
        <time>2026-08-23T07:50:37.000Z</time>
        <extensions>
          <ns3:TrackPointExtension>
            <ns3:cad>48</ns3:cad>
          </ns3:TrackPointExtension>
        </extensions>
      </trkpt>
      <trkpt lat="69.0464006178081035614013671875" lon="20.59567141346633434295654296875">
        <ele>489.600006103515625</ele>
        <time>2026-08-23T07:50:44.000Z</time>
        <extensions>
          <ns3:TrackPointExtension>
            <ns3:cad>45</ns3:cad>
          </ns3:TrackPointExtension>
        </extensions>
      </trkpt>
      <trkpt lat="69.0463845245540142059326171875" lon="20.59580753557384014129638671875">
        <ele>489.20001220703125</ele>
        <time>2026-08-23T07:50:50.000Z</time>
        <extensions>
          <ns3:TrackPointExtension>
            <ns3:cad>0</ns3:cad>
          </ns3:TrackPointExtension>
        </extensions>
      </trkpt>
      <trkpt lat="69.0463778190314769744873046875" lon="20.59588163159787654876708984375">
        <ele>488.79998779296875</ele>
        <time>2026-08-23T07:50:53.000Z</time>
        <extensions>
          <ns3:TrackPointExtension>
            <ns3:cad>0</ns3:cad>
          </ns3:TrackPointExtension>
        </extensions>
      </trkpt>
      <trkpt lat="69.046368934214115142822265625" lon="20.5959697254002094268798828125">
        <ele>488.399993896484375</ele>
        <time>2026-08-23T07:50:57.000Z</time>
        <extensions>
          <ns3:TrackPointExtension>
            <ns3:cad>0</ns3:cad>
          </ns3:TrackPointExtension>
        </extensions>
      </trkpt>
      <trkpt lat="69.04636147432029247283935546875" lon="20.5960330925881862640380859375">
        <ele>487.79998779296875</ele>
        <time>2026-08-23T07:51:00.000Z</time>
        <extensions>
          <ns3:TrackPointExtension>
            <ns3:cad>0</ns3:cad>
          </ns3:TrackPointExtension>
        </extensions>
      </trkpt>
      <trkpt lat="69.046350158751010894775390625" lon="20.59614012949168682098388671875">
        <ele>487</ele>
        <time>2026-08-23T07:51:04.000Z</time>
        <extensions>
          <ns3:TrackPointExtension>
            <ns3:cad>0</ns3:cad>
          </ns3:TrackPointExtension>
        </extensions>
      </trkpt>
      <trkpt lat="69.046346805989742279052734375" lon="20.59616963379085063934326171875">
        <ele>486.79998779296875</ele>
        <time>2026-08-23T07:51:05.000Z</time>
        <extensions>
          <ns3:TrackPointExtension>
            <ns3:cad>0</ns3:cad>
          </ns3:TrackPointExtension>
        </extensions>
      </trkpt>
      <trkpt lat="69.046336747705936431884765625" lon="20.596333332359790802001953125">
        <ele>486</ele>
        <time>2026-08-23T07:51:11.000Z</time>
        <extensions>
          <ns3:TrackPointExtension>
            <ns3:cad>49</ns3:cad>
          </ns3:TrackPointExtension>
        </extensions>
      </trkpt>
      <trkpt lat="69.04633314348757266998291015625" lon="20.59639192186295986175537109375">
        <ele>485.600006103515625</ele>
        <time>2026-08-23T07:51:13.000Z</time>
        <extensions>
          <ns3:TrackPointExtension>
            <ns3:cad>51</ns3:cad>
          </ns3:TrackPointExtension>
        </extensions>
      </trkpt>
      <trkpt lat="69.04632744379341602325439453125" lon="20.5964964441955089569091796875">
        <ele>485.399993896484375</ele>
        <time>2026-08-23T07:51:17.000Z</time>
        <extensions>
          <ns3:TrackPointExtension>
            <ns3:cad>51</ns3:cad>
          </ns3:TrackPointExtension>
        </extensions>
      </trkpt>
      <trkpt lat="69.04630850069224834442138671875" lon="20.596697442233562469482421875">
        <ele>484.79998779296875</ele>
        <time>2026-08-23T07:51:24.000Z</time>
        <extensions>
          <ns3:TrackPointExtension>
            <ns3:cad>48</ns3:cad>
          </ns3:TrackPointExtension>
        </extensions>
      </trkpt>
      <trkpt lat="69.04630095697939395904541015625" lon="20.596814118325710296630859375">
        <ele>484.600006103515625</ele>
        <time>2026-08-23T07:51:28.000Z</time>
        <extensions>
          <ns3:TrackPointExtension>
            <ns3:cad>51</ns3:cad>
          </ns3:TrackPointExtension>
        </extensions>
      </trkpt>
      <trkpt lat="69.04628804884850978851318359375" lon="20.59695334173738956451416015625">
        <ele>484.399993896484375</ele>
        <time>2026-08-23T07:51:33.000Z</time>
        <extensions>
          <ns3:TrackPointExtension>
            <ns3:cad>48</ns3:cad>
          </ns3:TrackPointExtension>
        </extensions>
      </trkpt>
      <trkpt lat="69.04626826755702495574951171875" lon="20.5971257574856281280517578125">
        <ele>484.20001220703125</ele>
        <time>2026-08-23T07:51:40.000Z</time>
        <extensions>
          <ns3:TrackPointExtension>
            <ns3:cad>47</ns3:cad>
          </ns3:TrackPointExtension>
        </extensions>
      </trkpt>
      <trkpt lat="69.04626441188156604766845703125" lon="20.59728207997977733612060546875">
        <ele>484.399993896484375</ele>
        <time>2026-08-23T07:51:47.000Z</time>
        <extensions>
          <ns3:TrackPointExtension>
            <ns3:cad>43</ns3:cad>
          </ns3:TrackPointExtension>
        </extensions>
      </trkpt>
      <trkpt lat="69.04626508243381977081298828125" lon="20.59746447019279003143310546875">
        <ele>484.399993896484375</ele>
        <time>2026-08-23T07:51:53.000Z</time>
        <extensions>
          <ns3:TrackPointExtension>
            <ns3:cad>48</ns3:cad>
          </ns3:TrackPointExtension>
        </extensions>
      </trkpt>
      <trkpt lat="69.04626667499542236328125" lon="20.5976424179971218109130859375">
        <ele>483.79998779296875</ele>
        <time>2026-08-23T07:51:59.000Z</time>
        <extensions>
          <ns3:TrackPointExtension>
            <ns3:cad>50</ns3:cad>
          </ns3:TrackPointExtension>
        </extensions>
      </trkpt>
      <trkpt lat="69.04626776464283466339111328125" lon="20.5976725928485393524169921875">
        <ele>483.600006103515625</ele>
        <time>2026-08-23T07:52:00.000Z</time>
        <extensions>
          <ns3:TrackPointExtension>
            <ns3:cad>50</ns3:cad>
          </ns3:TrackPointExtension>
        </extensions>
      </trkpt>
      <trkpt lat="69.04627941548824310302734375" lon="20.5979289114475250244140625">
        <ele>483.600006103515625</ele>
        <time>2026-08-23T07:52:09.000Z</time>
        <extensions>
          <ns3:TrackPointExtension>
            <ns3:cad>48</ns3:cad>
          </ns3:TrackPointExtension>
        </extensions>
      </trkpt>
      <trkpt lat="69.0463002026081085205078125" lon="20.59813485480844974517822265625">
        <ele>483</ele>
        <time>2026-08-23T07:52:17.000Z</time>
        <extensions>
          <ns3:TrackPointExtension>
            <ns3:cad>47</ns3:cad>
          </ns3:TrackPointExtension>
        </extensions>
      </trkpt>
      <trkpt lat="69.04631269164383411407470703125" lon="20.59832126833498477935791015625">
        <ele>482.600006103515625</ele>
        <time>2026-08-23T07:52:24.000Z</time>
        <extensions>
          <ns3:TrackPointExtension>
            <ns3:cad>48</ns3:cad>
          </ns3:TrackPointExtension>
        </extensions>
      </trkpt>
      <trkpt lat="69.04631436802446842193603515625" lon="20.59834825806319713592529296875">
        <ele>482.399993896484375</ele>
        <time>2026-08-23T07:52:25.000Z</time>
        <extensions>
          <ns3:TrackPointExtension>
            <ns3:cad>49</ns3:cad>
          </ns3:TrackPointExtension>
        </extensions>
      </trkpt>
      <trkpt lat="69.04632031917572021484375" lon="20.59845956973731517791748046875">
        <ele>482.20001220703125</ele>
        <time>2026-08-23T07:52:30.000Z</time>
        <extensions>
          <ns3:TrackPointExtension>
            <ns3:cad>48</ns3:cad>
          </ns3:TrackPointExtension>
        </extensions>
      </trkpt>
      <trkpt lat="69.04633901081979274749755859375" lon="20.59855763800442218780517578125">
        <ele>482</ele>
        <time>2026-08-23T07:52:35.000Z</time>
        <extensions>
          <ns3:TrackPointExtension>
            <ns3:cad>48</ns3:cad>
          </ns3:TrackPointExtension>
        </extensions>
      </trkpt>
      <trkpt lat="69.04637019149959087371826171875" lon="20.598632991313934326171875">
        <ele>481.79998779296875</ele>
        <time>2026-08-23T07:52:40.000Z</time>
        <extensions>
          <ns3:TrackPointExtension>
            <ns3:cad>0</ns3:cad>
          </ns3:TrackPointExtension>
        </extensions>
      </trkpt>
      <trkpt lat="69.04637790285050868988037109375" lon="20.59864263050258159637451171875">
        <ele>481.79998779296875</ele>
        <time>2026-08-23T07:52:41.000Z</time>
        <extensions>
          <ns3:TrackPointExtension>
            <ns3:cad>0</ns3:cad>
          </ns3:TrackPointExtension>
        </extensions>
      </trkpt>
      <trkpt lat="69.0463878773152828216552734375" lon="20.598668865859508514404296875">
        <ele>481.600006103515625</ele>
        <time>2026-08-23T07:52:43.000Z</time>
        <extensions>
          <ns3:TrackPointExtension>
            <ns3:cad>0</ns3:cad>
          </ns3:TrackPointExtension>
        </extensions>
      </trkpt>
      <trkpt lat="69.0464237518608570098876953125" lon="20.598739944398403167724609375">
        <ele>480.79998779296875</ele>
        <time>2026-08-23T07:52:47.000Z</time>
        <extensions>
          <ns3:TrackPointExtension>
            <ns3:cad>0</ns3:cad>
          </ns3:TrackPointExtension>
        </extensions>
      </trkpt>
      <trkpt lat="69.04645250178873538970947265625" lon="20.59880943037569522857666015625">
        <ele>480.399993896484375</ele>
        <time>2026-08-23T07:52:50.000Z</time>
        <extensions>
          <ns3:TrackPointExtension>
            <ns3:cad>0</ns3:cad>
          </ns3:TrackPointExtension>
        </extensions>
      </trkpt>
      <trkpt lat="69.04647379182279109954833984375" lon="20.5988698638975620269775390625">
        <ele>480.399993896484375</ele>
        <time>2026-08-23T07:52:53.000Z</time>
        <extensions>
          <ns3:TrackPointExtension>
            <ns3:cad>49</ns3:cad>
          </ns3:TrackPointExtension>
        </extensions>
      </trkpt>
      <trkpt lat="69.0465260110795497894287109375" lon="20.599024929106235504150390625">
        <ele>481.20001220703125</ele>
        <time>2026-08-23T07:53:02.000Z</time>
        <extensions>
          <ns3:TrackPointExtension>
            <ns3:cad>44</ns3:cad>
          </ns3:TrackPointExtension>
        </extensions>
      </trkpt>
      <trkpt lat="69.0465736202895641326904296875" lon="20.59918678365647792816162109375">
        <ele>480.20001220703125</ele>
        <time>2026-08-23T07:53:10.000Z</time>
        <extensions>
          <ns3:TrackPointExtension>
            <ns3:cad>51</ns3:cad>
          </ns3:TrackPointExtension>
        </extensions>
      </trkpt>
      <trkpt lat="69.04659884981811046600341796875" lon="20.5992631427943706512451171875">
        <ele>480</ele>
        <time>2026-08-23T07:53:16.000Z</time>
        <extensions>
          <ns3:TrackPointExtension>
            <ns3:cad>48</ns3:cad>
          </ns3:TrackPointExtension>
        </extensions>
      </trkpt>
      <trkpt lat="69.04664729721844196319580078125" lon="20.599342770874500274658203125">
        <ele>480</ele>
        <time>2026-08-23T07:53:24.000Z</time>
        <extensions>
          <ns3:TrackPointExtension>
            <ns3:cad>45</ns3:cad>
          </ns3:TrackPointExtension>
        </extensions>
      </trkpt>
      <trkpt lat="69.046698845922946929931640625" lon="20.59953563846647739410400390625">
        <ele>480</ele>
        <time>2026-08-23T07:53:32.000Z</time>
        <extensions>
          <ns3:TrackPointExtension>
            <ns3:cad>45</ns3:cad>
          </ns3:TrackPointExtension>
        </extensions>
      </trkpt>
      <trkpt lat="69.04674385674297809600830078125" lon="20.59973747469484806060791015625">
        <ele>480.600006103515625</ele>
        <time>2026-08-23T07:53:41.000Z</time>
        <extensions>
          <ns3:TrackPointExtension>
            <ns3:cad>40</ns3:cad>
          </ns3:TrackPointExtension>
        </extensions>
      </trkpt>
      <trkpt lat="69.04676833190023899078369140625" lon="20.59986957348883152008056640625">
        <ele>480.79998779296875</ele>
        <time>2026-08-23T07:53:48.000Z</time>
        <extensions>
          <ns3:TrackPointExtension>
            <ns3:cad>0</ns3:cad>
          </ns3:TrackPointExtension>
        </extensions>
      </trkpt>
      <trkpt lat="69.04679599218070507049560546875" lon="20.60005724430084228515625">
        <ele>480.79998779296875</ele>
        <time>2026-08-23T07:53:55.000Z</time>
        <extensions>
          <ns3:TrackPointExtension>
            <ns3:cad>47</ns3:cad>
          </ns3:TrackPointExtension>
        </extensions>
      </trkpt>
      <trkpt lat="69.04681711457669734954833984375" lon="20.6001952104270458221435546875">
        <ele>481</ele>
        <time>2026-08-23T07:54:02.000Z</time>
        <extensions>
          <ns3:TrackPointExtension>
            <ns3:cad>43</ns3:cad>
          </ns3:TrackPointExtension>
        </extensions>
      </trkpt>
      <trkpt lat="69.04684058390557765960693359375" lon="20.600353963673114776611328125">
        <ele>481.399993896484375</ele>
        <time>2026-08-23T07:54:10.000Z</time>
        <extensions>
          <ns3:TrackPointExtension>
            <ns3:cad>0</ns3:cad>
          </ns3:TrackPointExtension>
        </extensions>
      </trkpt>
      <trkpt lat="69.0468441881239414215087890625" lon="20.6003608368337154388427734375">
        <ele>481.600006103515625</ele>
        <time>2026-08-23T07:54:11.000Z</time>
        <extensions>
          <ns3:TrackPointExtension>
            <ns3:cad>0</ns3:cad>
          </ns3:TrackPointExtension>
        </extensions>
      </trkpt>
      <trkpt lat="69.04683857224881649017333984375" lon="20.600403249263763427734375">
        <ele>482.20001220703125</ele>
        <time>2026-08-23T07:54:17.000Z</time>
        <extensions>
          <ns3:TrackPointExtension>
            <ns3:cad>0</ns3:cad>
          </ns3:TrackPointExtension>
        </extensions>
      </trkpt>
      <trkpt lat="69.04684930108487606048583984375" lon="20.6003715656697750091552734375">
        <ele>481.79998779296875</ele>
        <time>2026-08-23T07:54:26.000Z</time>
        <extensions>
          <ns3:TrackPointExtension>
            <ns3:cad>0</ns3:cad>
          </ns3:TrackPointExtension>
        </extensions>
      </trkpt>
      <trkpt lat="69.04684603214263916015625" lon="20.60036393813788890838623046875">
        <ele>481.600006103515625</ele>
        <time>2026-08-23T07:54:32.000Z</time>
        <extensions>
          <ns3:TrackPointExtension>
            <ns3:cad>0</ns3:cad>
          </ns3:TrackPointExtension>
        </extensions>
      </trkpt>
      <trkpt lat="69.04684762470424175262451171875" lon="20.60038489289581775665283203125">
        <ele>481.600006103515625</ele>
        <time>2026-08-23T07:54:40.000Z</time>
        <extensions>
          <ns3:TrackPointExtension>
            <ns3:cad>0</ns3:cad>
          </ns3:TrackPointExtension>
        </extensions>
      </trkpt>
      <trkpt lat="69.04684376902878284454345703125" lon="20.60046158730983734130859375">
        <ele>481.399993896484375</ele>
        <time>2026-08-23T07:54:48.000Z</time>
        <extensions>
          <ns3:TrackPointExtension>
            <ns3:cad>0</ns3:cad>
          </ns3:TrackPointExtension>
        </extensions>
      </trkpt>
      <trkpt lat="69.04683639295399188995361328125" lon="20.60064808465540409088134765625">
        <ele>481</ele>
        <time>2026-08-23T07:54:56.000Z</time>
        <extensions>
          <ns3:TrackPointExtension>
            <ns3:cad>0</ns3:cad>
          </ns3:TrackPointExtension>
        </extensions>
      </trkpt>
      <trkpt lat="69.0468270890414714813232421875" lon="20.60081035830080509185791015625">
        <ele>480.79998779296875</ele>
        <time>2026-08-23T07:55:03.000Z</time>
        <extensions>
          <ns3:TrackPointExtension>
            <ns3:cad>48</ns3:cad>
          </ns3:TrackPointExtension>
        </extensions>
      </trkpt>
      <trkpt lat="69.04684678651392459869384765625" lon="20.60097464360296726226806640625">
        <ele>480.600006103515625</ele>
        <time>2026-08-23T07:55:09.000Z</time>
        <extensions>
          <ns3:TrackPointExtension>
            <ns3:cad>44</ns3:cad>
          </ns3:TrackPointExtension>
        </extensions>
      </trkpt>
      <trkpt lat="69.04684930108487606048583984375" lon="20.60100029222667217254638671875">
        <ele>480.399993896484375</ele>
        <time>2026-08-23T07:55:10.000Z</time>
        <extensions>
          <ns3:TrackPointExtension>
            <ns3:cad>44</ns3:cad>
          </ns3:TrackPointExtension>
        </extensions>
      </trkpt>
      <trkpt lat="69.04685868881642818450927734375" lon="20.60116558335721492767333984375">
        <ele>480.399993896484375</ele>
        <time>2026-08-23T07:55:17.000Z</time>
        <extensions>
          <ns3:TrackPointExtension>
            <ns3:cad>42</ns3:cad>
          </ns3:TrackPointExtension>
        </extensions>
      </trkpt>
      <trkpt lat="69.046858437359333038330078125" lon="20.601350404322147369384765625">
        <ele>480.600006103515625</ele>
        <time>2026-08-23T07:55:24.000Z</time>
        <extensions>
          <ns3:TrackPointExtension>
            <ns3:cad>47</ns3:cad>
          </ns3:TrackPointExtension>
        </extensions>
      </trkpt>
      <trkpt lat="69.0468661487102508544921875" lon="20.60149398632347583770751953125">
        <ele>480.600006103515625</ele>
        <time>2026-08-23T07:55:30.000Z</time>
        <extensions>
          <ns3:TrackPointExtension>
            <ns3:cad>45</ns3:cad>
          </ns3:TrackPointExtension>
        </extensions>
      </trkpt>
      <trkpt lat="69.04686623252928256988525390625" lon="20.601702444255352020263671875">
        <ele>480.600006103515625</ele>
        <time>2026-08-23T07:55:37.000Z</time>
        <extensions>
          <ns3:TrackPointExtension>
            <ns3:cad>47</ns3:cad>
          </ns3:TrackPointExtension>
        </extensions>
      </trkpt>
      <trkpt lat="69.04686355032026767730712890625" lon="20.60186413116753101348876953125">
        <ele>480.79998779296875</ele>
        <time>2026-08-23T07:55:43.000Z</time>
        <extensions>
          <ns3:TrackPointExtension>
            <ns3:cad>48</ns3:cad>
          </ns3:TrackPointExtension>
        </extensions>
      </trkpt>
      <trkpt lat="69.046880565583705902099609375" lon="20.6020908616483211517333984375">
        <ele>481</ele>
        <time>2026-08-23T07:55:51.000Z</time>
        <extensions>
          <ns3:TrackPointExtension>
            <ns3:cad>0</ns3:cad>
          </ns3:TrackPointExtension>
        </extensions>
      </trkpt>
      <trkpt lat="69.0468817390501499176025390625" lon="20.60227300040423870086669921875">
        <ele>481.20001220703125</ele>
        <time>2026-08-23T07:55:58.000Z</time>
        <extensions>
          <ns3:TrackPointExtension>
            <ns3:cad>0</ns3:cad>
          </ns3:TrackPointExtension>
        </extensions>
      </trkpt>
      <trkpt lat="69.04688031412661075592041015625" lon="20.602322705090045928955078125">
        <ele>481.399993896484375</ele>
        <time>2026-08-23T07:56:00.000Z</time>
        <extensions>
          <ns3:TrackPointExtension>
            <ns3:cad>0</ns3:cad>
          </ns3:TrackPointExtension>
        </extensions>
      </trkpt>
      <trkpt lat="69.0468768775463104248046875" lon="20.602368973195552825927734375">
        <ele>481.600006103515625</ele>
        <time>2026-08-23T07:56:02.000Z</time>
        <extensions>
          <ns3:TrackPointExtension>
            <ns3:cad>0</ns3:cad>
          </ns3:TrackPointExtension>
        </extensions>
      </trkpt>
      <trkpt lat="69.04686891473829746246337890625" lon="20.60245455242693424224853515625">
        <ele>481.600006103515625</ele>
        <time>2026-08-23T07:56:05.000Z</time>
        <extensions>
          <ns3:TrackPointExtension>
            <ns3:cad>48</ns3:cad>
          </ns3:TrackPointExtension>
        </extensions>
      </trkpt>
      <trkpt lat="69.046856425702571868896484375" lon="20.60259939171373844146728515625">
        <ele>481.79998779296875</ele>
        <time>2026-08-23T07:56:11.000Z</time>
        <extensions>
          <ns3:TrackPointExtension>
            <ns3:cad>48</ns3:cad>
          </ns3:TrackPointExtension>
        </extensions>
      </trkpt>
      <trkpt lat="69.0468527376651763916015625" lon="20.602729059755802154541015625">
        <ele>482.20001220703125</ele>
        <time>2026-08-23T07:56:16.000Z</time>
        <extensions>
          <ns3:TrackPointExtension>
            <ns3:cad>48</ns3:cad>
          </ns3:TrackPointExtension>
        </extensions>
      </trkpt>
      <trkpt lat="69.04684712179005146026611328125" lon="20.60288789682090282440185546875">
        <ele>482.600006103515625</ele>
        <time>2026-08-23T07:56:22.000Z</time>
        <extensions>
          <ns3:TrackPointExtension>
            <ns3:cad>0</ns3:cad>
          </ns3:TrackPointExtension>
        </extensions>
      </trkpt>
      <trkpt lat="69.04684091918170452117919921875" lon="20.6030943430960178375244140625">
        <ele>482.79998779296875</ele>
        <time>2026-08-23T07:56:30.000Z</time>
        <extensions>
          <ns3:TrackPointExtension>
            <ns3:cad>46</ns3:cad>
          </ns3:TrackPointExtension>
        </extensions>
      </trkpt>
      <trkpt lat="69.0468428470194339752197265625" lon="20.60336583293974399566650390625">
        <ele>482.600006103515625</ele>
        <time>2026-08-23T07:56:37.000Z</time>
        <extensions>
          <ns3:TrackPointExtension>
            <ns3:cad>48</ns3:cad>
          </ns3:TrackPointExtension>
        </extensions>
      </trkpt>
      <trkpt lat="69.0468529053032398223876953125" lon="20.60355484485626220703125">
        <ele>482.399993896484375</ele>
        <time>2026-08-23T07:56:44.000Z</time>
        <extensions>
          <ns3:TrackPointExtension>
            <ns3:cad>48</ns3:cad>
          </ns3:TrackPointExtension>
        </extensions>
      </trkpt>
      <trkpt lat="69.046844355762004852294921875" lon="20.60369339771568775177001953125">
        <ele>482</ele>
        <time>2026-08-23T07:56:51.000Z</time>
        <extensions>
          <ns3:TrackPointExtension>
            <ns3:cad>47</ns3:cad>
          </ns3:TrackPointExtension>
        </extensions>
      </trkpt>
      <trkpt lat="69.04684226028621196746826171875" lon="20.60390244238078594207763671875">
        <ele>482</ele>
        <time>2026-08-23T07:56:59.000Z</time>
        <extensions>
          <ns3:TrackPointExtension>
            <ns3:cad>46</ns3:cad>
          </ns3:TrackPointExtension>
        </extensions>
      </trkpt>
      <trkpt lat="69.0468339622020721435546875" lon="20.60401777736842632293701171875">
        <ele>482.20001220703125</ele>
        <time>2026-08-23T07:57:05.000Z</time>
        <extensions>
          <ns3:TrackPointExtension>
            <ns3:cad>0</ns3:cad>
          </ns3:TrackPointExtension>
        </extensions>
      </trkpt>
      <trkpt lat="69.04682532884180545806884765625" lon="20.60404074378311634063720703125">
        <ele>482.399993896484375</ele>
        <time>2026-08-23T07:57:12.000Z</time>
        <extensions>
          <ns3:TrackPointExtension>
            <ns3:cad>0</ns3:cad>
          </ns3:TrackPointExtension>
        </extensions>
      </trkpt>
      <trkpt lat="69.04681895859539508819580078125" lon="20.60404862277209758758544921875">
        <ele>482.399993896484375</ele>
        <time>2026-08-23T07:57:18.000Z</time>
        <extensions>
          <ns3:TrackPointExtension>
            <ns3:cad>0</ns3:cad>
          </ns3:TrackPointExtension>
        </extensions>
      </trkpt>
      <trkpt lat="69.04681895859539508819580078125" lon="20.60405247844755649566650390625">
        <ele>482.399993896484375</ele>
        <time>2026-08-23T07:57:24.000Z</time>
        <extensions>
          <ns3:TrackPointExtension>
            <ns3:cad>0</ns3:cad>
          </ns3:TrackPointExtension>
        </extensions>
      </trkpt>
      <trkpt lat="69.0468210540711879730224609375" lon="20.60405331663787364959716796875">
        <ele>482.20001220703125</ele>
        <time>2026-08-23T07:57:32.000Z</time>
        <extensions>
          <ns3:TrackPointExtension>
            <ns3:cad>0</ns3:cad>
          </ns3:TrackPointExtension>
        </extensions>
      </trkpt>
      <trkpt lat="69.04682633467018604278564453125" lon="20.60406236909329891204833984375">
        <ele>482.20001220703125</ele>
        <time>2026-08-23T07:57:39.000Z</time>
        <extensions>
          <ns3:TrackPointExtension>
            <ns3:cad>0</ns3:cad>
          </ns3:TrackPointExtension>
        </extensions>
      </trkpt>
      <trkpt lat="69.04684611596167087554931640625" lon="20.60410360805690288543701171875">
        <ele>482.20001220703125</ele>
        <time>2026-08-23T07:57:45.000Z</time>
        <extensions>
          <ns3:TrackPointExtension>
            <ns3:cad>0</ns3:cad>
          </ns3:TrackPointExtension>
        </extensions>
      </trkpt>
      <trkpt lat="69.04688266105949878692626953125" lon="20.60424274764955043792724609375">
        <ele>482.20001220703125</ele>
        <time>2026-08-23T07:57:51.000Z</time>
        <extensions>
          <ns3:TrackPointExtension>
            <ns3:cad>43</ns3:cad>
          </ns3:TrackPointExtension>
        </extensions>
      </trkpt>
      <trkpt lat="69.0468867681920528411865234375" lon="20.60443905182182788848876953125">
        <ele>482.20001220703125</ele>
        <time>2026-08-23T07:57:59.000Z</time>
        <extensions>
          <ns3:TrackPointExtension>
            <ns3:cad>47</ns3:cad>
          </ns3:TrackPointExtension>
        </extensions>
      </trkpt>
      <trkpt lat="69.0468565933406352996826171875" lon="20.604704506695270538330078125">
        <ele>482.20001220703125</ele>
        <time>2026-08-23T07:58:09.000Z</time>
        <extensions>
          <ns3:TrackPointExtension>
            <ns3:cad>46</ns3:cad>
          </ns3:TrackPointExtension>
        </extensions>
      </trkpt>
      <trkpt lat="69.04685349203646183013916015625" lon="20.6049356795847415924072265625">
        <ele>482.20001220703125</ele>
        <time>2026-08-23T07:58:18.000Z</time>
        <extensions>
          <ns3:TrackPointExtension>
            <ns3:cad>46</ns3:cad>
          </ns3:TrackPointExtension>
        </extensions>
      </trkpt>
      <trkpt lat="69.0468696691095829010009765625" lon="20.6051003001630306243896484375">
        <ele>482.399993896484375</ele>
        <time>2026-08-23T07:58:24.000Z</time>
        <extensions>
          <ns3:TrackPointExtension>
            <ns3:cad>47</ns3:cad>
          </ns3:TrackPointExtension>
        </extensions>
      </trkpt>
      <trkpt lat="69.0468622930347919464111328125" lon="20.60527942143380641937255859375">
        <ele>482.399993896484375</ele>
        <time>2026-08-23T07:58:30.000Z</time>
        <extensions>
          <ns3:TrackPointExtension>
            <ns3:cad>46</ns3:cad>
          </ns3:TrackPointExtension>
        </extensions>
      </trkpt>
      <trkpt lat="69.046848714351654052734375" lon="20.605451166629791259765625">
        <ele>482.399993896484375</ele>
        <time>2026-08-23T07:58:36.000Z</time>
        <extensions>
          <ns3:TrackPointExtension>
            <ns3:cad>48</ns3:cad>
          </ns3:TrackPointExtension>
        </extensions>
      </trkpt>
      <trkpt lat="69.04683823697268962860107421875" lon="20.60563959181308746337890625">
        <ele>482.399993896484375</ele>
        <time>2026-08-23T07:58:43.000Z</time>
        <extensions>
          <ns3:TrackPointExtension>
            <ns3:cad>47</ns3:cad>
          </ns3:TrackPointExtension>
        </extensions>
      </trkpt>
      <trkpt lat="69.04683823697268962860107421875" lon="20.60581653378903865814208984375">
        <ele>482.399993896484375</ele>
        <time>2026-08-23T07:58:49.000Z</time>
        <extensions>
          <ns3:TrackPointExtension>
            <ns3:cad>49</ns3:cad>
          </ns3:TrackPointExtension>
        </extensions>
      </trkpt>
      <trkpt lat="69.0468327887356281280517578125" lon="20.60594595037400722503662109375">
        <ele>482.20001220703125</ele>
        <time>2026-08-23T07:58:54.000Z</time>
        <extensions>
          <ns3:TrackPointExtension>
            <ns3:cad>46</ns3:cad>
          </ns3:TrackPointExtension>
        </extensions>
      </trkpt>
      <trkpt lat="69.0468227304518222808837890625" lon="20.6061262451112270355224609375">
        <ele>481.600006103515625</ele>
        <time>2026-08-23T07:59:00.000Z</time>
        <extensions>
          <ns3:TrackPointExtension>
            <ns3:cad>51</ns3:cad>
          </ns3:TrackPointExtension>
        </extensions>
      </trkpt>
      <trkpt lat="69.04682013206183910369873046875" lon="20.6061798892915248870849609375">
        <ele>481.399993896484375</ele>
        <time>2026-08-23T07:59:02.000Z</time>
        <extensions>
          <ns3:TrackPointExtension>
            <ns3:cad>50</ns3:cad>
          </ns3:TrackPointExtension>
        </extensions>
      </trkpt>
      <trkpt lat="69.046814851462841033935546875" lon="20.6063481979072093963623046875">
        <ele>480.600006103515625</ele>
        <time>2026-08-23T07:59:09.000Z</time>
        <extensions>
          <ns3:TrackPointExtension>
            <ns3:cad>48</ns3:cad>
          </ns3:TrackPointExtension>
        </extensions>
      </trkpt>
      <trkpt lat="69.04681493528187274932861328125" lon="20.60637543909251689910888671875">
        <ele>480.600006103515625</ele>
        <time>2026-08-23T07:59:10.000Z</time>
        <extensions>
          <ns3:TrackPointExtension>
            <ns3:cad>48</ns3:cad>
          </ns3:TrackPointExtension>
        </extensions>
      </trkpt>
      <trkpt lat="69.0468130074441432952880859375" lon="20.6065694801509380340576171875">
        <ele>479.600006103515625</ele>
        <time>2026-08-23T07:59:17.000Z</time>
        <extensions>
          <ns3:TrackPointExtension>
            <ns3:cad>0</ns3:cad>
          </ns3:TrackPointExtension>
        </extensions>
      </trkpt>
      <trkpt lat="69.0468063019216060638427734375" lon="20.60662287287414073944091796875">
        <ele>479.600006103515625</ele>
        <time>2026-08-23T07:59:19.000Z</time>
        <extensions>
          <ns3:TrackPointExtension>
            <ns3:cad>49</ns3:cad>
          </ns3:TrackPointExtension>
        </extensions>
      </trkpt>
      <trkpt lat="69.0467952378094196319580078125" lon="20.606797635555267333984375">
        <ele>479</ele>
        <time>2026-08-23T07:59:25.000Z</time>
        <extensions>
          <ns3:TrackPointExtension>
            <ns3:cad>0</ns3:cad>
          </ns3:TrackPointExtension>
        </extensions>
      </trkpt>
      <trkpt lat="69.0467910468578338623046875" lon="20.6069396249949932098388671875">
        <ele>478.399993896484375</ele>
        <time>2026-08-23T07:59:30.000Z</time>
        <extensions>
          <ns3:TrackPointExtension>
            <ns3:cad>0</ns3:cad>
          </ns3:TrackPointExtension>
        </extensions>
      </trkpt>
      <trkpt lat="69.04678978957235813140869140625" lon="20.6069657765328884124755859375">
        <ele>478.399993896484375</ele>
        <time>2026-08-23T07:59:31.000Z</time>
        <extensions>
          <ns3:TrackPointExtension>
            <ns3:cad>0</ns3:cad>
          </ns3:TrackPointExtension>
        </extensions>
      </trkpt>
      <trkpt lat="69.046779982745647430419921875" lon="20.60712511651217937469482421875">
        <ele>477.79998779296875</ele>
        <time>2026-08-23T07:59:37.000Z</time>
        <extensions>
          <ns3:TrackPointExtension>
            <ns3:cad>48</ns3:cad>
          </ns3:TrackPointExtension>
        </extensions>
      </trkpt>
      <trkpt lat="69.04677939601242542266845703125" lon="20.60717674903571605682373046875">
        <ele>477.399993896484375</ele>
        <time>2026-08-23T07:59:39.000Z</time>
        <extensions>
          <ns3:TrackPointExtension>
            <ns3:cad>47</ns3:cad>
          </ns3:TrackPointExtension>
        </extensions>
      </trkpt>
      <trkpt lat="69.0467803180217742919921875" lon="20.60726140625774860382080078125">
        <ele>477.20001220703125</ele>
        <time>2026-08-23T07:59:42.000Z</time>
        <extensions>
          <ns3:TrackPointExtension>
            <ns3:cad>47</ns3:cad>
          </ns3:TrackPointExtension>
        </extensions>
      </trkpt>
      <trkpt lat="69.04677470214664936065673828125" lon="20.60743005014955997467041015625">
        <ele>476.399993896484375</ele>
        <time>2026-08-23T07:59:49.000Z</time>
        <extensions>
          <ns3:TrackPointExtension>
            <ns3:cad>0</ns3:cad>
          </ns3:TrackPointExtension>
        </extensions>
      </trkpt>
      <trkpt lat="69.04676548205316066741943359375" lon="20.6075551919639110565185546875">
        <ele>476.399993896484375</ele>
        <time>2026-08-23T07:59:54.000Z</time>
        <extensions>
          <ns3:TrackPointExtension>
            <ns3:cad>0</ns3:cad>
          </ns3:TrackPointExtension>
        </extensions>
      </trkpt>
      <trkpt lat="69.046760536730289459228515625" lon="20.60761663131415843963623046875">
        <ele>476.399993896484375</ele>
        <time>2026-08-23T07:59:56.000Z</time>
        <extensions>
          <ns3:TrackPointExtension>
            <ns3:cad>0</ns3:cad>
          </ns3:TrackPointExtension>
        </extensions>
      </trkpt>
      <trkpt lat="69.046752154827117919921875" lon="20.607772953808307647705078125">
        <ele>476</ele>
        <time>2026-08-23T08:00:02.000Z</time>
        <extensions>
          <ns3:TrackPointExtension>
            <ns3:cad>0</ns3:cad>
          </ns3:TrackPointExtension>
        </extensions>
      </trkpt>
      <trkpt lat="69.04674922116100788116455078125" lon="20.60784294269979000091552734375">
        <ele>475.399993896484375</ele>
        <time>2026-08-23T08:00:05.000Z</time>
        <extensions>
          <ns3:TrackPointExtension>
            <ns3:cad>0</ns3:cad>
          </ns3:TrackPointExtension>
        </extensions>
      </trkpt>
      <trkpt lat="69.04673446901142597198486328125" lon="20.60796506702899932861328125">
        <ele>474.600006103515625</ele>
        <time>2026-08-23T08:00:10.000Z</time>
        <extensions>
          <ns3:TrackPointExtension>
            <ns3:cad>0</ns3:cad>
          </ns3:TrackPointExtension>
        </extensions>
      </trkpt>
      <trkpt lat="69.046710245311260223388671875" lon="20.60807369649410247802734375">
        <ele>474.79998779296875</ele>
        <time>2026-08-23T08:00:16.000Z</time>
        <extensions>
          <ns3:TrackPointExtension>
            <ns3:cad>48</ns3:cad>
          </ns3:TrackPointExtension>
        </extensions>
      </trkpt>
      <trkpt lat="69.0466976724565029144287109375" lon="20.60821375809609889984130859375">
        <ele>474.399993896484375</ele>
        <time>2026-08-23T08:00:21.000Z</time>
        <extensions>
          <ns3:TrackPointExtension>
            <ns3:cad>0</ns3:cad>
          </ns3:TrackPointExtension>
        </extensions>
      </trkpt>
      <trkpt lat="69.046693146228790283203125" lon="20.608243681490421295166015625">
        <ele>474.20001220703125</ele>
        <time>2026-08-23T08:00:22.000Z</time>
        <extensions>
          <ns3:TrackPointExtension>
            <ns3:cad>0</ns3:cad>
          </ns3:TrackPointExtension>
        </extensions>
      </trkpt>
      <trkpt lat="69.04665567912161350250244140625" lon="20.60843789018690586090087890625">
        <ele>473.600006103515625</ele>
        <time>2026-08-23T08:00:30.000Z</time>
        <extensions>
          <ns3:TrackPointExtension>
            <ns3:cad>51</ns3:cad>
          </ns3:TrackPointExtension>
        </extensions>
      </trkpt>
      <trkpt lat="69.04663539491593837738037109375" lon="20.60854216106235980987548828125">
        <ele>473.399993896484375</ele>
        <time>2026-08-23T08:00:35.000Z</time>
        <extensions>
          <ns3:TrackPointExtension>
            <ns3:cad>0</ns3:cad>
          </ns3:TrackPointExtension>
        </extensions>
      </trkpt>
      <trkpt lat="69.04663271270692348480224609375" lon="20.60856311582028865814208984375">
        <ele>473.399993896484375</ele>
        <time>2026-08-23T08:00:36.000Z</time>
        <extensions>
          <ns3:TrackPointExtension>
            <ns3:cad>0</ns3:cad>
          </ns3:TrackPointExtension>
        </extensions>
      </trkpt>
      <trkpt lat="69.0466220676898956298828125" lon="20.60860955156385898590087890625">
        <ele>473.399993896484375</ele>
        <time>2026-08-23T08:00:38.000Z</time>
        <extensions>
          <ns3:TrackPointExtension>
            <ns3:cad>0</ns3:cad>
          </ns3:TrackPointExtension>
        </extensions>
      </trkpt>
      <trkpt lat="69.0465923957526683807373046875" lon="20.608685910701751708984375">
        <ele>473.20001220703125</ele>
        <time>2026-08-23T08:00:42.000Z</time>
        <extensions>
          <ns3:TrackPointExtension>
            <ns3:cad>0</ns3:cad>
          </ns3:TrackPointExtension>
        </extensions>
      </trkpt>
      <trkpt lat="69.0465421043336391448974609375" lon="20.60881105251610279083251953125">
        <ele>473</ele>
        <time>2026-08-23T08:00:49.000Z</time>
        <extensions>
          <ns3:TrackPointExtension>
            <ns3:cad>45</ns3:cad>
          </ns3:TrackPointExtension>
        </extensions>
      </trkpt>
      <trkpt lat="69.04650514014065265655517578125" lon="20.608942396938800811767578125">
        <ele>473.399993896484375</ele>
        <time>2026-08-23T08:00:57.000Z</time>
        <extensions>
          <ns3:TrackPointExtension>
            <ns3:cad>0</ns3:cad>
          </ns3:TrackPointExtension>
        </extensions>
      </trkpt>
      <trkpt lat="69.046462140977382659912109375" lon="20.6090568937361240386962890625">
        <ele>472.600006103515625</ele>
        <time>2026-08-23T08:01:04.000Z</time>
        <extensions>
          <ns3:TrackPointExtension>
            <ns3:cad>0</ns3:cad>
          </ns3:TrackPointExtension>
        </extensions>
      </trkpt>
      <trkpt lat="69.0464492328464984893798828125" lon="20.609081871807575225830078125">
        <ele>472.20001220703125</ele>
        <time>2026-08-23T08:01:06.000Z</time>
        <extensions>
          <ns3:TrackPointExtension>
            <ns3:cad>49</ns3:cad>
          </ns3:TrackPointExtension>
        </extensions>
      </trkpt>
      <trkpt lat="69.046441018581390380859375" lon="20.60910508967936038970947265625">
        <ele>472</ele>
        <time>2026-08-23T08:01:09.000Z</time>
        <extensions>
          <ns3:TrackPointExtension>
            <ns3:cad>49</ns3:cad>
          </ns3:TrackPointExtension>
        </extensions>
      </trkpt>
      <trkpt lat="69.0464408509433269500732421875" lon="20.6091169081628322601318359375">
        <ele>472</ele>
        <time>2026-08-23T08:01:10.000Z</time>
        <extensions>
          <ns3:TrackPointExtension>
            <ns3:cad>48</ns3:cad>
          </ns3:TrackPointExtension>
        </extensions>
      </trkpt>
      <trkpt lat="69.04643833637237548828125" lon="20.6091405451297760009765625">
        <ele>471.79998779296875</ele>
        <time>2026-08-23T08:01:17.000Z</time>
        <extensions>
          <ns3:TrackPointExtension>
            <ns3:cad>0</ns3:cad>
          </ns3:TrackPointExtension>
        </extensions>
      </trkpt>
      <trkpt lat="69.046438001096248626708984375" lon="20.6091507710516452789306640625">
        <ele>471.600006103515625</ele>
        <time>2026-08-23T08:01:24.000Z</time>
        <extensions>
          <ns3:TrackPointExtension>
            <ns3:cad>0</ns3:cad>
          </ns3:TrackPointExtension>
        </extensions>
      </trkpt>
      <trkpt lat="69.0464341454207897186279296875" lon="20.6091675348579883575439453125">
        <ele>471.79998779296875</ele>
        <time>2026-08-23T08:01:31.000Z</time>
        <extensions>
          <ns3:TrackPointExtension>
            <ns3:cad>0</ns3:cad>
          </ns3:TrackPointExtension>
        </extensions>
      </trkpt>
      <trkpt lat="69.0464408509433269500732421875" lon="20.60914280824363231658935546875">
        <ele>471.79998779296875</ele>
        <time>2026-08-23T08:01:37.000Z</time>
        <extensions>
          <ns3:TrackPointExtension>
            <ns3:cad>0</ns3:cad>
          </ns3:TrackPointExtension>
        </extensions>
      </trkpt>
      <trkpt lat="69.0464472211897373199462890625" lon="20.60917465947568416595458984375">
        <ele>472</ele>
        <time>2026-08-23T08:01:43.000Z</time>
        <extensions>
          <ns3:TrackPointExtension>
            <ns3:cad>0</ns3:cad>
          </ns3:TrackPointExtension>
        </extensions>
      </trkpt>
      <trkpt lat="69.0464499033987522125244140625" lon="20.60916359536349773406982421875">
        <ele>471.79998779296875</ele>
        <time>2026-08-23T08:01:50.000Z</time>
        <extensions>
          <ns3:TrackPointExtension>
            <ns3:cad>0</ns3:cad>
          </ns3:TrackPointExtension>
        </extensions>
      </trkpt>
      <trkpt lat="69.046442694962024688720703125" lon="20.60914733447134494781494140625">
        <ele>471.600006103515625</ele>
        <time>2026-08-23T08:01:57.000Z</time>
        <extensions>
          <ns3:TrackPointExtension>
            <ns3:cad>0</ns3:cad>
          </ns3:TrackPointExtension>
        </extensions>
      </trkpt>
      <trkpt lat="69.04644663445651531219482421875" lon="20.6091324985027313232421875">
        <ele>471.79998779296875</ele>
        <time>2026-08-23T08:02:03.000Z</time>
        <extensions>
          <ns3:TrackPointExtension>
            <ns3:cad>0</ns3:cad>
          </ns3:TrackPointExtension>
        </extensions>
      </trkpt>
      <trkpt lat="69.0464799106121063232421875" lon="20.60909134335815906524658203125">
        <ele>472</ele>
        <time>2026-08-23T08:02:09.000Z</time>
        <extensions>
          <ns3:TrackPointExtension>
            <ns3:cad>0</ns3:cad>
          </ns3:TrackPointExtension>
        </extensions>
      </trkpt>
      <trkpt lat="69.0465441159904003143310546875" lon="20.6090387888252735137939453125">
        <ele>472.20001220703125</ele>
        <time>2026-08-23T08:02:16.000Z</time>
        <extensions>
          <ns3:TrackPointExtension>
            <ns3:cad>0</ns3:cad>
          </ns3:TrackPointExtension>
        </extensions>
      </trkpt>
      <trkpt lat="69.046597592532634735107421875" lon="20.60901003889739513397216796875">
        <ele>472.600006103515625</ele>
        <time>2026-08-23T08:02:22.000Z</time>
        <extensions>
          <ns3:TrackPointExtension>
            <ns3:cad>41</ns3:cad>
          </ns3:TrackPointExtension>
        </extensions>
      </trkpt>
      <trkpt lat="69.04665048234164714813232421875" lon="20.60896418988704681396484375">
        <ele>473</ele>
        <time>2026-08-23T08:02:28.000Z</time>
        <extensions>
          <ns3:TrackPointExtension>
            <ns3:cad>45</ns3:cad>
          </ns3:TrackPointExtension>
        </extensions>
      </trkpt>
      <trkpt lat="69.04666573740541934967041015625" lon="20.608948431909084320068359375">
        <ele>473.20001220703125</ele>
        <time>2026-08-23T08:02:30.000Z</time>
        <extensions>
          <ns3:TrackPointExtension>
            <ns3:cad>44</ns3:cad>
          </ns3:TrackPointExtension>
        </extensions>
      </trkpt>
      <trkpt lat="69.0466998517513275146484375" lon="20.6089157424867153167724609375">
        <ele>473.79998779296875</ele>
        <time>2026-08-23T08:02:35.000Z</time>
        <extensions>
          <ns3:TrackPointExtension>
            <ns3:cad>44</ns3:cad>
          </ns3:TrackPointExtension>
        </extensions>
      </trkpt>
      <trkpt lat="69.04672206379473209381103515625" lon="20.60889235697686672210693359375">
        <ele>474.399993896484375</ele>
        <time>2026-08-23T08:02:38.000Z</time>
        <extensions>
          <ns3:TrackPointExtension>
            <ns3:cad>0</ns3:cad>
          </ns3:TrackPointExtension>
        </extensions>
      </trkpt>
      <trkpt lat="69.046755172312259674072265625" lon="20.6088718213140964508056640625">
        <ele>474.600006103515625</ele>
        <time>2026-08-23T08:02:43.000Z</time>
        <extensions>
          <ns3:TrackPointExtension>
            <ns3:cad>0</ns3:cad>
          </ns3:TrackPointExtension>
        </extensions>
      </trkpt>
      <trkpt lat="69.0468039549887180328369140625" lon="20.608857572078704833984375">
        <ele>474.79998779296875</ele>
        <time>2026-08-23T08:02:49.000Z</time>
        <extensions>
          <ns3:TrackPointExtension>
            <ns3:cad>41</ns3:cad>
          </ns3:TrackPointExtension>
        </extensions>
      </trkpt>
      <trkpt lat="69.046812839806079864501953125" lon="20.6088661216199398040771484375">
        <ele>475</ele>
        <time>2026-08-23T08:02:56.000Z</time>
        <extensions>
          <ns3:TrackPointExtension>
            <ns3:cad>0</ns3:cad>
          </ns3:TrackPointExtension>
        </extensions>
      </trkpt>
      <trkpt lat="69.04681124724447727203369140625" lon="20.6088830530643463134765625">
        <ele>475.399993896484375</ele>
        <time>2026-08-23T08:03:03.000Z</time>
        <extensions>
          <ns3:TrackPointExtension>
            <ns3:cad>0</ns3:cad>
          </ns3:TrackPointExtension>
        </extensions>
      </trkpt>
    </trkseg>
  </trk>
</gpx>
