<?xml version="1.0" encoding="UTF-8"?>
<gpx xmlns="http://www.topografix.com/GPX/1/1" xmlns:xsi="http://www.w3.org/2001/XMLSchema-instance" xsi:schemaLocation="http://www.topografix.com/GPX/1/1 http://www.topografix.com/GPX/1/1/gpx.xsd" version="1.1" creator="overpass-turbo"><metadata><desc>Filtered OSM data converted to GPX by overpass turbo</desc><copyright author="The data included in this document is from www.openstreetmap.org. The data is made available under ODbL."/><time>2025-06-30T06:19:19Z</time></metadata><wpt lat="61.4985693" lon="23.7735409"><name>node/5012774802</name><desc></desc><link href="http://osm.org/browse/node/5012774802"/></wpt><wpt lat="62.0519754" lon="23.0783251"><name>node/6077143304</name><desc></desc><link href="http://osm.org/browse/node/6077143304"/></wpt><wpt lat="62.9709859" lon="23.0143826"><name>node/4503258425</name><desc></desc><link href="http://osm.org/browse/node/4503258425"/></wpt><wpt lat="63.5955683" lon="22.7908017"><name>node/6076636356</name><desc></desc><link href="http://osm.org/browse/node/6076636356"/></wpt><wpt lat="63.8346804" lon="23.1324832"><name>node/6076650267</name><desc></desc><link href="http://osm.org/browse/node/6076650267"/></wpt><wpt lat="63.8983751" lon="23.9150223"><name>node/6077173089</name><desc></desc><link href="http://osm.org/browse/node/6077173089"/></wpt><wpt lat="64.0720975" lon="24.5407205"><name>node/6076666707</name><desc></desc><link href="http://osm.org/browse/node/6076666707"/></wpt><wpt lat="64.269417" lon="24.8211022"><name>node/4373241984</name><desc></desc><link href="http://osm.org/browse/node/4373241984"/></wpt><wpt lat="64.4841857" lon="24.9935388"><name>node/6077036222</name><desc></desc><link href="http://osm.org/browse/node/6077036222"/></wpt><wpt lat="64.6604241" lon="25.0983213"><name>node/6077045953</name><desc></desc><link href="http://osm.org/browse/node/6077045953"/></wpt><wpt lat="64.9120105" lon="25.5142267"><name>node/6077064034</name><desc></desc><link href="http://osm.org/browse/node/6077064034"/></wpt><wpt lat="65.0105166" lon="25.4835286"><name>node/6077090897</name><desc></desc><link href="http://osm.org/browse/node/6077090897"/></wpt><wpt lat="65.7367233" lon="24.5742509"><name>node/6077088433</name><desc></desc><link href="http://osm.org/browse/node/6077088433"/></wpt><wpt lat="66.0816346" lon="24.7720955"><name>node/6077102997</name><desc></desc><link href="http://osm.org/browse/node/6077102997"/></wpt><wpt lat="66.3707756" lon="25.3750025"><name>node/6077110013</name><desc></desc><link href="http://osm.org/browse/node/6077110013"/></wpt><wpt lat="66.4980141" lon="25.7053349"><name>node/6077117595</name><desc></desc><link href="http://osm.org/browse/node/6077117595"/></wpt><trk><name>Train IC 273: Helsinki =&gt; Rovaniemi</name><desc>from=Helsinki
name=Train IC 273: Helsinki =&gt; Rovaniemi
network=VR
network:wikidata=Q913248
network:wikipedia=fi:VR-Yhtymä
operator=VR
passenger=national
public_transport:version=2
ref=IC 273
route=train
service=long_distance
to=Rovaniemi
type=route</desc><link href="http://osm.org/browse/relation/9022117"/><trkseg>
    <trkpt lat="61.4985693" lon="23.7735409"/><trkpt lat="61.5008838" lon="23.7734564"/><trkpt lat="61.501021" lon="23.7734514"/><trkpt lat="61.5012366" lon="23.7734435"/><trkpt lat="61.5018316" lon="23.7734218"/><trkpt lat="61.5019941" lon="23.7734166"/><trkpt lat="61.5021983" lon="23.7733778"/><trkpt lat="61.502316" lon="23.7733453"/><trkpt lat="61.5024855" lon="23.7732706"/><trkpt lat="61.5026643" lon="23.7731587"/><trkpt lat="61.5028469" lon="23.7730306"/><trkpt lat="61.5029947" lon="23.7728992"/><trkpt lat="61.503038" lon="23.7728554"/><trkpt lat="61.5036494" lon="23.7721662"/><trkpt lat="61.5038106" lon="23.7719697"/><trkpt lat="61.5039705" lon="23.7717451"/><trkpt lat="61.5041429" lon="23.7714478"/><trkpt lat="61.5043163" lon="23.7711404"/><trkpt lat="61.504714" lon="23.7703175"/><trkpt lat="61.5047674" lon="23.7702134"/><trkpt lat="61.5052098" lon="23.7692774"/><trkpt lat="61.5053953" lon="23.7688214"/><trkpt lat="61.5055216" lon="23.768466"/><trkpt lat="61.5055432" lon="23.7684047"/><trkpt lat="61.5057003" lon="23.7678909"/><trkpt lat="61.5058092" lon="23.7674836"/><trkpt lat="61.505897" lon="23.7671056"/><trkpt lat="61.5060058" lon="23.7665539"/><trkpt lat="61.5060762" lon="23.7661448"/><trkpt lat="61.5061531" lon="23.7655798"/><trkpt lat="61.5061759" lon="23.7653747"/><trkpt lat="61.5062219" lon="23.7648598"/><trkpt lat="61.506249" lon="23.7644427"/><trkpt lat="61.5062656" lon="23.7641278"/><trkpt lat="61.5062761" lon="23.763467"/><trkpt lat="61.506263" lon="23.7628513"/><trkpt lat="61.5062411" lon="23.7624324"/><trkpt lat="61.5061944" lon="23.7618293"/><trkpt lat="61.5061217" lon="23.761218"/><trkpt lat="61.5058534" lon="23.7592727"/><trkpt lat="61.505808" lon="23.7589337"/><trkpt lat="61.505746" lon="23.7584709"/><trkpt lat="61.5056733" lon="23.7578822"/><trkpt lat="61.5055501" lon="23.756696"/><trkpt lat="61.5055167" lon="23.756387"/><trkpt lat="61.5053602" lon="23.7549643"/><trkpt lat="61.5051899" lon="23.7534224"/><trkpt lat="61.5051133" lon="23.7528724"/><trkpt lat="61.505042" lon="23.7524355"/><trkpt lat="61.5048396" lon="23.7515172"/><trkpt lat="61.5045934" lon="23.7507304"/><trkpt lat="61.5042994" lon="23.7499972"/><trkpt lat="61.5036933" lon="23.7487381"/><trkpt lat="61.5033013" lon="23.7478282"/><trkpt lat="61.5032031" lon="23.7475897"/><trkpt lat="61.5030217" lon="23.7470776"/><trkpt lat="61.5028616" lon="23.7465495"/><trkpt lat="61.502759" lon="23.74614"/><trkpt lat="61.5026703" lon="23.7457069"/><trkpt lat="61.5025969" lon="23.7452499"/><trkpt lat="61.5024797" lon="23.7443864"/><trkpt lat="61.5023995" lon="23.7434788"/><trkpt lat="61.5021634" lon="23.7407222"/><trkpt lat="61.5020769" lon="23.7398235"/><trkpt lat="61.5019734" lon="23.7390972"/><trkpt lat="61.5018751" lon="23.7385576"/><trkpt lat="61.5018477" lon="23.7383771"/><trkpt lat="61.5018175" lon="23.7382222"/><trkpt lat="61.5016448" lon="23.7375049"/><trkpt lat="61.5014211" lon="23.73676"/><trkpt lat="61.501068" lon="23.7357099"/><trkpt lat="61.5008031" lon="23.7349236"/><trkpt lat="61.5005528" lon="23.7341477"/><trkpt lat="61.5004335" lon="23.7337181"/><trkpt lat="61.5003348" lon="23.7332896"/><trkpt lat="61.5002305" lon="23.7327492"/><trkpt lat="61.5001413" lon="23.732208"/><trkpt lat="61.5000923" lon="23.7317815"/><trkpt lat="61.5000509" lon="23.7313906"/><trkpt lat="61.5000192" lon="23.7309913"/><trkpt lat="61.4999918" lon="23.7302568"/><trkpt lat="61.4999904" lon="23.7296712"/><trkpt lat="61.499995" lon="23.7295085"/><trkpt lat="61.5000055" lon="23.7291757"/><trkpt lat="61.5000436" lon="23.7285216"/><trkpt lat="61.5000945" lon="23.7279696"/><trkpt lat="61.5001846" lon="23.7273655"/><trkpt lat="61.5002692" lon="23.726866"/><trkpt lat="61.5003708" lon="23.726395"/><trkpt lat="61.5005046" lon="23.7258693"/><trkpt lat="61.5005574" lon="23.7256766"/><trkpt lat="61.5006663" lon="23.7253283"/><trkpt lat="61.5007484" lon="23.7250923"/><trkpt lat="61.500911" lon="23.7246625"/><trkpt lat="61.5010889" lon="23.7242633"/><trkpt lat="61.5013586" lon="23.7236754"/><trkpt lat="61.5016402" lon="23.7230945"/><trkpt lat="61.5018632" lon="23.7226053"/><trkpt lat="61.5019848" lon="23.7223125"/><trkpt lat="61.5021473" lon="23.7219206"/><trkpt lat="61.50234" lon="23.7213901"/><trkpt lat="61.5025213" lon="23.7208406"/><trkpt lat="61.5027013" lon="23.7202641"/><trkpt lat="61.5028211" lon="23.7199077"/><trkpt lat="61.5029576" lon="23.7195476"/><trkpt lat="61.5031644" lon="23.7190541"/><trkpt lat="61.5033754" lon="23.7186053"/><trkpt lat="61.5037338" lon="23.7178754"/><trkpt lat="61.5039789" lon="23.7173371"/><trkpt lat="61.5041932" lon="23.7167997"/><trkpt lat="61.5043797" lon="23.7162688"/><trkpt lat="61.5045125" lon="23.7158531"/><trkpt lat="61.5046406" lon="23.7154033"/><trkpt lat="61.5048286" lon="23.7146596"/><trkpt lat="61.505067" lon="23.7135875"/><trkpt lat="61.5052912" lon="23.7126071"/><trkpt lat="61.5056401" lon="23.7110741"/><trkpt lat="61.5060173" lon="23.7094088"/><trkpt lat="61.5062686" lon="23.7083016"/><trkpt lat="61.5065412" lon="23.7071152"/><trkpt lat="61.5066261" lon="23.7067655"/><trkpt lat="61.5067443" lon="23.7062097"/><trkpt lat="61.5067541" lon="23.7061618"/><trkpt lat="61.5068338" lon="23.7057724"/><trkpt lat="61.5069213" lon="23.7053083"/><trkpt lat="61.5070128" lon="23.7047496"/><trkpt lat="61.5070846" lon="23.7042439"/><trkpt lat="61.5071324" lon="23.7038074"/><trkpt lat="61.5071762" lon="23.7033793"/><trkpt lat="61.5072523" lon="23.7023665"/><trkpt lat="61.5073201" lon="23.7014132"/><trkpt lat="61.5073762" lon="23.7006684"/><trkpt lat="61.5074515" lon="23.6998795"/><trkpt lat="61.5075236" lon="23.6992962"/><trkpt lat="61.5076748" lon="23.6983419"/><trkpt lat="61.5077491" lon="23.6979403"/><trkpt lat="61.507875" lon="23.697233"/><trkpt lat="61.5080783" lon="23.6961036"/><trkpt lat="61.5081427" lon="23.6957391"/><trkpt lat="61.5084002" lon="23.6943283"/><trkpt lat="61.5086855" lon="23.6927486"/><trkpt lat="61.5088483" lon="23.6917747"/><trkpt lat="61.5089572" lon="23.6910854"/><trkpt lat="61.5090694" lon="23.6902646"/><trkpt lat="61.5092298" lon="23.6891707"/><trkpt lat="61.509299" lon="23.6886773"/><trkpt lat="61.5094016" lon="23.6879527"/><trkpt lat="61.5094685" lon="23.6874604"/><trkpt lat="61.5095628" lon="23.6868011"/><trkpt lat="61.5097156" lon="23.6857054"/><trkpt lat="61.5098411" lon="23.6848055"/><trkpt lat="61.5099791" lon="23.6838068"/><trkpt lat="61.510145" lon="23.6826323"/><trkpt lat="61.5103003" lon="23.681512"/><trkpt lat="61.510488" lon="23.6802017"/><trkpt lat="61.5106962" lon="23.6789435"/><trkpt lat="61.510864" lon="23.6780142"/><trkpt lat="61.5112178" lon="23.6763185"/><trkpt lat="61.5114258" lon="23.6753213"/><trkpt lat="61.5120944" lon="23.6722331"/><trkpt lat="61.5124242" lon="23.6706696"/><trkpt lat="61.512542" lon="23.6701346"/><trkpt lat="61.5128758" lon="23.6685776"/><trkpt lat="61.5131088" lon="23.667506"/><trkpt lat="61.5133604" lon="23.6664129"/><trkpt lat="61.5136453" lon="23.6652487"/><trkpt lat="61.5139765" lon="23.6640031"/><trkpt lat="61.5143001" lon="23.6629075"/><trkpt lat="61.5143334" lon="23.6627974"/><trkpt lat="61.5146409" lon="23.6617953"/><trkpt lat="61.5147293" lon="23.6615456"/><trkpt lat="61.5151252" lon="23.6603845"/><trkpt lat="61.5156289" lon="23.6590461"/><trkpt lat="61.5159957" lon="23.6581703"/><trkpt lat="61.516365" lon="23.6574001"/><trkpt lat="61.5167967" lon="23.6564391"/><trkpt lat="61.5169385" lon="23.6561065"/><trkpt lat="61.5173756" lon="23.6552971"/><trkpt lat="61.5184218" lon="23.6533753"/><trkpt lat="61.5189387" lon="23.652575"/><trkpt lat="61.5193193" lon="23.6520086"/><trkpt lat="61.5195534" lon="23.6516878"/><trkpt lat="61.5202439" lon="23.6507765"/><trkpt lat="61.5208879" lon="23.6499493"/><trkpt lat="61.5225175" lon="23.6479807"/><trkpt lat="61.5225715" lon="23.647914"/><trkpt lat="61.5239965" lon="23.6461754"/><trkpt lat="61.5248805" lon="23.645077"/><trkpt lat="61.5256809" lon="23.6440943"/><trkpt lat="61.5271095" lon="23.64233"/><trkpt lat="61.5281008" lon="23.6411186"/><trkpt lat="61.529251" lon="23.6397188"/><trkpt lat="61.5312758" lon="23.6372324"/><trkpt lat="61.5323206" lon="23.6358741"/><trkpt lat="61.5326046" lon="23.6354779"/><trkpt lat="61.5332431" lon="23.6345644"/><trkpt lat="61.5336294" lon="23.6339831"/><trkpt lat="61.533997" lon="23.6334034"/><trkpt lat="61.5344648" lon="23.6326572"/><trkpt lat="61.5354837" lon="23.6308749"/><trkpt lat="61.5361931" lon="23.6295219"/><trkpt lat="61.5384792" lon="23.6246887"/><trkpt lat="61.5392614" lon="23.623028"/><trkpt lat="61.5413881" lon="23.6184824"/><trkpt lat="61.5415484" lon="23.6181398"/><trkpt lat="61.5428845" lon="23.615303"/><trkpt lat="61.5437" lon="23.6135546"/><trkpt lat="61.5444317" lon="23.6119857"/><trkpt lat="61.5454682" lon="23.6097488"/><trkpt lat="61.5455433" lon="23.6095878"/><trkpt lat="61.5462774" lon="23.6080156"/><trkpt lat="61.5463778" lon="23.6078048"/><trkpt lat="61.5473278" lon="23.6057619"/><trkpt lat="61.5484597" lon="23.6033483"/><trkpt lat="61.5491105" lon="23.6019335"/><trkpt lat="61.5497681" lon="23.6005454"/><trkpt lat="61.5502084" lon="23.5995873"/><trkpt lat="61.5518394" lon="23.596084"/><trkpt lat="61.5525982" lon="23.5944594"/><trkpt lat="61.5531268" lon="23.5934374"/><trkpt lat="61.5537057" lon="23.5922134"/><trkpt lat="61.553939" lon="23.5917099"/><trkpt lat="61.5543268" lon="23.5908928"/><trkpt lat="61.5566052" lon="23.5860028"/><trkpt lat="61.5589036" lon="23.5810751"/><trkpt lat="61.5592956" lon="23.580233"/><trkpt lat="61.5594043" lon="23.579988"/><trkpt lat="61.5597227" lon="23.5793169"/><trkpt lat="61.5599934" lon="23.5787111"/><trkpt lat="61.5604374" lon="23.5776469"/><trkpt lat="61.5610884" lon="23.5763059"/><trkpt lat="61.5618074" lon="23.5747504"/><trkpt lat="61.5624895" lon="23.5733825"/><trkpt lat="61.5628821" lon="23.5726748"/><trkpt lat="61.5632581" lon="23.5720133"/><trkpt lat="61.5636423" lon="23.5713575"/><trkpt lat="61.5641272" lon="23.5705837"/><trkpt lat="61.5646431" lon="23.5698098"/><trkpt lat="61.5650008" lon="23.5693008"/><trkpt lat="61.5655428" lon="23.5685639"/><trkpt lat="61.566143" lon="23.5677873"/><trkpt lat="61.5672884" lon="23.5664354"/><trkpt lat="61.5680734" lon="23.5656944"/><trkpt lat="61.5684081" lon="23.5653882"/><trkpt lat="61.5691927" lon="23.5646758"/><trkpt lat="61.5706919" lon="23.5635562"/><trkpt lat="61.572767" lon="23.5621521"/><trkpt lat="61.5737038" lon="23.5615722"/><trkpt lat="61.5747895" lon="23.5608746"/><trkpt lat="61.5763022" lon="23.559835"/><trkpt lat="61.5788923" lon="23.5580926"/><trkpt lat="61.5796707" lon="23.5576316"/><trkpt lat="61.581332" lon="23.5565204"/><trkpt lat="61.5821275" lon="23.5560069"/><trkpt lat="61.5842614" lon="23.5545995"/><trkpt lat="61.5867265" lon="23.5530458"/><trkpt lat="61.5898817" lon="23.5509009"/><trkpt lat="61.5913622" lon="23.5498633"/><trkpt lat="61.5929235" lon="23.5488678"/><trkpt lat="61.5942203" lon="23.547984"/><trkpt lat="61.5953785" lon="23.547252"/><trkpt lat="61.5964747" lon="23.5465263"/><trkpt lat="61.5967553" lon="23.5463373"/><trkpt lat="61.5973379" lon="23.5459447"/><trkpt lat="61.5977571" lon="23.5456521"/><trkpt lat="61.5984228" lon="23.545233"/><trkpt lat="61.5996896" lon="23.5444118"/><trkpt lat="61.6007127" lon="23.5437183"/><trkpt lat="61.6044755" lon="23.5412528"/><trkpt lat="61.606982" lon="23.5395831"/><trkpt lat="61.607427" lon="23.5392859"/><trkpt lat="61.6082686" lon="23.5387152"/><trkpt lat="61.6093287" lon="23.5379673"/><trkpt lat="61.6104556" lon="23.5371027"/><trkpt lat="61.6116403" lon="23.5361243"/><trkpt lat="61.6125637" lon="23.5353885"/><trkpt lat="61.6153912" lon="23.5330608"/><trkpt lat="61.6167367" lon="23.5319727"/><trkpt lat="61.6173919" lon="23.5315186"/><trkpt lat="61.6180845" lon="23.5310587"/><trkpt lat="61.6183976" lon="23.5308655"/><trkpt lat="61.619465" lon="23.5303204"/><trkpt lat="61.6205194" lon="23.52976"/><trkpt lat="61.6219527" lon="23.5289953"/><trkpt lat="61.6235283" lon="23.5282413"/><trkpt lat="61.6240127" lon="23.5279913"/><trkpt lat="61.6248607" lon="23.5275601"/><trkpt lat="61.6265022" lon="23.5266459"/><trkpt lat="61.6272638" lon="23.5261724"/><trkpt lat="61.62833" lon="23.5254585"/><trkpt lat="61.6294377" lon="23.5247227"/><trkpt lat="61.6297479" lon="23.5244938"/><trkpt lat="61.631155" lon="23.5235805"/><trkpt lat="61.632608" lon="23.52261"/><trkpt lat="61.6341945" lon="23.5215486"/><trkpt lat="61.6351385" lon="23.520947"/><trkpt lat="61.6411914" lon="23.5169374"/><trkpt lat="61.6414632" lon="23.516755"/><trkpt lat="61.6454378" lon="23.5140964"/><trkpt lat="61.6454892" lon="23.5140623"/><trkpt lat="61.6487728" lon="23.5118403"/><trkpt lat="61.6496926" lon="23.5111207"/><trkpt lat="61.650973" lon="23.5099967"/><trkpt lat="61.6519495" lon="23.5089907"/><trkpt lat="61.6530732" lon="23.5077069"/><trkpt lat="61.6538835" lon="23.506677"/><trkpt lat="61.655619" lon="23.5044599"/><trkpt lat="61.6565744" lon="23.5032644"/><trkpt lat="61.6568654" lon="23.5029049"/><trkpt lat="61.6572777" lon="23.5023504"/><trkpt lat="61.6575242" lon="23.5020382"/><trkpt lat="61.6583659" lon="23.5009698"/><trkpt lat="61.6602128" lon="23.4986208"/><trkpt lat="61.6616391" lon="23.4968031"/><trkpt lat="61.6628706" lon="23.4952371"/><trkpt lat="61.6648652" lon="23.4927002"/><trkpt lat="61.6652105" lon="23.4922594"/><trkpt lat="61.6659883" lon="23.4912633"/><trkpt lat="61.6669291" lon="23.4900615"/><trkpt lat="61.6680844" lon="23.4885762"/><trkpt lat="61.6684965" lon="23.4880464"/><trkpt lat="61.6694252" lon="23.4868987"/><trkpt lat="61.670976" lon="23.484905"/><trkpt lat="61.6729062" lon="23.4824497"/><trkpt lat="61.6735448" lon="23.481642"/><trkpt lat="61.6755415" lon="23.4791039"/><trkpt lat="61.6768335" lon="23.4774425"/><trkpt lat="61.67825" lon="23.4756252"/><trkpt lat="61.679221" lon="23.4743844"/><trkpt lat="61.6801791" lon="23.4731498"/><trkpt lat="61.6805641" lon="23.4726477"/><trkpt lat="61.6814185" lon="23.4715369"/><trkpt lat="61.6825255" lon="23.470019"/><trkpt lat="61.6837372" lon="23.4683169"/><trkpt lat="61.6855099" lon="23.4658623"/><trkpt lat="61.6863424" lon="23.4647332"/><trkpt lat="61.6875467" lon="23.4630297"/><trkpt lat="61.6880715" lon="23.4623142"/><trkpt lat="61.6896448" lon="23.4601481"/><trkpt lat="61.6910667" lon="23.4581622"/><trkpt lat="61.6922604" lon="23.456561"/><trkpt lat="61.6955521" lon="23.451964"/><trkpt lat="61.6963131" lon="23.4509051"/><trkpt lat="61.6972682" lon="23.4495512"/><trkpt lat="61.6976047" lon="23.4490732"/><trkpt lat="61.6987854" lon="23.4475494"/><trkpt lat="61.6995656" lon="23.4466425"/><trkpt lat="61.700299" lon="23.4458572"/><trkpt lat="61.7013861" lon="23.4447475"/><trkpt lat="61.7033868" lon="23.4427644"/><trkpt lat="61.7046228" lon="23.4415488"/><trkpt lat="61.7058519" lon="23.4403472"/><trkpt lat="61.7086129" lon="23.4375873"/><trkpt lat="61.7111064" lon="23.4351542"/><trkpt lat="61.7111552" lon="23.4351066"/><trkpt lat="61.7115231" lon="23.4347293"/><trkpt lat="61.7143442" lon="23.4319542"/><trkpt lat="61.7162375" lon="23.43009"/><trkpt lat="61.7175974" lon="23.4287359"/><trkpt lat="61.7196588" lon="23.4267482"/><trkpt lat="61.7224759" lon="23.4239282"/><trkpt lat="61.7225249" lon="23.4238797"/><trkpt lat="61.7237066" lon="23.422717"/><trkpt lat="61.7277781" lon="23.4186604"/><trkpt lat="61.730395" lon="23.4161021"/><trkpt lat="61.7322137" lon="23.4142048"/><trkpt lat="61.7329677" lon="23.4133462"/><trkpt lat="61.7331242" lon="23.4131502"/><trkpt lat="61.735658" lon="23.4096778"/><trkpt lat="61.7364703" lon="23.4086342"/><trkpt lat="61.7393985" lon="23.4046619"/><trkpt lat="61.7416847" lon="23.4015661"/><trkpt lat="61.7425715" lon="23.4003541"/><trkpt lat="61.7432253" lon="23.3994722"/><trkpt lat="61.7441883" lon="23.3982007"/><trkpt lat="61.74478" lon="23.3974236"/><trkpt lat="61.7459908" lon="23.3957705"/><trkpt lat="61.7473543" lon="23.3939428"/><trkpt lat="61.7486057" lon="23.3922711"/><trkpt lat="61.7499817" lon="23.3904027"/><trkpt lat="61.7507758" lon="23.3893292"/><trkpt lat="61.7513518" lon="23.3885528"/><trkpt lat="61.752143" lon="23.3874895"/><trkpt lat="61.7525655" lon="23.3868907"/><trkpt lat="61.7533485" lon="23.3858341"/><trkpt lat="61.7538203" lon="23.3852124"/><trkpt lat="61.7544102" lon="23.3844111"/><trkpt lat="61.7553803" lon="23.3831075"/><trkpt lat="61.7561307" lon="23.3821371"/><trkpt lat="61.7569698" lon="23.3811568"/><trkpt lat="61.757504" lon="23.3805728"/><trkpt lat="61.7577763" lon="23.3802995"/><trkpt lat="61.7578199" lon="23.3802557"/><trkpt lat="61.7584459" lon="23.3796272"/><trkpt lat="61.7588656" lon="23.3792371"/><trkpt lat="61.7598823" lon="23.3783628"/><trkpt lat="61.76084" lon="23.3776121"/><trkpt lat="61.7647323" lon="23.374807"/><trkpt lat="61.7653229" lon="23.3743595"/><trkpt lat="61.7655053" lon="23.3742331"/><trkpt lat="61.7669013" lon="23.3732404"/><trkpt lat="61.7693433" lon="23.3715114"/><trkpt lat="61.7750045" lon="23.3674382"/><trkpt lat="61.7753865" lon="23.3671674"/><trkpt lat="61.780484" lon="23.3635443"/><trkpt lat="61.780535" lon="23.3635081"/><trkpt lat="61.7839053" lon="23.3610954"/><trkpt lat="61.7864347" lon="23.3592629"/><trkpt lat="61.7866591" lon="23.3591158"/><trkpt lat="61.7896869" lon="23.3569712"/><trkpt lat="61.7924185" lon="23.3549966"/><trkpt lat="61.7929754" lon="23.3545762"/><trkpt lat="61.79306" lon="23.3545123"/><trkpt lat="61.793527" lon="23.3541598"/><trkpt lat="61.7940963" lon="23.3536877"/><trkpt lat="61.7946127" lon="23.3532078"/><trkpt lat="61.7962189" lon="23.351678"/><trkpt lat="61.7970419" lon="23.3508699"/><trkpt lat="61.800647" lon="23.3473752"/><trkpt lat="61.8040937" lon="23.3440332"/><trkpt lat="61.8047305" lon="23.343416"/><trkpt lat="61.804949" lon="23.3432043"/><trkpt lat="61.8070903" lon="23.3411289"/><trkpt lat="61.8077896" lon="23.3404511"/><trkpt lat="61.807968" lon="23.3402783"/><trkpt lat="61.8087801" lon="23.3394911"/><trkpt lat="61.8097732" lon="23.3385285"/><trkpt lat="61.8101681" lon="23.3381457"/><trkpt lat="61.8169293" lon="23.3316049"/><trkpt lat="61.8190813" lon="23.3294833"/><trkpt lat="61.8196053" lon="23.3289671"/><trkpt lat="61.8220513" lon="23.3265903"/><trkpt lat="61.8242472" lon="23.3244688"/><trkpt lat="61.8249299" lon="23.3238126"/><trkpt lat="61.8250778" lon="23.3236638"/><trkpt lat="61.8280639" lon="23.3207515"/><trkpt lat="61.8297152" lon="23.3191408"/><trkpt lat="61.8329869" lon="23.3159828"/><trkpt lat="61.8332304" lon="23.3157475"/><trkpt lat="61.8342949" lon="23.3146967"/><trkpt lat="61.8345385" lon="23.3144477"/><trkpt lat="61.835017" lon="23.3139734"/><trkpt lat="61.8370944" lon="23.3119639"/><trkpt lat="61.8383238" lon="23.3107647"/><trkpt lat="61.8395504" lon="23.3095763"/><trkpt lat="61.8413733" lon="23.3078003"/><trkpt lat="61.8419687" lon="23.3072208"/><trkpt lat="61.8432278" lon="23.3060111"/><trkpt lat="61.8474916" lon="23.3018602"/><trkpt lat="61.8484159" lon="23.3009456"/><trkpt lat="61.8495487" lon="23.2998572"/><trkpt lat="61.8528872" lon="23.296592"/><trkpt lat="61.8548993" lon="23.2946407"/><trkpt lat="61.8577017" lon="23.2919192"/><trkpt lat="61.8606668" lon="23.2890126"/><trkpt lat="61.8630456" lon="23.2866736"/><trkpt lat="61.8648042" lon="23.2849767"/><trkpt lat="61.8658362" lon="23.2839841"/><trkpt lat="61.8664189" lon="23.2834278"/><trkpt lat="61.8695851" lon="23.2802738"/><trkpt lat="61.8700198" lon="23.2798408"/><trkpt lat="61.8704513" lon="23.2793963"/><trkpt lat="61.8709182" lon="23.2789152"/><trkpt lat="61.8721887" lon="23.2775087"/><trkpt lat="61.8738918" lon="23.2756275"/><trkpt lat="61.8818375" lon="23.2668003"/><trkpt lat="61.8833714" lon="23.2650982"/><trkpt lat="61.8834196" lon="23.2650448"/><trkpt lat="61.885913" lon="23.2622778"/><trkpt lat="61.8897843" lon="23.2579697"/><trkpt lat="61.8926554" lon="23.2547746"/><trkpt lat="61.8941019" lon="23.2531821"/><trkpt lat="61.8965438" lon="23.2504591"/><trkpt lat="61.8966973" lon="23.2502894"/><trkpt lat="61.897733" lon="23.2491482"/><trkpt lat="61.8986129" lon="23.2481748"/><trkpt lat="61.9053508" lon="23.2406706"/><trkpt lat="61.9056788" lon="23.2403258"/><trkpt lat="61.9071043" lon="23.2387734"/><trkpt lat="61.9082157" lon="23.2375142"/><trkpt lat="61.9095507" lon="23.2359988"/><trkpt lat="61.9121732" lon="23.2331504"/><trkpt lat="61.9136453" lon="23.2315216"/><trkpt lat="61.9140118" lon="23.2311198"/><trkpt lat="61.9165881" lon="23.2281607"/><trkpt lat="61.9179107" lon="23.2266983"/><trkpt lat="61.9209659" lon="23.2232866"/><trkpt lat="61.9215777" lon="23.2226034"/><trkpt lat="61.9279163" lon="23.2155197"/><trkpt lat="61.928431" lon="23.2149313"/><trkpt lat="61.9285298" lon="23.2148226"/><trkpt lat="61.9295183" lon="23.2137342"/><trkpt lat="61.9306087" lon="23.2125379"/><trkpt lat="61.9312956" lon="23.2117686"/><trkpt lat="61.9333766" lon="23.2093396"/><trkpt lat="61.934449" lon="23.2079632"/><trkpt lat="61.9349152" lon="23.2073773"/><trkpt lat="61.9373467" lon="23.2043156"/><trkpt lat="61.9411438" lon="23.1994547"/><trkpt lat="61.9415438" lon="23.198944"/><trkpt lat="61.9450294" lon="23.1944764"/><trkpt lat="61.9507878" lon="23.1871429"/><trkpt lat="61.9526779" lon="23.1847146"/><trkpt lat="61.9527015" lon="23.1846843"/><trkpt lat="61.9604235" lon="23.1748359"/><trkpt lat="61.9621603" lon="23.1726157"/><trkpt lat="61.9622061" lon="23.1725571"/><trkpt lat="61.9631204" lon="23.1713883"/><trkpt lat="61.9633023" lon="23.1711638"/><trkpt lat="61.9680948" lon="23.1650379"/><trkpt lat="61.9714001" lon="23.1608045"/><trkpt lat="61.9729514" lon="23.1588174"/><trkpt lat="61.9733958" lon="23.1582608"/><trkpt lat="61.9741313" lon="23.1573183"/><trkpt lat="61.9757961" lon="23.1551813"/><trkpt lat="61.9759488" lon="23.1549788"/><trkpt lat="61.9763278" lon="23.1544916"/><trkpt lat="61.9816975" lon="23.1476081"/><trkpt lat="61.9834801" lon="23.1452815"/><trkpt lat="61.9844681" lon="23.1440314"/><trkpt lat="61.9856791" lon="23.1425103"/><trkpt lat="61.9911481" lon="23.1354982"/><trkpt lat="61.992628" lon="23.1336072"/><trkpt lat="61.9939126" lon="23.1319778"/><trkpt lat="61.9940825" lon="23.1317609"/><trkpt lat="61.9944218" lon="23.131325"/><trkpt lat="61.9966084" lon="23.1285036"/><trkpt lat="61.9988235" lon="23.1256671"/><trkpt lat="62.0002711" lon="23.1238124"/><trkpt lat="62.002607" lon="23.1208128"/><trkpt lat="62.0032524" lon="23.1199942"/><trkpt lat="62.0060009" lon="23.1170142"/><trkpt lat="62.0061761" lon="23.1168326"/><trkpt lat="62.006246" lon="23.1167604"/><trkpt lat="62.0066476" lon="23.1163439"/><trkpt lat="62.0147291" lon="23.1079521"/><trkpt lat="62.0153309" lon="23.1073466"/><trkpt lat="62.0154904" lon="23.1071814"/><trkpt lat="62.0173231" lon="23.1052307"/><trkpt lat="62.0227386" lon="23.0995972"/><trkpt lat="62.022783" lon="23.099551"/><trkpt lat="62.0288353" lon="23.0932404"/><trkpt lat="62.0308606" lon="23.091141"/><trkpt lat="62.0316041" lon="23.0903519"/><trkpt lat="62.034838" lon="23.0870374"/><trkpt lat="62.0380832" lon="23.083687"/><trkpt lat="62.0389737" lon="23.0829346"/><trkpt lat="62.0400111" lon="23.0820883"/><trkpt lat="62.0412508" lon="23.0812809"/><trkpt lat="62.0420885" lon="23.0808174"/><trkpt lat="62.0436" lon="23.080107"/><trkpt lat="62.0437693" lon="23.0800475"/><trkpt lat="62.0444529" lon="23.0797755"/><trkpt lat="62.0454643" lon="23.0795107"/><trkpt lat="62.0457128" lon="23.0794457"/><trkpt lat="62.0462174" lon="23.0793483"/><trkpt lat="62.0463633" lon="23.0793241"/><trkpt lat="62.0469438" lon="23.0792213"/><trkpt lat="62.047649" lon="23.0790816"/><trkpt lat="62.0476731" lon="23.0790769"/><trkpt lat="62.0486108" lon="23.0789233"/><trkpt lat="62.0490584" lon="23.0788421"/><trkpt lat="62.0490783" lon="23.0788385"/><trkpt lat="62.0497659" lon="23.0787119"/><trkpt lat="62.0519754" lon="23.0783251"/><trkpt lat="62.0552019" lon="23.0777602"/><trkpt lat="62.0566026" lon="23.0775267"/><trkpt lat="62.0569105" lon="23.0774766"/><trkpt lat="62.0571729" lon="23.0774274"/><trkpt lat="62.0571836" lon="23.0774254"/><trkpt lat="62.0578682" lon="23.0773144"/><trkpt lat="62.0586632" lon="23.0771932"/><trkpt lat="62.0594445" lon="23.0770543"/><trkpt lat="62.0605186" lon="23.0768564"/><trkpt lat="62.0606019" lon="23.0768417"/><trkpt lat="62.0639938" lon="23.0762439"/><trkpt lat="62.0655358" lon="23.0759665"/><trkpt lat="62.0664933" lon="23.0757975"/><trkpt lat="62.0683659" lon="23.0754771"/><trkpt lat="62.0693754" lon="23.0753044"/><trkpt lat="62.0739973" lon="23.0744599"/><trkpt lat="62.0744819" lon="23.0743808"/><trkpt lat="62.0760087" lon="23.074133"/><trkpt lat="62.0763561" lon="23.0740895"/><trkpt lat="62.077832" lon="23.0738245"/><trkpt lat="62.0825512" lon="23.0730046"/><trkpt lat="62.0828563" lon="23.0729471"/><trkpt lat="62.0834513" lon="23.0728379"/><trkpt lat="62.0842236" lon="23.0727004"/><trkpt lat="62.0855694" lon="23.072275"/><trkpt lat="62.0869195" lon="23.0716972"/><trkpt lat="62.0879606" lon="23.0711995"/><trkpt lat="62.0887958" lon="23.070785"/><trkpt lat="62.0899131" lon="23.070212"/><trkpt lat="62.0922195" lon="23.0690747"/><trkpt lat="62.0929893" lon="23.0686793"/><trkpt lat="62.0941872" lon="23.0680843"/><trkpt lat="62.0945746" lon="23.0678887"/><trkpt lat="62.0970499" lon="23.066692"/><trkpt lat="62.0982035" lon="23.066144"/><trkpt lat="62.0991922" lon="23.0655826"/><trkpt lat="62.1009712" lon="23.0647059"/><trkpt lat="62.1025588" lon="23.0639217"/><trkpt lat="62.1038508" lon="23.0632559"/><trkpt lat="62.1043307" lon="23.0630244"/><trkpt lat="62.1084519" lon="23.060955"/><trkpt lat="62.1097035" lon="23.0603329"/><trkpt lat="62.1113233" lon="23.0595305"/><trkpt lat="62.1117579" lon="23.0593049"/><trkpt lat="62.1131115" lon="23.0586322"/><trkpt lat="62.1136617" lon="23.0583565"/><trkpt lat="62.1141353" lon="23.0581219"/><trkpt lat="62.1143215" lon="23.0580379"/><trkpt lat="62.1162779" lon="23.0572425"/><trkpt lat="62.1184749" lon="23.056441"/><trkpt lat="62.1202867" lon="23.0558253"/><trkpt lat="62.1225335" lon="23.0550364"/><trkpt lat="62.1252557" lon="23.0540805"/><trkpt lat="62.1254217" lon="23.0540257"/><trkpt lat="62.1273485" lon="23.0533258"/><trkpt lat="62.1292015" lon="23.0526772"/><trkpt lat="62.1293266" lon="23.0526326"/><trkpt lat="62.1295635" lon="23.0525357"/><trkpt lat="62.1310745" lon="23.0519179"/><trkpt lat="62.1331987" lon="23.0511981"/><trkpt lat="62.1342124" lon="23.0508546"/><trkpt lat="62.1361922" lon="23.050159"/><trkpt lat="62.1373631" lon="23.0497366"/><trkpt lat="62.1416175" lon="23.0482369"/><trkpt lat="62.1438638" lon="23.047428"/><trkpt lat="62.1439181" lon="23.0474085"/><trkpt lat="62.145052" lon="23.0469999"/><trkpt lat="62.1472325" lon="23.0462259"/><trkpt lat="62.1491624" lon="23.0455409"/><trkpt lat="62.1539109" lon="23.0438341"/><trkpt lat="62.1545549" lon="23.0436048"/><trkpt lat="62.1571921" lon="23.0426689"/><trkpt lat="62.1627935" lon="23.0406695"/><trkpt lat="62.1652836" lon="23.0397823"/><trkpt lat="62.1685535" lon="23.0386177"/><trkpt lat="62.1691796" lon="23.0383974"/><trkpt lat="62.1705885" lon="23.037907"/><trkpt lat="62.1715987" lon="23.0375541"/><trkpt lat="62.1732014" lon="23.0369866"/><trkpt lat="62.175905" lon="23.0360224"/><trkpt lat="62.1776988" lon="23.03535"/><trkpt lat="62.1783557" lon="23.0351268"/><trkpt lat="62.1797025" lon="23.0346654"/><trkpt lat="62.1804252" lon="23.0343966"/><trkpt lat="62.1804373" lon="23.0343922"/><trkpt lat="62.1837388" lon="23.0332083"/><trkpt lat="62.1892758" lon="23.0312149"/><trkpt lat="62.1916211" lon="23.0303877"/><trkpt lat="62.1956934" lon="23.0289118"/><trkpt lat="62.1981391" lon="23.028024"/><trkpt lat="62.2041337" lon="23.0258832"/><trkpt lat="62.2069759" lon="23.0248681"/><trkpt lat="62.2148478" lon="23.0220318"/><trkpt lat="62.2158191" lon="23.0216767"/><trkpt lat="62.2182599" lon="23.0208063"/><trkpt lat="62.224671" lon="23.0185196"/><trkpt lat="62.2256527" lon="23.0181877"/><trkpt lat="62.2288768" lon="23.0170484"/><trkpt lat="62.2335447" lon="23.0153672"/><trkpt lat="62.236361" lon="23.014356"/><trkpt lat="62.2395231" lon="23.0132194"/><trkpt lat="62.2403062" lon="23.0129297"/><trkpt lat="62.2405362" lon="23.0128582"/><trkpt lat="62.2409515" lon="23.0127142"/><trkpt lat="62.2423974" lon="23.0122149"/><trkpt lat="62.2425039" lon="23.0121788"/><trkpt lat="62.2465364" lon="23.0107371"/><trkpt lat="62.2492668" lon="23.0097451"/><trkpt lat="62.2499062" lon="23.0095202"/><trkpt lat="62.2512264" lon="23.0090583"/><trkpt lat="62.2512774" lon="23.0090405"/><trkpt lat="62.2523385" lon="23.0086591"/><trkpt lat="62.2545049" lon="23.0078806"/><trkpt lat="62.2569208" lon="23.0070107"/><trkpt lat="62.2589631" lon="23.0062855"/><trkpt lat="62.2600794" lon="23.0058874"/><trkpt lat="62.2630236" lon="23.0048223"/><trkpt lat="62.2663805" lon="23.0036079"/><trkpt lat="62.268491" lon="23.0028442"/><trkpt lat="62.2689292" lon="23.002691"/><trkpt lat="62.2763203" lon="23.0000568"/><trkpt lat="62.2778066" lon="22.999527"/><trkpt lat="62.2788375" lon="22.9991511"/><trkpt lat="62.2825858" lon="22.99778"/><trkpt lat="62.2831619" lon="22.9975693"/><trkpt lat="62.2852878" lon="22.9967946"/><trkpt lat="62.2866664" lon="22.9963033"/><trkpt lat="62.2880891" lon="22.9957874"/><trkpt lat="62.2885747" lon="22.9956091"/><trkpt lat="62.2896007" lon="22.9952324"/><trkpt lat="62.2926193" lon="22.9941733"/><trkpt lat="62.2942138" lon="22.9935671"/><trkpt lat="62.2955273" lon="22.9931078"/><trkpt lat="62.2965978" lon="22.9927231"/><trkpt lat="62.297819" lon="22.9922831"/><trkpt lat="62.2979715" lon="22.9922326"/><trkpt lat="62.3023893" lon="22.9906561"/><trkpt lat="62.3043523" lon="22.9899557"/><trkpt lat="62.3050032" lon="22.9897307"/><trkpt lat="62.3051765" lon="22.9896727"/><trkpt lat="62.3056057" lon="22.9894925"/><trkpt lat="62.3061984" lon="22.9892684"/><trkpt lat="62.3077093" lon="22.9887255"/><trkpt lat="62.3132037" lon="22.9867477"/><trkpt lat="62.315398" lon="22.9859599"/><trkpt lat="62.3168648" lon="22.9854315"/><trkpt lat="62.3175667" lon="22.9851926"/><trkpt lat="62.320772" lon="22.9840252"/><trkpt lat="62.3220357" lon="22.983565"/><trkpt lat="62.3282336" lon="22.9816277"/><trkpt lat="62.3309086" lon="22.9807968"/><trkpt lat="62.331433" lon="22.9806328"/><trkpt lat="62.3314884" lon="22.9806156"/><trkpt lat="62.3385093" lon="22.9784399"/><trkpt lat="62.3398082" lon="22.9780448"/><trkpt lat="62.3430028" lon="22.9770641"/><trkpt lat="62.3447873" lon="22.9765155"/><trkpt lat="62.3448411" lon="22.9764989"/><trkpt lat="62.3487071" lon="22.9753103"/><trkpt lat="62.3502675" lon="22.9748283"/><trkpt lat="62.3526783" lon="22.9740835"/><trkpt lat="62.353781" lon="22.9737428"/><trkpt lat="62.3554635" lon="22.973223"/><trkpt lat="62.3575748" lon="22.9725706"/><trkpt lat="62.3583153" lon="22.9723419"/><trkpt lat="62.3592893" lon="22.9720412"/><trkpt lat="62.3638035" lon="22.9706527"/><trkpt lat="62.3661397" lon="22.9699341"/><trkpt lat="62.3664374" lon="22.9698425"/><trkpt lat="62.3674801" lon="22.9695224"/><trkpt lat="62.3718098" lon="22.968193"/><trkpt lat="62.3748953" lon="22.9672456"/><trkpt lat="62.3753218" lon="22.9671146"/><trkpt lat="62.3786474" lon="22.9660882"/><trkpt lat="62.3793066" lon="22.9658855"/><trkpt lat="62.38421" lon="22.9643683"/><trkpt lat="62.3849157" lon="22.9641489"/><trkpt lat="62.3921638" lon="22.9619051"/><trkpt lat="62.3929738" lon="22.9616595"/><trkpt lat="62.3930903" lon="22.9616258"/><trkpt lat="62.3942802" lon="22.9612592"/><trkpt lat="62.3956729" lon="22.9608171"/><trkpt lat="62.4019613" lon="22.9588847"/><trkpt lat="62.4020921" lon="22.9588447"/><trkpt lat="62.402985" lon="22.9585641"/><trkpt lat="62.4039046" lon="22.9583474"/><trkpt lat="62.4046523" lon="22.9582132"/><trkpt lat="62.4052626" lon="22.9581624"/><trkpt lat="62.4058441" lon="22.9581279"/><trkpt lat="62.4071991" lon="22.9580443"/><trkpt lat="62.407474" lon="22.9580244"/><trkpt lat="62.4089001" lon="22.9579213"/><trkpt lat="62.4108867" lon="22.9578228"/><trkpt lat="62.4114002" lon="22.9577927"/><trkpt lat="62.4121693" lon="22.9577605"/><trkpt lat="62.4124315" lon="22.9577492"/><trkpt lat="62.4126846" lon="22.9577492"/><trkpt lat="62.4135866" lon="22.9576711"/><trkpt lat="62.4137738" lon="22.9576588"/><trkpt lat="62.4182484" lon="22.9574238"/><trkpt lat="62.4198699" lon="22.9573382"/><trkpt lat="62.4235192" lon="22.9571282"/><trkpt lat="62.428843" lon="22.9568232"/><trkpt lat="62.4303543" lon="22.9567332"/><trkpt lat="62.4352185" lon="22.9564436"/><trkpt lat="62.4378073" lon="22.9562905"/><trkpt lat="62.4411689" lon="22.95608"/><trkpt lat="62.4460354" lon="22.9558016"/><trkpt lat="62.4468086" lon="22.955757"/><trkpt lat="62.4483492" lon="22.9556623"/><trkpt lat="62.4516105" lon="22.955471"/><trkpt lat="62.4519219" lon="22.9554548"/><trkpt lat="62.4557799" lon="22.9552542"/><trkpt lat="62.4573697" lon="22.9551729"/><trkpt lat="62.4587535" lon="22.9550836"/><trkpt lat="62.4626057" lon="22.954835"/><trkpt lat="62.4627354" lon="22.9548276"/><trkpt lat="62.4647532" lon="22.9547201"/><trkpt lat="62.4654015" lon="22.9546859"/><trkpt lat="62.4665117" lon="22.9546208"/><trkpt lat="62.4666852" lon="22.9546208"/><trkpt lat="62.4685506" lon="22.95451"/><trkpt lat="62.4691964" lon="22.9544868"/><trkpt lat="62.4706444" lon="22.9543926"/><trkpt lat="62.4732388" lon="22.9542399"/><trkpt lat="62.4737396" lon="22.9542129"/><trkpt lat="62.4779988" lon="22.9539738"/><trkpt lat="62.4785167" lon="22.9539383"/><trkpt lat="62.4799209" lon="22.953843"/><trkpt lat="62.4805894" lon="22.9538038"/><trkpt lat="62.4826928" lon="22.9536934"/><trkpt lat="62.4838345" lon="22.9536236"/><trkpt lat="62.4843844" lon="22.9535941"/><trkpt lat="62.4906502" lon="22.9532526"/><trkpt lat="62.4916567" lon="22.9531875"/><trkpt lat="62.4947841" lon="22.9526965"/><trkpt lat="62.5006073" lon="22.9516018"/><trkpt lat="62.5049129" lon="22.9507244"/><trkpt lat="62.5087163" lon="22.9499741"/><trkpt lat="62.5095276" lon="22.949814"/><trkpt lat="62.5156763" lon="22.9486005"/><trkpt lat="62.5184773" lon="22.9480476"/><trkpt lat="62.5196228" lon="22.9478429"/><trkpt lat="62.5274011" lon="22.946324"/><trkpt lat="62.5290851" lon="22.9460022"/><trkpt lat="62.5337261" lon="22.945092"/><trkpt lat="62.5363393" lon="22.9445854"/><trkpt lat="62.5399862" lon="22.9438674"/><trkpt lat="62.5436913" lon="22.9431355"/><trkpt lat="62.5451209" lon="22.9428567"/><trkpt lat="62.5452615" lon="22.9428293"/><trkpt lat="62.5471875" lon="22.9424568"/><trkpt lat="62.5503552" lon="22.9418467"/><trkpt lat="62.5523835" lon="22.9414469"/><trkpt lat="62.5539999" lon="22.9411233"/><trkpt lat="62.5542041" lon="22.9410824"/><trkpt lat="62.5553958" lon="22.940842"/><trkpt lat="62.5563189" lon="22.9406766"/><trkpt lat="62.5581358" lon="22.9403121"/><trkpt lat="62.5586182" lon="22.9402309"/><trkpt lat="62.5594713" lon="22.9401023"/><trkpt lat="62.5601766" lon="22.9400529"/><trkpt lat="62.5631535" lon="22.9400928"/><trkpt lat="62.5648082" lon="22.9401354"/><trkpt lat="62.5713542" lon="22.9403376"/><trkpt lat="62.5721153" lon="22.9403584"/><trkpt lat="62.5731032" lon="22.9403949"/><trkpt lat="62.5756639" lon="22.9404656"/><trkpt lat="62.5811016" lon="22.9406204"/><trkpt lat="62.5818594" lon="22.9406421"/><trkpt lat="62.5821589" lon="22.9406523"/><trkpt lat="62.5869611" lon="22.940793"/><trkpt lat="62.5900687" lon="22.9408914"/><trkpt lat="62.5942046" lon="22.9410074"/><trkpt lat="62.5972361" lon="22.9410978"/><trkpt lat="62.5990464" lon="22.9411396"/><trkpt lat="62.6054207" lon="22.9413384"/><trkpt lat="62.6080266" lon="22.9414172"/><trkpt lat="62.6088107" lon="22.9414421"/><trkpt lat="62.6162334" lon="22.9416591"/><trkpt lat="62.6170152" lon="22.9416839"/><trkpt lat="62.6195752" lon="22.9417602"/><trkpt lat="62.6259782" lon="22.9419653"/><trkpt lat="62.6273372" lon="22.9420031"/><trkpt lat="62.6287202" lon="22.9420412"/><trkpt lat="62.6289544" lon="22.9420477"/><trkpt lat="62.6298445" lon="22.9420722"/><trkpt lat="62.6301387" lon="22.9420803"/><trkpt lat="62.6311108" lon="22.9421071"/><trkpt lat="62.6316868" lon="22.9421229"/><trkpt lat="62.6332704" lon="22.9421739"/><trkpt lat="62.6349721" lon="22.942235"/><trkpt lat="62.6356973" lon="22.9422538"/><trkpt lat="62.6374263" lon="22.9422986"/><trkpt lat="62.6383338" lon="22.9423248"/><trkpt lat="62.6395071" lon="22.942294"/><trkpt lat="62.6403041" lon="22.9421887"/><trkpt lat="62.6416329" lon="22.9419898"/><trkpt lat="62.6434377" lon="22.9417088"/><trkpt lat="62.6439329" lon="22.9416371"/><trkpt lat="62.645805" lon="22.9413248"/><trkpt lat="62.6470899" lon="22.9411199"/><trkpt lat="62.6480286" lon="22.9410683"/><trkpt lat="62.6483219" lon="22.9410658"/><trkpt lat="62.6489518" lon="22.9410025"/><trkpt lat="62.6499748" lon="22.9408535"/><trkpt lat="62.6503654" lon="22.9407995"/><trkpt lat="62.6513113" lon="22.9406512"/><trkpt lat="62.652263" lon="22.9405042"/><trkpt lat="62.6528671" lon="22.9404073"/><trkpt lat="62.6558567" lon="22.9399278"/><trkpt lat="62.6586092" lon="22.9395113"/><trkpt lat="62.6595309" lon="22.9393665"/><trkpt lat="62.6617719" lon="22.9390095"/><trkpt lat="62.66237" lon="22.9389157"/><trkpt lat="62.6653543" lon="22.9384367"/><trkpt lat="62.6673549" lon="22.9381182"/><trkpt lat="62.6702014" lon="22.9376688"/><trkpt lat="62.6707224" lon="22.9375841"/><trkpt lat="62.6729571" lon="22.9372325"/><trkpt lat="62.6746645" lon="22.9369517"/><trkpt lat="62.6768655" lon="22.9366058"/><trkpt lat="62.6797119" lon="22.9361566"/><trkpt lat="62.6824837" lon="22.9357179"/><trkpt lat="62.6855037" lon="22.9352538"/><trkpt lat="62.6874744" lon="22.9349528"/><trkpt lat="62.6880633" lon="22.9348665"/><trkpt lat="62.6886541" lon="22.934767"/><trkpt lat="62.6892392" lon="22.9346606"/><trkpt lat="62.6906913" lon="22.9344314"/><trkpt lat="62.692017" lon="22.9342367"/><trkpt lat="62.6965523" lon="22.9335193"/><trkpt lat="62.6970126" lon="22.933447"/><trkpt lat="62.6976164" lon="22.9333492"/><trkpt lat="62.6983912" lon="22.9332263"/><trkpt lat="62.7016976" lon="22.9327018"/><trkpt lat="62.7026828" lon="22.9325544"/><trkpt lat="62.7042818" lon="22.9322573"/><trkpt lat="62.7049567" lon="22.9321253"/><trkpt lat="62.7060858" lon="22.9319437"/><trkpt lat="62.7065699" lon="22.9318696"/><trkpt lat="62.7073338" lon="22.93175"/><trkpt lat="62.7077128" lon="22.9316907"/><trkpt lat="62.7083499" lon="22.9315446"/><trkpt lat="62.7088544" lon="22.931413"/><trkpt lat="62.70897" lon="22.9313782"/><trkpt lat="62.709042" lon="22.9313584"/><trkpt lat="62.7093646" lon="22.9312695"/><trkpt lat="62.7098951" lon="22.9310946"/><trkpt lat="62.7112055" lon="22.9305785"/><trkpt lat="62.7124363" lon="22.9301004"/><trkpt lat="62.713001" lon="22.9298837"/><trkpt lat="62.7135141" lon="22.9296807"/><trkpt lat="62.7153965" lon="22.9289093"/><trkpt lat="62.7172047" lon="22.9281753"/><trkpt lat="62.718881" lon="22.9275189"/><trkpt lat="62.7208371" lon="22.9267269"/><trkpt lat="62.7230754" lon="22.925832"/><trkpt lat="62.7242158" lon="22.9253687"/><trkpt lat="62.7257675" lon="22.9247452"/><trkpt lat="62.7291919" lon="22.9233856"/><trkpt lat="62.729517" lon="22.9232589"/><trkpt lat="62.7318808" lon="22.9223107"/><trkpt lat="62.7330596" lon="22.9218346"/><trkpt lat="62.7344783" lon="22.9212707"/><trkpt lat="62.7358101" lon="22.9207355"/><trkpt lat="62.7369465" lon="22.9202766"/><trkpt lat="62.7386499" lon="22.9195773"/><trkpt lat="62.7401927" lon="22.9189773"/><trkpt lat="62.7413201" lon="22.9185247"/><trkpt lat="62.7418857" lon="22.9182968"/><trkpt lat="62.7429582" lon="22.9178657"/><trkpt lat="62.7440582" lon="22.9174255"/><trkpt lat="62.7451077" lon="22.917004"/><trkpt lat="62.7467553" lon="22.9163327"/><trkpt lat="62.749497" lon="22.9152381"/><trkpt lat="62.7507139" lon="22.914739"/><trkpt lat="62.7528564" lon="22.9138939"/><trkpt lat="62.7553568" lon="22.9128815"/><trkpt lat="62.7559614" lon="22.912635"/><trkpt lat="62.757088" lon="22.9121894"/><trkpt lat="62.7575394" lon="22.9120103"/><trkpt lat="62.7578284" lon="22.9118926"/><trkpt lat="62.7582673" lon="22.9117119"/><trkpt lat="62.7590618" lon="22.9113547"/><trkpt lat="62.7594642" lon="22.9111491"/><trkpt lat="62.7595483" lon="22.9111013"/><trkpt lat="62.7601005" lon="22.9107885"/><trkpt lat="62.7605995" lon="22.9104863"/><trkpt lat="62.7609111" lon="22.9102844"/><trkpt lat="62.761242" lon="22.9100641"/><trkpt lat="62.7616895" lon="22.909702"/><trkpt lat="62.762612" lon="22.908943"/><trkpt lat="62.7633412" lon="22.9082588"/><trkpt lat="62.7635885" lon="22.9080099"/><trkpt lat="62.7638149" lon="22.9077798"/><trkpt lat="62.764723" lon="22.906794"/><trkpt lat="62.7653753" lon="22.9059896"/><trkpt lat="62.7661432" lon="22.9049671"/><trkpt lat="62.7668389" lon="22.9039853"/><trkpt lat="62.7673001" lon="22.9032654"/><trkpt lat="62.767622" lon="22.9027384"/><trkpt lat="62.7679695" lon="22.9021765"/><trkpt lat="62.7687174" lon="22.9009371"/><trkpt lat="62.7690126" lon="22.9004779"/><trkpt lat="62.769257" lon="22.9000225"/><trkpt lat="62.7694329" lon="22.8997262"/><trkpt lat="62.7699108" lon="22.8989084"/><trkpt lat="62.770273" lon="22.8982226"/><trkpt lat="62.770651" lon="22.8974149"/><trkpt lat="62.7707641" lon="22.8971732"/><trkpt lat="62.7710736" lon="22.8964041"/><trkpt lat="62.7714617" lon="22.89537"/><trkpt lat="62.7721318" lon="22.8933748"/><trkpt lat="62.7723134" lon="22.8928286"/><trkpt lat="62.7728129" lon="22.8913301"/><trkpt lat="62.7731859" lon="22.8902244"/><trkpt lat="62.7734705" lon="22.8893642"/><trkpt lat="62.7739482" lon="22.887913"/><trkpt lat="62.7754482" lon="22.8834864"/><trkpt lat="62.7763004" lon="22.8808595"/><trkpt lat="62.7767776" lon="22.8794825"/><trkpt lat="62.7773529" lon="22.8778227"/><trkpt lat="62.7782271" lon="22.8752641"/><trkpt lat="62.7784947" lon="22.8744965"/><trkpt lat="62.7793215" lon="22.8721449"/><trkpt lat="62.7794784" lon="22.8716908"/><trkpt lat="62.7803911" lon="22.8690686"/><trkpt lat="62.7808474" lon="22.8677603"/><trkpt lat="62.7810142" lon="22.8672819"/><trkpt lat="62.7816926" lon="22.865418"/><trkpt lat="62.7822296" lon="22.8641305"/><trkpt lat="62.7826971" lon="22.8630321"/><trkpt lat="62.7832645" lon="22.861851"/><trkpt lat="62.7838913" lon="22.8607367"/><trkpt lat="62.784811" lon="22.8591554"/><trkpt lat="62.7854285" lon="22.8581595"/><trkpt lat="62.7857501" lon="22.8575941"/><trkpt lat="62.7860711" lon="22.857004"/><trkpt lat="62.7866275" lon="22.8559692"/><trkpt lat="62.7867397" lon="22.8557506"/><trkpt lat="62.7869595" lon="22.855313"/><trkpt lat="62.7878371" lon="22.8534184"/><trkpt lat="62.7881263" lon="22.852794"/><trkpt lat="62.7882465" lon="22.8525113"/><trkpt lat="62.7884114" lon="22.8521556"/><trkpt lat="62.7892938" lon="22.8502328"/><trkpt lat="62.7894861" lon="22.8498326"/><trkpt lat="62.7895792" lon="22.8496331"/><trkpt lat="62.7898022" lon="22.8491501"/><trkpt lat="62.7900964" lon="22.8485032"/><trkpt lat="62.790106" lon="22.8484827"/><trkpt lat="62.7910449" lon="22.8463697"/><trkpt lat="62.7914484" lon="22.845498"/><trkpt lat="62.7921653" lon="22.8439649"/><trkpt lat="62.7932073" lon="22.8415952"/><trkpt lat="62.7934821" lon="22.8409937"/><trkpt lat="62.7942505" lon="22.8393076"/><trkpt lat="62.7946925" lon="22.8383223"/><trkpt lat="62.7952155" lon="22.8371846"/><trkpt lat="62.7954312" lon="22.8367111"/><trkpt lat="62.7956968" lon="22.836134"/><trkpt lat="62.7957678" lon="22.8359708"/><trkpt lat="62.7958995" lon="22.8356791"/><trkpt lat="62.7959746" lon="22.8355322"/><trkpt lat="62.7960579" lon="22.8353671"/><trkpt lat="62.7962577" lon="22.8350046"/><trkpt lat="62.7965229" lon="22.8345901"/><trkpt lat="62.7966096" lon="22.8344744"/><trkpt lat="62.7968327" lon="22.8342075"/><trkpt lat="62.7970399" lon="22.834"/><trkpt lat="62.79725" lon="22.8338189"/><trkpt lat="62.7974647" lon="22.8336615"/><trkpt lat="62.7976836" lon="22.8335413"/><trkpt lat="62.7978689" lon="22.8334577"/><trkpt lat="62.7980619" lon="22.8333953"/><trkpt lat="62.798277" lon="22.8333614"/><trkpt lat="62.7985112" lon="22.833353"/><trkpt lat="62.7986831" lon="22.8333613"/><trkpt lat="62.798893" lon="22.8333963"/><trkpt lat="62.7991061" lon="22.8334652"/><trkpt lat="62.7992891" lon="22.8335388"/><trkpt lat="62.7994607" lon="22.8336525"/><trkpt lat="62.7997156" lon="22.8338617"/><trkpt lat="62.7999712" lon="22.8340777"/><trkpt lat="62.8001115" lon="22.8342257"/><trkpt lat="62.8003432" lon="22.8344976"/><trkpt lat="62.8004943" lon="22.8347206"/><trkpt lat="62.8006955" lon="22.8350351"/><trkpt lat="62.8008646" lon="22.8353466"/><trkpt lat="62.8010069" lon="22.8356332"/><trkpt lat="62.8011459" lon="22.8359604"/><trkpt lat="62.8012779" lon="22.8363066"/><trkpt lat="62.8014014" lon="22.8366626"/><trkpt lat="62.8015145" lon="22.8370337"/><trkpt lat="62.8016247" lon="22.8374321"/><trkpt lat="62.8017153" lon="22.8378137"/><trkpt lat="62.8017996" lon="22.8382151"/><trkpt lat="62.8018738" lon="22.8386479"/><trkpt lat="62.801934" lon="22.8390615"/><trkpt lat="62.8019875" lon="22.839533"/><trkpt lat="62.802023" lon="22.8399624"/><trkpt lat="62.8020451" lon="22.8404342"/><trkpt lat="62.802058" lon="22.8408268"/><trkpt lat="62.8020598" lon="22.8409702"/><trkpt lat="62.8020619" lon="22.8412904"/><trkpt lat="62.8020532" lon="22.8424308"/><trkpt lat="62.8020514" lon="22.8428018"/><trkpt lat="62.8020528" lon="22.8435141"/><trkpt lat="62.8020558" lon="22.8442112"/><trkpt lat="62.8020678" lon="22.8449261"/><trkpt lat="62.8021063" lon="22.8456457"/><trkpt lat="62.8021591" lon="22.8463743"/><trkpt lat="62.8022305" lon="22.8470412"/><trkpt lat="62.8023075" lon="22.8476116"/><trkpt lat="62.8023571" lon="22.8479429"/><trkpt lat="62.8024213" lon="22.8483491"/><trkpt lat="62.802519" lon="22.8488563"/><trkpt lat="62.8026248" lon="22.8493546"/><trkpt lat="62.8027337" lon="22.8498104"/><trkpt lat="62.80287" lon="22.8503165"/><trkpt lat="62.8029679" lon="22.8506953"/><trkpt lat="62.8031413" lon="22.8512044"/><trkpt lat="62.8033528" lon="22.8518281"/><trkpt lat="62.8035671" lon="22.8523285"/><trkpt lat="62.8037905" lon="22.8528244"/><trkpt lat="62.8040466" lon="22.8533837"/><trkpt lat="62.8059913" lon="22.8574763"/><trkpt lat="62.8060755" lon="22.8576519"/><trkpt lat="62.8061183" lon="22.857741"/><trkpt lat="62.8062584" lon="22.8580331"/><trkpt lat="62.8065127" lon="22.8585714"/><trkpt lat="62.8066155" lon="22.8587892"/><trkpt lat="62.8094282" lon="22.8645675"/><trkpt lat="62.8124638" lon="22.8709913"/><trkpt lat="62.8158805" lon="22.8781704"/><trkpt lat="62.8182745" lon="22.8832346"/><trkpt lat="62.818323" lon="22.8833363"/><trkpt lat="62.818935" lon="22.8845826"/><trkpt lat="62.8254153" lon="22.8981801"/><trkpt lat="62.8265587" lon="22.900495"/><trkpt lat="62.8273756" lon="22.9022516"/><trkpt lat="62.8281732" lon="22.9041547"/><trkpt lat="62.8297463" lon="22.9079214"/><trkpt lat="62.8304666" lon="22.9096483"/><trkpt lat="62.830548" lon="22.9098439"/><trkpt lat="62.8311308" lon="22.9112665"/><trkpt lat="62.8313418" lon="22.9117922"/><trkpt lat="62.831589" lon="22.9123758"/><trkpt lat="62.8321535" lon="22.9137993"/><trkpt lat="62.8323949" lon="22.9143807"/><trkpt lat="62.8325724" lon="22.9148372"/><trkpt lat="62.8328797" lon="22.915595"/><trkpt lat="62.8341538" lon="22.9186484"/><trkpt lat="62.8343964" lon="22.9192078"/><trkpt lat="62.8353041" lon="22.9210523"/><trkpt lat="62.835712" lon="22.9218483"/><trkpt lat="62.8361626" lon="22.9226721"/><trkpt lat="62.8370156" lon="22.9240871"/><trkpt lat="62.837447" lon="22.924756"/><trkpt lat="62.8380563" lon="22.9256429"/><trkpt lat="62.8386325" lon="22.9263796"/><trkpt lat="62.8392242" lon="22.9270818"/><trkpt lat="62.839737" lon="22.9276438"/><trkpt lat="62.8405916" lon="22.9285645"/><trkpt lat="62.8445603" lon="22.9326698"/><trkpt lat="62.846161" lon="22.9343158"/><trkpt lat="62.8481404" lon="22.9363023"/><trkpt lat="62.8482511" lon="22.9364145"/><trkpt lat="62.8487029" lon="22.9368723"/><trkpt lat="62.8489945" lon="22.9371724"/><trkpt lat="62.8533775" lon="22.9416398"/><trkpt lat="62.8543055" lon="22.9425791"/><trkpt lat="62.8604472" lon="22.9488339"/><trkpt lat="62.8624489" lon="22.9508452"/><trkpt lat="62.8643161" lon="22.9527515"/><trkpt lat="62.8644502" lon="22.9528807"/><trkpt lat="62.8668241" lon="22.9552851"/><trkpt lat="62.8692822" lon="22.9578102"/><trkpt lat="62.8702988" lon="22.9588494"/><trkpt lat="62.8705894" lon="22.9591609"/><trkpt lat="62.8710144" lon="22.9596461"/><trkpt lat="62.8716838" lon="22.9604008"/><trkpt lat="62.8727765" lon="22.9616479"/><trkpt lat="62.8730858" lon="22.9620047"/><trkpt lat="62.8772415" lon="22.9669181"/><trkpt lat="62.8784583" lon="22.968348"/><trkpt lat="62.8798031" lon="22.9699305"/><trkpt lat="62.8803348" lon="22.9705601"/><trkpt lat="62.8805379" lon="22.9708017"/><trkpt lat="62.8820261" lon="22.9725235"/><trkpt lat="62.8829567" lon="22.9735851"/><trkpt lat="62.8832228" lon="22.9739013"/><trkpt lat="62.8848889" lon="22.9758621"/><trkpt lat="62.8863681" lon="22.9775919"/><trkpt lat="62.8874127" lon="22.9787843"/><trkpt lat="62.8891123" lon="22.9807841"/><trkpt lat="62.8902686" lon="22.9821708"/><trkpt lat="62.8916293" lon="22.9837376"/><trkpt lat="62.8943832" lon="22.9869317"/><trkpt lat="62.8962485" lon="22.9890954"/><trkpt lat="62.9009188" lon="22.9945323"/><trkpt lat="62.9012602" lon="22.9949281"/><trkpt lat="62.9017409" lon="22.9954776"/><trkpt lat="62.9022556" lon="22.9960785"/><trkpt lat="62.9053863" lon="22.9997382"/><trkpt lat="62.9060825" lon="23.000551"/><trkpt lat="62.9072851" lon="23.0019413"/><trkpt lat="62.9080453" lon="23.0028347"/><trkpt lat="62.9101122" lon="23.0052767"/><trkpt lat="62.9179545" lon="23.0144478"/><trkpt lat="62.9180499" lon="23.0145591"/><trkpt lat="62.9181098" lon="23.01463"/><trkpt lat="62.9184102" lon="23.0149653"/><trkpt lat="62.9208034" lon="23.0177302"/><trkpt lat="62.9210671" lon="23.0180359"/><trkpt lat="62.9215934" lon="23.0186194"/><trkpt lat="62.9221506" lon="23.0192182"/><trkpt lat="62.9226455" lon="23.0197402"/><trkpt lat="62.9232201" lon="23.0202248"/><trkpt lat="62.923761" lon="23.0205606"/><trkpt lat="62.9243569" lon="23.0209223"/><trkpt lat="62.9249022" lon="23.0212228"/><trkpt lat="62.9252992" lon="23.0214161"/><trkpt lat="62.9263942" lon="23.0219308"/><trkpt lat="62.9288468" lon="23.023011"/><trkpt lat="62.929165" lon="23.0231537"/><trkpt lat="62.9297094" lon="23.0233972"/><trkpt lat="62.9314254" lon="23.0241573"/><trkpt lat="62.9323115" lon="23.0245115"/><trkpt lat="62.9333365" lon="23.0250029"/><trkpt lat="62.9342921" lon="23.0253631"/><trkpt lat="62.9351774" lon="23.0255934"/><trkpt lat="62.9357734" lon="23.0256728"/><trkpt lat="62.9363723" lon="23.0257275"/><trkpt lat="62.9369916" lon="23.0257812"/><trkpt lat="62.9375558" lon="23.0257798"/><trkpt lat="62.9382574" lon="23.025726"/><trkpt lat="62.9389922" lon="23.0255999"/><trkpt lat="62.9394659" lon="23.0254823"/><trkpt lat="62.9399726" lon="23.025327"/><trkpt lat="62.9404803" lon="23.0251479"/><trkpt lat="62.940909" lon="23.0249737"/><trkpt lat="62.9420617" lon="23.0244638"/><trkpt lat="62.944075" lon="23.0235217"/><trkpt lat="62.9455039" lon="23.0228478"/><trkpt lat="62.946975" lon="23.0221539"/><trkpt lat="62.9473283" lon="23.0219858"/><trkpt lat="62.9522725" lon="23.0196474"/><trkpt lat="62.9528553" lon="23.0193861"/><trkpt lat="62.9555245" lon="23.0181384"/><trkpt lat="62.9570012" lon="23.0174444"/><trkpt lat="62.957405" lon="23.0172661"/><trkpt lat="62.9581572" lon="23.0169084"/><trkpt lat="62.9584484" lon="23.016776"/><trkpt lat="62.9615865" lon="23.015299"/><trkpt lat="62.9619963" lon="23.015121"/><trkpt lat="62.962513" lon="23.014936"/><trkpt lat="62.9631025" lon="23.0147514"/><trkpt lat="62.9634034" lon="23.0146841"/><trkpt lat="62.9637453" lon="23.0146284"/><trkpt lat="62.9641648" lon="23.0145995"/><trkpt lat="62.9647662" lon="23.0145898"/><trkpt lat="62.9653771" lon="23.0146011"/><trkpt lat="62.966045" lon="23.0146631"/><trkpt lat="62.9666117" lon="23.0147201"/><trkpt lat="62.9671783" lon="23.0147914"/><trkpt lat="62.9672641" lon="23.0148018"/><trkpt lat="62.9678015" lon="23.0148393"/><trkpt lat="62.9679936" lon="23.0148527"/><trkpt lat="62.9684075" lon="23.0148855"/><trkpt lat="62.9686478" lon="23.0148826"/><trkpt lat="62.9690179" lon="23.0148703"/><trkpt lat="62.9693792" lon="23.0148349"/><trkpt lat="62.9696408" lon="23.0147921"/><trkpt lat="62.9699068" lon="23.014735"/><trkpt lat="62.9701822" lon="23.0146651"/><trkpt lat="62.9704619" lon="23.0145808"/><trkpt lat="62.9709859" lon="23.0143826"/><trkpt lat="62.971723" lon="23.0141199"/><trkpt lat="62.9728382" lon="23.0136877"/><trkpt lat="62.9741654" lon="23.0131834"/><trkpt lat="62.9746343" lon="23.0130069"/><trkpt lat="62.9757676" lon="23.0125915"/><trkpt lat="62.9771229" lon="23.0120745"/><trkpt lat="62.9784008" lon="23.0115997"/><trkpt lat="62.979307" lon="23.0112597"/><trkpt lat="62.9801842" lon="23.0109332"/><trkpt lat="62.9802534" lon="23.0109069"/><trkpt lat="62.9833448" lon="23.0097359"/><trkpt lat="62.9873562" lon="23.008244"/><trkpt lat="62.9878353" lon="23.0081217"/><trkpt lat="62.9881914" lon="23.0080579"/><trkpt lat="62.9886555" lon="23.0080219"/><trkpt lat="62.9890962" lon="23.0080108"/><trkpt lat="62.9895096" lon="23.0080155"/><trkpt lat="62.9899577" lon="23.0080663"/><trkpt lat="62.9904018" lon="23.0081246"/><trkpt lat="62.9919621" lon="23.0084329"/><trkpt lat="62.9949359" lon="23.0089935"/><trkpt lat="62.9971357" lon="23.009408"/><trkpt lat="63.0025221" lon="23.0103918"/><trkpt lat="63.0044087" lon="23.01076"/><trkpt lat="63.0053309" lon="23.0109307"/><trkpt lat="63.0060913" lon="23.0110251"/><trkpt lat="63.0067572" lon="23.0110489"/><trkpt lat="63.0073929" lon="23.0109835"/><trkpt lat="63.0081436" lon="23.0108198"/><trkpt lat="63.0088561" lon="23.0105577"/><trkpt lat="63.0094704" lon="23.0103134"/><trkpt lat="63.0101655" lon="23.0099779"/><trkpt lat="63.0124179" lon="23.0089253"/><trkpt lat="63.0130447" lon="23.0086596"/><trkpt lat="63.0136761" lon="23.0084449"/><trkpt lat="63.0141988" lon="23.0083031"/><trkpt lat="63.014691" lon="23.0082071"/><trkpt lat="63.0149534" lon="23.0081741"/><trkpt lat="63.0153149" lon="23.0081417"/><trkpt lat="63.015746" lon="23.0081328"/><trkpt lat="63.0161808" lon="23.008182"/><trkpt lat="63.0166534" lon="23.0082529"/><trkpt lat="63.0171178" lon="23.0083742"/><trkpt lat="63.0176459" lon="23.0085224"/><trkpt lat="63.0185597" lon="23.0087825"/><trkpt lat="63.0196653" lon="23.0091507"/><trkpt lat="63.0206314" lon="23.0094632"/><trkpt lat="63.0215944" lon="23.0098382"/><trkpt lat="63.0227123" lon="23.0103261"/><trkpt lat="63.0238302" lon="23.0108555"/><trkpt lat="63.0258317" lon="23.0118215"/><trkpt lat="63.0266571" lon="23.0121672"/><trkpt lat="63.0273757" lon="23.0124043"/><trkpt lat="63.028148" lon="23.0125617"/><trkpt lat="63.0289735" lon="23.0126767"/><trkpt lat="63.0316793" lon="23.0129224"/><trkpt lat="63.0327173" lon="23.0130113"/><trkpt lat="63.0327493" lon="23.0130134"/><trkpt lat="63.0352195" lon="23.0132314"/><trkpt lat="63.0359676" lon="23.0132968"/><trkpt lat="63.0367177" lon="23.013376"/><trkpt lat="63.0375233" lon="23.0135752"/><trkpt lat="63.038331" lon="23.0138068"/><trkpt lat="63.0390788" lon="23.0140492"/><trkpt lat="63.0398265" lon="23.0143064"/><trkpt lat="63.0408474" lon="23.0146345"/><trkpt lat="63.041623" lon="23.01489"/><trkpt lat="63.0433305" lon="23.0154709"/><trkpt lat="63.0434952" lon="23.0155244"/><trkpt lat="63.047748" lon="23.0170002"/><trkpt lat="63.0483376" lon="23.017236"/><trkpt lat="63.0489209" lon="23.0175057"/><trkpt lat="63.0493345" lon="23.0177452"/><trkpt lat="63.049651" lon="23.017953"/><trkpt lat="63.0500517" lon="23.0182316"/><trkpt lat="63.0504404" lon="23.0185353"/><trkpt lat="63.0508092" lon="23.0188659"/><trkpt lat="63.0511744" lon="23.0192275"/><trkpt lat="63.0515235" lon="23.0195825"/><trkpt lat="63.0537802" lon="23.0219701"/><trkpt lat="63.0539486" lon="23.0221507"/><trkpt lat="63.0540441" lon="23.0222532"/><trkpt lat="63.0555928" lon="23.0239098"/><trkpt lat="63.0585574" lon="23.0270841"/><trkpt lat="63.0662465" lon="23.0352381"/><trkpt lat="63.0666362" lon="23.0356116"/><trkpt lat="63.0670007" lon="23.0359093"/><trkpt lat="63.0674435" lon="23.0362672"/><trkpt lat="63.0679177" lon="23.0365691"/><trkpt lat="63.0685505" lon="23.0369361"/><trkpt lat="63.0691715" lon="23.03721"/><trkpt lat="63.0696722" lon="23.0373808"/><trkpt lat="63.0701261" lon="23.0374912"/><trkpt lat="63.070726" lon="23.037591"/><trkpt lat="63.0713236" lon="23.0376276"/><trkpt lat="63.0719069" lon="23.0376166"/><trkpt lat="63.0755296" lon="23.0373646"/><trkpt lat="63.0779637" lon="23.0371688"/><trkpt lat="63.0788498" lon="23.0371034"/><trkpt lat="63.0794962" lon="23.0370909"/><trkpt lat="63.0801735" lon="23.0371077"/><trkpt lat="63.0807996" lon="23.0371806"/><trkpt lat="63.0815125" lon="23.0373052"/><trkpt lat="63.0822828" lon="23.0374919"/><trkpt lat="63.0844977" lon="23.0381353"/><trkpt lat="63.0898399" lon="23.0396668"/><trkpt lat="63.0905029" lon="23.0398346"/><trkpt lat="63.0911462" lon="23.0399318"/><trkpt lat="63.0917222" lon="23.0399798"/><trkpt lat="63.0920599" lon="23.0399713"/><trkpt lat="63.0924723" lon="23.0399269"/><trkpt lat="63.0928826" lon="23.0398515"/><trkpt lat="63.0934042" lon="23.0397419"/><trkpt lat="63.0940789" lon="23.0395238"/><trkpt lat="63.0947248" lon="23.0392638"/><trkpt lat="63.0950581" lon="23.039093"/><trkpt lat="63.0952409" lon="23.038993"/><trkpt lat="63.0955788" lon="23.0387798"/><trkpt lat="63.0959681" lon="23.0385252"/><trkpt lat="63.0965005" lon="23.038116"/><trkpt lat="63.0970269" lon="23.0376714"/><trkpt lat="63.0973369" lon="23.0374007"/><trkpt lat="63.0976371" lon="23.0371202"/><trkpt lat="63.097711" lon="23.0370513"/><trkpt lat="63.098642" lon="23.0361938"/><trkpt lat="63.0994752" lon="23.0354276"/><trkpt lat="63.1017268" lon="23.0333452"/><trkpt lat="63.1025985" lon="23.0325337"/><trkpt lat="63.1058891" lon="23.0294905"/><trkpt lat="63.1068262" lon="23.0285978"/><trkpt lat="63.1100001" lon="23.0256517"/><trkpt lat="63.1109585" lon="23.0247646"/><trkpt lat="63.1115467" lon="23.0241904"/><trkpt lat="63.1120852" lon="23.0235962"/><trkpt lat="63.1135205" lon="23.0218645"/><trkpt lat="63.1157228" lon="23.0191287"/><trkpt lat="63.1158869" lon="23.0189244"/><trkpt lat="63.116849" lon="23.0177609"/><trkpt lat="63.1179012" lon="23.0164018"/><trkpt lat="63.1217305" lon="23.0116058"/><trkpt lat="63.1228963" lon="23.0102037"/><trkpt lat="63.1236618" lon="23.009402"/><trkpt lat="63.1242691" lon="23.0088412"/><trkpt lat="63.1250921" lon="23.0082325"/><trkpt lat="63.125409" lon="23.008042"/><trkpt lat="63.1259658" lon="23.0076963"/><trkpt lat="63.126188" lon="23.0075811"/><trkpt lat="63.1284859" lon="23.0062609"/><trkpt lat="63.1285685" lon="23.0062135"/><trkpt lat="63.1323743" lon="23.0040259"/><trkpt lat="63.1325928" lon="23.0039012"/><trkpt lat="63.1346709" lon="23.002707"/><trkpt lat="63.1409079" lon="22.9990724"/><trkpt lat="63.1421552" lon="22.9982009"/><trkpt lat="63.143284" lon="22.9972735"/><trkpt lat="63.1443105" lon="22.9963703"/><trkpt lat="63.1475715" lon="22.9930014"/><trkpt lat="63.1484973" lon="22.9920533"/><trkpt lat="63.1485881" lon="22.9919603"/><trkpt lat="63.1494046" lon="22.9911242"/><trkpt lat="63.151422" lon="22.9890386"/><trkpt lat="63.1521728" lon="22.9881956"/><trkpt lat="63.1528921" lon="22.9873461"/><trkpt lat="63.1535147" lon="22.9865185"/><trkpt lat="63.1541588" lon="22.9856162"/><trkpt lat="63.1553811" lon="22.9837238"/><trkpt lat="63.1560342" lon="22.9825322"/><trkpt lat="63.1562847" lon="22.9820752"/><trkpt lat="63.1576853" lon="22.979189"/><trkpt lat="63.158572" lon="22.9770625"/><trkpt lat="63.160579" lon="22.9721201"/><trkpt lat="63.1614118" lon="22.9700955"/><trkpt lat="63.1622695" lon="22.9682318"/><trkpt lat="63.1628242" lon="22.9671219"/><trkpt lat="63.1634218" lon="22.9660757"/><trkpt lat="63.1639969" lon="22.9650928"/><trkpt lat="63.1640672" lon="22.9649747"/><trkpt lat="63.1646194" lon="22.9640767"/><trkpt lat="63.1649857" lon="22.9635174"/><trkpt lat="63.1670398" lon="22.9607971"/><trkpt lat="63.168289" lon="22.9592504"/><trkpt lat="63.1724893" lon="22.9538054"/><trkpt lat="63.1746834" lon="22.9508758"/><trkpt lat="63.175954" lon="22.9491819"/><trkpt lat="63.1793057" lon="22.9447807"/><trkpt lat="63.179373" lon="22.9446909"/><trkpt lat="63.1801293" lon="22.9436834"/><trkpt lat="63.1877929" lon="22.9334551"/><trkpt lat="63.1896416" lon="22.9309622"/><trkpt lat="63.191587" lon="22.9283695"/><trkpt lat="63.1923552" lon="22.9273425"/><trkpt lat="63.1927509" lon="22.9268392"/><trkpt lat="63.1931404" lon="22.9263608"/><trkpt lat="63.1935299" lon="22.9259198"/><trkpt lat="63.1939537" lon="22.9254636"/><trkpt lat="63.1943707" lon="22.9250406"/><trkpt lat="63.1947934" lon="22.9246366"/><trkpt lat="63.1952245" lon="22.9242564"/><trkpt lat="63.1957101" lon="22.9238535"/><trkpt lat="63.198206" lon="22.9218272"/><trkpt lat="63.1991351" lon="22.9209994"/><trkpt lat="63.1994632" lon="22.9206853"/><trkpt lat="63.199788" lon="22.9203621"/><trkpt lat="63.2001105" lon="22.9200119"/><trkpt lat="63.2004037" lon="22.9196904"/><trkpt lat="63.2006861" lon="22.9193769"/><trkpt lat="63.2009274" lon="22.9190996"/><trkpt lat="63.2011599" lon="22.9188211"/><trkpt lat="63.2037883" lon="22.915481"/><trkpt lat="63.2081068" lon="22.9099811"/><trkpt lat="63.2115927" lon="22.9054746"/><trkpt lat="63.2156792" lon="22.9002784"/><trkpt lat="63.2166796" lon="22.8989601"/><trkpt lat="63.2167734" lon="22.898841"/><trkpt lat="63.2172374" lon="22.8982482"/><trkpt lat="63.2180706" lon="22.8971907"/><trkpt lat="63.2182016" lon="22.8970235"/><trkpt lat="63.2193108" lon="22.8956076"/><trkpt lat="63.2263722" lon="22.8865909"/><trkpt lat="63.2264695" lon="22.8864583"/><trkpt lat="63.227081" lon="22.8856618"/><trkpt lat="63.2287527" lon="22.8835157"/><trkpt lat="63.2297248" lon="22.8822563"/><trkpt lat="63.2332728" lon="22.8778142"/><trkpt lat="63.2338838" lon="22.8770972"/><trkpt lat="63.2344107" lon="22.876558"/><trkpt lat="63.234643" lon="22.8763407"/><trkpt lat="63.2349382" lon="22.8760739"/><trkpt lat="63.2352387" lon="22.8758313"/><trkpt lat="63.2355488" lon="22.8755815"/><trkpt lat="63.2357806" lon="22.8754058"/><trkpt lat="63.2360149" lon="22.8752421"/><trkpt lat="63.2362055" lon="22.8751327"/><trkpt lat="63.2366198" lon="22.8749044"/><trkpt lat="63.2374261" lon="22.8744946"/><trkpt lat="63.2379515" lon="22.8742724"/><trkpt lat="63.238295" lon="22.8741485"/><trkpt lat="63.2384554" lon="22.8740869"/><trkpt lat="63.2409639" lon="22.8731321"/><trkpt lat="63.2410929" lon="22.8730838"/><trkpt lat="63.2437687" lon="22.8720838"/><trkpt lat="63.2493898" lon="22.8699366"/><trkpt lat="63.2504981" lon="22.8694063"/><trkpt lat="63.2516096" lon="22.8686301"/><trkpt lat="63.2520728" lon="22.8682432"/><trkpt lat="63.2525157" lon="22.8678521"/><trkpt lat="63.2532069" lon="22.8671218"/><trkpt lat="63.2606192" lon="22.8592967"/><trkpt lat="63.2637323" lon="22.8559922"/><trkpt lat="63.2638111" lon="22.8559081"/><trkpt lat="63.2642515" lon="22.8554384"/><trkpt lat="63.264503" lon="22.8551703"/><trkpt lat="63.2671849" lon="22.85231"/><trkpt lat="63.2686365" lon="22.850543"/><trkpt lat="63.269627" lon="22.8492017"/><trkpt lat="63.270159" lon="22.8483465"/><trkpt lat="63.270809" lon="22.8472907"/><trkpt lat="63.2716362" lon="22.8458036"/><trkpt lat="63.2724739" lon="22.8441988"/><trkpt lat="63.2748099" lon="22.8390592"/><trkpt lat="63.2751298" lon="22.8384004"/><trkpt lat="63.275451" lon="22.8377499"/><trkpt lat="63.2758128" lon="22.8370758"/><trkpt lat="63.2761766" lon="22.8364149"/><trkpt lat="63.2769157" lon="22.8351102"/><trkpt lat="63.2772605" lon="22.8345577"/><trkpt lat="63.277609" lon="22.8340052"/><trkpt lat="63.2779707" lon="22.8334771"/><trkpt lat="63.2783386" lon="22.8329517"/><trkpt lat="63.2783616" lon="22.832922"/><trkpt lat="63.2792367" lon="22.8317402"/><trkpt lat="63.2795289" lon="22.8313527"/><trkpt lat="63.2797511" lon="22.8310766"/><trkpt lat="63.2799734" lon="22.8308102"/><trkpt lat="63.2802466" lon="22.8304998"/><trkpt lat="63.2816451" lon="22.8290333"/><trkpt lat="63.282959" lon="22.8276948"/><trkpt lat="63.2829627" lon="22.827691"/><trkpt lat="63.2845832" lon="22.8260086"/><trkpt lat="63.2874951" lon="22.8230091"/><trkpt lat="63.2878094" lon="22.8226894"/><trkpt lat="63.2894051" lon="22.8210262"/><trkpt lat="63.2907055" lon="22.8196738"/><trkpt lat="63.2910937" lon="22.8192664"/><trkpt lat="63.2920316" lon="22.8183209"/><trkpt lat="63.2929259" lon="22.817463"/><trkpt lat="63.2938529" lon="22.8167328"/><trkpt lat="63.2947816" lon="22.8161279"/><trkpt lat="63.2958736" lon="22.8156832"/><trkpt lat="63.2960535" lon="22.815627"/><trkpt lat="63.296652" lon="22.8155186"/><trkpt lat="63.2971452" lon="22.8154479"/><trkpt lat="63.2978197" lon="22.815393"/><trkpt lat="63.2986546" lon="22.8153945"/><trkpt lat="63.2997583" lon="22.8154362"/><trkpt lat="63.303916" lon="22.8156113"/><trkpt lat="63.304257" lon="22.8156192"/><trkpt lat="63.3045981" lon="22.8156271"/><trkpt lat="63.3078414" lon="22.8157024"/><trkpt lat="63.3087582" lon="22.8156616"/><trkpt lat="63.3094191" lon="22.8155562"/><trkpt lat="63.3100804" lon="22.8153614"/><trkpt lat="63.3103784" lon="22.8152533"/><trkpt lat="63.3105643" lon="22.8151843"/><trkpt lat="63.3109265" lon="22.8150194"/><trkpt lat="63.311389" lon="22.8147827"/><trkpt lat="63.311986" lon="22.8143957"/><trkpt lat="63.3124387" lon="22.8140616"/><trkpt lat="63.3129393" lon="22.8136561"/><trkpt lat="63.3143919" lon="22.8121837"/><trkpt lat="63.3154586" lon="22.8107435"/><trkpt lat="63.3169955" lon="22.8086825"/><trkpt lat="63.317053" lon="22.8086046"/><trkpt lat="63.3170904" lon="22.8085539"/><trkpt lat="63.3175701" lon="22.8079037"/><trkpt lat="63.3178286" lon="22.8075534"/><trkpt lat="63.3246546" lon="22.7982998"/><trkpt lat="63.3270352" lon="22.7951103"/><trkpt lat="63.3283144" lon="22.7933632"/><trkpt lat="63.3323367" lon="22.787869"/><trkpt lat="63.3336584" lon="22.7860689"/><trkpt lat="63.3375166" lon="22.7808499"/><trkpt lat="63.3375948" lon="22.7807441"/><trkpt lat="63.3398145" lon="22.7777046"/><trkpt lat="63.3399979" lon="22.7774524"/><trkpt lat="63.340697" lon="22.7765263"/><trkpt lat="63.3467904" lon="22.7682708"/><trkpt lat="63.3476707" lon="22.7670464"/><trkpt lat="63.3476861" lon="22.7670245"/><trkpt lat="63.3491507" lon="22.765022"/><trkpt lat="63.3499095" lon="22.7639049"/><trkpt lat="63.3503032" lon="22.7632598"/><trkpt lat="63.351476" lon="22.7612192"/><trkpt lat="63.3517279" lon="22.7607438"/><trkpt lat="63.3533091" lon="22.7577958"/><trkpt lat="63.3548066" lon="22.7550006"/><trkpt lat="63.3573611" lon="22.7502745"/><trkpt lat="63.3587236" lon="22.7477536"/><trkpt lat="63.3590477" lon="22.7471539"/><trkpt lat="63.3592073" lon="22.7468586"/><trkpt lat="63.3601341" lon="22.7451409"/><trkpt lat="63.3616655" lon="22.7423026"/><trkpt lat="63.3656548" lon="22.7348794"/><trkpt lat="63.366232" lon="22.733807"/><trkpt lat="63.3663025" lon="22.7336761"/><trkpt lat="63.3684704" lon="22.7296479"/><trkpt lat="63.3685702" lon="22.729453"/><trkpt lat="63.3735792" lon="22.7201431"/><trkpt lat="63.3754476" lon="22.7166699"/><trkpt lat="63.379641" lon="22.7089178"/><trkpt lat="63.3823586" lon="22.7037962"/><trkpt lat="63.3837579" lon="22.7012041"/><trkpt lat="63.3838164" lon="22.7010957"/><trkpt lat="63.3851497" lon="22.6986258"/><trkpt lat="63.3880343" lon="22.6932819"/><trkpt lat="63.388244" lon="22.6928935"/><trkpt lat="63.3892499" lon="22.6910181"/><trkpt lat="63.391977" lon="22.6859318"/><trkpt lat="63.3938258" lon="22.6824833"/><trkpt lat="63.3961458" lon="22.6781372"/><trkpt lat="63.400077" lon="22.6708434"/><trkpt lat="63.4002995" lon="22.6704297"/><trkpt lat="63.4004028" lon="22.6702376"/><trkpt lat="63.4004352" lon="22.6701775"/><trkpt lat="63.4030386" lon="22.6652617"/><trkpt lat="63.4030966" lon="22.6651529"/><trkpt lat="63.4039092" lon="22.6636378"/><trkpt lat="63.4098779" lon="22.6524951"/><trkpt lat="63.4098907" lon="22.65247"/><trkpt lat="63.4104553" lon="22.651418"/><trkpt lat="63.4106661" lon="22.6510342"/><trkpt lat="63.4107295" lon="22.6509186"/><trkpt lat="63.4115242" lon="22.6494877"/><trkpt lat="63.4119326" lon="22.6487897"/><trkpt lat="63.4123718" lon="22.648083"/><trkpt lat="63.412885" lon="22.6473771"/><trkpt lat="63.4129498" lon="22.647291"/><trkpt lat="63.4133185" lon="22.6468242"/><trkpt lat="63.414286" lon="22.6457432"/><trkpt lat="63.414802" lon="22.645276"/><trkpt lat="63.4153657" lon="22.6448098"/><trkpt lat="63.4159957" lon="22.6443986"/><trkpt lat="63.416684" lon="22.6440025"/><trkpt lat="63.4177739" lon="22.643588"/><trkpt lat="63.4178979" lon="22.6435526"/><trkpt lat="63.4183158" lon="22.6434631"/><trkpt lat="63.4188926" lon="22.6434129"/><trkpt lat="63.4194788" lon="22.6433906"/><trkpt lat="63.4200879" lon="22.6434239"/><trkpt lat="63.420718" lon="22.6435379"/><trkpt lat="63.4220672" lon="22.6439351"/><trkpt lat="63.423422" lon="22.6443667"/><trkpt lat="63.426727" lon="22.6454065"/><trkpt lat="63.4307433" lon="22.646688"/><trkpt lat="63.4335898" lon="22.647591"/><trkpt lat="63.4348415" lon="22.6482064"/><trkpt lat="63.438098" lon="22.6499997"/><trkpt lat="63.4381884" lon="22.6500495"/><trkpt lat="63.4434863" lon="22.6529675"/><trkpt lat="63.4467356" lon="22.6547694"/><trkpt lat="63.4522379" lon="22.6578111"/><trkpt lat="63.4576666" lon="22.6608459"/><trkpt lat="63.4576757" lon="22.6608509"/><trkpt lat="63.4576879" lon="22.6608575"/><trkpt lat="63.4609446" lon="22.6626239"/><trkpt lat="63.4610062" lon="22.6626571"/><trkpt lat="63.4624495" lon="22.663485"/><trkpt lat="63.4644142" lon="22.6645593"/><trkpt lat="63.4661175" lon="22.6653972"/><trkpt lat="63.4667409" lon="22.6656685"/><trkpt lat="63.4673885" lon="22.665897"/><trkpt lat="63.4681221" lon="22.6661332"/><trkpt lat="63.4688211" lon="22.6663317"/><trkpt lat="63.4693391" lon="22.6664748"/><trkpt lat="63.4696969" lon="22.6665789"/><trkpt lat="63.470809" lon="22.6669022"/><trkpt lat="63.4754486" lon="22.6682094"/><trkpt lat="63.4754799" lon="22.6682183"/><trkpt lat="63.4755138" lon="22.668228"/><trkpt lat="63.4786039" lon="22.6691117"/><trkpt lat="63.4807915" lon="22.669761"/><trkpt lat="63.4865463" lon="22.6713525"/><trkpt lat="63.4875596" lon="22.6716328"/><trkpt lat="63.4882357" lon="22.6718772"/><trkpt lat="63.4952192" lon="22.6750973"/><trkpt lat="63.4952735" lon="22.6751224"/><trkpt lat="63.4963391" lon="22.6756138"/><trkpt lat="63.5007017" lon="22.6776238"/><trkpt lat="63.5043176" lon="22.6793046"/><trkpt lat="63.5051283" lon="22.6796815"/><trkpt lat="63.5074267" lon="22.6807489"/><trkpt lat="63.512507" lon="22.6831111"/><trkpt lat="63.5133132" lon="22.683486"/><trkpt lat="63.5138894" lon="22.6838089"/><trkpt lat="63.5141464" lon="22.6839766"/><trkpt lat="63.5147959" lon="22.6844467"/><trkpt lat="63.5151965" lon="22.6847946"/><trkpt lat="63.5157232" lon="22.6852101"/><trkpt lat="63.5162436" lon="22.6856849"/><trkpt lat="63.5170849" lon="22.6865949"/><trkpt lat="63.5174225" lon="22.6869925"/><trkpt lat="63.5180152" lon="22.687681"/><trkpt lat="63.5187534" lon="22.6886723"/><trkpt lat="63.5200576" lon="22.6906991"/><trkpt lat="63.5208735" lon="22.6919877"/><trkpt lat="63.5217512" lon="22.6933741"/><trkpt lat="63.5230497" lon="22.6954352"/><trkpt lat="63.5231735" lon="22.6956237"/><trkpt lat="63.5266574" lon="22.7011351"/><trkpt lat="63.5275163" lon="22.7024946"/><trkpt lat="63.5290649" lon="22.7049272"/><trkpt lat="63.5296722" lon="22.7058874"/><trkpt lat="63.5297074" lon="22.7059432"/><trkpt lat="63.5300516" lon="22.7064989"/><trkpt lat="63.5302183" lon="22.7067564"/><trkpt lat="63.5304245" lon="22.7070897"/><trkpt lat="63.5309124" lon="22.7078012"/><trkpt lat="63.5311245" lon="22.7081063"/><trkpt lat="63.5312943" lon="22.7083516"/><trkpt lat="63.5319138" lon="22.7091892"/><trkpt lat="63.5325166" lon="22.7099598"/><trkpt lat="63.533114" lon="22.7106751"/><trkpt lat="63.5335447" lon="22.7111514"/><trkpt lat="63.5368711" lon="22.7144698"/><trkpt lat="63.5386421" lon="22.7161864"/><trkpt lat="63.5392672" lon="22.7167907"/><trkpt lat="63.5395478" lon="22.7170783"/><trkpt lat="63.5400468" lon="22.7176088"/><trkpt lat="63.5405746" lon="22.718184"/><trkpt lat="63.5411021" lon="22.7187922"/><trkpt lat="63.5416277" lon="22.7194404"/><trkpt lat="63.5420899" lon="22.7200427"/><trkpt lat="63.5423807" lon="22.7204283"/><trkpt lat="63.5427145" lon="22.7208917"/><trkpt lat="63.5430514" lon="22.7213689"/><trkpt lat="63.5435105" lon="22.7220529"/><trkpt lat="63.5439531" lon="22.7227395"/><trkpt lat="63.5447394" lon="22.7239921"/><trkpt lat="63.5459669" lon="22.7259883"/><trkpt lat="63.5461573" lon="22.7262871"/><trkpt lat="63.5480802" lon="22.7293203"/><trkpt lat="63.5502479" lon="22.7328253"/><trkpt lat="63.5503096" lon="22.7329219"/><trkpt lat="63.5520552" lon="22.735711"/><trkpt lat="63.5581119" lon="22.7453907"/><trkpt lat="63.5590594" lon="22.7469052"/><trkpt lat="63.559325" lon="22.7473243"/><trkpt lat="63.5595051" lon="22.7476062"/><trkpt lat="63.5600169" lon="22.7483731"/><trkpt lat="63.5605455" lon="22.7490989"/><trkpt lat="63.561025" lon="22.7497165"/><trkpt lat="63.5615598" lon="22.7503437"/><trkpt lat="63.5621045" lon="22.7509336"/><trkpt lat="63.5628559" lon="22.7516867"/><trkpt lat="63.563609" lon="22.7524419"/><trkpt lat="63.5667298" lon="22.7555705"/><trkpt lat="63.5668297" lon="22.7556724"/><trkpt lat="63.5674053" lon="22.7562542"/><trkpt lat="63.5711968" lon="22.7600608"/><trkpt lat="63.5755563" lon="22.7644452"/><trkpt lat="63.5779927" lon="22.7668916"/><trkpt lat="63.5788289" lon="22.7676999"/><trkpt lat="63.5790856" lon="22.7679348"/><trkpt lat="63.5802197" lon="22.7689762"/><trkpt lat="63.58145" lon="22.7700996"/><trkpt lat="63.5837375" lon="22.7721933"/><trkpt lat="63.5837726" lon="22.7722253"/><trkpt lat="63.5839221" lon="22.7723647"/><trkpt lat="63.5867638" lon="22.7749914"/><trkpt lat="63.5875151" lon="22.7756767"/><trkpt lat="63.5879047" lon="22.7760331"/><trkpt lat="63.5881896" lon="22.7762956"/><trkpt lat="63.5884319" lon="22.7765219"/><trkpt lat="63.5887025" lon="22.7767967"/><trkpt lat="63.5889292" lon="22.777037"/><trkpt lat="63.5891544" lon="22.777293"/><trkpt lat="63.5893783" lon="22.7775584"/><trkpt lat="63.5895855" lon="22.7778171"/><trkpt lat="63.5897927" lon="22.7780946"/><trkpt lat="63.5899979" lon="22.7783813"/><trkpt lat="63.5902017" lon="22.7786775"/><trkpt lat="63.5904126" lon="22.779002"/><trkpt lat="63.5906222" lon="22.7793359"/><trkpt lat="63.5908071" lon="22.7796481"/><trkpt lat="63.5909908" lon="22.7799683"/><trkpt lat="63.5911998" lon="22.780361"/><trkpt lat="63.5914055" lon="22.7807648"/><trkpt lat="63.5915657" lon="22.7810938"/><trkpt lat="63.5917231" lon="22.7814306"/><trkpt lat="63.5918025" lon="22.7816035"/><trkpt lat="63.5919862" lon="22.7820143"/><trkpt lat="63.5921671" lon="22.7824408"/><trkpt lat="63.5924043" lon="22.7830109"/><trkpt lat="63.5925221" lon="22.7833053"/><trkpt lat="63.5927746" lon="22.783933"/><trkpt lat="63.5930576" lon="22.7846303"/><trkpt lat="63.5932645" lon="22.785134"/><trkpt lat="63.5933837" lon="22.7854299"/><trkpt lat="63.5935484" lon="22.7858336"/><trkpt lat="63.5937356" lon="22.7862913"/><trkpt lat="63.5939113" lon="22.7867294"/><trkpt lat="63.594598" lon="22.7884118"/><trkpt lat="63.5955683" lon="22.7908017"/><trkpt lat="63.5960869" lon="22.7920729"/><trkpt lat="63.5964247" lon="22.7929068"/><trkpt lat="63.5979055" lon="22.7965509"/><trkpt lat="63.5979111" lon="22.7965649"/><trkpt lat="63.5986233" lon="22.7983085"/><trkpt lat="63.5991409" lon="22.7995805"/><trkpt lat="63.5993955" lon="22.8002065"/><trkpt lat="63.6008745" lon="22.8038613"/><trkpt lat="63.6013064" lon="22.8049334"/><trkpt lat="63.6020088" lon="22.806651"/><trkpt lat="63.6026421" lon="22.8081951"/><trkpt lat="63.6028603" lon="22.8087626"/><trkpt lat="63.6035917" lon="22.8106105"/><trkpt lat="63.6039137" lon="22.8114626"/><trkpt lat="63.6040959" lon="22.8119442"/><trkpt lat="63.6044882" lon="22.8131308"/><trkpt lat="63.6045149" lon="22.8132145"/><trkpt lat="63.6045419" lon="22.8132988"/><trkpt lat="63.6049268" lon="22.8145913"/><trkpt lat="63.6052813" lon="22.8158924"/><trkpt lat="63.6053347" lon="22.8161123"/><trkpt lat="63.6056225" lon="22.8172836"/><trkpt lat="63.6070678" lon="22.8233837"/><trkpt lat="63.6083729" lon="22.828996"/><trkpt lat="63.6099065" lon="22.8353501"/><trkpt lat="63.6121536" lon="22.8449561"/><trkpt lat="63.6122016" lon="22.8451604"/><trkpt lat="63.6125966" lon="22.8468587"/><trkpt lat="63.6137276" lon="22.851624"/><trkpt lat="63.6142427" lon="22.8539271"/><trkpt lat="63.6143713" lon="22.854578"/><trkpt lat="63.6146313" lon="22.8560001"/><trkpt lat="63.6149136" lon="22.8577605"/><trkpt lat="63.6151137" lon="22.8591457"/><trkpt lat="63.6152873" lon="22.8604831"/><trkpt lat="63.6154861" lon="22.8621721"/><trkpt lat="63.6156602" lon="22.8638171"/><trkpt lat="63.6159351" lon="22.8667572"/><trkpt lat="63.616247" lon="22.8696776"/><trkpt lat="63.6162957" lon="22.8700739"/><trkpt lat="63.6164017" lon="22.8708973"/><trkpt lat="63.6166614" lon="22.8727026"/><trkpt lat="63.6167746" lon="22.8734163"/><trkpt lat="63.616954" lon="22.8744127"/><trkpt lat="63.617137" lon="22.8753263"/><trkpt lat="63.6173466" lon="22.8763475"/><trkpt lat="63.6175599" lon="22.8773328"/><trkpt lat="63.618074" lon="22.8794235"/><trkpt lat="63.6185215" lon="22.8810338"/><trkpt lat="63.6189248" lon="22.8823096"/><trkpt lat="63.6191649" lon="22.8830356"/><trkpt lat="63.6193856" lon="22.883656"/><trkpt lat="63.6197996" lon="22.8847777"/><trkpt lat="63.6202569" lon="22.8859207"/><trkpt lat="63.6207066" lon="22.8869562"/><trkpt lat="63.621282" lon="22.8881586"/><trkpt lat="63.6218251" lon="22.8892342"/><trkpt lat="63.6225331" lon="22.8905077"/><trkpt lat="63.6231634" lon="22.8915287"/><trkpt lat="63.6232578" lon="22.8916748"/><trkpt lat="63.6242738" lon="22.8932149"/><trkpt lat="63.6245685" lon="22.893669"/><trkpt lat="63.624933" lon="22.8942403"/><trkpt lat="63.6251571" lon="22.8946046"/><trkpt lat="63.6254588" lon="22.8950718"/><trkpt lat="63.6264059" lon="22.8965022"/><trkpt lat="63.6268324" lon="22.8971463"/><trkpt lat="63.6302589" lon="22.9024056"/><trkpt lat="63.6306817" lon="22.9030512"/><trkpt lat="63.6322931" lon="22.9056237"/><trkpt lat="63.6326861" lon="22.9062545"/><trkpt lat="63.6331475" lon="22.9069775"/><trkpt lat="63.6341752" lon="22.9086635"/><trkpt lat="63.6364656" lon="22.912364"/><trkpt lat="63.6364943" lon="22.9124103"/><trkpt lat="63.6398122" lon="22.9177716"/><trkpt lat="63.6414927" lon="22.9204851"/><trkpt lat="63.6472917" lon="22.929867"/><trkpt lat="63.6487737" lon="22.9322649"/><trkpt lat="63.6516475" lon="22.9368515"/><trkpt lat="63.6528086" lon="22.9387524"/><trkpt lat="63.653983" lon="22.9405"/><trkpt lat="63.6545688" lon="22.9413065"/><trkpt lat="63.6546712" lon="22.9414475"/><trkpt lat="63.6550202" lon="22.9419281"/><trkpt lat="63.6562083" lon="22.9435753"/><trkpt lat="63.6580626" lon="22.9461631"/><trkpt lat="63.6586864" lon="22.9470205"/><trkpt lat="63.659574" lon="22.9481723"/><trkpt lat="63.6600667" lon="22.9488321"/><trkpt lat="63.6608552" lon="22.9497288"/><trkpt lat="63.6640347" lon="22.9533337"/><trkpt lat="63.664914" lon="22.9544134"/><trkpt lat="63.6652758" lon="22.9548658"/><trkpt lat="63.6656233" lon="22.9553342"/><trkpt lat="63.6662845" lon="22.956315"/><trkpt lat="63.6714994" lon="22.9645232"/><trkpt lat="63.674361" lon="22.9690515"/><trkpt lat="63.674447" lon="22.9691876"/><trkpt lat="63.6788359" lon="22.9761337"/><trkpt lat="63.6851684" lon="22.9861705"/><trkpt lat="63.6861866" lon="22.9877366"/><trkpt lat="63.6863003" lon="22.9878932"/><trkpt lat="63.6866073" lon="22.9883141"/><trkpt lat="63.6929952" lon="22.9963858"/><trkpt lat="63.6935209" lon="22.997106"/><trkpt lat="63.693967" lon="22.9977677"/><trkpt lat="63.6942756" lon="22.9982464"/><trkpt lat="63.6946381" lon="22.998879"/><trkpt lat="63.6947244" lon="22.9990261"/><trkpt lat="63.6950921" lon="22.9996844"/><trkpt lat="63.6957081" lon="23.0008683"/><trkpt lat="63.6965806" lon="23.0025693"/><trkpt lat="63.6973646" lon="23.0040786"/><trkpt lat="63.6993341" lon="23.0079004"/><trkpt lat="63.700621" lon="23.0103596"/><trkpt lat="63.7008945" lon="23.0108444"/><trkpt lat="63.7012099" lon="23.0113835"/><trkpt lat="63.7016724" lon="23.0121311"/><trkpt lat="63.7020682" lon="23.0126834"/><trkpt lat="63.7026978" lon="23.0135119"/><trkpt lat="63.7033994" lon="23.0142691"/><trkpt lat="63.7041111" lon="23.0150148"/><trkpt lat="63.7066922" lon="23.0177165"/><trkpt lat="63.7088632" lon="23.0199266"/><trkpt lat="63.7138036" lon="23.0250387"/><trkpt lat="63.7164371" lon="23.0277537"/><trkpt lat="63.7166033" lon="23.0279251"/><trkpt lat="63.7169953" lon="23.0283292"/><trkpt lat="63.7176169" lon="23.0290296"/><trkpt lat="63.7186028" lon="23.0302173"/><trkpt lat="63.7188358" lon="23.0305085"/><trkpt lat="63.7191574" lon="23.0309655"/><trkpt lat="63.7195427" lon="23.0314447"/><trkpt lat="63.7199466" lon="23.0319557"/><trkpt lat="63.7211476" lon="23.0334869"/><trkpt lat="63.7230487" lon="23.0359123"/><trkpt lat="63.7248265" lon="23.038203"/><trkpt lat="63.7255312" lon="23.0392032"/><trkpt lat="63.725812" lon="23.0396329"/><trkpt lat="63.725955" lon="23.0398664"/><trkpt lat="63.7268492" lon="23.0413269"/><trkpt lat="63.7269755" lon="23.0415394"/><trkpt lat="63.7272826" lon="23.0420443"/><trkpt lat="63.7274729" lon="23.0423493"/><trkpt lat="63.7277456" lon="23.0427895"/><trkpt lat="63.7290131" lon="23.0448802"/><trkpt lat="63.7296499" lon="23.0458672"/><trkpt lat="63.7300424" lon="23.0464442"/><trkpt lat="63.7301551" lon="23.0466052"/><trkpt lat="63.7302968" lon="23.0468014"/><trkpt lat="63.7307632" lon="23.0473951"/><trkpt lat="63.731253" lon="23.0479817"/><trkpt lat="63.7318566" lon="23.048594"/><trkpt lat="63.7323784" lon="23.0490691"/><trkpt lat="63.7328105" lon="23.0494137"/><trkpt lat="63.7337792" lon="23.0500745"/><trkpt lat="63.7378193" lon="23.0526437"/><trkpt lat="63.7382347" lon="23.0529318"/><trkpt lat="63.7389159" lon="23.0533684"/><trkpt lat="63.7407001" lon="23.0545119"/><trkpt lat="63.7410418" lon="23.0547309"/><trkpt lat="63.7496362" lon="23.0602415"/><trkpt lat="63.7568872" lon="23.0649097"/><trkpt lat="63.7569754" lon="23.0649665"/><trkpt lat="63.7583308" lon="23.0658392"/><trkpt lat="63.7636405" lon="23.0692637"/><trkpt lat="63.7649241" lon="23.0700476"/><trkpt lat="63.7659187" lon="23.0705546"/><trkpt lat="63.7669284" lon="23.0710194"/><trkpt lat="63.7700437" lon="23.0724036"/><trkpt lat="63.7738085" lon="23.0740481"/><trkpt lat="63.775709" lon="23.0748783"/><trkpt lat="63.7786827" lon="23.0761592"/><trkpt lat="63.779831" lon="23.0766556"/><trkpt lat="63.7807279" lon="23.077133"/><trkpt lat="63.7815437" lon="23.0776735"/><trkpt lat="63.7820893" lon="23.0780853"/><trkpt lat="63.7844067" lon="23.0803049"/><trkpt lat="63.784733" lon="23.0806222"/><trkpt lat="63.7848586" lon="23.0807444"/><trkpt lat="63.7888672" lon="23.0846434"/><trkpt lat="63.7927104" lon="23.0883579"/><trkpt lat="63.7961593" lon="23.0917037"/><trkpt lat="63.7985741" lon="23.0940559"/><trkpt lat="63.8008845" lon="23.0963089"/><trkpt lat="63.8012677" lon="23.0966946"/><trkpt lat="63.8036787" lon="23.0989096"/><trkpt lat="63.8046648" lon="23.0996514"/><trkpt lat="63.8058118" lon="23.1002971"/><trkpt lat="63.808536" lon="23.1016934"/><trkpt lat="63.8090214" lon="23.1019117"/><trkpt lat="63.8094632" lon="23.1021259"/><trkpt lat="63.8101366" lon="23.1024601"/><trkpt lat="63.8102365" lon="23.1025097"/><trkpt lat="63.8109896" lon="23.1028834"/><trkpt lat="63.8120209" lon="23.1034173"/><trkpt lat="63.8128216" lon="23.1038252"/><trkpt lat="63.8130223" lon="23.1039177"/><trkpt lat="63.8134729" lon="23.1041253"/><trkpt lat="63.8159627" lon="23.1054138"/><trkpt lat="63.8164639" lon="23.1056705"/><trkpt lat="63.8181796" lon="23.1065495"/><trkpt lat="63.8196053" lon="23.1072383"/><trkpt lat="63.8204822" lon="23.1076764"/><trkpt lat="63.8210323" lon="23.1079545"/><trkpt lat="63.8230245" lon="23.108958"/><trkpt lat="63.8239064" lon="23.1093929"/><trkpt lat="63.8247378" lon="23.1098692"/><trkpt lat="63.825226" lon="23.1101869"/><trkpt lat="63.8257153" lon="23.1105722"/><trkpt lat="63.8265807" lon="23.1113482"/><trkpt lat="63.8268712" lon="23.111635"/><trkpt lat="63.8270164" lon="23.11178"/><trkpt lat="63.8272932" lon="23.1120527"/><trkpt lat="63.8274889" lon="23.1122454"/><trkpt lat="63.828368" lon="23.1131197"/><trkpt lat="63.8288747" lon="23.1136234"/><trkpt lat="63.8293741" lon="23.1141033"/><trkpt lat="63.8302447" lon="23.1149605"/><trkpt lat="63.8310449" lon="23.115765"/><trkpt lat="63.8314055" lon="23.1161127"/><trkpt lat="63.8316418" lon="23.1163708"/><trkpt lat="63.8318538" lon="23.1166354"/><trkpt lat="63.8322325" lon="23.1171488"/><trkpt lat="63.8326695" lon="23.1178911"/><trkpt lat="63.8328706" lon="23.1182838"/><trkpt lat="63.8330166" lon="23.1186085"/><trkpt lat="63.8331054" lon="23.1187975"/><trkpt lat="63.8333052" lon="23.1193307"/><trkpt lat="63.8334909" lon="23.1198681"/><trkpt lat="63.8336217" lon="23.120321"/><trkpt lat="63.8337593" lon="23.1208294"/><trkpt lat="63.83384" lon="23.1212114"/><trkpt lat="63.8339713" lon="23.121865"/><trkpt lat="63.8340427" lon="23.1223762"/><trkpt lat="63.8340678" lon="23.1225863"/><trkpt lat="63.8340955" lon="23.1228504"/><trkpt lat="63.8341179" lon="23.1231123"/><trkpt lat="63.8341614" lon="23.1237718"/><trkpt lat="63.8342364" lon="23.1250816"/><trkpt lat="63.8342709" lon="23.1258435"/><trkpt lat="63.8343077" lon="23.1266593"/><trkpt lat="63.8343641" lon="23.1278171"/><trkpt lat="63.8343898" lon="23.1282259"/><trkpt lat="63.8344387" lon="23.1287973"/><trkpt lat="63.8344732" lon="23.1291454"/><trkpt lat="63.8345172" lon="23.1296188"/><trkpt lat="63.8345531" lon="23.130001"/><trkpt lat="63.8345763" lon="23.1303751"/><trkpt lat="63.8346313" lon="23.1315107"/><trkpt lat="63.8346804" lon="23.1324832"/><trkpt lat="63.8348606" lon="23.1360591"/><trkpt lat="63.834952" lon="23.1379509"/><trkpt lat="63.8349743" lon="23.138345"/><trkpt lat="63.8350517" lon="23.1399444"/><trkpt lat="63.8350655" lon="23.1406342"/><trkpt lat="63.8350662" lon="23.1414264"/><trkpt lat="63.8350624" lon="23.1418781"/><trkpt lat="63.8350412" lon="23.1424219"/><trkpt lat="63.8350191" lon="23.1427593"/><trkpt lat="63.8349947" lon="23.1431098"/><trkpt lat="63.8349501" lon="23.1436059"/><trkpt lat="63.8349017" lon="23.14405"/><trkpt lat="63.8348438" lon="23.1445329"/><trkpt lat="63.834768" lon="23.1451068"/><trkpt lat="63.8346524" lon="23.1457893"/><trkpt lat="63.8345562" lon="23.1462838"/><trkpt lat="63.8342694" lon="23.1476493"/><trkpt lat="63.8336716" lon="23.1504773"/><trkpt lat="63.8336136" lon="23.1507578"/><trkpt lat="63.8332271" lon="23.1526403"/><trkpt lat="63.8330603" lon="23.153496"/><trkpt lat="63.8328348" lon="23.1547412"/><trkpt lat="63.8327225" lon="23.1555061"/><trkpt lat="63.8326156" lon="23.156233"/><trkpt lat="63.8325172" lon="23.156987"/><trkpt lat="63.8324074" lon="23.1579483"/><trkpt lat="63.8323061" lon="23.1588667"/><trkpt lat="63.832201" lon="23.1600923"/><trkpt lat="63.8320792" lon="23.1618989"/><trkpt lat="63.8320489" lon="23.1623301"/><trkpt lat="63.8319395" lon="23.1641578"/><trkpt lat="63.8317204" lon="23.167921"/><trkpt lat="63.8316757" lon="23.168589"/><trkpt lat="63.8316574" lon="23.1688526"/><trkpt lat="63.8313661" lon="23.1736453"/><trkpt lat="63.8311061" lon="23.177815"/><trkpt lat="63.8310734" lon="23.1784414"/><trkpt lat="63.8310586" lon="23.1787365"/><trkpt lat="63.8309611" lon="23.1806838"/><trkpt lat="63.8309234" lon="23.1819822"/><trkpt lat="63.8309045" lon="23.183275"/><trkpt lat="63.8309234" lon="23.18475"/><trkpt lat="63.8309673" lon="23.1861822"/><trkpt lat="63.8310188" lon="23.1870692"/><trkpt lat="63.8310678" lon="23.1879192"/><trkpt lat="63.8312047" lon="23.1896248"/><trkpt lat="63.8312951" lon="23.1904435"/><trkpt lat="63.8313817" lon="23.1912137"/><trkpt lat="63.8315651" lon="23.1926346"/><trkpt lat="63.8317342" lon="23.1938956"/><trkpt lat="63.8331702" lon="23.2045791"/><trkpt lat="63.8331958" lon="23.2047699"/><trkpt lat="63.8334248" lon="23.2065046"/><trkpt lat="63.8336307" lon="23.2080137"/><trkpt lat="63.8348857" lon="23.2174053"/><trkpt lat="63.8352468" lon="23.2200933"/><trkpt lat="63.835292" lon="23.220397"/><trkpt lat="63.8354275" lon="23.2214708"/><trkpt lat="63.8357025" lon="23.2233188"/><trkpt lat="63.8358683" lon="23.2242841"/><trkpt lat="63.8360378" lon="23.2252238"/><trkpt lat="63.8364392" lon="23.2271309"/><trkpt lat="63.8372757" lon="23.2311237"/><trkpt lat="63.837552" lon="23.2324438"/><trkpt lat="63.8391561" lon="23.2401893"/><trkpt lat="63.8400656" lon="23.244663"/><trkpt lat="63.8405068" lon="23.2467319"/><trkpt lat="63.8405623" lon="23.2469954"/><trkpt lat="63.8430254" lon="23.2584821"/><trkpt lat="63.8433454" lon="23.2600682"/><trkpt lat="63.8435588" lon="23.2611844"/><trkpt lat="63.8437584" lon="23.2624088"/><trkpt lat="63.843968" lon="23.2638496"/><trkpt lat="63.8441011" lon="23.264975"/><trkpt lat="63.8442203" lon="23.2661674"/><trkpt lat="63.8444262" lon="23.2685023"/><trkpt lat="63.8445493" lon="23.2699328"/><trkpt lat="63.8452446" lon="23.2779246"/><trkpt lat="63.845394" lon="23.2796361"/><trkpt lat="63.8460165" lon="23.28684"/><trkpt lat="63.8461972" lon="23.2891094"/><trkpt lat="63.8462587" lon="23.2903822"/><trkpt lat="63.8462926" lon="23.291413"/><trkpt lat="63.8463102" lon="23.292458"/><trkpt lat="63.8463102" lon="23.2934888"/><trkpt lat="63.8462913" lon="23.2944683"/><trkpt lat="63.8462449" lon="23.2958394"/><trkpt lat="63.8461395" lon="23.298059"/><trkpt lat="63.8459418" lon="23.3017706"/><trkpt lat="63.845404" lon="23.3118094"/><trkpt lat="63.8452653" lon="23.3136033"/><trkpt lat="63.8451241" lon="23.3151466"/><trkpt lat="63.8449308" lon="23.3166643"/><trkpt lat="63.8448278" lon="23.3174146"/><trkpt lat="63.8447781" lon="23.3177722"/><trkpt lat="63.8444783" lon="23.319489"/><trkpt lat="63.8442162" lon="23.3208707"/><trkpt lat="63.8436953" lon="23.3234334"/><trkpt lat="63.8433354" lon="23.3251987"/><trkpt lat="63.8427795" lon="23.3279252"/><trkpt lat="63.8423425" lon="23.3300586"/><trkpt lat="63.8419208" lon="23.3322023"/><trkpt lat="63.8417915" lon="23.3329285"/><trkpt lat="63.8416401" lon="23.333855"/><trkpt lat="63.8414376" lon="23.3352629"/><trkpt lat="63.8413406" lon="23.3359925"/><trkpt lat="63.8412851" lon="23.3364637"/><trkpt lat="63.8411405" lon="23.3378565"/><trkpt lat="63.8410433" lon="23.3390072"/><trkpt lat="63.8410047" lon="23.3395301"/><trkpt lat="63.8409901" lon="23.3397561"/><trkpt lat="63.8409351" lon="23.3407392"/><trkpt lat="63.8408914" lon="23.3417863"/><trkpt lat="63.8408562" lon="23.3435683"/><trkpt lat="63.8408473" lon="23.3471537"/><trkpt lat="63.8408463" lon="23.3480457"/><trkpt lat="63.840834" lon="23.3504109"/><trkpt lat="63.840834" lon="23.3509686"/><trkpt lat="63.840834" lon="23.3536321"/><trkpt lat="63.8408383" lon="23.3548183"/><trkpt lat="63.8408449" lon="23.3569475"/><trkpt lat="63.8408996" lon="23.3588356"/><trkpt lat="63.8409733" lon="23.3601116"/><trkpt lat="63.841011" lon="23.3607237"/><trkpt lat="63.8410453" lon="23.3611697"/><trkpt lat="63.8413524" lon="23.3647542"/><trkpt lat="63.841425" lon="23.3655282"/><trkpt lat="63.8415077" lon="23.3665006"/><trkpt lat="63.842717" lon="23.3803111"/><trkpt lat="63.8441463" lon="23.3966768"/><trkpt lat="63.8442824" lon="23.3980664"/><trkpt lat="63.8443025" lon="23.3982605"/><trkpt lat="63.8443236" lon="23.3984639"/><trkpt lat="63.8443519" lon="23.398758"/><trkpt lat="63.8445503" lon="23.4003217"/><trkpt lat="63.8447805" lon="23.4018716"/><trkpt lat="63.8450664" lon="23.4034388"/><trkpt lat="63.8453251" lon="23.4047005"/><trkpt lat="63.8456021" lon="23.4059055"/><trkpt lat="63.8458669" lon="23.4069306"/><trkpt lat="63.8461945" lon="23.4080776"/><trkpt lat="63.848243" lon="23.4148673"/><trkpt lat="63.8532691" lon="23.4314578"/><trkpt lat="63.8543349" lon="23.434975"/><trkpt lat="63.8547353" lon="23.4363693"/><trkpt lat="63.8549967" lon="23.4373599"/><trkpt lat="63.8550198" lon="23.43745"/><trkpt lat="63.8550415" lon="23.4375348"/><trkpt lat="63.8552741" lon="23.4384653"/><trkpt lat="63.8554994" lon="23.4394267"/><trkpt lat="63.8559178" lon="23.4413358"/><trkpt lat="63.8560295" lon="23.441858"/><trkpt lat="63.857653" lon="23.4495075"/><trkpt lat="63.859057" lon="23.4561328"/><trkpt lat="63.8592234" lon="23.4568842"/><trkpt lat="63.8598077" lon="23.4596756"/><trkpt lat="63.8601409" lon="23.461345"/><trkpt lat="63.8602654" lon="23.4620015"/><trkpt lat="63.8604283" lon="23.4630682"/><trkpt lat="63.8606546" lon="23.4647004"/><trkpt lat="63.8607184" lon="23.4652979"/><trkpt lat="63.8608236" lon="23.4663665"/><trkpt lat="63.8608511" lon="23.46669"/><trkpt lat="63.8608865" lon="23.4671938"/><trkpt lat="63.8609164" lon="23.4678139"/><trkpt lat="63.8609292" lon="23.468059"/><trkpt lat="63.8609752" lon="23.4694488"/><trkpt lat="63.8609821" lon="23.469641"/><trkpt lat="63.8610333" lon="23.4747274"/><trkpt lat="63.8610448" lon="23.4755293"/><trkpt lat="63.8610841" lon="23.4767682"/><trkpt lat="63.8611306" lon="23.4779203"/><trkpt lat="63.8612042" lon="23.4789983"/><trkpt lat="63.8613053" lon="23.4800794"/><trkpt lat="63.861436" lon="23.4811994"/><trkpt lat="63.8615859" lon="23.4822711"/><trkpt lat="63.8618117" lon="23.4835533"/><trkpt lat="63.8621676" lon="23.4852478"/><trkpt lat="63.8626225" lon="23.4872791"/><trkpt lat="63.8627134" lon="23.4876866"/><trkpt lat="63.8634479" lon="23.4909178"/><trkpt lat="63.8638206" lon="23.492562"/><trkpt lat="63.863971" lon="23.4932342"/><trkpt lat="63.8644678" lon="23.4954235"/><trkpt lat="63.8658019" lon="23.5013107"/><trkpt lat="63.8661547" lon="23.5028809"/><trkpt lat="63.8664319" lon="23.5043032"/><trkpt lat="63.8665694" lon="23.505101"/><trkpt lat="63.866639" lon="23.5056157"/><trkpt lat="63.8667004" lon="23.5060426"/><trkpt lat="63.8668183" lon="23.5070238"/><trkpt lat="63.8668989" lon="23.5078617"/><trkpt lat="63.86695" lon="23.5085494"/><trkpt lat="63.8669941" lon="23.5092542"/><trkpt lat="63.8670702" lon="23.5107193"/><trkpt lat="63.8673859" lon="23.5177028"/><trkpt lat="63.8677625" lon="23.5257355"/><trkpt lat="63.8683123" lon="23.5372832"/><trkpt lat="63.8685895" lon="23.543448"/><trkpt lat="63.8686241" lon="23.5443653"/><trkpt lat="63.8686499" lon="23.5451518"/><trkpt lat="63.868669" lon="23.5458183"/><trkpt lat="63.8686729" lon="23.546368"/><trkpt lat="63.8687019" lon="23.5489703"/><trkpt lat="63.8687233" lon="23.5511504"/><trkpt lat="63.8687495" lon="23.5577842"/><trkpt lat="63.8687768" lon="23.5644496"/><trkpt lat="63.8687852" lon="23.5665706"/><trkpt lat="63.8688841" lon="23.5909116"/><trkpt lat="63.868888" lon="23.5918823"/><trkpt lat="63.8688554" lon="23.5969023"/><trkpt lat="63.8687524" lon="23.6072105"/><trkpt lat="63.868734" lon="23.6091269"/><trkpt lat="63.8687236" lon="23.6101209"/><trkpt lat="63.8686282" lon="23.6197499"/><trkpt lat="63.8686185" lon="23.6206326"/><trkpt lat="63.8685895" lon="23.6235282"/><trkpt lat="63.8685514" lon="23.6273178"/><trkpt lat="63.8683842" lon="23.6440261"/><trkpt lat="63.8683557" lon="23.6468616"/><trkpt lat="63.8683476" lon="23.6477146"/><trkpt lat="63.8683282" lon="23.6500947"/><trkpt lat="63.8683335" lon="23.6507449"/><trkpt lat="63.8683512" lon="23.6521309"/><trkpt lat="63.8683797" lon="23.6535088"/><trkpt lat="63.8684021" lon="23.6541584"/><trkpt lat="63.8684447" lon="23.6548881"/><trkpt lat="63.8685009" lon="23.6560561"/><trkpt lat="63.8685725" lon="23.6572208"/><trkpt lat="63.8686825" lon="23.6586592"/><trkpt lat="63.8690247" lon="23.6621644"/><trkpt lat="63.8691364" lon="23.6632853"/><trkpt lat="63.8693485" lon="23.6652936"/><trkpt lat="63.8696308" lon="23.6678397"/><trkpt lat="63.8712606" lon="23.683578"/><trkpt lat="63.8712703" lon="23.6836707"/><trkpt lat="63.8712813" lon="23.683776"/><trkpt lat="63.8717127" lon="23.6878925"/><trkpt lat="63.8737578" lon="23.7074881"/><trkpt lat="63.8744637" lon="23.7147075"/><trkpt lat="63.874979" lon="23.7189935"/><trkpt lat="63.8755185" lon="23.7232552"/><trkpt lat="63.8755317" lon="23.7233603"/><trkpt lat="63.8755431" lon="23.7234509"/><trkpt lat="63.8759887" lon="23.7269839"/><trkpt lat="63.8767416" lon="23.7326923"/><trkpt lat="63.8784223" lon="23.7464793"/><trkpt lat="63.8803716" lon="23.7619231"/><trkpt lat="63.8803837" lon="23.7620198"/><trkpt lat="63.8803961" lon="23.7621189"/><trkpt lat="63.8809203" lon="23.7662731"/><trkpt lat="63.8833577" lon="23.7861625"/><trkpt lat="63.884326" lon="23.7934679"/><trkpt lat="63.8855126" lon="23.8017829"/><trkpt lat="63.8855266" lon="23.8018795"/><trkpt lat="63.8855407" lon="23.8019762"/><trkpt lat="63.8859872" lon="23.8051125"/><trkpt lat="63.8884282" lon="23.8220092"/><trkpt lat="63.8887806" lon="23.8246689"/><trkpt lat="63.8889331" lon="23.8261621"/><trkpt lat="63.8890559" lon="23.8276529"/><trkpt lat="63.8896431" lon="23.8352637"/><trkpt lat="63.8901615" lon="23.8420174"/><trkpt lat="63.8903131" lon="23.843728"/><trkpt lat="63.890377" lon="23.8443429"/><trkpt lat="63.8906535" lon="23.846656"/><trkpt lat="63.8907619" lon="23.8475154"/><trkpt lat="63.8909115" lon="23.8486"/><trkpt lat="63.8909927" lon="23.8492173"/><trkpt lat="63.8913666" lon="23.8518484"/><trkpt lat="63.8917057" lon="23.8541678"/><trkpt lat="63.8924984" lon="23.8595545"/><trkpt lat="63.8926408" lon="23.860647"/><trkpt lat="63.8927676" lon="23.8617248"/><trkpt lat="63.8929918" lon="23.8641729"/><trkpt lat="63.8933357" lon="23.8686058"/><trkpt lat="63.8939189" lon="23.8761729"/><trkpt lat="63.8945996" lon="23.8851215"/><trkpt lat="63.8952419" lon="23.8935014"/><trkpt lat="63.895324" lon="23.894592"/><trkpt lat="63.8955155" lon="23.8965195"/><trkpt lat="63.8957082" lon="23.8984588"/><trkpt lat="63.8958453" lon="23.9002326"/><trkpt lat="63.8961206" lon="23.9037814"/><trkpt lat="63.8961559" lon="23.9042247"/><trkpt lat="63.8961999" lon="23.9047445"/><trkpt lat="63.8962981" lon="23.9058766"/><trkpt lat="63.8964097" lon="23.9068526"/><trkpt lat="63.8964813" lon="23.9073391"/><trkpt lat="63.8965553" lon="23.9078032"/><trkpt lat="63.896726" lon="23.9087057"/><trkpt lat="63.8968507" lon="23.9093025"/><trkpt lat="63.8969796" lon="23.909879"/><trkpt lat="63.8972231" lon="23.9108546"/><trkpt lat="63.8983751" lon="23.9150223"/><trkpt lat="63.8993623" lon="23.9185942"/><trkpt lat="63.8994687" lon="23.9189868"/><trkpt lat="63.8994869" lon="23.9190539"/><trkpt lat="63.8996804" lon="23.919759"/><trkpt lat="63.899857" lon="23.9204681"/><trkpt lat="63.9000499" lon="23.9212432"/><trkpt lat="63.9002351" lon="23.9219115"/><trkpt lat="63.9004974" lon="23.9228506"/><trkpt lat="63.9008995" lon="23.9241838"/><trkpt lat="63.900982" lon="23.9244532"/><trkpt lat="63.9010951" lon="23.924836"/><trkpt lat="63.9015313" lon="23.9263196"/><trkpt lat="63.9016773" lon="23.9269118"/><trkpt lat="63.9017983" lon="23.9273777"/><trkpt lat="63.9019204" lon="23.9280145"/><trkpt lat="63.9020032" lon="23.9284704"/><trkpt lat="63.902097" lon="23.9290452"/><trkpt lat="63.9021733" lon="23.9295631"/><trkpt lat="63.9022496" lon="23.9302247"/><trkpt lat="63.9023106" lon="23.9308367"/><trkpt lat="63.9023488" lon="23.9315652"/><trkpt lat="63.9023762" lon="23.9321147"/><trkpt lat="63.9023815" lon="23.9327645"/><trkpt lat="63.9023826" lon="23.9333517"/><trkpt lat="63.9023651" lon="23.933986"/><trkpt lat="63.9023444" lon="23.9345683"/><trkpt lat="63.9021987" lon="23.9368889"/><trkpt lat="63.9021501" lon="23.9376593"/><trkpt lat="63.9019302" lon="23.9410082"/><trkpt lat="63.9015549" lon="23.9467976"/><trkpt lat="63.9014441" lon="23.9487391"/><trkpt lat="63.901408" lon="23.9497694"/><trkpt lat="63.9013803" lon="23.9507432"/><trkpt lat="63.9013502" lon="23.9524221"/><trkpt lat="63.9013285" lon="23.9541309"/><trkpt lat="63.9012217" lon="23.9611357"/><trkpt lat="63.9009988" lon="23.9752568"/><trkpt lat="63.900997" lon="23.9753752"/><trkpt lat="63.9009954" lon="23.9754848"/><trkpt lat="63.9009067" lon="23.9813028"/><trkpt lat="63.9005894" lon="24.0018986"/><trkpt lat="63.9005591" lon="24.0034529"/><trkpt lat="63.90055" lon="24.0039818"/><trkpt lat="63.9004903" lon="24.0071912"/><trkpt lat="63.9004139" lon="24.0089257"/><trkpt lat="63.9003289" lon="24.0104719"/><trkpt lat="63.8998223" lon="24.0192533"/><trkpt lat="63.8998156" lon="24.0193553"/><trkpt lat="63.8998107" lon="24.0194552"/><trkpt lat="63.8996712" lon="24.0218807"/><trkpt lat="63.8996145" lon="24.0232146"/><trkpt lat="63.8995833" lon="24.0245311"/><trkpt lat="63.8995658" lon="24.0259039"/><trkpt lat="63.8995789" lon="24.0272419"/><trkpt lat="63.8996204" lon="24.0285898"/><trkpt lat="63.8996901" lon="24.0299824"/><trkpt lat="63.9003819" lon="24.042413"/><trkpt lat="63.9012065" lon="24.0571835"/><trkpt lat="63.9012122" lon="24.0572845"/><trkpt lat="63.9012178" lon="24.0573857"/><trkpt lat="63.9014931" lon="24.0626056"/><trkpt lat="63.9016544" lon="24.0648604"/><trkpt lat="63.9017613" lon="24.0660129"/><trkpt lat="63.9018852" lon="24.0671328"/><trkpt lat="63.9020373" lon="24.0683209"/><trkpt lat="63.9021962" lon="24.0694157"/><trkpt lat="63.9025287" lon="24.0715878"/><trkpt lat="63.9045559" lon="24.084921"/><trkpt lat="63.9049679" lon="24.0877061"/><trkpt lat="63.9051271" lon="24.0889797"/><trkpt lat="63.9052622" lon="24.0902285"/><trkpt lat="63.9054366" lon="24.0922108"/><trkpt lat="63.9055045" lon="24.0932682"/><trkpt lat="63.9055482" lon="24.0942371"/><trkpt lat="63.9055805" lon="24.095873"/><trkpt lat="63.9055892" lon="24.0974638"/><trkpt lat="63.9055478" lon="24.0996641"/><trkpt lat="63.9055107" lon="24.1018991"/><trkpt lat="63.9054456" lon="24.1057216"/><trkpt lat="63.9052971" lon="24.1135202"/><trkpt lat="63.9052796" lon="24.1151456"/><trkpt lat="63.9052862" lon="24.1166472"/><trkpt lat="63.9053363" lon="24.1183272"/><trkpt lat="63.9054058" lon="24.1196276"/><trkpt lat="63.905452" lon="24.1203225"/><trkpt lat="63.905539" lon="24.1215137"/><trkpt lat="63.9056185" lon="24.1222888"/><trkpt lat="63.9056982" lon="24.1230301"/><trkpt lat="63.9058545" lon="24.1242817"/><trkpt lat="63.9060164" lon="24.1255377"/><trkpt lat="63.9062693" lon="24.1270244"/><trkpt lat="63.9065221" lon="24.1283228"/><trkpt lat="63.906812" lon="24.1296509"/><trkpt lat="63.9071215" lon="24.1309245"/><trkpt lat="63.9075444" lon="24.1324261"/><trkpt lat="63.9080086" lon="24.133883"/><trkpt lat="63.9084106" lon="24.1349895"/><trkpt lat="63.9087458" lon="24.1358727"/><trkpt lat="63.909327" lon="24.1373669"/><trkpt lat="63.9099476" lon="24.1389508"/><trkpt lat="63.9105743" lon="24.1405259"/><trkpt lat="63.911394" lon="24.1426272"/><trkpt lat="63.9146835" lon="24.1509836"/><trkpt lat="63.9156242" lon="24.1534082"/><trkpt lat="63.9163958" lon="24.1553841"/><trkpt lat="63.9166411" lon="24.156007"/><trkpt lat="63.9173325" lon="24.1577691"/><trkpt lat="63.9181416" lon="24.1598444"/><trkpt lat="63.9183816" lon="24.1604485"/><trkpt lat="63.9195064" lon="24.1633148"/><trkpt lat="63.9197528" lon="24.1639427"/><trkpt lat="63.9206136" lon="24.1660949"/><trkpt lat="63.9209957" lon="24.1669935"/><trkpt lat="63.9213801" lon="24.1678491"/><trkpt lat="63.921781" lon="24.1686537"/><trkpt lat="63.921992" lon="24.1690695"/><trkpt lat="63.9224943" lon="24.169968"/><trkpt lat="63.9230096" lon="24.1708371"/><trkpt lat="63.92357" lon="24.1716995"/><trkpt lat="63.9243466" lon="24.1728408"/><trkpt lat="63.9266561" lon="24.1761425"/><trkpt lat="63.9292717" lon="24.1799289"/><trkpt lat="63.9370967" lon="24.1912165"/><trkpt lat="63.9417077" lon="24.197863"/><trkpt lat="63.9432318" lon="24.2000674"/><trkpt lat="63.9447509" lon="24.2023101"/><trkpt lat="63.9453258" lon="24.2032435"/><trkpt lat="63.9458913" lon="24.2042306"/><trkpt lat="63.9467772" lon="24.2058667"/><trkpt lat="63.9476076" lon="24.2075046"/><trkpt lat="63.9486717" lon="24.209599"/><trkpt lat="63.9515258" lon="24.2151807"/><trkpt lat="63.9584059" lon="24.2286883"/><trkpt lat="63.9587922" lon="24.2294494"/><trkpt lat="63.962567" lon="24.23681"/><trkpt lat="63.9643513" lon="24.2401271"/><trkpt lat="63.9652449" lon="24.2418968"/><trkpt lat="63.9656975" lon="24.2428772"/><trkpt lat="63.966152" lon="24.2439118"/><trkpt lat="63.9665274" lon="24.2448278"/><trkpt lat="63.967358" lon="24.2470762"/><trkpt lat="63.9678571" lon="24.2485728"/><trkpt lat="63.9683162" lon="24.2500963"/><trkpt lat="63.9686505" lon="24.2512926"/><trkpt lat="63.9690601" lon="24.2529073"/><trkpt lat="63.9704114" lon="24.2584166"/><trkpt lat="63.9712424" lon="24.2618015"/><trkpt lat="63.9716402" lon="24.2632928"/><trkpt lat="63.9722146" lon="24.2652669"/><trkpt lat="63.9725611" lon="24.2663481"/><trkpt lat="63.9728625" lon="24.267245"/><trkpt lat="63.9733827" lon="24.2686773"/><trkpt lat="63.973744" lon="24.2695947"/><trkpt lat="63.9741171" lon="24.2705039"/><trkpt lat="63.9742862" lon="24.2709016"/><trkpt lat="63.9746443" lon="24.2717029"/><trkpt lat="63.9749174" lon="24.2722822"/><trkpt lat="63.9759884" lon="24.2745382"/><trkpt lat="63.9764478" lon="24.2754343"/><trkpt lat="63.9773289" lon="24.2772085"/><trkpt lat="63.9780278" lon="24.278615"/><trkpt lat="63.9782021" lon="24.2789763"/><trkpt lat="63.9788521" lon="24.2803043"/><trkpt lat="63.9809438" lon="24.2845461"/><trkpt lat="63.981128" lon="24.2849046"/><trkpt lat="63.9816741" lon="24.2860129"/><trkpt lat="63.9818436" lon="24.2863827"/><trkpt lat="63.9819875" lon="24.2867047"/><trkpt lat="63.9822551" lon="24.2872985"/><trkpt lat="63.9827479" lon="24.28846"/><trkpt lat="63.9834655" lon="24.2903074"/><trkpt lat="63.9839555" lon="24.2917326"/><trkpt lat="63.9843484" lon="24.292886"/><trkpt lat="63.984791" lon="24.2943382"/><trkpt lat="63.985171" lon="24.295593"/><trkpt lat="63.9875743" lon="24.3036948"/><trkpt lat="63.9914872" lon="24.3166532"/><trkpt lat="63.99247" lon="24.31999"/><trkpt lat="63.99252" lon="24.320158"/><trkpt lat="63.993982" lon="24.3250302"/><trkpt lat="63.9946288" lon="24.3272511"/><trkpt lat="63.9949735" lon="24.3285594"/><trkpt lat="63.9954469" lon="24.3307579"/><trkpt lat="63.9958694" lon="24.3329696"/><trkpt lat="63.9963806" lon="24.3362725"/><trkpt lat="63.9967127" lon="24.3386893"/><trkpt lat="63.9970603" lon="24.3409288"/><trkpt lat="63.9972917" lon="24.3423954"/><trkpt lat="63.99758" lon="24.3440026"/><trkpt lat="63.9979516" lon="24.345907"/><trkpt lat="64.0003545" lon="24.3577088"/><trkpt lat="64.001153" lon="24.361692"/><trkpt lat="64.00119" lon="24.361878"/><trkpt lat="64.0020424" lon="24.3662182"/><trkpt lat="64.0040225" lon="24.3758754"/><trkpt lat="64.0078094" lon="24.3944555"/><trkpt lat="64.008895" lon="24.399842"/><trkpt lat="64.008934" lon="24.400028"/><trkpt lat="64.0097074" lon="24.4037413"/><trkpt lat="64.0099591" lon="24.4047703"/><trkpt lat="64.0105227" lon="24.4067761"/><trkpt lat="64.0107866" lon="24.4076295"/><trkpt lat="64.0116411" lon="24.4101568"/><trkpt lat="64.012341" lon="24.4120213"/><trkpt lat="64.0127683" lon="24.4131156"/><trkpt lat="64.0133445" lon="24.4144674"/><trkpt lat="64.0153319" lon="24.4190948"/><trkpt lat="64.0184904" lon="24.4264383"/><trkpt lat="64.0191254" lon="24.4279241"/><trkpt lat="64.019397" lon="24.428552"/><trkpt lat="64.01946" lon="24.428699"/><trkpt lat="64.0241901" lon="24.4397141"/><trkpt lat="64.024293" lon="24.4399538"/><trkpt lat="64.026665" lon="24.4454759"/><trkpt lat="64.02883" lon="24.450524"/><trkpt lat="64.0311461" lon="24.4559044"/><trkpt lat="64.032269" lon="24.458539"/><trkpt lat="64.0340281" lon="24.4626206"/><trkpt lat="64.0349253" lon="24.4648415"/><trkpt lat="64.03524" lon="24.4656783"/><trkpt lat="64.035691" lon="24.4669604"/><trkpt lat="64.0361466" lon="24.4683766"/><trkpt lat="64.0369897" lon="24.4711393"/><trkpt lat="64.0391972" lon="24.4784242"/><trkpt lat="64.0398571" lon="24.480586"/><trkpt lat="64.0402281" lon="24.4816965"/><trkpt lat="64.040461" lon="24.482354"/><trkpt lat="64.040519" lon="24.482512"/><trkpt lat="64.0406179" lon="24.4827694"/><trkpt lat="64.0411275" lon="24.4840461"/><trkpt lat="64.0413975" lon="24.4846469"/><trkpt lat="64.0416675" lon="24.4852155"/><trkpt lat="64.0421677" lon="24.4862026"/><trkpt lat="64.042649" lon="24.4870931"/><trkpt lat="64.0463093" lon="24.4934285"/><trkpt lat="64.0466213" lon="24.4939793"/><trkpt lat="64.0472625" lon="24.4950861"/><trkpt lat="64.0481335" lon="24.4967812"/><trkpt lat="64.0488565" lon="24.4984066"/><trkpt lat="64.0494715" lon="24.5000911"/><trkpt lat="64.0499903" lon="24.5017165"/><trkpt lat="64.050441" lon="24.5033848"/><trkpt lat="64.051539" lon="24.507612"/><trkpt lat="64.0520958" lon="24.509747"/><trkpt lat="64.0533862" lon="24.5146421"/><trkpt lat="64.0535034" lon="24.5150546"/><trkpt lat="64.0535652" lon="24.5152724"/><trkpt lat="64.0538544" lon="24.5162373"/><trkpt lat="64.0542505" lon="24.5174503"/><trkpt lat="64.0546518" lon="24.5185876"/><trkpt lat="64.0550508" lon="24.51958"/><trkpt lat="64.0554721" lon="24.5205402"/><trkpt lat="64.0558441" lon="24.5213127"/><trkpt lat="64.0560694" lon="24.5217499"/><trkpt lat="64.0566209" lon="24.5227933"/><trkpt lat="64.0571701" lon="24.5237267"/><trkpt lat="64.058645" lon="24.526178"/><trkpt lat="64.0593062" lon="24.5272672"/><trkpt lat="64.059417" lon="24.5274496"/><trkpt lat="64.0611734" lon="24.5303625"/><trkpt lat="64.0624886" lon="24.5325485"/><trkpt lat="64.0627471" lon="24.5329783"/><trkpt lat="64.064463" lon="24.5358308"/><trkpt lat="64.0645521" lon="24.535979"/><trkpt lat="64.064958" lon="24.5366362"/><trkpt lat="64.0652384" lon="24.5370895"/><trkpt lat="64.0653105" lon="24.537197"/><trkpt lat="64.0653329" lon="24.5372295"/><trkpt lat="64.0655668" lon="24.5375696"/><trkpt lat="64.0660032" lon="24.5381328"/><trkpt lat="64.0662906" lon="24.5384654"/><trkpt lat="64.0665392" lon="24.5387176"/><trkpt lat="64.0671023" lon="24.5392621"/><trkpt lat="64.0675939" lon="24.5397111"/><trkpt lat="64.0682156" lon="24.5402145"/><trkpt lat="64.0684474" lon="24.5403655"/><trkpt lat="64.0688876" lon="24.5405334"/><trkpt lat="64.069091" lon="24.5406112"/><trkpt lat="64.0693257" lon="24.540664"/><trkpt lat="64.0695939" lon="24.5407025"/><trkpt lat="64.0705785" lon="24.5407111"/><trkpt lat="64.0715666" lon="24.5407084"/><trkpt lat="64.0720975" lon="24.5407205"/><trkpt lat="64.0723356" lon="24.5407212"/><trkpt lat="64.0729296" lon="24.5407225"/><trkpt lat="64.0733735" lon="24.5407404"/><trkpt lat="64.0733974" lon="24.5407414"/><trkpt lat="64.0739357" lon="24.5407606"/><trkpt lat="64.0740278" lon="24.540757"/><trkpt lat="64.074322" lon="24.5407481"/><trkpt lat="64.0750077" lon="24.5407333"/><trkpt lat="64.0753922" lon="24.5407381"/><trkpt lat="64.075496" lon="24.5407382"/><trkpt lat="64.075907" lon="24.5406893"/><trkpt lat="64.0764843" lon="24.5406207"/><trkpt lat="64.0774413" lon="24.540651"/><trkpt lat="64.0775169" lon="24.5406578"/><trkpt lat="64.0777968" lon="24.5407017"/><trkpt lat="64.077899" lon="24.5407225"/><trkpt lat="64.0781463" lon="24.5407885"/><trkpt lat="64.0784163" lon="24.5408891"/><trkpt lat="64.0787604" lon="24.5410934"/><trkpt lat="64.07911" lon="24.541348"/><trkpt lat="64.0795189" lon="24.5417182"/><trkpt lat="64.0798527" lon="24.5420983"/><trkpt lat="64.0801735" lon="24.5425412"/><trkpt lat="64.0805303" lon="24.5430965"/><trkpt lat="64.0807283" lon="24.5434436"/><trkpt lat="64.0809925" lon="24.5439769"/><trkpt lat="64.0812495" lon="24.5445862"/><trkpt lat="64.0814319" lon="24.5450566"/><trkpt lat="64.08165" lon="24.5457474"/><trkpt lat="64.0819356" lon="24.5466784"/><trkpt lat="64.0820589" lon="24.5470927"/><trkpt lat="64.0829055" lon="24.5500114"/><trkpt lat="64.0833635" lon="24.5515881"/><trkpt lat="64.0840793" lon="24.5540668"/><trkpt lat="64.0853195" lon="24.5583674"/><trkpt lat="64.0857124" lon="24.5596036"/><trkpt lat="64.0861039" lon="24.5607242"/><trkpt lat="64.0864751" lon="24.5617422"/><trkpt lat="64.0869287" lon="24.5628859"/><trkpt lat="64.0874154" lon="24.5640295"/><trkpt lat="64.0879658" lon="24.5652261"/><trkpt lat="64.0887043" lon="24.566766"/><trkpt lat="64.0896615" lon="24.5688058"/><trkpt lat="64.089949" lon="24.5694473"/><trkpt lat="64.0900977" lon="24.5697908"/><trkpt lat="64.0903244" lon="24.5703494"/><trkpt lat="64.0907592" lon="24.5716319"/><trkpt lat="64.0910823" lon="24.5727327"/><trkpt lat="64.091356" lon="24.5738359"/><trkpt lat="64.091638" lon="24.575266"/><trkpt lat="64.0918902" lon="24.5768379"/><trkpt lat="64.0920416" lon="24.5781054"/><trkpt lat="64.092136" lon="24.5791299"/><trkpt lat="64.0922215" lon="24.5805768"/><trkpt lat="64.0923547" lon="24.5833223"/><trkpt lat="64.0924624" lon="24.5854615"/><trkpt lat="64.0926096" lon="24.5876721"/><trkpt lat="64.092682" lon="24.5884662"/><trkpt lat="64.0927647" lon="24.5891876"/><trkpt lat="64.0928578" lon="24.5898757"/><trkpt lat="64.0930588" lon="24.5910368"/><trkpt lat="64.0932776" lon="24.5921645"/><trkpt lat="64.0935444" lon="24.5932687"/><trkpt lat="64.0938367" lon="24.5943723"/><trkpt lat="64.096156" lon="24.6027953"/><trkpt lat="64.0970686" lon="24.606125"/><trkpt lat="64.0971045" lon="24.60626"/><trkpt lat="64.1018814" lon="24.6235983"/><trkpt lat="64.1021019" lon="24.6243127"/><trkpt lat="64.1021645" lon="24.6245155"/><trkpt lat="64.1027257" lon="24.6263338"/><trkpt lat="64.1033236" lon="24.6279358"/><trkpt lat="64.1040383" lon="24.6296192"/><trkpt lat="64.1045281" lon="24.630596"/><trkpt lat="64.1050281" lon="24.6315524"/><trkpt lat="64.1074598" lon="24.6360837"/><trkpt lat="64.1083254" lon="24.6376968"/><trkpt lat="64.108548" lon="24.638118"/><trkpt lat="64.1089749" lon="24.6390864"/><trkpt lat="64.1093511" lon="24.6400158"/><trkpt lat="64.1097582" lon="24.6411892"/><trkpt lat="64.1101238" lon="24.6423638"/><trkpt lat="64.1107467" lon="24.6447704"/><trkpt lat="64.1121417" lon="24.6502296"/><trkpt lat="64.1132501" lon="24.6547106"/><trkpt lat="64.1138153" lon="24.6569108"/><trkpt lat="64.1141568" lon="24.6582099"/><trkpt lat="64.1145268" lon="24.6594795"/><trkpt lat="64.1149053" lon="24.6606344"/><trkpt lat="64.1152949" lon="24.6616905"/><trkpt lat="64.1158536" lon="24.6630976"/><trkpt lat="64.1164163" lon="24.6644526"/><trkpt lat="64.1170964" lon="24.6660972"/><trkpt lat="64.1171285" lon="24.6661749"/><trkpt lat="64.1171578" lon="24.6662458"/><trkpt lat="64.1189335" lon="24.6704856"/><trkpt lat="64.1251449" lon="24.6853574"/><trkpt lat="64.1256966" lon="24.6866397"/><trkpt lat="64.1264079" lon="24.6881764"/><trkpt lat="64.1267871" lon="24.6889247"/><trkpt lat="64.1271745" lon="24.6896263"/><trkpt lat="64.1278148" lon="24.6906199"/><trkpt lat="64.128674" lon="24.691919"/><trkpt lat="64.129015" lon="24.692393"/><trkpt lat="64.1291667" lon="24.6926039"/><trkpt lat="64.1299292" lon="24.6936637"/><trkpt lat="64.1321396" lon="24.6967363"/><trkpt lat="64.1322576" lon="24.6968989"/><trkpt lat="64.132372" lon="24.6970467"/><trkpt lat="64.132419" lon="24.6971116"/><trkpt lat="64.1351207" lon="24.7008433"/><trkpt lat="64.1363448" lon="24.702574"/><trkpt lat="64.1363662" lon="24.7026021"/><trkpt lat="64.1363861" lon="24.7026281"/><trkpt lat="64.1390941" lon="24.7064105"/><trkpt lat="64.139725" lon="24.7072913"/><trkpt lat="64.1400702" lon="24.7077731"/><trkpt lat="64.141176" lon="24.7093287"/><trkpt lat="64.1456519" lon="24.7155838"/><trkpt lat="64.1463079" lon="24.7164731"/><trkpt lat="64.1468929" lon="24.7171842"/><trkpt lat="64.1474344" lon="24.7177408"/><trkpt lat="64.14782" lon="24.7181168"/><trkpt lat="64.1479953" lon="24.7182768"/><trkpt lat="64.1488156" lon="24.7190099"/><trkpt lat="64.1504215" lon="24.7203861"/><trkpt lat="64.1506916" lon="24.7206207"/><trkpt lat="64.1515651" lon="24.7214168"/><trkpt lat="64.1521963" lon="24.7221966"/><trkpt lat="64.1524007" lon="24.7224608"/><trkpt lat="64.1526249" lon="24.7227967"/><trkpt lat="64.1531434" lon="24.7236263"/><trkpt lat="64.1536429" lon="24.7245961"/><trkpt lat="64.1541196" lon="24.7256746"/><trkpt lat="64.1545447" lon="24.7268578"/><trkpt lat="64.1552292" lon="24.7288903"/><trkpt lat="64.1560855" lon="24.7313818"/><trkpt lat="64.1565727" lon="24.7325703"/><trkpt lat="64.1570981" lon="24.733714"/><trkpt lat="64.1574506" lon="24.7343634"/><trkpt lat="64.1578085" lon="24.7350004"/><trkpt lat="64.1581696" lon="24.7355858"/><trkpt lat="64.1585238" lon="24.7360977"/><trkpt lat="64.1589784" lon="24.7367161"/><trkpt lat="64.1594515" lon="24.7372677"/><trkpt lat="64.16245" lon="24.7404309"/><trkpt lat="64.1628398" lon="24.7408646"/><trkpt lat="64.1654498" lon="24.7435869"/><trkpt lat="64.165622" lon="24.7437618"/><trkpt lat="64.165953" lon="24.7440362"/><trkpt lat="64.1662514" lon="24.7442819"/><trkpt lat="64.1665884" lon="24.7444904"/><trkpt lat="64.1669687" lon="24.744696"/><trkpt lat="64.1673846" lon="24.744892"/><trkpt lat="64.1687276" lon="24.7455302"/><trkpt lat="64.170443" lon="24.7464015"/><trkpt lat="64.1709332" lon="24.7467652"/><trkpt lat="64.1713552" lon="24.7471539"/><trkpt lat="64.1716611" lon="24.7474875"/><trkpt lat="64.171921" lon="24.7478126"/><trkpt lat="64.1723964" lon="24.7483942"/><trkpt lat="64.1756997" lon="24.7524729"/><trkpt lat="64.1767865" lon="24.7538952"/><trkpt lat="64.1775396" lon="24.7549906"/><trkpt lat="64.1787144" lon="24.7568677"/><trkpt lat="64.1794051" lon="24.7580091"/><trkpt lat="64.1844216" lon="24.7661969"/><trkpt lat="64.1859949" lon="24.7687725"/><trkpt lat="64.1860432" lon="24.7688515"/><trkpt lat="64.1901836" lon="24.775649"/><trkpt lat="64.1913598" lon="24.7771704"/><trkpt lat="64.1922867" lon="24.7780975"/><trkpt lat="64.1932337" lon="24.7789089"/><trkpt lat="64.1937108" lon="24.7792379"/><trkpt lat="64.1950842" lon="24.7800178"/><trkpt lat="64.202507" lon="24.7832528"/><trkpt lat="64.203382" lon="24.7836411"/><trkpt lat="64.2034235" lon="24.7836584"/><trkpt lat="64.2034754" lon="24.7836799"/><trkpt lat="64.203965" lon="24.7838727"/><trkpt lat="64.2047517" lon="24.7842451"/><trkpt lat="64.2057343" lon="24.7848747"/><trkpt lat="64.2073901" lon="24.786086"/><trkpt lat="64.2079442" lon="24.7864694"/><trkpt lat="64.2084838" lon="24.7867794"/><trkpt lat="64.2091344" lon="24.7870587"/><trkpt lat="64.2110313" lon="24.7876261"/><trkpt lat="64.2112673" lon="24.7877122"/><trkpt lat="64.2119737" lon="24.7879823"/><trkpt lat="64.2125855" lon="24.7883198"/><trkpt lat="64.2133627" lon="24.7888091"/><trkpt lat="64.2141215" lon="24.7894255"/><trkpt lat="64.2166822" lon="24.7920416"/><trkpt lat="64.2196184" lon="24.7950805"/><trkpt lat="64.2226304" lon="24.7981939"/><trkpt lat="64.2232515" lon="24.7988774"/><trkpt lat="64.2238447" lon="24.7995507"/><trkpt lat="64.2243423" lon="24.8002848"/><trkpt lat="64.224823" lon="24.8011096"/><trkpt lat="64.2254258" lon="24.8022832"/><trkpt lat="64.2266079" lon="24.8046394"/><trkpt lat="64.2271899" lon="24.8057701"/><trkpt lat="64.2290624" lon="24.8094576"/><trkpt lat="64.2295305" lon="24.8103447"/><trkpt lat="64.2298229" lon="24.8108661"/><trkpt lat="64.2301112" lon="24.8113224"/><trkpt lat="64.2304421" lon="24.8117888"/><trkpt lat="64.2307155" lon="24.8121522"/><trkpt lat="64.2311592" lon="24.8126645"/><trkpt lat="64.231579" lon="24.8130843"/><trkpt lat="64.2319857" lon="24.8134649"/><trkpt lat="64.2324069" lon="24.8137387"/><trkpt lat="64.2328176" lon="24.8139701"/><trkpt lat="64.2332234" lon="24.8141525"/><trkpt lat="64.2336316" lon="24.8142792"/><trkpt lat="64.2340405" lon="24.8144008"/><trkpt lat="64.2344393" lon="24.814487"/><trkpt lat="64.2350045" lon="24.814584"/><trkpt lat="64.2355612" lon="24.8146599"/><trkpt lat="64.2439705" lon="24.8162606"/><trkpt lat="64.2440271" lon="24.8162716"/><trkpt lat="64.2441688" lon="24.816299"/><trkpt lat="64.2510186" lon="24.8176267"/><trkpt lat="64.252883" lon="24.8179739"/><trkpt lat="64.2538526" lon="24.8181477"/><trkpt lat="64.2618275" lon="24.8196807"/><trkpt lat="64.2645323" lon="24.8201472"/><trkpt lat="64.2645891" lon="24.8201556"/><trkpt lat="64.2646498" lon="24.8201646"/><trkpt lat="64.264793" lon="24.8201903"/><trkpt lat="64.2660478" lon="24.8204387"/><trkpt lat="64.2667263" lon="24.8205632"/><trkpt lat="64.2670098" lon="24.8206259"/><trkpt lat="64.2672501" lon="24.8206744"/><trkpt lat="64.2673619" lon="24.8206954"/><trkpt lat="64.2676823" lon="24.820756"/><trkpt lat="64.2686947" lon="24.8209511"/><trkpt lat="64.2690281" lon="24.821023"/><trkpt lat="64.269417" lon="24.8211022"/><trkpt lat="64.2702882" lon="24.8213519"/><trkpt lat="64.2707537" lon="24.8215574"/><trkpt lat="64.2710573" lon="24.8217024"/><trkpt lat="64.2717764" lon="24.8221201"/><trkpt lat="64.2727331" lon="24.8229027"/><trkpt lat="64.2735605" lon="24.8237141"/><trkpt lat="64.2742238" lon="24.824531"/><trkpt lat="64.2747797" lon="24.8252793"/><trkpt lat="64.2752277" lon="24.8259707"/><trkpt lat="64.2756977" lon="24.826783"/><trkpt lat="64.2761355" lon="24.827582"/><trkpt lat="64.2763031" lon="24.8279057"/><trkpt lat="64.2765491" lon="24.8283904"/><trkpt lat="64.2773297" lon="24.8298955"/><trkpt lat="64.2774107" lon="24.8300565"/><trkpt lat="64.2775684" lon="24.8303499"/><trkpt lat="64.2778254" lon="24.8308552"/><trkpt lat="64.2782377" lon="24.8316659"/><trkpt lat="64.2792676" lon="24.8336077"/><trkpt lat="64.2793206" lon="24.8337099"/><trkpt lat="64.2793724" lon="24.8338096"/><trkpt lat="64.2830616" lon="24.8409465"/><trkpt lat="64.2842094" lon="24.8431735"/><trkpt lat="64.2851138" lon="24.8449284"/><trkpt lat="64.2875825" lon="24.8497078"/><trkpt lat="64.2895357" lon="24.8535025"/><trkpt lat="64.2919773" lon="24.8582248"/><trkpt lat="64.2947626" lon="24.8636444"/><trkpt lat="64.2954925" lon="24.8649964"/><trkpt lat="64.2958322" lon="24.8656159"/><trkpt lat="64.2963255" lon="24.8664501"/><trkpt lat="64.2979324" lon="24.8690872"/><trkpt lat="64.2990491" lon="24.8709"/><trkpt lat="64.3012165" lon="24.8744968"/><trkpt lat="64.30124" lon="24.8745358"/><trkpt lat="64.3012653" lon="24.874578"/><trkpt lat="64.301456" lon="24.8748954"/><trkpt lat="64.3016775" lon="24.8752604"/><trkpt lat="64.3030898" lon="24.8775887"/><trkpt lat="64.3064768" lon="24.8832106"/><trkpt lat="64.3102192" lon="24.8893765"/><trkpt lat="64.313648" lon="24.8949998"/><trkpt lat="64.3159016" lon="24.8987063"/><trkpt lat="64.3187721" lon="24.9034385"/><trkpt lat="64.3188357" lon="24.9035433"/><trkpt lat="64.3189008" lon="24.9036507"/><trkpt lat="64.3190097" lon="24.9038307"/><trkpt lat="64.3193205" lon="24.9043398"/><trkpt lat="64.3209265" lon="24.906993"/><trkpt lat="64.3282242" lon="24.9190462"/><trkpt lat="64.3296611" lon="24.9214422"/><trkpt lat="64.3301483" lon="24.9222654"/><trkpt lat="64.3311295" lon="24.9239592"/><trkpt lat="64.3316122" lon="24.9248644"/><trkpt lat="64.3320815" lon="24.925802"/><trkpt lat="64.3352556" lon="24.9318949"/><trkpt lat="64.3356979" lon="24.9327693"/><trkpt lat="64.3363534" lon="24.9342766"/><trkpt lat="64.3369249" lon="24.9356929"/><trkpt lat="64.3381218" lon="24.9388278"/><trkpt lat="64.339185" lon="24.9417065"/><trkpt lat="64.3392229" lon="24.9418092"/><trkpt lat="64.3392565" lon="24.9419001"/><trkpt lat="64.3410534" lon="24.9467658"/><trkpt lat="64.3412478" lon="24.9472817"/><trkpt lat="64.3413171" lon="24.9474679"/><trkpt lat="64.3419381" lon="24.9491369"/><trkpt lat="64.3466197" lon="24.9616446"/><trkpt lat="64.3470246" lon="24.9627266"/><trkpt lat="64.3470991" lon="24.962931"/><trkpt lat="64.3472525" lon="24.9633343"/><trkpt lat="64.3474145" lon="24.9637664"/><trkpt lat="64.3476823" lon="24.9644805"/><trkpt lat="64.3483131" lon="24.9661409"/><trkpt lat="64.3488379" lon="24.9673908"/><trkpt lat="64.3494221" lon="24.968566"/><trkpt lat="64.3500361" lon="24.9696439"/><trkpt lat="64.3506728" lon="24.9705949"/><trkpt lat="64.3510588" lon="24.9710742"/><trkpt lat="64.3514346" lon="24.9715196"/><trkpt lat="64.3516907" lon="24.9717968"/><trkpt lat="64.3520086" lon="24.9721601"/><trkpt lat="64.3531861" lon="24.9733329"/><trkpt lat="64.354008" lon="24.9740672"/><trkpt lat="64.3543843" lon="24.9743642"/><trkpt lat="64.3553128" lon="24.9749261"/><trkpt lat="64.3558036" lon="24.9751634"/><trkpt lat="64.3562853" lon="24.9753649"/><trkpt lat="64.3567104" lon="24.9754733"/><trkpt lat="64.3570911" lon="24.9755591"/><trkpt lat="64.3579067" lon="24.9756878"/><trkpt lat="64.3632953" lon="24.9753139"/><trkpt lat="64.3647612" lon="24.9752173"/><trkpt lat="64.3722384" lon="24.9745869"/><trkpt lat="64.3731055" lon="24.974511"/><trkpt lat="64.3731506" lon="24.9745071"/><trkpt lat="64.3731959" lon="24.9745031"/><trkpt lat="64.3812393" lon="24.9737995"/><trkpt lat="64.3901827" lon="24.9730601"/><trkpt lat="64.3975501" lon="24.9724482"/><trkpt lat="64.3983886" lon="24.9724059"/><trkpt lat="64.398776" lon="24.9724106"/><trkpt lat="64.3991624" lon="24.9724358"/><trkpt lat="64.3995465" lon="24.9724944"/><trkpt lat="64.399927" lon="24.972569"/><trkpt lat="64.4006599" lon="24.9727484"/><trkpt lat="64.4031618" lon="24.9733611"/><trkpt lat="64.4032126" lon="24.9733735"/><trkpt lat="64.4032619" lon="24.9733856"/><trkpt lat="64.4080902" lon="24.974568"/><trkpt lat="64.4169799" lon="24.9767833"/><trkpt lat="64.4259243" lon="24.97902"/><trkpt lat="64.4262545" lon="24.9791025"/><trkpt lat="64.4263157" lon="24.9791178"/><trkpt lat="64.4263623" lon="24.9791295"/><trkpt lat="64.4297246" lon="24.9799697"/><trkpt lat="64.4300131" lon="24.9800409"/><trkpt lat="64.4348371" lon="24.9812453"/><trkpt lat="64.4437413" lon="24.9834683"/><trkpt lat="64.4517585" lon="24.9854697"/><trkpt lat="64.4518145" lon="24.9854837"/><trkpt lat="64.4518604" lon="24.9854951"/><trkpt lat="64.4526576" lon="24.9856942"/><trkpt lat="64.4615798" lon="24.987916"/><trkpt lat="64.4625545" lon="24.988147"/><trkpt lat="64.4704908" lon="24.9901236"/><trkpt lat="64.4738377" lon="24.9909524"/><trkpt lat="64.4738517" lon="24.9909559"/><trkpt lat="64.4738673" lon="24.9909598"/><trkpt lat="64.4771107" lon="24.9917661"/><trkpt lat="64.4783111" lon="24.9920783"/><trkpt lat="64.4789359" lon="24.992221"/><trkpt lat="64.4794265" lon="24.9923444"/><trkpt lat="64.4800339" lon="24.9924962"/><trkpt lat="64.4802918" lon="24.9925577"/><trkpt lat="64.4805413" lon="24.9926217"/><trkpt lat="64.4841857" lon="24.9935388"/><trkpt lat="64.4866204" lon="24.9941521"/><trkpt lat="64.4880012" lon="24.9944999"/><trkpt lat="64.4883349" lon="24.9945749"/><trkpt lat="64.4890756" lon="24.9947653"/><trkpt lat="64.4900569" lon="24.9950077"/><trkpt lat="64.4917431" lon="24.9954135"/><trkpt lat="64.4917638" lon="24.9954185"/><trkpt lat="64.4917857" lon="24.9954238"/><trkpt lat="64.4948252" lon="24.9962007"/><trkpt lat="64.4972516" lon="24.9968248"/><trkpt lat="64.4997073" lon="24.9974013"/><trkpt lat="64.5025765" lon="24.9981229"/><trkpt lat="64.5061888" lon="24.9990315"/><trkpt lat="64.5094753" lon="24.9998625"/><trkpt lat="64.5095253" lon="24.999875"/><trkpt lat="64.5095823" lon="24.9998893"/><trkpt lat="64.515123" lon="25.0012787"/><trkpt lat="64.5166212" lon="25.001656"/><trkpt lat="64.5214469" lon="25.0028694"/><trkpt lat="64.5220419" lon="25.0030475"/><trkpt lat="64.5240294" lon="25.0035309"/><trkpt lat="64.527849" lon="25.0044624"/><trkpt lat="64.5278982" lon="25.0044747"/><trkpt lat="64.5279471" lon="25.004487"/><trkpt lat="64.53161" lon="25.0053903"/><trkpt lat="64.5327904" lon="25.0056887"/><trkpt lat="64.5329439" lon="25.0057275"/><trkpt lat="64.541409" lon="25.0078492"/><trkpt lat="64.5418616" lon="25.0079685"/><trkpt lat="64.5425183" lon="25.0081185"/><trkpt lat="64.5461766" lon="25.0090593"/><trkpt lat="64.5468367" lon="25.0092251"/><trkpt lat="64.5507812" lon="25.0102324"/><trkpt lat="64.5576688" lon="25.0119634"/><trkpt lat="64.5596953" lon="25.0124828"/><trkpt lat="64.563305" lon="25.0133729"/><trkpt lat="64.5639483" lon="25.013525"/><trkpt lat="64.5686207" lon="25.0147173"/><trkpt lat="64.5775382" lon="25.0169439"/><trkpt lat="64.5823874" lon="25.0181644"/><trkpt lat="64.5824766" lon="25.0181869"/><trkpt lat="64.5864636" lon="25.0192037"/><trkpt lat="64.5879742" lon="25.019583"/><trkpt lat="64.5954051" lon="25.0214492"/><trkpt lat="64.5960383" lon="25.0216056"/><trkpt lat="64.5963077" lon="25.0216727"/><trkpt lat="64.5988756" lon="25.0223168"/><trkpt lat="64.5989174" lon="25.0223272"/><trkpt lat="64.5989598" lon="25.0223379"/><trkpt lat="64.6016449" lon="25.0230114"/><trkpt lat="64.6030114" lon="25.0233532"/><trkpt lat="64.603447" lon="25.0234654"/><trkpt lat="64.6038784" lon="25.0236179"/><trkpt lat="64.60429" lon="25.0237885"/><trkpt lat="64.6047741" lon="25.0240472"/><trkpt lat="64.6052208" lon="25.0243423"/><trkpt lat="64.6057887" lon="25.0248572"/><trkpt lat="64.6064829" lon="25.0256386"/><trkpt lat="64.6067404" lon="25.0259581"/><trkpt lat="64.6076199" lon="25.0270796"/><trkpt lat="64.6083954" lon="25.0280485"/><trkpt lat="64.6123325" lon="25.0329601"/><trkpt lat="64.6149787" lon="25.0362573"/><trkpt lat="64.6170406" lon="25.0388312"/><trkpt lat="64.6181282" lon="25.040189"/><trkpt lat="64.6187916" lon="25.0410236"/><trkpt lat="64.6190109" lon="25.0412978"/><trkpt lat="64.6192532" lon="25.0416007"/><trkpt lat="64.6202451" lon="25.0428333"/><trkpt lat="64.6210794" lon="25.0438732"/><trkpt lat="64.6211198" lon="25.0439236"/><trkpt lat="64.6211677" lon="25.0439833"/><trkpt lat="64.6281235" lon="25.0526551"/><trkpt lat="64.631148" lon="25.0564255"/><trkpt lat="64.6360447" lon="25.0625307"/><trkpt lat="64.6378864" lon="25.0648312"/><trkpt lat="64.6379014" lon="25.0648499"/><trkpt lat="64.6379258" lon="25.0648804"/><trkpt lat="64.6439493" lon="25.0724054"/><trkpt lat="64.6450138" lon="25.0737382"/><trkpt lat="64.6518803" lon="25.0823369"/><trkpt lat="64.6534844" lon="25.0843372"/><trkpt lat="64.6536652" lon="25.0845784"/><trkpt lat="64.6544976" lon="25.0856283"/><trkpt lat="64.6545774" lon="25.0857442"/><trkpt lat="64.6546526" lon="25.0858536"/><trkpt lat="64.6549908" lon="25.0863472"/><trkpt lat="64.6557227" lon="25.0876086"/><trkpt lat="64.6563863" lon="25.0890023"/><trkpt lat="64.6568935" lon="25.0901404"/><trkpt lat="64.6576811" lon="25.0919735"/><trkpt lat="64.6589573" lon="25.0949436"/><trkpt lat="64.6604241" lon="25.0983213"/><trkpt lat="64.662652" lon="25.103452"/><trkpt lat="64.6634665" lon="25.1053747"/><trkpt lat="64.664244" lon="25.1071489"/><trkpt lat="64.6650206" lon="25.1089236"/><trkpt lat="64.6653323" lon="25.1096143"/><trkpt lat="64.6658861" lon="25.1107747"/><trkpt lat="64.6664756" lon="25.111884"/><trkpt lat="64.6666905" lon="25.1122603"/><trkpt lat="64.6667409" lon="25.1123485"/><trkpt lat="64.6669101" lon="25.1126449"/><trkpt lat="64.6669935" lon="25.1127911"/><trkpt lat="64.6670673" lon="25.1129203"/><trkpt lat="64.6673316" lon="25.1133831"/><trkpt lat="64.6681844" lon="25.1148225"/><trkpt lat="64.669482" lon="25.1170429"/><trkpt lat="64.66978" lon="25.1175529"/><trkpt lat="64.671794" lon="25.1210079"/><trkpt lat="64.67582" lon="25.1278181"/><trkpt lat="64.679031" lon="25.1333563"/><trkpt lat="64.6860476" lon="25.1453475"/><trkpt lat="64.686087" lon="25.145415"/><trkpt lat="64.6861233" lon="25.145477"/><trkpt lat="64.6862916" lon="25.1457646"/><trkpt lat="64.693523" lon="25.1581152"/><trkpt lat="64.7007461" lon="25.1705084"/><trkpt lat="64.7050256" lon="25.1778306"/><trkpt lat="64.7050737" lon="25.1779129"/><trkpt lat="64.7051168" lon="25.1779866"/><trkpt lat="64.7079702" lon="25.1828694"/><trkpt lat="64.7137587" lon="25.1927838"/><trkpt lat="64.7152285" lon="25.1952945"/><trkpt lat="64.722479" lon="25.2077396"/><trkpt lat="64.7249651" lon="25.2120191"/><trkpt lat="64.725026" lon="25.2121237"/><trkpt lat="64.7250781" lon="25.2122131"/><trkpt lat="64.7275035" lon="25.2163737"/><trkpt lat="64.72819" lon="25.2175398"/><trkpt lat="64.7297173" lon="25.2201453"/><trkpt lat="64.7338845" lon="25.2273002"/><trkpt lat="64.7348126" lon="25.2288994"/><trkpt lat="64.7369177" lon="25.2325174"/><trkpt lat="64.736943" lon="25.2325609"/><trkpt lat="64.737004" lon="25.2326656"/><trkpt lat="64.7370635" lon="25.232768"/><trkpt lat="64.7441696" lon="25.2449803"/><trkpt lat="64.7457338" lon="25.2476575"/><trkpt lat="64.7504705" lon="25.2558001"/><trkpt lat="64.7505206" lon="25.2558863"/><trkpt lat="64.7505699" lon="25.2559709"/><trkpt lat="64.751404" lon="25.2574057"/><trkpt lat="64.7549016" lon="25.2634238"/><trkpt lat="64.7586629" lon="25.2699106"/><trkpt lat="64.7640293" lon="25.279125"/><trkpt lat="64.7640689" lon="25.2791925"/><trkpt lat="64.7641086" lon="25.2792602"/><trkpt lat="64.7659158" lon="25.2823929"/><trkpt lat="64.7668186" lon="25.2839394"/><trkpt lat="64.7677913" lon="25.2856106"/><trkpt lat="64.7684523" lon="25.2867405"/><trkpt lat="64.7692376" lon="25.2881251"/><trkpt lat="64.7699103" lon="25.2893874"/><trkpt lat="64.7705988" lon="25.290718"/><trkpt lat="64.771" lon="25.2914998"/><trkpt lat="64.7714386" lon="25.2924198"/><trkpt lat="64.7718773" lon="25.2933667"/><trkpt lat="64.7728145" lon="25.2954715"/><trkpt lat="64.7742492" lon="25.2987643"/><trkpt lat="64.7751036" lon="25.3007488"/><trkpt lat="64.7775131" lon="25.3062866"/><trkpt lat="64.7775273" lon="25.306319"/><trkpt lat="64.7775414" lon="25.3063514"/><trkpt lat="64.7792366" lon="25.3102333"/><trkpt lat="64.781848" lon="25.3161795"/><trkpt lat="64.7844389" lon="25.3221667"/><trkpt lat="64.7855359" lon="25.3249079"/><trkpt lat="64.7855976" lon="25.3250832"/><trkpt lat="64.7861117" lon="25.326544"/><trkpt lat="64.7865231" lon="25.32781"/><trkpt lat="64.7869618" lon="25.329237"/><trkpt lat="64.7870203" lon="25.3294468"/><trkpt lat="64.7873595" lon="25.3306639"/><trkpt lat="64.7877411" lon="25.3321874"/><trkpt lat="64.7882733" lon="25.3344675"/><trkpt lat="64.7891183" lon="25.338627"/><trkpt lat="64.78915" lon="25.3387818"/><trkpt lat="64.7891747" lon="25.3389025"/><trkpt lat="64.7900841" lon="25.3433429"/><trkpt lat="64.7930638" lon="25.3579292"/><trkpt lat="64.793209" lon="25.3586484"/><trkpt lat="64.793566" lon="25.3604184"/><trkpt lat="64.7936681" lon="25.3609209"/><trkpt lat="64.7939196" lon="25.3621461"/><trkpt lat="64.7972123" lon="25.3783741"/><trkpt lat="64.7972377" lon="25.3784995"/><trkpt lat="64.7972605" lon="25.3786121"/><trkpt lat="64.7977624" lon="25.381088"/><trkpt lat="64.7994895" lon="25.389601"/><trkpt lat="64.8007293" lon="25.3957205"/><trkpt lat="64.8008578" lon="25.3963479"/><trkpt lat="64.8013043" lon="25.398513"/><trkpt lat="64.8016231" lon="25.4000632"/><trkpt lat="64.801908" lon="25.4013532"/><trkpt lat="64.8021699" lon="25.4024774"/><trkpt lat="64.8025094" lon="25.4037525"/><trkpt lat="64.8028098" lon="25.4047696"/><trkpt lat="64.803134" lon="25.4057838"/><trkpt lat="64.8035658" lon="25.4070281"/><trkpt lat="64.8042825" lon="25.4088663"/><trkpt lat="64.8051485" lon="25.4110644"/><trkpt lat="64.8051878" lon="25.411164"/><trkpt lat="64.8052284" lon="25.411267"/><trkpt lat="64.8060311" lon="25.4132865"/><trkpt lat="64.806141" lon="25.4135656"/><trkpt lat="64.8072554" lon="25.4164136"/><trkpt lat="64.8076914" lon="25.4175396"/><trkpt lat="64.8083077" lon="25.4191003"/><trkpt lat="64.8086327" lon="25.4199229"/><trkpt lat="64.8088743" lon="25.4205362"/><trkpt lat="64.8131746" lon="25.4314663"/><trkpt lat="64.8133504" lon="25.4319131"/><trkpt lat="64.8138498" lon="25.4332097"/><trkpt lat="64.8158993" lon="25.4384503"/><trkpt lat="64.8159438" lon="25.4385639"/><trkpt lat="64.8159898" lon="25.4386811"/><trkpt lat="64.8173716" lon="25.4421531"/><trkpt lat="64.8176798" lon="25.4428741"/><trkpt lat="64.8179834" lon="25.443542"/><trkpt lat="64.8185186" lon="25.44469"/><trkpt lat="64.8186625" lon="25.4449902"/><trkpt lat="64.8191394" lon="25.4459855"/><trkpt lat="64.8195562" lon="25.4468389"/><trkpt lat="64.8198641" lon="25.4474714"/><trkpt lat="64.8211157" lon="25.4500399"/><trkpt lat="64.8218337" lon="25.4515135"/><trkpt lat="64.8225047" lon="25.452801"/><trkpt lat="64.8228207" lon="25.4533321"/><trkpt lat="64.823106" lon="25.4538095"/><trkpt lat="64.8234472" lon="25.4543459"/><trkpt lat="64.8238226" lon="25.4549213"/><trkpt lat="64.8239563" lon="25.4551166"/><trkpt lat="64.8243486" lon="25.455687"/><trkpt lat="64.8250362" lon="25.4566115"/><trkpt lat="64.8268187" lon="25.4587837"/><trkpt lat="64.8269307" lon="25.458914"/><trkpt lat="64.8270193" lon="25.4590171"/><trkpt lat="64.8319723" lon="25.4648911"/><trkpt lat="64.8348335" lon="25.4683429"/><trkpt lat="64.836446" lon="25.4702673"/><trkpt lat="64.8364903" lon="25.4703202"/><trkpt lat="64.8365324" lon="25.4703704"/><trkpt lat="64.8428476" lon="25.4779084"/><trkpt lat="64.8479957" lon="25.4840458"/><trkpt lat="64.8508398" lon="25.4874806"/><trkpt lat="64.8530525" lon="25.4901276"/><trkpt lat="64.8533177" lon="25.4904432"/><trkpt lat="64.8539036" lon="25.4911405"/><trkpt lat="64.8542339" lon="25.4915333"/><trkpt lat="64.8559765" lon="25.4936226"/><trkpt lat="64.8569307" lon="25.4947667"/><trkpt lat="64.8576714" lon="25.495487"/><trkpt lat="64.8582404" lon="25.4959862"/><trkpt lat="64.8589355" lon="25.4965148"/><trkpt lat="64.859536" lon="25.496873"/><trkpt lat="64.8601336" lon="25.4971663"/><trkpt lat="64.8612864" lon="25.4976206"/><trkpt lat="64.8614712" lon="25.4976771"/><trkpt lat="64.8632828" lon="25.4982307"/><trkpt lat="64.8638974" lon="25.4984125"/><trkpt lat="64.8642398" lon="25.4985286"/><trkpt lat="64.8661839" lon="25.4991894"/><trkpt lat="64.8662639" lon="25.4992166"/><trkpt lat="64.8677782" lon="25.4997314"/><trkpt lat="64.8766613" lon="25.502635"/><trkpt lat="64.8780177" lon="25.5030807"/><trkpt lat="64.8780715" lon="25.5030984"/><trkpt lat="64.8781188" lon="25.5031139"/><trkpt lat="64.8855606" lon="25.5055595"/><trkpt lat="64.8915849" lon="25.5075135"/><trkpt lat="64.8932556" lon="25.5080672"/><trkpt lat="64.8944205" lon="25.5084592"/><trkpt lat="64.8963888" lon="25.5091016"/><trkpt lat="64.9014062" lon="25.5107568"/><trkpt lat="64.9033262" lon="25.511384"/><trkpt lat="64.9049022" lon="25.5119047"/><trkpt lat="64.9049362" lon="25.5119162"/><trkpt lat="64.9049712" lon="25.511928"/><trkpt lat="64.908838" lon="25.513209"/><trkpt lat="64.9091382" lon="25.5133078"/><trkpt lat="64.9100575" lon="25.5136102"/><trkpt lat="64.9120105" lon="25.5142267"/><trkpt lat="64.9122393" lon="25.514301"/><trkpt lat="64.9173924" lon="25.5160114"/><trkpt lat="64.9179314" lon="25.5161971"/><trkpt lat="64.9183122" lon="25.5163205"/><trkpt lat="64.9188065" lon="25.5164849"/><trkpt lat="64.9196947" lon="25.5167803"/><trkpt lat="64.9199764" lon="25.5168681"/><trkpt lat="64.920162" lon="25.5169332"/><trkpt lat="64.921129" lon="25.5172599"/><trkpt lat="64.9228272" lon="25.5178039"/><trkpt lat="64.9228551" lon="25.5178129"/><trkpt lat="64.9228875" lon="25.5178234"/><trkpt lat="64.9242841" lon="25.5183268"/><trkpt lat="64.9275349" lon="25.5193415"/><trkpt lat="64.9300131" lon="25.520159"/><trkpt lat="64.9313425" lon="25.5205892"/><trkpt lat="64.9322713" lon="25.5208926"/><trkpt lat="64.9344596" lon="25.5216374"/><trkpt lat="64.9358585" lon="25.5220629"/><trkpt lat="64.9388314" lon="25.5230653"/><trkpt lat="64.9388979" lon="25.5230895"/><trkpt lat="64.9400089" lon="25.5233958"/><trkpt lat="64.9403238" lon="25.5234539"/><trkpt lat="64.9409878" lon="25.5235056"/><trkpt lat="64.9417172" lon="25.5235032"/><trkpt lat="64.9418446" lon="25.5234921"/><trkpt lat="64.9424449" lon="25.5233735"/><trkpt lat="64.9430486" lon="25.523216"/><trkpt lat="64.9444496" lon="25.5225762"/><trkpt lat="64.9457963" lon="25.5215871"/><trkpt lat="64.946452" lon="25.5209568"/><trkpt lat="64.9467692" lon="25.5206519"/><trkpt lat="64.9476157" lon="25.519792"/><trkpt lat="64.9482135" lon="25.5191838"/><trkpt lat="64.9530112" lon="25.5142943"/><trkpt lat="64.9533955" lon="25.5139016"/><trkpt lat="64.9538368" lon="25.5134488"/><trkpt lat="64.9538964" lon="25.5133876"/><trkpt lat="64.9558634" lon="25.5113693"/><trkpt lat="64.9574542" lon="25.5097541"/><trkpt lat="64.9576657" lon="25.5095368"/><trkpt lat="64.9589812" lon="25.5081857"/><trkpt lat="64.9614669" lon="25.5056324"/><trkpt lat="64.9617642" lon="25.505349"/><trkpt lat="64.962095" lon="25.5050241"/><trkpt lat="64.9640904" lon="25.5029813"/><trkpt lat="64.967318" lon="25.499695"/><trkpt lat="64.9674482" lon="25.4995624"/><trkpt lat="64.968345" lon="25.4986473"/><trkpt lat="64.9685129" lon="25.498476"/><trkpt lat="64.968751" lon="25.4982329"/><trkpt lat="64.9704338" lon="25.4965146"/><trkpt lat="64.9723184" lon="25.49459"/><trkpt lat="64.9745981" lon="25.4922615"/><trkpt lat="64.9749276" lon="25.491925"/><trkpt lat="64.9774014" lon="25.4893989"/><trkpt lat="64.9774217" lon="25.4893781"/><trkpt lat="64.9789191" lon="25.4878489"/><trkpt lat="64.9795905" lon="25.4871635"/><trkpt lat="64.9797888" lon="25.4869671"/><trkpt lat="64.9800316" lon="25.4867103"/><trkpt lat="64.9805617" lon="25.4861727"/><trkpt lat="64.98086" lon="25.4858702"/><trkpt lat="64.9810503" lon="25.4856778"/><trkpt lat="64.9818302" lon="25.4848895"/><trkpt lat="64.9819849" lon="25.4847227"/><trkpt lat="64.9821123" lon="25.4845853"/><trkpt lat="64.9829643" lon="25.4837255"/><trkpt lat="64.9838184" lon="25.4828849"/><trkpt lat="64.9841241" lon="25.4826185"/><trkpt lat="64.9843516" lon="25.4824332"/><trkpt lat="64.9846095" lon="25.4822494"/><trkpt lat="64.985576" lon="25.4816754"/><trkpt lat="64.9885647" lon="25.4799328"/><trkpt lat="64.989024" lon="25.4796589"/><trkpt lat="64.9908338" lon="25.4785637"/><trkpt lat="64.9914178" lon="25.4782103"/><trkpt lat="64.9923799" lon="25.4776604"/><trkpt lat="64.9943612" lon="25.4765141"/><trkpt lat="64.9954644" lon="25.4758459"/><trkpt lat="64.9967339" lon="25.4750769"/><trkpt lat="64.9977556" lon="25.4745011"/><trkpt lat="64.9982497" lon="25.4742093"/><trkpt lat="64.9984339" lon="25.4741005"/><trkpt lat="64.9987141" lon="25.473945"/><trkpt lat="64.9990008" lon="25.4737984"/><trkpt lat="64.9993282" lon="25.4736484"/><trkpt lat="64.9996815" lon="25.4735189"/><trkpt lat="65.0000413" lon="25.4734246"/><trkpt lat="65.0003554" lon="25.473366"/><trkpt lat="65.0006699" lon="25.4733352"/><trkpt lat="65.0010584" lon="25.4733298"/><trkpt lat="65.0014474" lon="25.4733616"/><trkpt lat="65.0014744" lon="25.4733666"/><trkpt lat="65.0015112" lon="25.4733733"/><trkpt lat="65.0018315" lon="25.4734322"/><trkpt lat="65.0020242" lon="25.4734816"/><trkpt lat="65.0022127" lon="25.4735399"/><trkpt lat="65.0023312" lon="25.4735827"/><trkpt lat="65.0025276" lon="25.4736588"/><trkpt lat="65.0027815" lon="25.4737701"/><trkpt lat="65.0030716" lon="25.4739195"/><trkpt lat="65.0033576" lon="25.4740889"/><trkpt lat="65.0036353" lon="25.4742801"/><trkpt lat="65.0038123" lon="25.4744128"/><trkpt lat="65.0039127" lon="25.4744881"/><trkpt lat="65.0041392" lon="25.4746715"/><trkpt lat="65.0043622" lon="25.4748755"/><trkpt lat="65.0046191" lon="25.475126"/><trkpt lat="65.0048669" lon="25.4753827"/><trkpt lat="65.004961" lon="25.4754869"/><trkpt lat="65.0053414" lon="25.4759456"/><trkpt lat="65.0055058" lon="25.4761635"/><trkpt lat="65.0057322" lon="25.4764635"/><trkpt lat="65.0062159" lon="25.4771716"/><trkpt lat="65.0063709" lon="25.4773986"/><trkpt lat="65.0065279" lon="25.4776403"/><trkpt lat="65.0065841" lon="25.4777214"/><trkpt lat="65.0073411" lon="25.4788533"/><trkpt lat="65.0074275" lon="25.4789714"/><trkpt lat="65.00751" lon="25.479084"/><trkpt lat="65.00782" lon="25.479542"/><trkpt lat="65.0078362" lon="25.4795659"/><trkpt lat="65.0081028" lon="25.47996"/><trkpt lat="65.0103841" lon="25.4833341"/><trkpt lat="65.0105166" lon="25.4835286"/><trkpt lat="65.0118201" lon="25.4854427"/><trkpt lat="65.0118398" lon="25.4854716"/><trkpt lat="65.0119723" lon="25.4856662"/><trkpt lat="65.012189" lon="25.4859109"/><trkpt lat="65.0123785" lon="25.4861186"/><trkpt lat="65.0126079" lon="25.4863854"/><trkpt lat="65.0126788" lon="25.4864829"/><trkpt lat="65.0129776" lon="25.4869145"/><trkpt lat="65.0130598" lon="25.487029"/><trkpt lat="65.0134064" lon="25.487526"/><trkpt lat="65.0137152" lon="25.487958"/><trkpt lat="65.0138056" lon="25.4880853"/><trkpt lat="65.0139926" lon="25.4883508"/><trkpt lat="65.0141151" lon="25.4885001"/><trkpt lat="65.0141643" lon="25.4885614"/><trkpt lat="65.0147055" lon="25.4891027"/><trkpt lat="65.0150094" lon="25.4894839"/><trkpt lat="65.0156586" lon="25.4902983"/><trkpt lat="65.0161579" lon="25.4909084"/><trkpt lat="65.016667" lon="25.4915423"/><trkpt lat="65.0171789" lon="25.4921756"/><trkpt lat="65.0174558" lon="25.492521"/><trkpt lat="65.0181791" lon="25.4934097"/><trkpt lat="65.0185328" lon="25.4938442"/><trkpt lat="65.0185487" lon="25.4938637"/><trkpt lat="65.0190957" lon="25.4945526"/><trkpt lat="65.0195656" lon="25.4951266"/><trkpt lat="65.019956" lon="25.4956039"/><trkpt lat="65.0201139" lon="25.495782"/><trkpt lat="65.0202868" lon="25.4959575"/><trkpt lat="65.0204135" lon="25.4960621"/><trkpt lat="65.0206309" lon="25.4962129"/><trkpt lat="65.0208215" lon="25.4963262"/><trkpt lat="65.0208634" lon="25.4963519"/><trkpt lat="65.0210151" lon="25.4964271"/><trkpt lat="65.0211089" lon="25.4964604"/><trkpt lat="65.0212135" lon="25.4964916"/><trkpt lat="65.0212614" lon="25.4965012"/><trkpt lat="65.0213946" lon="25.4965303"/><trkpt lat="65.0214137" lon="25.4965319"/><trkpt lat="65.0214908" lon="25.4965368"/><trkpt lat="65.0217842" lon="25.4965288"/><trkpt lat="65.0220631" lon="25.4964945"/><trkpt lat="65.0229844" lon="25.4963576"/><trkpt lat="65.0230823" lon="25.4963419"/><trkpt lat="65.0234691" lon="25.4962798"/><trkpt lat="65.0236729" lon="25.4962"/><trkpt lat="65.0239571" lon="25.4960449"/><trkpt lat="65.024134" lon="25.4959484"/><trkpt lat="65.0242378" lon="25.495877"/><trkpt lat="65.0244339" lon="25.4957457"/><trkpt lat="65.0246573" lon="25.4955706"/><trkpt lat="65.0248293" lon="25.4954049"/><trkpt lat="65.0252131" lon="25.4949588"/><trkpt lat="65.0255419" lon="25.4944995"/><trkpt lat="65.0258738" lon="25.4939599"/><trkpt lat="65.0259049" lon="25.4939092"/><trkpt lat="65.0259565" lon="25.4938252"/><trkpt lat="65.0260887" lon="25.493585"/><trkpt lat="65.026199" lon="25.4933636"/><trkpt lat="65.0263131" lon="25.4931198"/><trkpt lat="65.0264701" lon="25.4927158"/><trkpt lat="65.0266698" lon="25.4921699"/><trkpt lat="65.0267603" lon="25.4919157"/><trkpt lat="65.0268803" lon="25.4915648"/><trkpt lat="65.0269883" lon="25.4912092"/><trkpt lat="65.0270908" lon="25.4908433"/><trkpt lat="65.0271608" lon="25.4905611"/><trkpt lat="65.0272571" lon="25.4901378"/><trkpt lat="65.027334" lon="25.4897752"/><trkpt lat="65.0274248" lon="25.4893044"/><trkpt lat="65.027504" lon="25.4888554"/><trkpt lat="65.0275695" lon="25.4884344"/><trkpt lat="65.0276281" lon="25.4880107"/><trkpt lat="65.0276915" lon="25.4874443"/><trkpt lat="65.0277469" lon="25.4868827"/><trkpt lat="65.0278005" lon="25.4862274"/><trkpt lat="65.0278163" lon="25.4860345"/><trkpt lat="65.0278924" lon="25.4850932"/><trkpt lat="65.0279105" lon="25.4848705"/><trkpt lat="65.0279275" lon="25.4846604"/><trkpt lat="65.0280073" lon="25.4836736"/><trkpt lat="65.0284138" lon="25.4786251"/><trkpt lat="65.0290067" lon="25.4712746"/><trkpt lat="65.0291953" lon="25.4690078"/><trkpt lat="65.0292194" lon="25.4687266"/><trkpt lat="65.0293267" lon="25.4676017"/><trkpt lat="65.0294495" lon="25.466473"/><trkpt lat="65.0295508" lon="25.4658722"/><trkpt lat="65.0296295" lon="25.4654042"/><trkpt lat="65.0296515" lon="25.4652856"/><trkpt lat="65.0297311" lon="25.4648781"/><trkpt lat="65.029866" lon="25.4641801"/><trkpt lat="65.0299813" lon="25.4636721"/><trkpt lat="65.0300764" lon="25.4632532"/><trkpt lat="65.0301034" lon="25.4631343"/><trkpt lat="65.0302721" lon="25.4625227"/><trkpt lat="65.0303502" lon="25.4622395"/><trkpt lat="65.0306713" lon="25.4612061"/><trkpt lat="65.0307502" lon="25.460982"/><trkpt lat="65.030926" lon="25.4604824"/><trkpt lat="65.0311661" lon="25.4599173"/><trkpt lat="65.0312698" lon="25.459679"/><trkpt lat="65.031646" lon="25.4588146"/><trkpt lat="65.0319455" lon="25.4582686"/><trkpt lat="65.032225" lon="25.4578136"/><trkpt lat="65.0325366" lon="25.4573096"/><trkpt lat="65.032727" lon="25.4570585"/><trkpt lat="65.0329833" lon="25.4567082"/><trkpt lat="65.0335419" lon="25.4560319"/><trkpt lat="65.0340306" lon="25.4554495"/><trkpt lat="65.0347807" lon="25.4545633"/><trkpt lat="65.0356528" lon="25.4535329"/><trkpt lat="65.0358166" lon="25.4533346"/><trkpt lat="65.0363322" lon="25.4527167"/><trkpt lat="65.036504" lon="25.452517"/><trkpt lat="65.0378538" lon="25.4509126"/><trkpt lat="65.0382151" lon="25.4504831"/><trkpt lat="65.0391345" lon="25.4494001"/><trkpt lat="65.0396106" lon="25.4488495"/><trkpt lat="65.0410252" lon="25.4471314"/><trkpt lat="65.0417783" lon="25.4460698"/><trkpt lat="65.0423825" lon="25.4450683"/><trkpt lat="65.0425977" lon="25.4446735"/><trkpt lat="65.0428269" lon="25.4442665"/><trkpt lat="65.0432829" lon="25.4434134"/><trkpt lat="65.0434073" lon="25.4431808"/><trkpt lat="65.0440247" lon="25.441993"/><trkpt lat="65.0441333" lon="25.4418008"/><trkpt lat="65.0448896" lon="25.4404785"/><trkpt lat="65.0452988" lon="25.4399195"/><trkpt lat="65.045714" lon="25.4394323"/><trkpt lat="65.0462405" lon="25.4390029"/><trkpt lat="65.0465593" lon="25.4388091"/><trkpt lat="65.0472125" lon="25.4385495"/><trkpt lat="65.047655" lon="25.4384816"/><trkpt lat="65.0477979" lon="25.4384725"/><trkpt lat="65.0480581" lon="25.4384559"/><trkpt lat="65.0484383" lon="25.4384436"/><trkpt lat="65.049156" lon="25.4384195"/><trkpt lat="65.0525675" lon="25.4382861"/><trkpt lat="65.0527777" lon="25.4382789"/><trkpt lat="65.0544137" lon="25.43821"/><trkpt lat="65.0549874" lon="25.438145"/><trkpt lat="65.0555361" lon="25.4380314"/><trkpt lat="65.056383" lon="25.437732"/><trkpt lat="65.0579117" lon="25.4371284"/><trkpt lat="65.0609231" lon="25.4359296"/><trkpt lat="65.0613327" lon="25.4357697"/><trkpt lat="65.061424" lon="25.4357341"/><trkpt lat="65.0614333" lon="25.4357307"/><trkpt lat="65.0656257" lon="25.434094"/><trkpt lat="65.0698522" lon="25.4324108"/><trkpt lat="65.0702707" lon="25.432242"/><trkpt lat="65.0712187" lon="25.4318646"/><trkpt lat="65.0728413" lon="25.4312242"/><trkpt lat="65.0729711" lon="25.4311729"/><trkpt lat="65.0731302" lon="25.4311101"/><trkpt lat="65.0746791" lon="25.4304988"/><trkpt lat="65.0748538" lon="25.4304298"/><trkpt lat="65.0762824" lon="25.4298659"/><trkpt lat="65.0764894" lon="25.4297834"/><trkpt lat="65.0790891" lon="25.4287469"/><trkpt lat="65.0813967" lon="25.4278273"/><trkpt lat="65.082007" lon="25.427584"/><trkpt lat="65.0821054" lon="25.4275454"/><trkpt lat="65.0822772" lon="25.427478"/><trkpt lat="65.083681" lon="25.4269274"/><trkpt lat="65.0869093" lon="25.425661"/><trkpt lat="65.0879319" lon="25.4252631"/><trkpt lat="65.0884828" lon="25.4250437"/><trkpt lat="65.0887652" lon="25.4249329"/><trkpt lat="65.0889864" lon="25.4248447"/><trkpt lat="65.0893675" lon="25.4246926"/><trkpt lat="65.0917498" lon="25.4237423"/><trkpt lat="65.0927486" lon="25.4233539"/><trkpt lat="65.0939119" lon="25.4229015"/><trkpt lat="65.094736" lon="25.422639"/><trkpt lat="65.0967659" lon="25.4221174"/><trkpt lat="65.0974552" lon="25.4219462"/><trkpt lat="65.0980746" lon="25.4217923"/><trkpt lat="65.0991467" lon="25.4215204"/><trkpt lat="65.0995331" lon="25.4214112"/><trkpt lat="65.0999429" lon="25.4213072"/><trkpt lat="65.1018655" lon="25.4208191"/><trkpt lat="65.1019422" lon="25.4207997"/><trkpt lat="65.1033821" lon="25.4204341"/><trkpt lat="65.1056686" lon="25.4198588"/><trkpt lat="65.1072219" lon="25.4194521"/><trkpt lat="65.1076534" lon="25.4193418"/><trkpt lat="65.114097" lon="25.4177064"/><trkpt lat="65.1145688" lon="25.417582"/><trkpt lat="65.1148025" lon="25.4175222"/><trkpt lat="65.1154309" lon="25.4173483"/><trkpt lat="65.1179217" lon="25.4167215"/><trkpt lat="65.1181413" lon="25.4166759"/><trkpt lat="65.1193323" lon="25.4164311"/><trkpt lat="65.1203278" lon="25.4164206"/><trkpt lat="65.1206622" lon="25.416417"/><trkpt lat="65.1211851" lon="25.4164115"/><trkpt lat="65.1234761" lon="25.4164204"/><trkpt lat="65.1245219" lon="25.4164313"/><trkpt lat="65.1314642" lon="25.4164783"/><trkpt lat="65.131977" lon="25.416498"/><trkpt lat="65.1324398" lon="25.4165922"/><trkpt lat="65.1324943" lon="25.4166014"/><trkpt lat="65.1329501" lon="25.4167168"/><trkpt lat="65.1333818" lon="25.4169358"/><trkpt lat="65.133826" lon="25.4171937"/><trkpt lat="65.1343732" lon="25.4175618"/><trkpt lat="65.1348705" lon="25.4179867"/><trkpt lat="65.135399" lon="25.4184637"/><trkpt lat="65.1362003" lon="25.4191656"/><trkpt lat="65.1370153" lon="25.4198093"/><trkpt lat="65.1374759" lon="25.4200977"/><trkpt lat="65.1379484" lon="25.4203077"/><trkpt lat="65.1385421" lon="25.4204769"/><trkpt lat="65.1391536" lon="25.4205674"/><trkpt lat="65.1410466" lon="25.4206431"/><trkpt lat="65.1425723" lon="25.4206883"/><trkpt lat="65.1439075" lon="25.420729"/><trkpt lat="65.1456786" lon="25.420818"/><trkpt lat="65.1457804" lon="25.4208231"/><trkpt lat="65.1465116" lon="25.4207969"/><trkpt lat="65.1474552" lon="25.4206604"/><trkpt lat="65.1487373" lon="25.4201982"/><trkpt lat="65.1499988" lon="25.4196501"/><trkpt lat="65.1557789" lon="25.4171368"/><trkpt lat="65.1579572" lon="25.4162049"/><trkpt lat="65.1583133" lon="25.4160539"/><trkpt lat="65.1588299" lon="25.4158287"/><trkpt lat="65.1599568" lon="25.4153416"/><trkpt lat="65.1600562" lon="25.4152997"/><trkpt lat="65.1611336" lon="25.4148315"/><trkpt lat="65.161561" lon="25.4146284"/><trkpt lat="65.1626199" lon="25.414193"/><trkpt lat="65.1637434" lon="25.4138366"/><trkpt lat="65.1676739" lon="25.4128763"/><trkpt lat="65.1682147" lon="25.4127554"/><trkpt lat="65.1749764" lon="25.4110168"/><trkpt lat="65.1750013" lon="25.4110121"/><trkpt lat="65.1765751" lon="25.4106077"/><trkpt lat="65.1785209" lon="25.4101143"/><trkpt lat="65.1812154" lon="25.4094129"/><trkpt lat="65.1854255" lon="25.4087423"/><trkpt lat="65.1854577" lon="25.4087372"/><trkpt lat="65.1904775" lon="25.4079519"/><trkpt lat="65.1922877" lon="25.4076359"/><trkpt lat="65.1929532" lon="25.4075249"/><trkpt lat="65.19387" lon="25.4073836"/><trkpt lat="65.1940926" lon="25.4073491"/><trkpt lat="65.1943954" lon="25.4072988"/><trkpt lat="65.1946545" lon="25.4072495"/><trkpt lat="65.1974779" lon="25.4068031"/><trkpt lat="65.2008253" lon="25.4062822"/><trkpt lat="65.2014118" lon="25.4063005"/><trkpt lat="65.2019958" lon="25.4064115"/><trkpt lat="65.2023463" lon="25.4065159"/><trkpt lat="65.2027292" lon="25.4066641"/><trkpt lat="65.2029396" lon="25.4067464"/><trkpt lat="65.203287" lon="25.4068808"/><trkpt lat="65.2034999" lon="25.4069653"/><trkpt lat="65.2064763" lon="25.4081885"/><trkpt lat="65.2101895" lon="25.4097148"/><trkpt lat="65.2108565" lon="25.4099803"/><trkpt lat="65.2121319" lon="25.4104971"/><trkpt lat="65.2179355" lon="25.4128815"/><trkpt lat="65.2209583" lon="25.4141272"/><trkpt lat="65.2215111" lon="25.4143588"/><trkpt lat="65.2239566" lon="25.4153615"/><trkpt lat="65.224687" lon="25.4157617"/><trkpt lat="65.2251559" lon="25.4161003"/><trkpt lat="65.2257335" lon="25.4165892"/><trkpt lat="65.2263149" lon="25.4172177"/><trkpt lat="65.2281152" lon="25.4194433"/><trkpt lat="65.2284593" lon="25.4198386"/><trkpt lat="65.2288194" lon="25.4202002"/><trkpt lat="65.2293106" lon="25.420592"/><trkpt lat="65.229676" lon="25.4208487"/><trkpt lat="65.2306687" lon="25.421294"/><trkpt lat="65.2313187" lon="25.4214549"/><trkpt lat="65.2328185" lon="25.4216727"/><trkpt lat="65.2333068" lon="25.4218045"/><trkpt lat="65.2337393" lon="25.4219705"/><trkpt lat="65.2343519" lon="25.4222529"/><trkpt lat="65.2379899" lon="25.4244974"/><trkpt lat="65.2383832" lon="25.4247387"/><trkpt lat="65.2384608" lon="25.4247866"/><trkpt lat="65.2385439" lon="25.4248372"/><trkpt lat="65.2408664" lon="25.4262522"/><trkpt lat="65.2427571" lon="25.4272629"/><trkpt lat="65.2433335" lon="25.4274783"/><trkpt lat="65.2439355" lon="25.4276633"/><trkpt lat="65.244697" lon="25.4277572"/><trkpt lat="65.2454533" lon="25.427797"/><trkpt lat="65.2468081" lon="25.4278094"/><trkpt lat="65.2530835" lon="25.4278316"/><trkpt lat="65.2557415" lon="25.4278195"/><trkpt lat="65.2589583" lon="25.4278015"/><trkpt lat="65.264697" lon="25.4278122"/><trkpt lat="65.2647154" lon="25.4278121"/><trkpt lat="65.2736543" lon="25.427847"/><trkpt lat="65.2785453" lon="25.4278648"/><trkpt lat="65.278656" lon="25.4278662"/><trkpt lat="65.2787438" lon="25.4278646"/><trkpt lat="65.2826065" lon="25.4278544"/><trkpt lat="65.2915922" lon="25.4278524"/><trkpt lat="65.2917684" lon="25.4278538"/><trkpt lat="65.2977747" lon="25.4278544"/><trkpt lat="65.3005277" lon="25.4278471"/><trkpt lat="65.302121" lon="25.4278618"/><trkpt lat="65.3030792" lon="25.4279303"/><trkpt lat="65.3035917" lon="25.4279965"/><trkpt lat="65.3044152" lon="25.4284305"/><trkpt lat="65.3049742" lon="25.4288026"/><trkpt lat="65.305464" lon="25.4292244"/><trkpt lat="65.3058842" lon="25.4296156"/><trkpt lat="65.305965" lon="25.4296999"/><trkpt lat="65.3062449" lon="25.429959"/><trkpt lat="65.3064587" lon="25.4302025"/><trkpt lat="65.3069839" lon="25.4308006"/><trkpt lat="65.3090254" lon="25.4332022"/><trkpt lat="65.3099484" lon="25.4343071"/><trkpt lat="65.3123879" lon="25.4369564"/><trkpt lat="65.3126994" lon="25.4373016"/><trkpt lat="65.3131406" lon="25.4377855"/><trkpt lat="65.3155129" lon="25.4403877"/><trkpt lat="65.3160891" lon="25.4408298"/><trkpt lat="65.3166137" lon="25.441163"/><trkpt lat="65.3172485" lon="25.4414387"/><trkpt lat="65.3173738" lon="25.4414792"/><trkpt lat="65.3179113" lon="25.4415962"/><trkpt lat="65.3198081" lon="25.4418805"/><trkpt lat="65.3204739" lon="25.4419803"/><trkpt lat="65.3205699" lon="25.4420014"/><trkpt lat="65.3207047" lon="25.4420218"/><trkpt lat="65.3208342" lon="25.4420415"/><trkpt lat="65.3215281" lon="25.4421466"/><trkpt lat="65.3218634" lon="25.4421975"/><trkpt lat="65.3222567" lon="25.4422571"/><trkpt lat="65.322268" lon="25.4422588"/><trkpt lat="65.3222834" lon="25.4422611"/><trkpt lat="65.3223226" lon="25.4422671"/><trkpt lat="65.3224542" lon="25.442287"/><trkpt lat="65.3242141" lon="25.4425519"/><trkpt lat="65.3261297" lon="25.4428242"/><trkpt lat="65.3261396" lon="25.4428256"/><trkpt lat="65.3261698" lon="25.4428279"/><trkpt lat="65.3264049" lon="25.4428272"/><trkpt lat="65.3267352" lon="25.4427923"/><trkpt lat="65.3274896" lon="25.442684"/><trkpt lat="65.3350947" lon="25.4415192"/><trkpt lat="65.3358299" lon="25.4413902"/><trkpt lat="65.3374807" lon="25.4411241"/><trkpt lat="65.3404114" lon="25.440357"/><trkpt lat="65.3404455" lon="25.4403467"/><trkpt lat="65.3404551" lon="25.4403438"/><trkpt lat="65.3404782" lon="25.4403369"/><trkpt lat="65.3410291" lon="25.4401716"/><trkpt lat="65.341137" lon="25.4401392"/><trkpt lat="65.3440109" lon="25.4390123"/><trkpt lat="65.3527895" lon="25.4346808"/><trkpt lat="65.3583887" lon="25.4318767"/><trkpt lat="65.3585088" lon="25.431818"/><trkpt lat="65.359446" lon="25.4313456"/><trkpt lat="65.3615143" lon="25.4303276"/><trkpt lat="65.3700042" lon="25.4262051"/><trkpt lat="65.3700231" lon="25.4261959"/><trkpt lat="65.3702784" lon="25.426068"/><trkpt lat="65.3717477" lon="25.4253524"/><trkpt lat="65.3738083" lon="25.4243372"/><trkpt lat="65.3790326" lon="25.4217868"/><trkpt lat="65.3878032" lon="25.4175253"/><trkpt lat="65.3951925" lon="25.4139036"/><trkpt lat="65.3964222" lon="25.4133008"/><trkpt lat="65.3965564" lon="25.413235"/><trkpt lat="65.404704" lon="25.4092666"/><trkpt lat="65.4053659" lon="25.4089441"/><trkpt lat="65.4061819" lon="25.4085474"/><trkpt lat="65.4082657" lon="25.4075246"/><trkpt lat="65.4086701" lon="25.4073509"/><trkpt lat="65.4091545" lon="25.4071828"/><trkpt lat="65.4095688" lon="25.4070659"/><trkpt lat="65.4099339" lon="25.4069854"/><trkpt lat="65.4103619" lon="25.406947"/><trkpt lat="65.4107201" lon="25.406929"/><trkpt lat="65.4111543" lon="25.4069394"/><trkpt lat="65.4115706" lon="25.4069622"/><trkpt lat="65.4142008" lon="25.4072428"/><trkpt lat="65.4162771" lon="25.4074436"/><trkpt lat="65.4217779" lon="25.4079985"/><trkpt lat="65.4218989" lon="25.4080107"/><trkpt lat="65.42316" lon="25.4081379"/><trkpt lat="65.4266842" lon="25.408495"/><trkpt lat="65.4275548" lon="25.4084375"/><trkpt lat="65.4284456" lon="25.4082564"/><trkpt lat="65.4291318" lon="25.4079623"/><trkpt lat="65.4297949" lon="25.4076384"/><trkpt lat="65.4319944" lon="25.4063671"/><trkpt lat="65.4335579" lon="25.405483"/><trkpt lat="65.4404169" lon="25.4014573"/><trkpt lat="65.4406859" lon="25.4013008"/><trkpt lat="65.4451017" lon="25.3987445"/><trkpt lat="65.4494601" lon="25.3969677"/><trkpt lat="65.4517067" lon="25.396057"/><trkpt lat="65.4518404" lon="25.3960072"/><trkpt lat="65.4521602" lon="25.3958612"/><trkpt lat="65.4526745" lon="25.3956057"/><trkpt lat="65.4529129" lon="25.3954331"/><trkpt lat="65.4533624" lon="25.3950582"/><trkpt lat="65.4537153" lon="25.3946898"/><trkpt lat="65.4542653" lon="25.394076"/><trkpt lat="65.4573833" lon="25.3902999"/><trkpt lat="65.4576216" lon="25.3900666"/><trkpt lat="65.4578318" lon="25.3898989"/><trkpt lat="65.4583095" lon="25.3895381"/><trkpt lat="65.4586328" lon="25.389356"/><trkpt lat="65.4589525" lon="25.3892065"/><trkpt lat="65.4594387" lon="25.3890462"/><trkpt lat="65.4598058" lon="25.3889912"/><trkpt lat="65.4601741" lon="25.3889821"/><trkpt lat="65.460641" lon="25.3890589"/><trkpt lat="65.4629015" lon="25.3895822"/><trkpt lat="65.4633516" lon="25.3896582"/><trkpt lat="65.463968" lon="25.3897669"/><trkpt lat="65.4645321" lon="25.3898924"/><trkpt lat="65.4650386" lon="25.3899911"/><trkpt lat="65.4656252" lon="25.3900483"/><trkpt lat="65.4659748" lon="25.3899843"/><trkpt lat="65.4662352" lon="25.3898801"/><trkpt lat="65.4665426" lon="25.3897238"/><trkpt lat="65.4666699" lon="25.3896338"/><trkpt lat="65.4668742" lon="25.3894658"/><trkpt lat="65.4670512" lon="25.3892806"/><trkpt lat="65.4674491" lon="25.3888568"/><trkpt lat="65.4682208" lon="25.3879881"/><trkpt lat="65.4686851" lon="25.3873742"/><trkpt lat="65.4688987" lon="25.3870225"/><trkpt lat="65.4692183" lon="25.3863986"/><trkpt lat="65.4693753" lon="25.3860469"/><trkpt lat="65.4695751" lon="25.3855458"/><trkpt lat="65.4697597" lon="25.3850182"/><trkpt lat="65.4699512" lon="25.3843778"/><trkpt lat="65.4700848" lon="25.383807"/><trkpt lat="65.4702336" lon="25.3831732"/><trkpt lat="65.4706483" lon="25.3811937"/><trkpt lat="65.4709502" lon="25.3796357"/><trkpt lat="65.471223" lon="25.3781152"/><trkpt lat="65.4714743" lon="25.3766651"/><trkpt lat="65.4717821" lon="25.3747036"/><trkpt lat="65.4719557" lon="25.373576"/><trkpt lat="65.4726062" lon="25.3693256"/><trkpt lat="65.4727698" lon="25.3683026"/><trkpt lat="65.4729471" lon="25.3673359"/><trkpt lat="65.4731906" lon="25.3661674"/><trkpt lat="65.4734516" lon="25.3650458"/><trkpt lat="65.4737926" lon="25.3638069"/><trkpt lat="65.4741081" lon="25.3628449"/><trkpt lat="65.474414" lon="25.3619626"/><trkpt lat="65.4748601" lon="25.3608176"/><trkpt lat="65.4752302" lon="25.3600339"/><trkpt lat="65.4756957" lon="25.3591422"/><trkpt lat="65.4761681" lon="25.3583147"/><trkpt lat="65.4767018" lon="25.3575404"/><trkpt lat="65.4770067" lon="25.3571701"/><trkpt lat="65.4773777" lon="25.3567236"/><trkpt lat="65.4807587" lon="25.3531289"/><trkpt lat="65.4851959" lon="25.3484815"/><trkpt lat="65.4918583" lon="25.3414537"/><trkpt lat="65.4924338" lon="25.3408495"/><trkpt lat="65.4924921" lon="25.3407875"/><trkpt lat="65.4933852" lon="25.3398508"/><trkpt lat="65.4953052" lon="25.3378081"/><trkpt lat="65.4993961" lon="25.3334927"/><trkpt lat="65.5006364" lon="25.3321685"/><trkpt lat="65.501291" lon="25.3313645"/><trkpt lat="65.5015488" lon="25.3310304"/><trkpt lat="65.5020934" lon="25.330286"/><trkpt lat="65.5026263" lon="25.3294686"/><trkpt lat="65.5060042" lon="25.3237876"/><trkpt lat="65.5060113" lon="25.3237757"/><trkpt lat="65.5089199" lon="25.3188212"/><trkpt lat="65.5102707" lon="25.3165221"/><trkpt lat="65.5129733" lon="25.3113193"/><trkpt lat="65.5160986" lon="25.3059555"/><trkpt lat="65.5167505" lon="25.3048484"/><trkpt lat="65.5184317" lon="25.3019621"/><trkpt lat="65.5211902" lon="25.2972324"/><trkpt lat="65.5233815" lon="25.2934605"/><trkpt lat="65.5233992" lon="25.2934319"/><trkpt lat="65.5244085" lon="25.2917208"/><trkpt lat="65.524551" lon="25.291471"/><trkpt lat="65.5258298" lon="25.289211"/><trkpt lat="65.5268428" lon="25.2872811"/><trkpt lat="65.5273032" lon="25.2863035"/><trkpt lat="65.5277375" lon="25.2853591"/><trkpt lat="65.5289231" lon="25.2826664"/><trkpt lat="65.5293853" lon="25.2816847"/><trkpt lat="65.5296198" lon="25.2812207"/><trkpt lat="65.5298889" lon="25.2807144"/><trkpt lat="65.5303347" lon="25.2799872"/><trkpt lat="65.5303586" lon="25.279952"/><trkpt lat="65.5316118" lon="25.2781685"/><trkpt lat="65.5318723" lon="25.2778078"/><trkpt lat="65.53243" lon="25.2770209"/><trkpt lat="65.5343098" lon="25.2743685"/><trkpt lat="65.5369068" lon="25.2707492"/><trkpt lat="65.5380269" lon="25.2691833"/><trkpt lat="65.5390108" lon="25.2678094"/><trkpt lat="65.539408" lon="25.2672543"/><trkpt lat="65.5398522" lon="25.2666409"/><trkpt lat="65.5423249" lon="25.2632139"/><trkpt lat="65.5425407" lon="25.2629321"/><trkpt lat="65.5458485" lon="25.2586684"/><trkpt lat="65.5497582" lon="25.2536138"/><trkpt lat="65.5532856" lon="25.2490387"/><trkpt lat="65.553737" lon="25.2484607"/><trkpt lat="65.5543211" lon="25.2477161"/><trkpt lat="65.5609252" lon="25.2391508"/><trkpt lat="65.561603" lon="25.2382711"/><trkpt lat="65.5616463" lon="25.2382159"/><trkpt lat="65.5644104" lon="25.2346009"/><trkpt lat="65.5670533" lon="25.2310848"/><trkpt lat="65.5678305" lon="25.2301288"/><trkpt lat="65.56841" lon="25.2294159"/><trkpt lat="65.5695217" lon="25.2281093"/><trkpt lat="65.5695432" lon="25.2280862"/><trkpt lat="65.5697442" lon="25.2278503"/><trkpt lat="65.5707814" lon="25.2268527"/><trkpt lat="65.570956" lon="25.2267198"/><trkpt lat="65.5728266" lon="25.2255096"/><trkpt lat="65.5741781" lon="25.2247394"/><trkpt lat="65.5781183" lon="25.2225155"/><trkpt lat="65.5788401" lon="25.2221249"/><trkpt lat="65.5837436" lon="25.2193698"/><trkpt lat="65.5841766" lon="25.2191254"/><trkpt lat="65.5841982" lon="25.2191135"/><trkpt lat="65.5868249" lon="25.2176184"/><trkpt lat="65.5883521" lon="25.2167432"/><trkpt lat="65.588954" lon="25.2163498"/><trkpt lat="65.5899745" lon="25.2154354"/><trkpt lat="65.5908774" lon="25.2144855"/><trkpt lat="65.5915218" lon="25.213683"/><trkpt lat="65.5927193" lon="25.2117746"/><trkpt lat="65.5938843" lon="25.2098229"/><trkpt lat="65.5947972" lon="25.2082552"/><trkpt lat="65.5951042" lon="25.2077245"/><trkpt lat="65.5952155" lon="25.207533"/><trkpt lat="65.6000669" lon="25.1992005"/><trkpt lat="65.6004416" lon="25.1985572"/><trkpt lat="65.6006323" lon="25.1982301"/><trkpt lat="65.6016698" lon="25.1964507"/><trkpt lat="65.6021102" lon="25.1957027"/><trkpt lat="65.6047206" lon="25.191241"/><trkpt lat="65.6053792" lon="25.1900795"/><trkpt lat="65.6089734" lon="25.1839254"/><trkpt lat="65.6094212" lon="25.1831394"/><trkpt lat="65.6146761" lon="25.1741624"/><trkpt lat="65.6175754" lon="25.1691692"/><trkpt lat="65.6219823" lon="25.1615467"/><trkpt lat="65.6237881" lon="25.1582244"/><trkpt lat="65.6258517" lon="25.1540929"/><trkpt lat="65.6279434" lon="25.1498112"/><trkpt lat="65.627953" lon="25.1497915"/><trkpt lat="65.6288987" lon="25.1478366"/><trkpt lat="65.635719" lon="25.1339676"/><trkpt lat="65.6375086" lon="25.1304604"/><trkpt lat="65.6381822" lon="25.1290729"/><trkpt lat="65.6381987" lon="25.1290397"/><trkpt lat="65.6425963" lon="25.1201033"/><trkpt lat="65.6455781" lon="25.114088"/><trkpt lat="65.6494561" lon="25.1061462"/><trkpt lat="65.6501542" lon="25.1047316"/><trkpt lat="65.6535378" lon="25.0978"/><trkpt lat="65.6552488" lon="25.0943132"/><trkpt lat="65.6562767" lon="25.0922602"/><trkpt lat="65.6588756" lon="25.0870079"/><trkpt lat="65.659531" lon="25.0856453"/><trkpt lat="65.6600006" lon="25.0845809"/><trkpt lat="65.6602694" lon="25.083894"/><trkpt lat="65.6607178" lon="25.0824646"/><trkpt lat="65.6609909" lon="25.0814662"/><trkpt lat="65.6612135" lon="25.0804599"/><trkpt lat="65.661375" lon="25.0796616"/><trkpt lat="65.6614566" lon="25.0791928"/><trkpt lat="65.6617367" lon="25.0773088"/><trkpt lat="65.6618997" lon="25.0759351"/><trkpt lat="65.6620183" lon="25.0749392"/><trkpt lat="65.6620431" lon="25.0747256"/><trkpt lat="65.6622871" lon="25.0721617"/><trkpt lat="65.6625118" lon="25.0694087"/><trkpt lat="65.662569" lon="25.0686778"/><trkpt lat="65.6625938" lon="25.0683601"/><trkpt lat="65.6626294" lon="25.0679054"/><trkpt lat="65.6626408" lon="25.0677473"/><trkpt lat="65.6627481" lon="25.0663626"/><trkpt lat="65.6635964" lon="25.0554256"/><trkpt lat="65.6636273" lon="25.054985"/><trkpt lat="65.6636484" lon="25.0547527"/><trkpt lat="65.6638168" lon="25.0525722"/><trkpt lat="65.6639579" lon="25.050469"/><trkpt lat="65.6642944" lon="25.0442477"/><trkpt lat="65.6645193" lon="25.0400889"/><trkpt lat="65.6645564" lon="25.0392925"/><trkpt lat="65.6648172" lon="25.0347593"/><trkpt lat="65.6649105" lon="25.032966"/><trkpt lat="65.6651798" lon="25.0279294"/><trkpt lat="65.6656482" lon="25.0231956"/><trkpt lat="65.6662615" lon="25.0178106"/><trkpt lat="65.6665084" lon="25.0142303"/><trkpt lat="65.666612" lon="25.0120024"/><trkpt lat="65.666734" lon="25.0094212"/><trkpt lat="65.6667492" lon="25.0090961"/><trkpt lat="65.6671476" lon="25.000601"/><trkpt lat="65.6673254" lon="24.9983313"/><trkpt lat="65.66749" lon="24.9968228"/><trkpt lat="65.6676916" lon="24.9952585"/><trkpt lat="65.6683491" lon="24.9914832"/><trkpt lat="65.668406" lon="24.9911525"/><trkpt lat="65.670276" lon="24.9804195"/><trkpt lat="65.6707401" lon="24.9772464"/><trkpt lat="65.6708289" lon="24.9764097"/><trkpt lat="65.6714402" lon="24.9709021"/><trkpt lat="65.6714783" lon="24.9705703"/><trkpt lat="65.6714833" lon="24.970525"/><trkpt lat="65.6731246" lon="24.9556183"/><trkpt lat="65.6738036" lon="24.9493964"/><trkpt lat="65.675301" lon="24.9359978"/><trkpt lat="65.6758618" lon="24.9307127"/><trkpt lat="65.6758654" lon="24.9306784"/><trkpt lat="65.6759095" lon="24.9302632"/><trkpt lat="65.6760974" lon="24.9286608"/><trkpt lat="65.6761759" lon="24.9279694"/><trkpt lat="65.6762313" lon="24.9274604"/><trkpt lat="65.6769001" lon="24.9212605"/><trkpt lat="65.6771388" lon="24.918986"/><trkpt lat="65.677407" lon="24.9161117"/><trkpt lat="65.6775837" lon="24.9135797"/><trkpt lat="65.6779467" lon="24.9072919"/><trkpt lat="65.6781722" lon="24.9036475"/><trkpt lat="65.679095" lon="24.8869508"/><trkpt lat="65.6791717" lon="24.8858715"/><trkpt lat="65.6803675" lon="24.8707931"/><trkpt lat="65.6804026" lon="24.8702392"/><trkpt lat="65.6804382" lon="24.8696773"/><trkpt lat="65.6804793" lon="24.8683244"/><trkpt lat="65.6804881" lon="24.8669082"/><trkpt lat="65.680476" lon="24.8660837"/><trkpt lat="65.6804607" lon="24.8645026"/><trkpt lat="65.6802743" lon="24.8523175"/><trkpt lat="65.6802324" lon="24.8496269"/><trkpt lat="65.6802282" lon="24.8493564"/><trkpt lat="65.6801263" lon="24.8428087"/><trkpt lat="65.680091" lon="24.8409195"/><trkpt lat="65.6800844" lon="24.8406307"/><trkpt lat="65.6800434" lon="24.8378344"/><trkpt lat="65.6800331" lon="24.8368156"/><trkpt lat="65.6800374" lon="24.8358926"/><trkpt lat="65.6800646" lon="24.8348556"/><trkpt lat="65.6801093" lon="24.8339204"/><trkpt lat="65.6801742" lon="24.8328867"/><trkpt lat="65.6802939" lon="24.8311791"/><trkpt lat="65.6806507" lon="24.8262034"/><trkpt lat="65.680804" lon="24.8241156"/><trkpt lat="65.6810155" lon="24.8211817"/><trkpt lat="65.6810399" lon="24.8208489"/><trkpt lat="65.6812101" lon="24.8185306"/><trkpt lat="65.681424" lon="24.8155026"/><trkpt lat="65.6816204" lon="24.8127328"/><trkpt lat="65.681819" lon="24.80998"/><trkpt lat="65.6821966" lon="24.8047378"/><trkpt lat="65.6825522" lon="24.7997354"/><trkpt lat="65.6825809" lon="24.7993342"/><trkpt lat="65.6827781" lon="24.7965833"/><trkpt lat="65.6828042" lon="24.796222"/><trkpt lat="65.6831021" lon="24.7920932"/><trkpt lat="65.6832929" lon="24.7895614"/><trkpt lat="65.6834047" lon="24.7882217"/><trkpt lat="65.6835269" lon="24.7869848"/><trkpt lat="65.6836601" lon="24.785673"/><trkpt lat="65.6838152" lon="24.7843011"/><trkpt lat="65.6840187" lon="24.7826471"/><trkpt lat="65.6841382" lon="24.7817508"/><trkpt lat="65.6842776" lon="24.7807754"/><trkpt lat="65.6844406" lon="24.7796744"/><trkpt lat="65.6845764" lon="24.7787969"/><trkpt lat="65.6848095" lon="24.7773697"/><trkpt lat="65.6850276" lon="24.7761124"/><trkpt lat="65.6852573" lon="24.7748761"/><trkpt lat="65.6855956" lon="24.7731691"/><trkpt lat="65.6861232" lon="24.770646"/><trkpt lat="65.6865831" lon="24.7684693"/><trkpt lat="65.6868708" lon="24.766981"/><trkpt lat="65.6874191" lon="24.7639879"/><trkpt lat="65.6883191" lon="24.759035"/><trkpt lat="65.6918956" lon="24.7393495"/><trkpt lat="65.6955051" lon="24.7193676"/><trkpt lat="65.6960474" lon="24.7163525"/><trkpt lat="65.6961336" lon="24.7158734"/><trkpt lat="65.6979236" lon="24.7060709"/><trkpt lat="65.6982594" lon="24.7045055"/><trkpt lat="65.6994409" lon="24.6999997"/><trkpt lat="65.7001541" lon="24.6972811"/><trkpt lat="65.7020057" lon="24.6905095"/><trkpt lat="65.7029637" lon="24.6870062"/><trkpt lat="65.7034184" lon="24.6852681"/><trkpt lat="65.7038623" lon="24.6834513"/><trkpt lat="65.7040486" lon="24.6826148"/><trkpt lat="65.7041875" lon="24.6819398"/><trkpt lat="65.7041904" lon="24.6819258"/><trkpt lat="65.7062151" lon="24.6720013"/><trkpt lat="65.7062717" lon="24.6717234"/><trkpt lat="65.7065008" lon="24.6706005"/><trkpt lat="65.7082184" lon="24.6622184"/><trkpt lat="65.7105316" lon="24.6508001"/><trkpt lat="65.7106953" lon="24.6499636"/><trkpt lat="65.7106997" lon="24.6499414"/><trkpt lat="65.7107921" lon="24.6495308"/><trkpt lat="65.7108549" lon="24.6492608"/><trkpt lat="65.7111546" lon="24.6479062"/><trkpt lat="65.7113812" lon="24.6469795"/><trkpt lat="65.7118653" lon="24.6452376"/><trkpt lat="65.7125262" lon="24.6430798"/><trkpt lat="65.7157685" lon="24.6325246"/><trkpt lat="65.7178656" lon="24.6256933"/><trkpt lat="65.7178733" lon="24.6256688"/><trkpt lat="65.7195327" lon="24.6203432"/><trkpt lat="65.7201308" lon="24.6183957"/><trkpt lat="65.7210815" lon="24.6152816"/><trkpt lat="65.7220375" lon="24.6121572"/><trkpt lat="65.7232463" lon="24.608273"/><trkpt lat="65.7245159" lon="24.6040526"/><trkpt lat="65.7249697" lon="24.6022483"/><trkpt lat="65.7254158" lon="24.6003754"/><trkpt lat="65.7256567" lon="24.5992443"/><trkpt lat="65.7262944" lon="24.5962579"/><trkpt lat="65.7267873" lon="24.5939447"/><trkpt lat="65.727026" lon="24.5929261"/><trkpt lat="65.7272193" lon="24.592179"/><trkpt lat="65.7277828" lon="24.5903308"/><trkpt lat="65.727911" lon="24.5899156"/><trkpt lat="65.7279386" lon="24.5898123"/><trkpt lat="65.7280492" lon="24.5893931"/><trkpt lat="65.7282826" lon="24.5884395"/><trkpt lat="65.7287149" lon="24.5863374"/><trkpt lat="65.7291629" lon="24.5846269"/><trkpt lat="65.7294443" lon="24.5837771"/><trkpt lat="65.7297736" lon="24.5829362"/><trkpt lat="65.7300975" lon="24.5822829"/><trkpt lat="65.730433" lon="24.5816999"/><trkpt lat="65.7307691" lon="24.5811893"/><trkpt lat="65.7313068" lon="24.5805968"/><trkpt lat="65.7314716" lon="24.5804305"/><trkpt lat="65.7317614" lon="24.5801529"/><trkpt lat="65.7318446" lon="24.5800837"/><trkpt lat="65.7322104" lon="24.5797311"/><trkpt lat="65.732367" lon="24.5795861"/><trkpt lat="65.732557" lon="24.5794078"/><trkpt lat="65.7327935" lon="24.5791629"/><trkpt lat="65.7332177" lon="24.5786312"/><trkpt lat="65.7337434" lon="24.5779852"/><trkpt lat="65.7343655" lon="24.5772039"/><trkpt lat="65.7349263" lon="24.5765029"/><trkpt lat="65.7367233" lon="24.5742509"/><trkpt lat="65.7386693" lon="24.571812"/><trkpt lat="65.7386867" lon="24.5717902"/><trkpt lat="65.7387337" lon="24.5717313"/><trkpt lat="65.7392054" lon="24.5711553"/><trkpt lat="65.7397114" lon="24.5705492"/><trkpt lat="65.7399543" lon="24.5703251"/><trkpt lat="65.7403502" lon="24.5700616"/><trkpt lat="65.7407341" lon="24.5699099"/><trkpt lat="65.7409949" lon="24.5698509"/><trkpt lat="65.7412336" lon="24.5698531"/><trkpt lat="65.742619" lon="24.5698661"/><trkpt lat="65.7429085" lon="24.5698689"/><trkpt lat="65.7431847" lon="24.5698895"/><trkpt lat="65.7439241" lon="24.5699207"/><trkpt lat="65.7443171" lon="24.5699334"/><trkpt lat="65.7446946" lon="24.5699392"/><trkpt lat="65.7448421" lon="24.5699361"/><trkpt lat="65.7465855" lon="24.5699118"/><trkpt lat="65.7466022" lon="24.5699117"/><trkpt lat="65.7474941" lon="24.5699039"/><trkpt lat="65.7480308" lon="24.5698852"/><trkpt lat="65.748599" lon="24.5697544"/><trkpt lat="65.7491529" lon="24.5696022"/><trkpt lat="65.7495354" lon="24.569444"/><trkpt lat="65.7515773" lon="24.5686414"/><trkpt lat="65.7542396" lon="24.5675711"/><trkpt lat="65.7547001" lon="24.5674166"/><trkpt lat="65.7552399" lon="24.5673158"/><trkpt lat="65.7557346" lon="24.5672605"/><trkpt lat="65.7562491" lon="24.5672428"/><trkpt lat="65.7587136" lon="24.5671403"/><trkpt lat="65.759215" lon="24.567095"/><trkpt lat="65.7599238" lon="24.567031"/><trkpt lat="65.7600661" lon="24.567022"/><trkpt lat="65.7603997" lon="24.5670008"/><trkpt lat="65.7604945" lon="24.5669948"/><trkpt lat="65.7633303" lon="24.5668703"/><trkpt lat="65.7654877" lon="24.5667827"/><trkpt lat="65.7662711" lon="24.566719"/><trkpt lat="65.7664897" lon="24.5667012"/><trkpt lat="65.766792" lon="24.5666924"/><trkpt lat="65.7668102" lon="24.5666919"/><trkpt lat="65.7684757" lon="24.5666434"/><trkpt lat="65.7694665" lon="24.5665405"/><trkpt lat="65.7721476" lon="24.5661845"/><trkpt lat="65.7732085" lon="24.5660252"/><trkpt lat="65.7745114" lon="24.5658399"/><trkpt lat="65.7759643" lon="24.5656516"/><trkpt lat="65.7780267" lon="24.5653472"/><trkpt lat="65.7785144" lon="24.5652742"/><trkpt lat="65.7790019" lon="24.5652032"/><trkpt lat="65.7828492" lon="24.5646352"/><trkpt lat="65.783049" lon="24.5646055"/><trkpt lat="65.7863888" lon="24.5641093"/><trkpt lat="65.7870074" lon="24.5639393"/><trkpt lat="65.7873984" lon="24.5637815"/><trkpt lat="65.7875422" lon="24.5636752"/><trkpt lat="65.7879738" lon="24.5632264"/><trkpt lat="65.7884684" lon="24.562554"/><trkpt lat="65.7887316" lon="24.562028"/><trkpt lat="65.7890345" lon="24.5612904"/><trkpt lat="65.7893264" lon="24.5603513"/><trkpt lat="65.7895292" lon="24.5595292"/><trkpt lat="65.7896708" lon="24.5588893"/><trkpt lat="65.7897919" lon="24.5581651"/><trkpt lat="65.789972" lon="24.5565686"/><trkpt lat="65.7904118" lon="24.552185"/><trkpt lat="65.7905173" lon="24.5512576"/><trkpt lat="65.7907007" lon="24.5503303"/><trkpt lat="65.7909139" lon="24.5494493"/><trkpt lat="65.7912729" lon="24.5484324"/><trkpt lat="65.7914273" lon="24.5480582"/><trkpt lat="65.7915625" lon="24.5477768"/><trkpt lat="65.7917502" lon="24.5474114"/><trkpt lat="65.7922173" lon="24.5466537"/><trkpt lat="65.7925945" lon="24.5460418"/><trkpt lat="65.793077" lon="24.5452302"/><trkpt lat="65.7933959" lon="24.5444493"/><trkpt lat="65.7936783" lon="24.5436134"/><trkpt lat="65.7939014" lon="24.5429096"/><trkpt lat="65.7941595" lon="24.5421327"/><trkpt lat="65.7967822" lon="24.5340149"/><trkpt lat="65.7975871" lon="24.5315331"/><trkpt lat="65.7978212" lon="24.5308338"/><trkpt lat="65.7978745" lon="24.5306767"/><trkpt lat="65.7979761" lon="24.5303571"/><trkpt lat="65.7982577" lon="24.5294736"/><trkpt lat="65.7985819" lon="24.5286059"/><trkpt lat="65.7987633" lon="24.5281351"/><trkpt lat="65.7989571" lon="24.5276807"/><trkpt lat="65.799171" lon="24.5272697"/><trkpt lat="65.7993916" lon="24.5268948"/><trkpt lat="65.7997681" lon="24.526355"/><trkpt lat="65.8001731" lon="24.5259347"/><trkpt lat="65.8003946" lon="24.5257713"/><trkpt lat="65.8005921" lon="24.5256541"/><trkpt lat="65.8008004" lon="24.525561"/><trkpt lat="65.8010194" lon="24.5254851"/><trkpt lat="65.8011614" lon="24.525453"/><trkpt lat="65.8013027" lon="24.5254412"/><trkpt lat="65.8015873" lon="24.525461"/><trkpt lat="65.8017882" lon="24.5255092"/><trkpt lat="65.8019759" lon="24.5255799"/><trkpt lat="65.802168" lon="24.525667"/><trkpt lat="65.8023553" lon="24.5257837"/><trkpt lat="65.802678" lon="24.5260768"/><trkpt lat="65.8029539" lon="24.5263793"/><trkpt lat="65.8031025" lon="24.5265509"/><trkpt lat="65.8035254" lon="24.5271874"/><trkpt lat="65.8055824" lon="24.530597"/><trkpt lat="65.8104946" lon="24.5386744"/><trkpt lat="65.8109153" lon="24.5392892"/><trkpt lat="65.8115593" lon="24.5401561"/><trkpt lat="65.8119453" lon="24.5406272"/><trkpt lat="65.81231" lon="24.5410309"/><trkpt lat="65.8132336" lon="24.5418993"/><trkpt lat="65.8146154" lon="24.5429384"/><trkpt lat="65.8175235" lon="24.5448716"/><trkpt lat="65.8204754" lon="24.5468886"/><trkpt lat="65.821855" lon="24.5478148"/><trkpt lat="65.8224041" lon="24.5481828"/><trkpt lat="65.8245476" lon="24.5496547"/><trkpt lat="65.8304949" lon="24.5536793"/><trkpt lat="65.8360217" lon="24.557431"/><trkpt lat="65.8370183" lon="24.5581258"/><trkpt lat="65.8376129" lon="24.5586012"/><trkpt lat="65.8380264" lon="24.558974"/><trkpt lat="65.8384134" lon="24.5593536"/><trkpt lat="65.8390724" lon="24.5600576"/><trkpt lat="65.8413508" lon="24.5624951"/><trkpt lat="65.8472787" lon="24.568872"/><trkpt lat="65.8538721" lon="24.5759477"/><trkpt lat="65.8543328" lon="24.5764523"/><trkpt lat="65.8546072" lon="24.5767501"/><trkpt lat="65.8554825" lon="24.5776877"/><trkpt lat="65.8593287" lon="24.5818356"/><trkpt lat="65.8636917" lon="24.5865323"/><trkpt lat="65.8640528" lon="24.5869223"/><trkpt lat="65.8647288" lon="24.5876384"/><trkpt lat="65.865555" lon="24.5884572"/><trkpt lat="65.8658773" lon="24.5887173"/><trkpt lat="65.8662301" lon="24.589002"/><trkpt lat="65.8667449" lon="24.5893534"/><trkpt lat="65.8672247" lon="24.5896663"/><trkpt lat="65.8691474" lon="24.5908311"/><trkpt lat="65.8722799" lon="24.5927585"/><trkpt lat="65.8740543" lon="24.5938231"/><trkpt lat="65.8758384" lon="24.5949109"/><trkpt lat="65.8777261" lon="24.5960626"/><trkpt lat="65.8790679" lon="24.5968971"/><trkpt lat="65.8806414" lon="24.5978757"/><trkpt lat="65.8809827" lon="24.5980821"/><trkpt lat="65.8825245" lon="24.5990217"/><trkpt lat="65.8832174" lon="24.59944"/><trkpt lat="65.8838522" lon="24.5998446"/><trkpt lat="65.8845515" lon="24.6003508"/><trkpt lat="65.8855079" lon="24.6012131"/><trkpt lat="65.8862215" lon="24.6019802"/><trkpt lat="65.886943" lon="24.6028947"/><trkpt lat="65.8875723" lon="24.6037838"/><trkpt lat="65.8879961" lon="24.6044799"/><trkpt lat="65.8883509" lon="24.6050931"/><trkpt lat="65.8889423" lon="24.6062141"/><trkpt lat="65.8891356" lon="24.6066076"/><trkpt lat="65.8899452" lon="24.6084371"/><trkpt lat="65.8902132" lon="24.6090979"/><trkpt lat="65.8909023" lon="24.6110466"/><trkpt lat="65.8912654" lon="24.6122578"/><trkpt lat="65.8915087" lon="24.6130647"/><trkpt lat="65.8917847" lon="24.6140652"/><trkpt lat="65.8922459" lon="24.6159353"/><trkpt lat="65.8922773" lon="24.6160628"/><trkpt lat="65.8926171" lon="24.6174198"/><trkpt lat="65.8943148" lon="24.6243645"/><trkpt lat="65.8967024" lon="24.6341801"/><trkpt lat="65.8970254" lon="24.6355056"/><trkpt lat="65.8973793" lon="24.6369692"/><trkpt lat="65.8979314" lon="24.6389455"/><trkpt lat="65.8984256" lon="24.6403981"/><trkpt lat="65.8988598" lon="24.6414944"/><trkpt lat="65.8991683" lon="24.6421896"/><trkpt lat="65.8993055" lon="24.6424831"/><trkpt lat="65.8998023" lon="24.6434259"/><trkpt lat="65.900429" lon="24.6444458"/><trkpt lat="65.9010117" lon="24.6452469"/><trkpt lat="65.9016818" lon="24.6460454"/><trkpt lat="65.9073059" lon="24.6522465"/><trkpt lat="65.9115771" lon="24.6570075"/><trkpt lat="65.9131395" lon="24.6586888"/><trkpt lat="65.9136495" lon="24.6592024"/><trkpt lat="65.9144752" lon="24.6599115"/><trkpt lat="65.9151431" lon="24.6604581"/><trkpt lat="65.9155465" lon="24.6607603"/><trkpt lat="65.9240848" lon="24.667529"/><trkpt lat="65.9279713" lon="24.6706286"/><trkpt lat="65.9288465" lon="24.6714251"/><trkpt lat="65.9295422" lon="24.6721961"/><trkpt lat="65.9301508" lon="24.6729651"/><trkpt lat="65.9307331" lon="24.6738343"/><trkpt lat="65.931447" lon="24.6749972"/><trkpt lat="65.9322159" lon="24.6764481"/><trkpt lat="65.9328701" lon="24.6778746"/><trkpt lat="65.9337959" lon="24.680034"/><trkpt lat="65.9348359" lon="24.6824595"/><trkpt lat="65.9353788" lon="24.6835615"/><trkpt lat="65.9359272" lon="24.6846251"/><trkpt lat="65.9366917" lon="24.68589"/><trkpt lat="65.9373606" lon="24.6868997"/><trkpt lat="65.9379118" lon="24.6876295"/><trkpt lat="65.9385155" lon="24.6883588"/><trkpt lat="65.9392302" lon="24.6891381"/><trkpt lat="65.9395585" lon="24.6894444"/><trkpt lat="65.9398124" lon="24.6896618"/><trkpt lat="65.9407551" lon="24.6904187"/><trkpt lat="65.9414868" lon="24.6909186"/><trkpt lat="65.9423122" lon="24.6913136"/><trkpt lat="65.9429338" lon="24.691583"/><trkpt lat="65.9438488" lon="24.6918457"/><trkpt lat="65.9478923" lon="24.6925403"/><trkpt lat="65.9568448" lon="24.6940927"/><trkpt lat="65.9601673" lon="24.6946725"/><trkpt lat="65.9656174" lon="24.6956151"/><trkpt lat="65.96579" lon="24.6956475"/><trkpt lat="65.9742199" lon="24.6971132"/><trkpt lat="65.9747332" lon="24.6972026"/><trkpt lat="65.978508" lon="24.6978735"/><trkpt lat="65.9820408" lon="24.6984522"/><trkpt lat="65.9836824" lon="24.6987564"/><trkpt lat="65.9859057" lon="24.6991444"/><trkpt lat="65.9869947" lon="24.6993456"/><trkpt lat="65.9876457" lon="24.6995719"/><trkpt lat="65.9882089" lon="24.6997826"/><trkpt lat="65.9916972" lon="24.7015658"/><trkpt lat="65.9925442" lon="24.702006"/><trkpt lat="65.9935729" lon="24.7025351"/><trkpt lat="66.0013185" lon="24.7065289"/><trkpt lat="66.0016636" lon="24.7067073"/><trkpt lat="66.005939" lon="24.7088951"/><trkpt lat="66.0080749" lon="24.7099763"/><trkpt lat="66.0086475" lon="24.7103129"/><trkpt lat="66.010094" lon="24.7110548"/><trkpt lat="66.0115045" lon="24.7117698"/><trkpt lat="66.0159413" lon="24.7140634"/><trkpt lat="66.0188798" lon="24.7155884"/><trkpt lat="66.0202879" lon="24.716368"/><trkpt lat="66.0206416" lon="24.7166247"/><trkpt lat="66.0212946" lon="24.7171449"/><trkpt lat="66.0218819" lon="24.7177121"/><trkpt lat="66.0228026" lon="24.7187447"/><trkpt lat="66.0233643" lon="24.7194751"/><trkpt lat="66.0238985" lon="24.7202613"/><trkpt lat="66.0243006" lon="24.7209315"/><trkpt lat="66.0265464" lon="24.7248932"/><trkpt lat="66.0268062" lon="24.7253637"/><trkpt lat="66.028583" lon="24.7285137"/><trkpt lat="66.0290506" lon="24.7293109"/><trkpt lat="66.0295699" lon="24.730152"/><trkpt lat="66.0299257" lon="24.7306337"/><trkpt lat="66.0303319" lon="24.7311615"/><trkpt lat="66.0309955" lon="24.7319649"/><trkpt lat="66.0314319" lon="24.7323853"/><trkpt lat="66.0318545" lon="24.7327698"/><trkpt lat="66.0325934" lon="24.7333587"/><trkpt lat="66.0334029" lon="24.7338961"/><trkpt lat="66.0338828" lon="24.7341541"/><trkpt lat="66.034198" lon="24.7342945"/><trkpt lat="66.0348218" lon="24.7345363"/><trkpt lat="66.0353053" lon="24.7347403"/><trkpt lat="66.0428326" lon="24.7375537"/><trkpt lat="66.0436904" lon="24.7379072"/><trkpt lat="66.0439915" lon="24.7380633"/><trkpt lat="66.0445139" lon="24.7383892"/><trkpt lat="66.0451648" lon="24.7388318"/><trkpt lat="66.0462715" lon="24.739854"/><trkpt lat="66.0520453" lon="24.745833"/><trkpt lat="66.0542259" lon="24.7480764"/><trkpt lat="66.0580229" lon="24.7519993"/><trkpt lat="66.0603151" lon="24.7543687"/><trkpt lat="66.0621706" lon="24.7562886"/><trkpt lat="66.0633312" lon="24.7574859"/><trkpt lat="66.0641412" lon="24.7582833"/><trkpt lat="66.0650472" lon="24.7590188"/><trkpt lat="66.0661862" lon="24.7597844"/><trkpt lat="66.0687827" lon="24.7614561"/><trkpt lat="66.0699657" lon="24.762236"/><trkpt lat="66.075425" lon="24.7658035"/><trkpt lat="66.0760325" lon="24.766268"/><trkpt lat="66.07677" lon="24.7669226"/><trkpt lat="66.0773896" lon="24.7675711"/><trkpt lat="66.0787773" lon="24.7690551"/><trkpt lat="66.0791375" lon="24.7694432"/><trkpt lat="66.0792885" lon="24.7696059"/><trkpt lat="66.0799054" lon="24.77026"/><trkpt lat="66.0814093" lon="24.7718547"/><trkpt lat="66.0816346" lon="24.7720955"/><trkpt lat="66.0838555" lon="24.7744688"/><trkpt lat="66.0842334" lon="24.774866"/><trkpt lat="66.085617" lon="24.7763549"/><trkpt lat="66.0863468" lon="24.7771247"/><trkpt lat="66.0869406" lon="24.7777593"/><trkpt lat="66.0903272" lon="24.7814022"/><trkpt lat="66.0933153" lon="24.7845969"/><trkpt lat="66.0938456" lon="24.7851631"/><trkpt lat="66.0940993" lon="24.7854517"/><trkpt lat="66.0946406" lon="24.7861081"/><trkpt lat="66.0953547" lon="24.7871032"/><trkpt lat="66.0961076" lon="24.7883214"/><trkpt lat="66.0968604" lon="24.7897197"/><trkpt lat="66.0978554" lon="24.7918923"/><trkpt lat="66.1000164" lon="24.7970611"/><trkpt lat="66.1008016" lon="24.7989423"/><trkpt lat="66.1072417" lon="24.8143055"/><trkpt lat="66.1096111" lon="24.8198989"/><trkpt lat="66.1109635" lon="24.8232559"/><trkpt lat="66.1114169" lon="24.8244731"/><trkpt lat="66.1117984" lon="24.8255764"/><trkpt lat="66.1121173" lon="24.8265967"/><trkpt lat="66.1123835" lon="24.8275213"/><trkpt lat="66.1127815" lon="24.8290268"/><trkpt lat="66.1131872" lon="24.8307095"/><trkpt lat="66.1177615" lon="24.8497395"/><trkpt lat="66.1206144" lon="24.861626"/><trkpt lat="66.1214586" lon="24.8651194"/><trkpt lat="66.1216521" lon="24.86592"/><trkpt lat="66.1223324" lon="24.8687792"/><trkpt lat="66.1225715" lon="24.8697953"/><trkpt lat="66.1228756" lon="24.8711549"/><trkpt lat="66.1251919" lon="24.8821216"/><trkpt lat="66.1258678" lon="24.885309"/><trkpt lat="66.1265122" lon="24.8883736"/><trkpt lat="66.1284449" lon="24.8974346"/><trkpt lat="66.1297942" lon="24.9033043"/><trkpt lat="66.1308188" lon="24.9078028"/><trkpt lat="66.1330677" lon="24.9175511"/><trkpt lat="66.1335522" lon="24.9196164"/><trkpt lat="66.1338076" lon="24.9207124"/><trkpt lat="66.1352553" lon="24.9270307"/><trkpt lat="66.1353802" lon="24.9275816"/><trkpt lat="66.1354813" lon="24.928018"/><trkpt lat="66.1386807" lon="24.9419243"/><trkpt lat="66.139621" lon="24.9460018"/><trkpt lat="66.1396864" lon="24.9462871"/><trkpt lat="66.1398162" lon="24.9468537"/><trkpt lat="66.1405241" lon="24.9499436"/><trkpt lat="66.1412346" lon="24.9530237"/><trkpt lat="66.1441183" lon="24.9656089"/><trkpt lat="66.1453408" lon="24.9709139"/><trkpt lat="66.1478706" lon="24.9818169"/><trkpt lat="66.1485349" lon="24.9848576"/><trkpt lat="66.1488329" lon="24.9862054"/><trkpt lat="66.1490557" lon="24.9872856"/><trkpt lat="66.1492324" lon="24.9882834"/><trkpt lat="66.1493944" lon="24.9892467"/><trkpt lat="66.1495344" lon="24.9903258"/><trkpt lat="66.1496553" lon="24.9914836"/><trkpt lat="66.1497472" lon="24.9925752"/><trkpt lat="66.14987" lon="24.9944887"/><trkpt lat="66.1499173" lon="24.9960857"/><trkpt lat="66.1499186" lon="24.9973758"/><trkpt lat="66.1498994" lon="24.9984186"/><trkpt lat="66.1497878" lon="25.0016016"/><trkpt lat="66.1497186" lon="25.0045513"/><trkpt lat="66.1497372" lon="25.0058665"/><trkpt lat="66.1497873" lon="25.0070425"/><trkpt lat="66.1499141" lon="25.0091081"/><trkpt lat="66.1515293" lon="25.0275129"/><trkpt lat="66.153438" lon="25.0491804"/><trkpt lat="66.1553434" lon="25.0708372"/><trkpt lat="66.1565511" lon="25.0846415"/><trkpt lat="66.1572433" lon="25.0924841"/><trkpt lat="66.1577627" lon="25.0985149"/><trkpt lat="66.1583303" lon="25.104779"/><trkpt lat="66.1586675" lon="25.1085791"/><trkpt lat="66.1588971" lon="25.1106026"/><trkpt lat="66.1591866" lon="25.1125343"/><trkpt lat="66.1594463" lon="25.1139355"/><trkpt lat="66.1603312" lon="25.1183697"/><trkpt lat="66.1619306" lon="25.1263037"/><trkpt lat="66.1625806" lon="25.1295105"/><trkpt lat="66.1631152" lon="25.1325972"/><trkpt lat="66.163302" lon="25.1339464"/><trkpt lat="66.1633407" lon="25.1342259"/><trkpt lat="66.1635438" lon="25.1359103"/><trkpt lat="66.163723" lon="25.1376824"/><trkpt lat="66.1640828" lon="25.1423369"/><trkpt lat="66.1650002" lon="25.1544672"/><trkpt lat="66.1650176" lon="25.1546984"/><trkpt lat="66.1650889" lon="25.1556407"/><trkpt lat="66.1652701" lon="25.1579746"/><trkpt lat="66.165405" lon="25.1597926"/><trkpt lat="66.166267" lon="25.1710633"/><trkpt lat="66.1664967" lon="25.1745487"/><trkpt lat="66.1666881" lon="25.1774464"/><trkpt lat="66.1668779" lon="25.1802649"/><trkpt lat="66.1673301" lon="25.1862501"/><trkpt lat="66.1676523" lon="25.1908532"/><trkpt lat="66.1679649" lon="25.194206"/><trkpt lat="66.1682878" lon="25.196729"/><trkpt lat="66.1683193" lon="25.1969197"/><trkpt lat="66.1685279" lon="25.1984278"/><trkpt lat="66.1686284" lon="25.199111"/><trkpt lat="66.1691352" lon="25.2025511"/><trkpt lat="66.1699686" lon="25.2080868"/><trkpt lat="66.1705091" lon="25.2117588"/><trkpt lat="66.1707025" lon="25.2129898"/><trkpt lat="66.1708939" lon="25.214248"/><trkpt lat="66.1710251" lon="25.2151467"/><trkpt lat="66.1711628" lon="25.2159613"/><trkpt lat="66.1713779" lon="25.2169143"/><trkpt lat="66.1717207" lon="25.2181332"/><trkpt lat="66.1720495" lon="25.2190279"/><trkpt lat="66.172187" lon="25.2193308"/><trkpt lat="66.1724457" lon="25.2199096"/><trkpt lat="66.173463" lon="25.2216601"/><trkpt lat="66.1753003" lon="25.2248268"/><trkpt lat="66.1783778" lon="25.2301602"/><trkpt lat="66.1795013" lon="25.2321176"/><trkpt lat="66.1830033" lon="25.2382229"/><trkpt lat="66.1837428" lon="25.2394766"/><trkpt lat="66.1868326" lon="25.2448775"/><trkpt lat="66.1872706" lon="25.2456252"/><trkpt lat="66.1936036" lon="25.2566541"/><trkpt lat="66.1941763" lon="25.2576482"/><trkpt lat="66.2015095" lon="25.270414"/><trkpt lat="66.2088438" lon="25.2831898"/><trkpt lat="66.2091191" lon="25.2836727"/><trkpt lat="66.2138095" lon="25.2918652"/><trkpt lat="66.2161801" lon="25.295978"/><trkpt lat="66.2162103" lon="25.2960302"/><trkpt lat="66.2235089" lon="25.3087626"/><trkpt lat="66.2294286" lon="25.3190925"/><trkpt lat="66.2308419" lon="25.3215688"/><trkpt lat="66.2327751" lon="25.3249258"/><trkpt lat="66.2330795" lon="25.3254678"/><trkpt lat="66.2373046" lon="25.3328428"/><trkpt lat="66.2381723" lon="25.334374"/><trkpt lat="66.2418989" lon="25.3408762"/><trkpt lat="66.2422842" lon="25.3415149"/><trkpt lat="66.2426771" lon="25.3420901"/><trkpt lat="66.2430603" lon="25.3425398"/><trkpt lat="66.2433601" lon="25.3428403"/><trkpt lat="66.2436953" lon="25.3430585"/><trkpt lat="66.244158" lon="25.343264"/><trkpt lat="66.244507" lon="25.3433199"/><trkpt lat="66.2449757" lon="25.3433281"/><trkpt lat="66.2454264" lon="25.3432393"/><trkpt lat="66.2460792" lon="25.3430913"/><trkpt lat="66.2509576" lon="25.341942"/><trkpt lat="66.2519557" lon="25.3416073"/><trkpt lat="66.2525438" lon="25.3413001"/><trkpt lat="66.252852" lon="25.3410948"/><trkpt lat="66.2533553" lon="25.3406694"/><trkpt lat="66.2548395" lon="25.3392059"/><trkpt lat="66.2631503" lon="25.3308871"/><trkpt lat="66.2633795" lon="25.3306971"/><trkpt lat="66.2639112" lon="25.330326"/><trkpt lat="66.2644724" lon="25.3300296"/><trkpt lat="66.2650239" lon="25.3298234"/><trkpt lat="66.2656532" lon="25.3297015"/><trkpt lat="66.2663962" lon="25.3296953"/><trkpt lat="66.2672945" lon="25.3298389"/><trkpt lat="66.267941" lon="25.3298727"/><trkpt lat="66.2682778" lon="25.3298625"/><trkpt lat="66.2687818" lon="25.329715"/><trkpt lat="66.2691407" lon="25.3295179"/><trkpt lat="66.2695583" lon="25.3292"/><trkpt lat="66.2701212" lon="25.3286765"/><trkpt lat="66.2706814" lon="25.3281383"/><trkpt lat="66.2712697" lon="25.3276417"/><trkpt lat="66.2715776" lon="25.3274337"/><trkpt lat="66.2719042" lon="25.3272543"/><trkpt lat="66.2726677" lon="25.3269671"/><trkpt lat="66.2731339" lon="25.3269016"/><trkpt lat="66.2735856" lon="25.3269142"/><trkpt lat="66.2740737" lon="25.3270051"/><trkpt lat="66.2746199" lon="25.327193"/><trkpt lat="66.2807712" lon="25.329766"/><trkpt lat="66.2848033" lon="25.3314632"/><trkpt lat="66.2873289" lon="25.3324769"/><trkpt lat="66.2891487" lon="25.333247"/><trkpt lat="66.2896157" lon="25.3334416"/><trkpt lat="66.2938071" lon="25.335121"/><trkpt lat="66.2984569" lon="25.3371095"/><trkpt lat="66.3016784" lon="25.3384177"/><trkpt lat="66.3016881" lon="25.3384217"/><trkpt lat="66.3059306" lon="25.3402073"/><trkpt lat="66.3073038" lon="25.3407825"/><trkpt lat="66.3128036" lon="25.3430902"/><trkpt lat="66.3137036" lon="25.3434812"/><trkpt lat="66.3153285" lon="25.3441466"/><trkpt lat="66.3161558" lon="25.3444387"/><trkpt lat="66.3165603" lon="25.3445493"/><trkpt lat="66.3168722" lon="25.3446043"/><trkpt lat="66.3171575" lon="25.3446506"/><trkpt lat="66.3175062" lon="25.3446512"/><trkpt lat="66.3178203" lon="25.3446094"/><trkpt lat="66.3185602" lon="25.344449"/><trkpt lat="66.3194729" lon="25.3442087"/><trkpt lat="66.3250764" lon="25.3427706"/><trkpt lat="66.3263388" lon="25.3424581"/><trkpt lat="66.3376963" lon="25.3395578"/><trkpt lat="66.3377103" lon="25.3395542"/><trkpt lat="66.339366" lon="25.3391285"/><trkpt lat="66.3403573" lon="25.3389366"/><trkpt lat="66.3410993" lon="25.3389683"/><trkpt lat="66.3417136" lon="25.3391223"/><trkpt lat="66.3424935" lon="25.3394737"/><trkpt lat="66.3429091" lon="25.339729"/><trkpt lat="66.3432922" lon="25.3400049"/><trkpt lat="66.3436172" lon="25.3402995"/><trkpt lat="66.3438907" lon="25.3405682"/><trkpt lat="66.3445147" lon="25.3412489"/><trkpt lat="66.3451711" lon="25.3420882"/><trkpt lat="66.3477159" lon="25.3452289"/><trkpt lat="66.3510029" lon="25.34931"/><trkpt lat="66.3532288" lon="25.3520839"/><trkpt lat="66.3552234" lon="25.3545663"/><trkpt lat="66.3580843" lon="25.3581103"/><trkpt lat="66.359022" lon="25.3592862"/><trkpt lat="66.3610905" lon="25.3618591"/><trkpt lat="66.362649" lon="25.3638245"/><trkpt lat="66.363514" lon="25.3649965"/><trkpt lat="66.3651077" lon="25.3675824"/><trkpt lat="66.3668127" lon="25.3703022"/><trkpt lat="66.3676251" lon="25.3713545"/><trkpt lat="66.3681651" lon="25.3719905"/><trkpt lat="66.368449" lon="25.3723167"/><trkpt lat="66.368508" lon="25.3723826"/><trkpt lat="66.3691702" lon="25.3731469"/><trkpt lat="66.3707365" lon="25.3749564"/><trkpt lat="66.3707756" lon="25.3750025"/><trkpt lat="66.3714404" lon="25.375767"/><trkpt lat="66.373379" lon="25.3780479"/><trkpt lat="66.3735842" lon="25.3782567"/><trkpt lat="66.3737769" lon="25.378427"/><trkpt lat="66.37405" lon="25.3786108"/><trkpt lat="66.3743846" lon="25.3788111"/><trkpt lat="66.374596" lon="25.3788843"/><trkpt lat="66.3747986" lon="25.378932"/><trkpt lat="66.3750258" lon="25.3789632"/><trkpt lat="66.3751326" lon="25.3789667"/><trkpt lat="66.3753607" lon="25.3789513"/><trkpt lat="66.3757023" lon="25.3788668"/><trkpt lat="66.376064" lon="25.378726"/><trkpt lat="66.3763086" lon="25.3785976"/><trkpt lat="66.3797291" lon="25.376913"/><trkpt lat="66.3839378" lon="25.3748913"/><trkpt lat="66.3851292" lon="25.3743187"/><trkpt lat="66.388604" lon="25.372658"/><trkpt lat="66.3891786" lon="25.3725888"/><trkpt lat="66.3897076" lon="25.3726541"/><trkpt lat="66.3902607" lon="25.3729763"/><trkpt lat="66.3904451" lon="25.3731019"/><trkpt lat="66.3908001" lon="25.3734161"/><trkpt lat="66.3911843" lon="25.373872"/><trkpt lat="66.391554" lon="25.3744026"/><trkpt lat="66.3919667" lon="25.3751859"/><trkpt lat="66.3923633" lon="25.3760594"/><trkpt lat="66.3924192" lon="25.3761943"/><trkpt lat="66.392779" lon="25.377109"/><trkpt lat="66.3932238" lon="25.3782072"/><trkpt lat="66.393555" lon="25.3788089"/><trkpt lat="66.3942025" lon="25.3798054"/><trkpt lat="66.3946213" lon="25.3802833"/><trkpt lat="66.3973483" lon="25.3831878"/><trkpt lat="66.4002631" lon="25.3861947"/><trkpt lat="66.4068086" lon="25.39309"/><trkpt lat="66.4072647" lon="25.3935759"/><trkpt lat="66.4085194" lon="25.3948768"/><trkpt lat="66.4157839" lon="25.4025428"/><trkpt lat="66.4167784" lon="25.4035775"/><trkpt lat="66.4206594" lon="25.4076607"/><trkpt lat="66.4229201" lon="25.4100659"/><trkpt lat="66.4240518" lon="25.4112072"/><trkpt lat="66.4245496" lon="25.4116757"/><trkpt lat="66.4250857" lon="25.4121154"/><trkpt lat="66.4254883" lon="25.4123903"/><trkpt lat="66.4258036" lon="25.4125459"/><trkpt lat="66.426107" lon="25.4126562"/><trkpt lat="66.4270135" lon="25.4129612"/><trkpt lat="66.4279179" lon="25.4132242"/><trkpt lat="66.4283617" lon="25.4134267"/><trkpt lat="66.428772" lon="25.4137082"/><trkpt lat="66.4292985" lon="25.4142203"/><trkpt lat="66.4299291" lon="25.4151956"/><trkpt lat="66.4303744" lon="25.4160853"/><trkpt lat="66.4306756" lon="25.4169122"/><trkpt lat="66.4309244" lon="25.41769"/><trkpt lat="66.4310977" lon="25.4183282"/><trkpt lat="66.4312535" lon="25.4190096"/><trkpt lat="66.4313962" lon="25.4197274"/><trkpt lat="66.4315164" lon="25.4204473"/><trkpt lat="66.4316265" lon="25.4213057"/><trkpt lat="66.4316867" lon="25.42206"/><trkpt lat="66.4317762" lon="25.4234678"/><trkpt lat="66.4319327" lon="25.4275786"/><trkpt lat="66.4320173" lon="25.429066"/><trkpt lat="66.4321749" lon="25.431196"/><trkpt lat="66.4323969" lon="25.4334928"/><trkpt lat="66.4326098" lon="25.4350353"/><trkpt lat="66.4329127" lon="25.437052"/><trkpt lat="66.4342831" lon="25.4447844"/><trkpt lat="66.4345162" lon="25.4460774"/><trkpt lat="66.434821" lon="25.4477367"/><trkpt lat="66.4351249" lon="25.4492841"/><trkpt lat="66.4352917" lon="25.4500104"/><trkpt lat="66.4354635" lon="25.4506925"/><trkpt lat="66.4356829" lon="25.4514581"/><trkpt lat="66.4359048" lon="25.4522071"/><trkpt lat="66.4361437" lon="25.4529448"/><trkpt lat="66.4363853" lon="25.4536307"/><trkpt lat="66.436883" lon="25.4548196"/><trkpt lat="66.4373685" lon="25.4558831"/><trkpt lat="66.4377979" lon="25.4567029"/><trkpt lat="66.4382107" lon="25.45742"/><trkpt lat="66.4386982" lon="25.4581192"/><trkpt lat="66.4391396" lon="25.4586395"/><trkpt lat="66.4396045" lon="25.459128"/><trkpt lat="66.4400166" lon="25.4595344"/><trkpt lat="66.4404638" lon="25.4598468"/><trkpt lat="66.4409789" lon="25.4601883"/><trkpt lat="66.4413897" lon="25.4604035"/><trkpt lat="66.4419205" lon="25.4605924"/><trkpt lat="66.4424144" lon="25.4606808"/><trkpt lat="66.4428742" lon="25.4607241"/><trkpt lat="66.4432225" lon="25.4607235"/><trkpt lat="66.4435273" lon="25.4606924"/><trkpt lat="66.4440135" lon="25.4605571"/><trkpt lat="66.4444515" lon="25.4603881"/><trkpt lat="66.4449324" lon="25.4601561"/><trkpt lat="66.4454417" lon="25.4598556"/><trkpt lat="66.4459791" lon="25.4595034"/><trkpt lat="66.4463821" lon="25.4592876"/><trkpt lat="66.4468727" lon="25.4590838"/><trkpt lat="66.4474416" lon="25.4589645"/><trkpt lat="66.4478422" lon="25.4589574"/><trkpt lat="66.4482177" lon="25.4589997"/><trkpt lat="66.4489767" lon="25.4592435"/><trkpt lat="66.449321" lon="25.4593874"/><trkpt lat="66.4498233" lon="25.4597465"/><trkpt lat="66.4505289" lon="25.4604227"/><trkpt lat="66.4509844" lon="25.4609048"/><trkpt lat="66.4512893" lon="25.4612946"/><trkpt lat="66.4516993" lon="25.4618966"/><trkpt lat="66.4570399" lon="25.4705534"/><trkpt lat="66.4604587" lon="25.4760969"/><trkpt lat="66.4611393" lon="25.4773196"/><trkpt lat="66.4616988" lon="25.4784895"/><trkpt lat="66.462032" lon="25.4793331"/><trkpt lat="66.462332" lon="25.4801636"/><trkpt lat="66.4626623" lon="25.4812655"/><trkpt lat="66.4629518" lon="25.4823399"/><trkpt lat="66.4636866" lon="25.4850989"/><trkpt lat="66.4686802" lon="25.5037465"/><trkpt lat="66.4734393" lon="25.5215309"/><trkpt lat="66.4736715" lon="25.522404"/><trkpt lat="66.4743049" lon="25.5247501"/><trkpt lat="66.4747426" lon="25.5263104"/><trkpt lat="66.4752415" lon="25.5279399"/><trkpt lat="66.4792992" lon="25.5398311"/><trkpt lat="66.4803151" lon="25.5428209"/><trkpt lat="66.4821317" lon="25.5481737"/><trkpt lat="66.4824951" lon="25.5492807"/><trkpt lat="66.4828338" lon="25.5503537"/><trkpt lat="66.4831453" lon="25.5515416"/><trkpt lat="66.4833604" lon="25.5524385"/><trkpt lat="66.4836305" lon="25.5537683"/><trkpt lat="66.4838721" lon="25.5551098"/><trkpt lat="66.4843762" lon="25.5581102"/><trkpt lat="66.4878756" lon="25.5787942"/><trkpt lat="66.4902364" lon="25.5927633"/><trkpt lat="66.4908641" lon="25.5965497"/><trkpt lat="66.4910976" lon="25.5984149"/><trkpt lat="66.4912235" lon="25.5996202"/><trkpt lat="66.4914153" lon="25.601898"/><trkpt lat="66.4921425" lon="25.6117524"/><trkpt lat="66.4928595" lon="25.6216901"/><trkpt lat="66.493195" lon="25.6262895"/><trkpt lat="66.493645" lon="25.6324727"/><trkpt lat="66.4944607" lon="25.6437816"/><trkpt lat="66.494474" lon="25.6439644"/><trkpt lat="66.4947327" lon="25.6475066"/><trkpt lat="66.496059" lon="25.6658818"/><trkpt lat="66.4963322" lon="25.6696626"/><trkpt lat="66.4965081" lon="25.6721224"/><trkpt lat="66.4966716" lon="25.6740086"/><trkpt lat="66.4968149" lon="25.6753709"/><trkpt lat="66.4973189" lon="25.6795448"/><trkpt lat="66.4976111" lon="25.68207"/><trkpt lat="66.4977311" lon="25.6833671"/><trkpt lat="66.49806" lon="25.6877805"/><trkpt lat="66.4981489" lon="25.6889244"/><trkpt lat="66.4981847" lon="25.6894552"/><trkpt lat="66.498249" lon="25.6903023"/><trkpt lat="66.4983029" lon="25.6911105"/><trkpt lat="66.4983504" lon="25.6916829"/><trkpt lat="66.498435" lon="25.6928586"/><trkpt lat="66.4984814" lon="25.6934566"/><trkpt lat="66.4985104" lon="25.693959"/><trkpt lat="66.4985183" lon="25.6942825"/><trkpt lat="66.4985278" lon="25.6948975"/><trkpt lat="66.4985163" lon="25.6956082"/><trkpt lat="66.4984727" lon="25.6965325"/><trkpt lat="66.4983518" lon="25.6988441"/><trkpt lat="66.4980141" lon="25.7053349"/></trkseg></trk></gpx>