<?xml version="1.0" encoding="utf-8" standalone="yes"?>
<gpx version="1.1" creator="GPS Visualizer https://www.gpsvisualizer.com/" xmlns="http://www.topografix.com/GPX/1/1" xmlns:xsi="http://www.w3.org/2001/XMLSchema-instance" xsi:schemaLocation="http://www.topografix.com/GPX/1/1 http://www.topografix.com/GPX/1/1/gpx.xsd http://www.garmin.com/xmlschemas/TrackPointExtension/v2 http://www.garmin.com/xmlschemas/TrackPointExtensionv2.xsd" xmlns:gpxtpx="http://www.garmin.com/xmlschemas/TrackPointExtension/v2">
<trk>
  <name>Urroaivi_2</name>
  <trkseg>
    <trkpt lat="69.147555147" lon="26.305389404">
      <ele>312.801</ele>
    </trkpt>
    <trkpt lat="69.14724962" lon="26.304016113">
      <ele>310.947</ele>
    </trkpt>
    <trkpt lat="69.147188514" lon="26.304016113">
      <ele>311.0</ele>
    </trkpt>
    <trkpt lat="69.147066302" lon="26.303672791">
      <ele>310.563</ele>
    </trkpt>
    <trkpt lat="69.146882982" lon="26.303501129">
      <ele>310.443</ele>
    </trkpt>
    <trkpt lat="69.14669966" lon="26.303329468">
      <ele>311.75</ele>
    </trkpt>
    <trkpt lat="69.146516337" lon="26.303329468">
      <ele>313.068</ele>
    </trkpt>
    <trkpt lat="69.146333013" lon="26.303157806">
      <ele>313.495</ele>
    </trkpt>
    <trkpt lat="69.146149687" lon="26.303157806">
      <ele>313.912</ele>
    </trkpt>
    <trkpt lat="69.145966359" lon="26.302986145">
      <ele>313.359</ele>
    </trkpt>
    <trkpt lat="69.14578303" lon="26.302814484">
      <ele>312.843</ele>
    </trkpt>
    <trkpt lat="69.145599699" lon="26.302642822">
      <ele>312.159</ele>
    </trkpt>
    <trkpt lat="69.145416367" lon="26.302471161">
      <ele>312.553</ele>
    </trkpt>
    <trkpt lat="69.145294145" lon="26.302127838">
      <ele>313.0</ele>
    </trkpt>
    <trkpt lat="69.145171922" lon="26.301784515">
      <ele>312.263</ele>
    </trkpt>
    <trkpt lat="69.145049698" lon="26.301441193">
      <ele>312.0</ele>
    </trkpt>
    <trkpt lat="69.144927474" lon="26.30109787">
      <ele>311.261</ele>
    </trkpt>
    <trkpt lat="69.144744136" lon="26.300926208">
      <ele>311.921</ele>
    </trkpt>
    <trkpt lat="69.14462191" lon="26.300582886">
      <ele>311.424</ele>
    </trkpt>
    <trkpt lat="69.144438569" lon="26.300411224">
      <ele>312.01</ele>
    </trkpt>
    <trkpt lat="69.144255227" lon="26.300239563">
      <ele>312.0</ele>
    </trkpt>
    <trkpt lat="69.144071884" lon="26.300239563">
      <ele>312.341</ele>
    </trkpt>
    <trkpt lat="69.143888539" lon="26.300239563">
      <ele>313.004</ele>
    </trkpt>
    <trkpt lat="69.143705192" lon="26.300239563">
      <ele>314.984</ele>
    </trkpt>
    <trkpt lat="69.143521844" lon="26.300239563">
      <ele>316.92</ele>
    </trkpt>
    <trkpt lat="69.143338494" lon="26.300239563">
      <ele>318.809</ele>
    </trkpt>
    <trkpt lat="69.143155143" lon="26.300239563">
      <ele>319.592</ele>
    </trkpt>
    <trkpt lat="69.14297179" lon="26.300239563">
      <ele>320.0</ele>
    </trkpt>
    <trkpt lat="69.142788436" lon="26.300239563">
      <ele>320.0</ele>
    </trkpt>
    <trkpt lat="69.14260508" lon="26.300411224">
      <ele>320.299</ele>
    </trkpt>
    <trkpt lat="69.142421723" lon="26.300411224">
      <ele>320.48</ele>
    </trkpt>
    <trkpt lat="69.142238364" lon="26.300411224">
      <ele>320.48</ele>
    </trkpt>
    <trkpt lat="69.142055003" lon="26.300582886">
      <ele>320.496</ele>
    </trkpt>
    <trkpt lat="69.141871641" lon="26.300754547">
      <ele>320.267</ele>
    </trkpt>
    <trkpt lat="69.141688278" lon="26.300926208">
      <ele>319.49</ele>
    </trkpt>
    <trkpt lat="69.141566035" lon="26.301269531">
      <ele>320.208</ele>
    </trkpt>
    <trkpt lat="69.141382668" lon="26.301441193">
      <ele>320.188</ele>
    </trkpt>
    <trkpt lat="69.141260424" lon="26.301784515">
      <ele>321.424</ele>
    </trkpt>
    <trkpt lat="69.141077055" lon="26.302127838">
      <ele>322.457</ele>
    </trkpt>
    <trkpt lat="69.140893685" lon="26.302471161">
      <ele>321.629</ele>
    </trkpt>
    <trkpt lat="69.140710313" lon="26.302642822">
      <ele>321.671</ele>
    </trkpt>
    <trkpt lat="69.140588064" lon="26.302986145">
      <ele>323.516</ele>
    </trkpt>
    <trkpt lat="69.14040469" lon="26.303157806">
      <ele>324.743</ele>
    </trkpt>
    <trkpt lat="69.140282439" lon="26.303501129">
      <ele>325.966</ele>
    </trkpt>
    <trkpt lat="69.140099063" lon="26.303844452">
      <ele>327.184</ele>
    </trkpt>
    <trkpt lat="69.139915684" lon="26.304187775">
      <ele>329.327</ele>
    </trkpt>
    <trkpt lat="69.139732304" lon="26.304359436">
      <ele>330.632</ele>
    </trkpt>
    <trkpt lat="69.13961005" lon="26.304702759">
      <ele>331.404</ele>
    </trkpt>
    <trkpt lat="69.139426667" lon="26.30487442">
      <ele>332.128</ele>
    </trkpt>
    <trkpt lat="69.139304412" lon="26.305217743">
      <ele>333.008</ele>
    </trkpt>
    <trkpt lat="69.139121027" lon="26.305389404">
      <ele>333.5</ele>
    </trkpt>
    <trkpt lat="69.13893764" lon="26.305561066">
      <ele>333.0</ele>
    </trkpt>
    <trkpt lat="69.138815381" lon="26.305904388">
      <ele>333.265</ele>
    </trkpt>
    <trkpt lat="69.138631992" lon="26.30607605">
      <ele>333.925</ele>
    </trkpt>
    <trkpt lat="69.138509732" lon="26.306419373">
      <ele>334.8</ele>
    </trkpt>
    <trkpt lat="69.138387471" lon="26.306762695">
      <ele>336.083</ele>
    </trkpt>
    <trkpt lat="69.13832634" lon="26.307277679">
      <ele>338.205</ele>
    </trkpt>
    <trkpt lat="69.138204078" lon="26.307792664">
      <ele>340.49</ele>
    </trkpt>
    <trkpt lat="69.138142947" lon="26.308307648">
      <ele>341.993</ele>
    </trkpt>
    <trkpt lat="69.138081815" lon="26.308822632">
      <ele>343.572</ele>
    </trkpt>
    <trkpt lat="69.137959552" lon="26.309165955">
      <ele>343.999</ele>
    </trkpt>
    <trkpt lat="69.13789842" lon="26.309680939">
      <ele>345.286</ele>
    </trkpt>
    <trkpt lat="69.137776155" lon="26.310024261">
      <ele>346.099</ele>
    </trkpt>
    <trkpt lat="69.13765389" lon="26.310367584">
      <ele>348.394</ele>
    </trkpt>
    <trkpt lat="69.137531624" lon="26.310710907">
      <ele>349.95</ele>
    </trkpt>
    <trkpt lat="69.137348224" lon="26.310882568">
      <ele>350.258</ele>
    </trkpt>
    <trkpt lat="69.137225957" lon="26.311225891">
      <ele>351.84</ele>
    </trkpt>
    <trkpt lat="69.137042554" lon="26.311397552">
      <ele>351.738</ele>
    </trkpt>
    <trkpt lat="69.13685915" lon="26.311397552">
      <ele>351.031</ele>
    </trkpt>
    <trkpt lat="69.136675745" lon="26.311397552">
      <ele>351.031</ele>
    </trkpt>
    <trkpt lat="69.136492337" lon="26.311397552">
      <ele>351.031</ele>
    </trkpt>
    <trkpt lat="69.136492337" lon="26.311397552">
      <ele>351.031</ele>
    </trkpt>
    <trkpt lat="69.136492337" lon="26.311397552">
      <ele>351.031</ele>
    </trkpt>
    <trkpt lat="69.136308929" lon="26.311569214">
      <ele>351.174</ele>
    </trkpt>
    <trkpt lat="69.136125518" lon="26.311740875">
      <ele>350.371</ele>
    </trkpt>
    <trkpt lat="69.136003244" lon="26.312084198">
      <ele>350.726</ele>
    </trkpt>
    <trkpt lat="69.135880969" lon="26.312427521">
      <ele>350.47</ele>
    </trkpt>
    <trkpt lat="69.135758693" lon="26.312770844">
      <ele>351.244</ele>
    </trkpt>
    <trkpt lat="69.135697555" lon="26.313285828">
      <ele>353.742</ele>
    </trkpt>
    <trkpt lat="69.135636417" lon="26.313800812">
      <ele>355.377</ele>
    </trkpt>
    <trkpt lat="69.135575278" lon="26.314315796">
      <ele>355.252</ele>
    </trkpt>
    <trkpt lat="69.13551414" lon="26.31483078">
      <ele>357.698</ele>
    </trkpt>
    <trkpt lat="69.135391862" lon="26.315174103">
      <ele>358.004</ele>
    </trkpt>
    <trkpt lat="69.135269583" lon="26.315517426">
      <ele>356.896</ele>
    </trkpt>
    <trkpt lat="69.135147304" lon="26.315860748">
      <ele>358.78</ele>
    </trkpt>
    <trkpt lat="69.134963884" lon="26.31603241">
      <ele>359.6</ele>
    </trkpt>
    <trkpt lat="69.134841603" lon="26.316375732">
      <ele>363.971</ele>
    </trkpt>
    <trkpt lat="69.134719322" lon="26.316719055">
      <ele>369.348</ele>
    </trkpt>
    <trkpt lat="69.134535898" lon="26.317062378">
      <ele>370.792</ele>
    </trkpt>
    <trkpt lat="69.134352473" lon="26.317234039">
      <ele>370.732</ele>
    </trkpt>
    <trkpt lat="69.134230189" lon="26.317577362">
      <ele>371.394</ele>
    </trkpt>
    <trkpt lat="69.134046761" lon="26.317577362">
      <ele>370.043</ele>
    </trkpt>
    <trkpt lat="69.133924475" lon="26.317920685">
      <ele>370.027</ele>
    </trkpt>
    <trkpt lat="69.133741045" lon="26.318092346">
      <ele>371.659</ele>
    </trkpt>
    <trkpt lat="69.133557613" lon="26.318264008">
      <ele>373.53</ele>
    </trkpt>
    <trkpt lat="69.13337418" lon="26.318264008">
      <ele>375.346</ele>
    </trkpt>
    <trkpt lat="69.133190745" lon="26.318264008">
      <ele>376.777</ele>
    </trkpt>
    <trkpt lat="69.133007308" lon="26.318264008">
      <ele>377.75</ele>
    </trkpt>
    <trkpt lat="69.13282387" lon="26.318435669">
      <ele>378.676</ele>
    </trkpt>
    <trkpt lat="69.132640431" lon="26.318435669">
      <ele>379.049</ele>
    </trkpt>
    <trkpt lat="69.13245699" lon="26.31860733">
      <ele>380.451</ele>
    </trkpt>
    <trkpt lat="69.132334695" lon="26.318950653">
      <ele>383.28</ele>
    </trkpt>
    <trkpt lat="69.132151251" lon="26.319122314">
      <ele>385.533</ele>
    </trkpt>
    <trkpt lat="69.131967806" lon="26.319122314">
      <ele>389.495</ele>
    </trkpt>
    <trkpt lat="69.131845508" lon="26.319465637">
      <ele>391.398</ele>
    </trkpt>
    <trkpt lat="69.131662061" lon="26.319637299">
      <ele>393.317</ele>
    </trkpt>
    <trkpt lat="69.131478611" lon="26.31980896">
      <ele>393.677</ele>
    </trkpt>
    <trkpt lat="69.13129516" lon="26.320152283">
      <ele>394.337</ele>
    </trkpt>
    <trkpt lat="69.131172859" lon="26.320495605">
      <ele>393.994</ele>
    </trkpt>
    <trkpt lat="69.130989406" lon="26.320667267">
      <ele>394.0</ele>
    </trkpt>
    <trkpt lat="69.130805951" lon="26.320838928">
      <ele>394.08</ele>
    </trkpt>
    <trkpt lat="69.130622494" lon="26.321182251">
      <ele>394.518</ele>
    </trkpt>
    <trkpt lat="69.130439036" lon="26.321353912">
      <ele>396.258</ele>
    </trkpt>
    <trkpt lat="69.13031673" lon="26.321697235">
      <ele>398.455</ele>
    </trkpt>
    <trkpt lat="69.130194423" lon="26.322040558">
      <ele>400.142</ele>
    </trkpt>
    <trkpt lat="69.130010961" lon="26.322212219">
      <ele>401.92</ele>
    </trkpt>
    <trkpt lat="69.129888653" lon="26.322555542">
      <ele>403.002</ele>
    </trkpt>
    <trkpt lat="69.129705189" lon="26.322727203">
      <ele>404.952</ele>
    </trkpt>
    <trkpt lat="69.129521723" lon="26.322727203">
      <ele>406.393</ele>
    </trkpt>
    <trkpt lat="69.129338256" lon="26.322898865">
      <ele>407.931</ele>
    </trkpt>
    <trkpt lat="69.129154787" lon="26.323070526">
      <ele>410.045</ele>
    </trkpt>
    <trkpt lat="69.128971316" lon="26.323242188">
      <ele>411.176</ele>
    </trkpt>
    <trkpt lat="69.128787845" lon="26.32358551">
      <ele>412.728</ele>
    </trkpt>
    <trkpt lat="69.128604371" lon="26.323757172">
      <ele>414.574</ele>
    </trkpt>
    <trkpt lat="69.128482055" lon="26.324100494">
      <ele>415.929</ele>
    </trkpt>
    <trkpt lat="69.128298579" lon="26.324272156">
      <ele>417.25</ele>
    </trkpt>
    <trkpt lat="69.128115101" lon="26.324615479">
      <ele>418.571</ele>
    </trkpt>
    <trkpt lat="69.127931622" lon="26.32478714">
      <ele>420.126</ele>
    </trkpt>
    <trkpt lat="69.127809302" lon="26.325130463">
      <ele>421.773</ele>
    </trkpt>
    <trkpt lat="69.12762582" lon="26.325473785">
      <ele>423.094</ele>
    </trkpt>
    <trkpt lat="69.127503498" lon="26.325817108">
      <ele>423.975</ele>
    </trkpt>
    <trkpt lat="69.127320014" lon="26.32598877">
      <ele>425.296</ele>
    </trkpt>
    <trkpt lat="69.12719769" lon="26.326332092">
      <ele>426.177</ele>
    </trkpt>
    <trkpt lat="69.127075366" lon="26.326675415">
      <ele>427.057</ele>
    </trkpt>
    <trkpt lat="69.126953041" lon="26.327018738">
      <ele>427.946</ele>
    </trkpt>
    <trkpt lat="69.126830715" lon="26.327362061">
      <ele>428.819</ele>
    </trkpt>
    <trkpt lat="69.126708389" lon="26.327705383">
      <ele>429.7</ele>
    </trkpt>
    <trkpt lat="69.126586062" lon="26.328048706">
      <ele>431.563</ele>
    </trkpt>
    <trkpt lat="69.12640257" lon="26.328392029">
      <ele>432.901</ele>
    </trkpt>
    <trkpt lat="69.126280241" lon="26.328735352">
      <ele>433.782</ele>
    </trkpt>
    <trkpt lat="69.126157912" lon="26.329078674">
      <ele>434.663</ele>
    </trkpt>
    <trkpt lat="69.126035581" lon="26.329421997">
      <ele>435.272</ele>
    </trkpt>
    <trkpt lat="69.12591325" lon="26.32976532">
      <ele>435.712</ele>
    </trkpt>
    <trkpt lat="69.125729753" lon="26.330108643">
      <ele>436.6</ele>
    </trkpt>
    <trkpt lat="69.125668587" lon="26.330623627">
      <ele>436.593</ele>
    </trkpt>
    <trkpt lat="69.125546254" lon="26.330966949">
      <ele>437.033</ele>
    </trkpt>
    <trkpt lat="69.125485087" lon="26.331481934">
      <ele>436.254</ele>
    </trkpt>
    <trkpt lat="69.125362753" lon="26.331825256">
      <ele>436.694</ele>
    </trkpt>
    <trkpt lat="69.125240419" lon="26.33234024">
      <ele>436.077</ele>
    </trkpt>
    <trkpt lat="69.125118083" lon="26.332683563">
      <ele>436.0</ele>
    </trkpt>
    <trkpt lat="69.124995747" lon="26.333026886">
      <ele>436.015</ele>
    </trkpt>
    <trkpt lat="69.124812242" lon="26.333198547">
      <ele>436.676</ele>
    </trkpt>
    <trkpt lat="69.124628735" lon="26.33354187">
      <ele>437.673</ele>
    </trkpt>
    <trkpt lat="69.124445227" lon="26.333713531">
      <ele>438.626</ele>
    </trkpt>
    <trkpt lat="69.124322887" lon="26.334056854">
      <ele>438.875</ele>
    </trkpt>
    <trkpt lat="69.124139376" lon="26.334228516">
      <ele>440.098</ele>
    </trkpt>
    <trkpt lat="69.123955864" lon="26.334571838">
      <ele>440.648</ele>
    </trkpt>
    <trkpt lat="69.123833521" lon="26.334915161">
      <ele>441.199</ele>
    </trkpt>
    <trkpt lat="69.123711178" lon="26.335258484">
      <ele>440.709</ele>
    </trkpt>
    <trkpt lat="69.123588834" lon="26.335601807">
      <ele>441.08</ele>
    </trkpt>
    <trkpt lat="69.123466489" lon="26.335945129">
      <ele>441.118</ele>
    </trkpt>
    <trkpt lat="69.123405317" lon="26.336460114">
      <ele>440.484</ele>
    </trkpt>
    <trkpt lat="69.123282971" lon="26.336803436">
      <ele>440.273</ele>
    </trkpt>
    <trkpt lat="69.123160625" lon="26.33731842">
      <ele>440.622</ele>
    </trkpt>
    <trkpt lat="69.123038278" lon="26.337661743">
      <ele>440.454</ele>
    </trkpt>
    <trkpt lat="69.122977104" lon="26.338176727">
      <ele>440.595</ele>
    </trkpt>
    <trkpt lat="69.12218183" lon="26.339893341">
      <ele>440.855</ele>
    </trkpt>
    <trkpt lat="69.122120654" lon="26.339893341">
      <ele>440.634</ele>
    </trkpt>
    <trkpt lat="69.121937125" lon="26.340065002">
      <ele>439.974</ele>
    </trkpt>
    <trkpt lat="69.121753594" lon="26.340065002">
      <ele>439.313</ele>
    </trkpt>
    <trkpt lat="69.121570061" lon="26.340236664">
      <ele>438.704</ele>
    </trkpt>
    <trkpt lat="69.121386527" lon="26.340408325">
      <ele>437.992</ele>
    </trkpt>
    <trkpt lat="69.121202992" lon="26.340579987">
      <ele>436.662</ele>
    </trkpt>
    <trkpt lat="69.121080634" lon="26.340923309">
      <ele>436.253</ele>
    </trkpt>
    <trkpt lat="69.120897096" lon="26.341094971">
      <ele>435.491</ele>
    </trkpt>
    <trkpt lat="69.120774736" lon="26.341438293">
      <ele>435.065</ele>
    </trkpt>
    <trkpt lat="69.120591195" lon="26.341781616">
      <ele>433.491</ele>
    </trkpt>
    <trkpt lat="69.120468834" lon="26.342124939">
      <ele>433.666</ele>
    </trkpt>
    <trkpt lat="69.120346472" lon="26.342468262">
      <ele>433.238</ele>
    </trkpt>
    <trkpt lat="69.120224109" lon="26.342983246">
      <ele>433.311</ele>
    </trkpt>
    <trkpt lat="69.120101746" lon="26.343326569">
      <ele>432.814</ele>
    </trkpt>
    <trkpt lat="69.119979382" lon="26.343669891">
      <ele>430.969</ele>
    </trkpt>
    <trkpt lat="69.119795834" lon="26.343841553">
      <ele>429.781</ele>
    </trkpt>
    <trkpt lat="69.119673468" lon="26.344184875">
      <ele>428.722</ele>
    </trkpt>
    <trkpt lat="69.119489918" lon="26.344356537">
      <ele>429.742</ele>
    </trkpt>
    <trkpt lat="69.119306367" lon="26.34469986">
      <ele>430.189</ele>
    </trkpt>
    <trkpt lat="69.119122814" lon="26.345043182">
      <ele>428.903</ele>
    </trkpt>
    <trkpt lat="69.119000444" lon="26.345386505">
      <ele>428.496</ele>
    </trkpt>
    <trkpt lat="69.118878074" lon="26.345901489">
      <ele>424.685</ele>
    </trkpt>
    <trkpt lat="69.118755703" lon="26.346244812">
      <ele>423.496</ele>
    </trkpt>
    <trkpt lat="69.118633332" lon="26.346588135">
      <ele>421.715</ele>
    </trkpt>
    <trkpt lat="69.118510959" lon="26.346931458">
      <ele>420.673</ele>
    </trkpt>
    <trkpt lat="69.118388586" lon="26.34727478">
      <ele>419.861</ele>
    </trkpt>
    <trkpt lat="69.118205025" lon="26.347446442">
      <ele>419.061</ele>
    </trkpt>
    <trkpt lat="69.118082651" lon="26.347789764">
      <ele>418.446</ele>
    </trkpt>
    <trkpt lat="69.117960275" lon="26.348133087">
      <ele>418.864</ele>
    </trkpt>
    <trkpt lat="69.117837899" lon="26.34847641">
      <ele>418.932</ele>
    </trkpt>
    <trkpt lat="69.117715523" lon="26.348819733">
      <ele>418.941</ele>
    </trkpt>
    <trkpt lat="69.117593145" lon="26.349163055">
      <ele>419.655</ele>
    </trkpt>
    <trkpt lat="69.117531956" lon="26.34967804">
      <ele>422.372</ele>
    </trkpt>
    <trkpt lat="69.117409578" lon="26.350021362">
      <ele>421.501</ele>
    </trkpt>
    <trkpt lat="69.117287199" lon="26.350364685">
      <ele>420.716</ele>
    </trkpt>
    <trkpt lat="69.117164819" lon="26.350708008">
      <ele>419.402</ele>
    </trkpt>
    <trkpt lat="69.116981248" lon="26.351051331">
      <ele>416.58</ele>
    </trkpt>
    <trkpt lat="69.116858866" lon="26.351394653">
      <ele>414.782</ele>
    </trkpt>
    <trkpt lat="69.116736484" lon="26.351737976">
      <ele>413.257</ele>
    </trkpt>
    <trkpt lat="69.116675292" lon="26.35225296">
      <ele>412.155</ele>
    </trkpt>
    <trkpt lat="69.116552909" lon="26.352596283">
      <ele>410.362</ele>
    </trkpt>
    <trkpt lat="69.116430525" lon="26.352939606">
      <ele>408.6</ele>
    </trkpt>
    <trkpt lat="69.116369333" lon="26.35345459">
      <ele>407.423</ele>
    </trkpt>
    <trkpt lat="69.116369333" lon="26.353969574">
      <ele>406.569</ele>
    </trkpt>
    <trkpt lat="69.116369333" lon="26.354484558">
      <ele>405.715</ele>
    </trkpt>
    <trkpt lat="69.116369333" lon="26.354999542">
      <ele>403.931</ele>
    </trkpt>
    <trkpt lat="69.116369333" lon="26.355514526">
      <ele>402.87</ele>
    </trkpt>
    <trkpt lat="69.116369333" lon="26.35602951">
      <ele>401.223</ele>
    </trkpt>
    <trkpt lat="69.116369333" lon="26.356544495">
      <ele>399.44</ele>
    </trkpt>
    <trkpt lat="69.116369333" lon="26.357059479">
      <ele>398.971</ele>
    </trkpt>
    <trkpt lat="69.116369333" lon="26.357574463">
      <ele>397.981</ele>
    </trkpt>
    <trkpt lat="69.116369333" lon="26.358089447">
      <ele>396.991</ele>
    </trkpt>
    <trkpt lat="69.116369333" lon="26.358604431">
      <ele>396.022</ele>
    </trkpt>
    <trkpt lat="69.116369333" lon="26.359119415">
      <ele>395.17</ele>
    </trkpt>
    <trkpt lat="69.116308141" lon="26.359634399">
      <ele>394.801</ele>
    </trkpt>
    <trkpt lat="69.116246948" lon="26.360149384">
      <ele>393.725</ele>
    </trkpt>
    <trkpt lat="69.116185755" lon="26.360664368">
      <ele>392.877</ele>
    </trkpt>
    <trkpt lat="69.116124562" lon="26.361179352">
      <ele>391.803</ele>
    </trkpt>
    <trkpt lat="69.116063369" lon="26.361694336">
      <ele>389.983</ele>
    </trkpt>
    <trkpt lat="69.116002176" lon="26.36220932">
      <ele>389.028</ele>
    </trkpt>
    <trkpt lat="69.115879789" lon="26.362724304">
      <ele>388.032</ele>
    </trkpt>
    <trkpt lat="69.115818595" lon="26.363239288">
      <ele>386.339</ele>
    </trkpt>
    <trkpt lat="69.115757401" lon="26.363754272">
      <ele>385.485</ele>
    </trkpt>
    <trkpt lat="69.115696207" lon="26.364269257">
      <ele>384.818</ele>
    </trkpt>
    <trkpt lat="69.115696207" lon="26.364784241">
      <ele>383.89</ele>
    </trkpt>
    <trkpt lat="69.115696207" lon="26.364784241">
      <ele>383.89</ele>
    </trkpt>
    <trkpt lat="69.115757401" lon="26.364955902">
      <ele>383.77</ele>
    </trkpt>
    <trkpt lat="69.115757401" lon="26.365470886">
      <ele>383.221</ele>
    </trkpt>
    <trkpt lat="69.115818595" lon="26.36598587">
      <ele>382.971</ele>
    </trkpt>
    <trkpt lat="69.115818595" lon="26.366500854">
      <ele>382.0</ele>
    </trkpt>
    <trkpt lat="69.115818595" lon="26.367015839">
      <ele>381.947</ele>
    </trkpt>
    <trkpt lat="69.115879789" lon="26.367530823">
      <ele>382.0</ele>
    </trkpt>
    <trkpt lat="69.115879789" lon="26.368045807">
      <ele>382.0</ele>
    </trkpt>
    <trkpt lat="69.115940983" lon="26.368560791">
      <ele>381.388</ele>
    </trkpt>
    <trkpt lat="69.115940983" lon="26.369075775">
      <ele>380.715</ele>
    </trkpt>
    <trkpt lat="69.116002176" lon="26.369590759">
      <ele>380.081</ele>
    </trkpt>
    <trkpt lat="69.116002176" lon="26.370105743">
      <ele>377.604</ele>
    </trkpt>
    <trkpt lat="69.116002176" lon="26.370620728">
      <ele>374.623</ele>
    </trkpt>
    <trkpt lat="69.116002176" lon="26.371135712">
      <ele>372.75</ele>
    </trkpt>
    <trkpt lat="69.116002176" lon="26.371650696">
      <ele>372.392</ele>
    </trkpt>
    <trkpt lat="69.116002176" lon="26.37216568">
      <ele>372.392</ele>
    </trkpt>
    <trkpt lat="69.116002176" lon="26.372680664">
      <ele>372.787</ele>
    </trkpt>
    <trkpt lat="69.116002176" lon="26.373195648">
      <ele>373.0</ele>
    </trkpt>
    <trkpt lat="69.115940983" lon="26.373710632">
      <ele>372.861</ele>
    </trkpt>
    <trkpt lat="69.115879789" lon="26.374225616">
      <ele>373.009</ele>
    </trkpt>
    <trkpt lat="69.115757401" lon="26.374568939">
      <ele>374.669</ele>
    </trkpt>
    <trkpt lat="69.115696207" lon="26.375083923">
      <ele>376.634</ele>
    </trkpt>
    <trkpt lat="69.115635013" lon="26.375598907">
      <ele>377.473</ele>
    </trkpt>
    <trkpt lat="69.115573818" lon="26.376113892">
      <ele>378.869</ele>
    </trkpt>
    <trkpt lat="69.115573818" lon="26.376628876">
      <ele>378.925</ele>
    </trkpt>
    <trkpt lat="69.115512624" lon="26.37714386">
      <ele>379.761</ele>
    </trkpt>
    <trkpt lat="69.115390234" lon="26.377830505">
      <ele>380.0</ele>
    </trkpt>
    <trkpt lat="69.115329039" lon="26.37834549">
      <ele>379.992</ele>
    </trkpt>
    <trkpt lat="69.115206648" lon="26.378688812">
      <ele>380.048</ele>
    </trkpt>
    <trkpt lat="69.115145452" lon="26.379203796">
      <ele>379.289</ele>
    </trkpt>
    <trkpt lat="69.115023061" lon="26.379547119">
      <ele>380.246</ele>
    </trkpt>
    <trkpt lat="69.114961864" lon="26.380062103">
      <ele>379.412</ele>
    </trkpt>
    <trkpt lat="69.114900668" lon="26.380577087">
      <ele>379.43</ele>
    </trkpt>
    <trkpt lat="69.114839472" lon="26.381092072">
      <ele>379.918</ele>
    </trkpt>
    <trkpt lat="69.114778275" lon="26.381607056">
      <ele>380.991</ele>
    </trkpt>
    <trkpt lat="69.114717078" lon="26.38212204">
      <ele>380.49</ele>
    </trkpt>
    <trkpt lat="69.114594684" lon="26.382465363">
      <ele>381.463</ele>
    </trkpt>
    <trkpt lat="69.114594684" lon="26.382980347">
      <ele>377.75</ele>
    </trkpt>
    <trkpt lat="69.114472289" lon="26.383323669">
      <ele>376.962</ele>
    </trkpt>
    <trkpt lat="69.114411091" lon="26.383838654">
      <ele>378.725</ele>
    </trkpt>
    <trkpt lat="69.114288695" lon="26.384181976">
      <ele>379.892</ele>
    </trkpt>
    <trkpt lat="69.114227497" lon="26.38469696">
      <ele>384.021</ele>
    </trkpt>
    <trkpt lat="69.1141051" lon="26.385040283">
      <ele>384.819</ele>
    </trkpt>
    <trkpt lat="69.114043901" lon="26.385555267">
      <ele>388.019</ele>
    </trkpt>
    <trkpt lat="69.113982702" lon="26.386070251">
      <ele>388.832</ele>
    </trkpt>
    <trkpt lat="69.113860304" lon="26.386585236">
      <ele>387.147</ele>
    </trkpt>
    <trkpt lat="69.113737905" lon="26.386928558">
      <ele>386.05</ele>
    </trkpt>
    <trkpt lat="69.113615505" lon="26.387271881">
      <ele>387.786</ele>
    </trkpt>
    <trkpt lat="69.113431904" lon="26.387443542">
      <ele>386.447</ele>
    </trkpt>
    <trkpt lat="69.113309503" lon="26.387786865">
      <ele>388.5</ele>
    </trkpt>
    <trkpt lat="69.1131259" lon="26.387958527">
      <ele>386.211</ele>
    </trkpt>
    <trkpt lat="69.113003497" lon="26.388301849">
      <ele>388.652</ele>
    </trkpt>
    <trkpt lat="69.112881093" lon="26.388645172">
      <ele>390.81</ele>
    </trkpt>
    <trkpt lat="69.112697486" lon="26.388816833">
      <ele>389.927</ele>
    </trkpt>
    <trkpt lat="69.11257508" lon="26.389160156">
      <ele>391.994</ele>
    </trkpt>
    <trkpt lat="69.112452674" lon="26.389503479">
      <ele>392.707</ele>
    </trkpt>
    <trkpt lat="69.112330267" lon="26.389846802">
      <ele>393.215</ele>
    </trkpt>
    <trkpt lat="69.112207859" lon="26.390190125">
      <ele>395.863</ele>
    </trkpt>
    <trkpt lat="69.112085451" lon="26.390533447">
      <ele>398.245</ele>
    </trkpt>
    <trkpt lat="69.111963042" lon="26.39087677">
      <ele>401.447</ele>
    </trkpt>
    <trkpt lat="69.111840633" lon="26.391220093">
      <ele>402.436</ele>
    </trkpt>
    <trkpt lat="69.111718222" lon="26.391735077">
      <ele>405.432</ele>
    </trkpt>
    <trkpt lat="69.111595811" lon="26.392250061">
      <ele>406.845</ele>
    </trkpt>
    <trkpt lat="69.1114734" lon="26.392765045">
      <ele>407.968</ele>
    </trkpt>
    <trkpt lat="69.111350987" lon="26.393108368">
      <ele>408.054</ele>
    </trkpt>
    <trkpt lat="69.111228574" lon="26.393451691">
      <ele>408.669</ele>
    </trkpt>
    <trkpt lat="69.111167367" lon="26.393966675">
      <ele>410.0</ele>
    </trkpt>
    <trkpt lat="69.111044953" lon="26.394309998">
      <ele>410.04</ele>
    </trkpt>
    <trkpt lat="69.110983746" lon="26.394824982">
      <ele>410.911</ele>
    </trkpt>
    <trkpt lat="69.110861331" lon="26.395168304">
      <ele>411.101</ele>
    </trkpt>
    <trkpt lat="69.110800123" lon="26.395683289">
      <ele>411.816</ele>
    </trkpt>
    <trkpt lat="69.110677707" lon="26.396026611">
      <ele>411.746</ele>
    </trkpt>
    <trkpt lat="69.110616498" lon="26.396541595">
      <ele>412.34</ele>
    </trkpt>
    <trkpt lat="69.11055529" lon="26.39705658">
      <ele>412.994</ele>
    </trkpt>
    <trkpt lat="69.110494081" lon="26.397571564">
      <ele>412.95</ele>
    </trkpt>
    <trkpt lat="69.110371663" lon="26.397914886">
      <ele>412.172</ele>
    </trkpt>
    <trkpt lat="69.110310454" lon="26.398429871">
      <ele>413.542</ele>
    </trkpt>
    <trkpt lat="69.110249245" lon="26.398944855">
      <ele>414.425</ele>
    </trkpt>
    <trkpt lat="69.110126826" lon="26.399288177">
      <ele>413.302</ele>
    </trkpt>
    <trkpt lat="69.110004406" lon="26.3996315">
      <ele>414.357</ele>
    </trkpt>
    <trkpt lat="69.109943195" lon="26.400146484">
      <ele>414.569</ele>
    </trkpt>
    <trkpt lat="69.109820774" lon="26.400489807">
      <ele>412.469</ele>
    </trkpt>
    <trkpt lat="69.109698353" lon="26.401004791">
      <ele>413.241</ele>
    </trkpt>
    <trkpt lat="69.109575931" lon="26.401519775">
      <ele>414.139</ele>
    </trkpt>
    <trkpt lat="69.109453508" lon="26.401863098">
      <ele>414.749</ele>
    </trkpt>
    <trkpt lat="69.109257894" lon="26.401605606">
      <ele>411.693</ele>
    </trkpt>
    <trkpt lat="69.109227288" lon="26.401691437">
      <ele>411.814</ele>
    </trkpt>
    <trkpt lat="69.109135469" lon="26.401777267">
      <ele>411.639</ele>
    </trkpt>
    <trkpt lat="69.10904365" lon="26.401863098">
      <ele>411.658</ele>
    </trkpt>
    <trkpt lat="69.108982438" lon="26.40203476">
      <ele>411.999</ele>
    </trkpt>
    <trkpt lat="69.108890618" lon="26.40212059">
      <ele>411.647</ele>
    </trkpt>
    <trkpt lat="69.108798798" lon="26.402206421">
      <ele>411.619</ele>
    </trkpt>
    <trkpt lat="69.108706977" lon="26.402292252">
      <ele>411.345</ele>
    </trkpt>
    <trkpt lat="69.108615156" lon="26.402378082">
      <ele>411.015</ele>
    </trkpt>
    <trkpt lat="69.108553942" lon="26.402549744">
      <ele>411.0</ele>
    </trkpt>
    <trkpt lat="69.108462121" lon="26.402635574">
      <ele>411.0</ele>
    </trkpt>
    <trkpt lat="69.108400906" lon="26.402807236">
      <ele>411.08</ele>
    </trkpt>
    <trkpt lat="69.108309084" lon="26.402978897">
      <ele>411.613</ele>
    </trkpt>
    <trkpt lat="69.108247869" lon="26.403150558">
      <ele>412.14</ele>
    </trkpt>
    <trkpt lat="69.108186654" lon="26.40332222">
      <ele>412.939</ele>
    </trkpt>
    <trkpt lat="69.108094831" lon="26.403408051">
      <ele>413.231</ele>
    </trkpt>
    <trkpt lat="69.108003008" lon="26.403493881">
      <ele>413.607</ele>
    </trkpt>
    <trkpt lat="69.107911184" lon="26.403665543">
      <ele>414.818</ele>
    </trkpt>
    <trkpt lat="69.10781936" lon="26.403751373">
      <ele>415.785</ele>
    </trkpt>
    <trkpt lat="69.107758143" lon="26.403923035">
      <ele>417.052</ele>
    </trkpt>
    <trkpt lat="69.107666319" lon="26.404008865">
      <ele>417.031</ele>
    </trkpt>
    <trkpt lat="69.107574493" lon="26.404094696">
      <ele>417.009</ele>
    </trkpt>
    <trkpt lat="69.107482668" lon="26.404180527">
      <ele>417.1</ele>
    </trkpt>
    <trkpt lat="69.107390842" lon="26.404266357">
      <ele>417.718</ele>
    </trkpt>
    <trkpt lat="69.107299015" lon="26.404352188">
      <ele>418.336</ele>
    </trkpt>
    <trkpt lat="69.107237798" lon="26.404523849">
      <ele>419.556</ele>
    </trkpt>
    <trkpt lat="69.107145971" lon="26.40460968">
      <ele>419.752</ele>
    </trkpt>
    <trkpt lat="69.107084752" lon="26.404781342">
      <ele>420.116</ele>
    </trkpt>
    <trkpt lat="69.106992925" lon="26.404867172">
      <ele>419.78</ele>
    </trkpt>
    <trkpt lat="69.106901097" lon="26.404953003">
      <ele>420.169</ele>
    </trkpt>
    <trkpt lat="69.106809268" lon="26.405038834">
      <ele>420.973</ele>
    </trkpt>
    <trkpt lat="69.106717439" lon="26.405124664">
      <ele>421.634</ele>
    </trkpt>
    <trkpt lat="69.10662561" lon="26.405210495">
      <ele>422.0</ele>
    </trkpt>
    <trkpt lat="69.106533781" lon="26.405382156">
      <ele>421.984</ele>
    </trkpt>
    <trkpt lat="69.106441951" lon="26.405467987">
      <ele>422.423</ele>
    </trkpt>
    <trkpt lat="69.10635012" lon="26.405553818">
      <ele>422.855</ele>
    </trkpt>
    <trkpt lat="69.1062889" lon="26.405725479">
      <ele>422.249</ele>
    </trkpt>
    <trkpt lat="69.106197069" lon="26.40581131">
      <ele>422.025</ele>
    </trkpt>
    <trkpt lat="69.106135848" lon="26.405982971">
      <ele>422.491</ele>
    </trkpt>
    <trkpt lat="69.106044016" lon="26.406068802">
      <ele>422.606</ele>
    </trkpt>
    <trkpt lat="69.105982795" lon="26.406240463">
      <ele>422.753</ele>
    </trkpt>
    <trkpt lat="69.105890963" lon="26.406412125">
      <ele>423.101</ele>
    </trkpt>
    <trkpt lat="69.105829741" lon="26.406583786">
      <ele>423.672</ele>
    </trkpt>
    <trkpt lat="69.105737908" lon="26.406755447">
      <ele>423.742</ele>
    </trkpt>
    <trkpt lat="69.105676686" lon="26.406927109">
      <ele>424.338</ele>
    </trkpt>
    <trkpt lat="69.105615464" lon="26.40709877">
      <ele>424.771</ele>
    </trkpt>
    <trkpt lat="69.10552363" lon="26.407184601">
      <ele>424.65</ele>
    </trkpt>
    <trkpt lat="69.105462407" lon="26.407356262">
      <ele>425.133</ele>
    </trkpt>
    <trkpt lat="69.105370573" lon="26.407527924">
      <ele>425.136</ele>
    </trkpt>
    <trkpt lat="69.105309349" lon="26.407699585">
      <ele>425.615</ele>
    </trkpt>
    <trkpt lat="69.105248126" lon="26.407871246">
      <ele>426.424</ele>
    </trkpt>
    <trkpt lat="69.105186903" lon="26.408042908">
      <ele>426.942</ele>
    </trkpt>
    <trkpt lat="69.105125679" lon="26.4083004">
      <ele>427.406</ele>
    </trkpt>
    <trkpt lat="69.105064455" lon="26.408472061">
      <ele>428.535</ele>
    </trkpt>
    <trkpt lat="69.105003231" lon="26.408643723">
      <ele>429.966</ele>
    </trkpt>
    <trkpt lat="69.104911395" lon="26.408729553">
      <ele>429.132</ele>
    </trkpt>
    <trkpt lat="69.10485017" lon="26.408901215">
      <ele>429.464</ele>
    </trkpt>
    <trkpt lat="69.104758333" lon="26.408901215">
      <ele>429.163</ele>
    </trkpt>
    <trkpt lat="69.104666496" lon="26.408987045">
      <ele>429.224</ele>
    </trkpt>
    <trkpt lat="69.104574658" lon="26.408987045">
      <ele>429.01</ele>
    </trkpt>
    <trkpt lat="69.10448282" lon="26.408987045">
      <ele>428.796</ele>
    </trkpt>
    <trkpt lat="69.104390981" lon="26.409072876">
      <ele>429.262</ele>
    </trkpt>
    <trkpt lat="69.104299142" lon="26.409158707">
      <ele>429.45</ele>
    </trkpt>
    <trkpt lat="69.104207303" lon="26.409244537">
      <ele>429.386</ele>
    </trkpt>
    <trkpt lat="69.104115463" lon="26.409330368">
      <ele>429.481</ele>
    </trkpt>
    <trkpt lat="69.104023623" lon="26.409416199">
      <ele>429.436</ele>
    </trkpt>
    <trkpt lat="69.103931782" lon="26.409416199">
      <ele>429.139</ele>
    </trkpt>
    <trkpt lat="69.103839941" lon="26.409502029">
      <ele>429.762</ele>
    </trkpt>
    <trkpt lat="69.1037481" lon="26.40958786">
      <ele>430.794</ele>
    </trkpt>
    <trkpt lat="69.103656259" lon="26.409673691">
      <ele>431.622</ele>
    </trkpt>
    <trkpt lat="69.103564417" lon="26.409759521">
      <ele>432.414</ele>
    </trkpt>
    <trkpt lat="69.103472574" lon="26.409845352">
      <ele>433.164</ele>
    </trkpt>
    <trkpt lat="69.103380731" lon="26.409931183">
      <ele>433.71</ele>
    </trkpt>
    <trkpt lat="69.103288888" lon="26.409931183">
      <ele>433.713</ele>
    </trkpt>
    <trkpt lat="69.103197044" lon="26.410017014">
      <ele>434.031</ele>
    </trkpt>
    <trkpt lat="69.1031052" lon="26.410102844">
      <ele>434.066</ele>
    </trkpt>
    <trkpt lat="69.103013356" lon="26.410188675">
      <ele>433.951</ele>
    </trkpt>
    <trkpt lat="69.102921511" lon="26.410274506">
      <ele>433.994</ele>
    </trkpt>
    <trkpt lat="69.102829666" lon="26.410360336">
      <ele>434.056</ele>
    </trkpt>
    <trkpt lat="69.102737821" lon="26.410531998">
      <ele>433.844</ele>
    </trkpt>
    <trkpt lat="69.102645975" lon="26.410617828">
      <ele>433.75</ele>
    </trkpt>
    <trkpt lat="69.102554129" lon="26.410617828">
      <ele>433.419</ele>
    </trkpt>
    <trkpt lat="69.102462282" lon="26.410703659">
      <ele>433.397</ele>
    </trkpt>
    <trkpt lat="69.102370435" lon="26.41078949">
      <ele>433.376</ele>
    </trkpt>
    <trkpt lat="69.102278587" lon="26.41087532">
      <ele>433.354</ele>
    </trkpt>
    <trkpt lat="69.10218674" lon="26.410961151">
      <ele>433.332</ele>
    </trkpt>
    <trkpt lat="69.102094891" lon="26.411046982">
      <ele>433.311</ele>
    </trkpt>
    <trkpt lat="69.102003043" lon="26.411132813">
      <ele>433.273</ele>
    </trkpt>
    <trkpt lat="69.101911194" lon="26.411132813">
      <ele>432.839</ele>
    </trkpt>
    <trkpt lat="69.101819344" lon="26.411218643">
      <ele>432.486</ele>
    </trkpt>
    <trkpt lat="69.101727495" lon="26.411304474">
      <ele>432.134</ele>
    </trkpt>
    <trkpt lat="69.101635644" lon="26.411304474">
      <ele>431.439</ele>
    </trkpt>
    <trkpt lat="69.101543794" lon="26.411390305">
      <ele>431.123</ele>
    </trkpt>
    <trkpt lat="69.101451943" lon="26.411561966">
      <ele>431.559</ele>
    </trkpt>
    <trkpt lat="69.101329475" lon="26.411561966">
      <ele>430.818</ele>
    </trkpt>
    <trkpt lat="69.101329475" lon="26.411561966">
      <ele>430.818</ele>
    </trkpt>
    <trkpt lat="69.101298857" lon="26.411647797">
      <ele>431.216</ele>
    </trkpt>
    <trkpt lat="69.101209855" lon="26.411783248">
      <ele>431.401</ele>
    </trkpt>
    <trkpt lat="69.100988565" lon="26.411620975">
      <ele>426.951</ele>
    </trkpt>
    <trkpt lat="69.100854561" lon="26.411524415">
      <ele>422.961</ele>
    </trkpt>
    <trkpt lat="69.100707156" lon="26.411347389">
      <ele>423.325</ele>
    </trkpt>
    <trkpt lat="69.100575065" lon="26.411143541">
      <ele>427.229</ele>
    </trkpt>
    <trkpt lat="69.100475519" lon="26.410966516">
      <ele>428.371</ele>
    </trkpt>
    <trkpt lat="69.100222608" lon="26.410274506">
      <ele>427.806</ele>
    </trkpt>
    <trkpt lat="69.100207298" lon="26.41014576">
      <ele>428.49</ele>
    </trkpt>
    <trkpt lat="69.100191989" lon="26.410017014">
      <ele>429.174</ele>
    </trkpt>
    <trkpt lat="69.100176679" lon="26.409888268">
      <ele>429.712</ele>
    </trkpt>
    <trkpt lat="69.10016137" lon="26.409759521">
      <ele>430.179</ele>
    </trkpt>
    <trkpt lat="69.100146061" lon="26.409630775">
      <ele>430.769</ele>
    </trkpt>
    <trkpt lat="69.100130751" lon="26.409502029">
      <ele>431.334</ele>
    </trkpt>
    <trkpt lat="69.100115442" lon="26.409330368">
      <ele>431.995</ele>
    </trkpt>
    <trkpt lat="69.100100132" lon="26.409158707">
      <ele>432.65</ele>
    </trkpt>
    <trkpt lat="69.100069513" lon="26.408987045">
      <ele>432.912</ele>
    </trkpt>
    <trkpt lat="69.100054204" lon="26.408815384">
      <ele>433.213</ele>
    </trkpt>
    <trkpt lat="69.100038894" lon="26.408686638">
      <ele>433.626</ele>
    </trkpt>
    <trkpt lat="69.100023585" lon="26.408557892">
      <ele>433.915</ele>
    </trkpt>
    <trkpt lat="69.100008275" lon="26.408429146">
      <ele>433.97</ele>
    </trkpt>
    <trkpt lat="69.099977656" lon="26.408214569">
      <ele>434.508</ele>
    </trkpt>
    <trkpt lat="69.099962347" lon="26.407957077">
      <ele>435.184</ele>
    </trkpt>
    <trkpt lat="69.099931727" lon="26.407785416">
      <ele>435.485</ele>
    </trkpt>
    <trkpt lat="69.099901108" lon="26.407442093">
      <ele>436.564</ele>
    </trkpt>
    <trkpt lat="69.099885799" lon="26.407313347">
      <ele>437.083</ele>
    </trkpt>
    <trkpt lat="69.099870489" lon="26.407184601">
      <ele>437.602</ele>
    </trkpt>
    <trkpt lat="69.099855179" lon="26.407012939">
      <ele>438.275</ele>
    </trkpt>
    <trkpt lat="69.09983987" lon="26.406884193">
      <ele>438.576</ele>
    </trkpt>
    <trkpt lat="69.09982456" lon="26.406755447">
      <ele>438.632</ele>
    </trkpt>
    <trkpt lat="69.09980925" lon="26.406583786">
      <ele>438.985</ele>
    </trkpt>
    <trkpt lat="69.099793941" lon="26.40645504">
      <ele>439.504</ele>
    </trkpt>
    <trkpt lat="69.099778631" lon="26.406326294">
      <ele>439.977</ele>
    </trkpt>
    <trkpt lat="69.099763321" lon="26.406154633">
      <ele>440.571</ele>
    </trkpt>
    <trkpt lat="69.099748012" lon="26.406025887">
      <ele>440.843</ele>
    </trkpt>
    <trkpt lat="69.099717392" lon="26.40581131">
      <ele>441.035</ele>
    </trkpt>
    <trkpt lat="69.099702083" lon="26.405682564">
      <ele>441.145</ele>
    </trkpt>
    <trkpt lat="69.099671463" lon="26.405553818">
      <ele>441.367</ele>
    </trkpt>
    <trkpt lat="69.099656153" lon="26.405425072">
      <ele>441.587</ele>
    </trkpt>
    <trkpt lat="69.099640843" lon="26.405296326">
      <ele>441.859</ele>
    </trkpt>
    <trkpt lat="69.099610224" lon="26.40516758">
      <ele>442.21</ele>
    </trkpt>
    <trkpt lat="69.099594914" lon="26.405038834">
      <ele>442.375</ele>
    </trkpt>
    <trkpt lat="69.099579604" lon="26.404910088">
      <ele>442.706</ele>
    </trkpt>
    <trkpt lat="69.099564294" lon="26.404781342">
      <ele>443.153</ele>
    </trkpt>
    <trkpt lat="69.099533675" lon="26.404652596">
      <ele>443.715</ele>
    </trkpt>
    <trkpt lat="69.099518365" lon="26.404523849">
      <ele>443.936</ele>
    </trkpt>
    <trkpt lat="69.099487745" lon="26.404395103">
      <ele>444.526</ele>
    </trkpt>
    <trkpt lat="69.099457125" lon="26.404266357">
      <ele>445.429</ele>
    </trkpt>
    <trkpt lat="69.099426505" lon="26.404094696">
      <ele>446.081</ele>
    </trkpt>
    <trkpt lat="69.099411195" lon="26.40396595">
      <ele>446.206</ele>
    </trkpt>
    <trkpt lat="69.099380576" lon="26.403880119">
      <ele>446.46</ele>
    </trkpt>
    <trkpt lat="69.099365266" lon="26.403751373">
      <ele>446.57</ele>
    </trkpt>
    <trkpt lat="69.099334646" lon="26.403665543">
      <ele>446.791</ele>
    </trkpt>
    <trkpt lat="69.099319336" lon="26.403536797">
      <ele>446.901</ele>
    </trkpt>
    <trkpt lat="69.099288716" lon="26.403450966">
      <ele>447.121</ele>
    </trkpt>
    <trkpt lat="69.099273406" lon="26.40332222">
      <ele>447.231</ele>
    </trkpt>
    <trkpt lat="69.099242785" lon="26.403193474">
      <ele>447.452</ele>
    </trkpt>
    <trkpt lat="69.099212165" lon="26.403021812">
      <ele>447.551</ele>
    </trkpt>
    <trkpt lat="69.099181545" lon="26.402850151">
      <ele>447.153</ele>
    </trkpt>
    <trkpt lat="69.099166235" lon="26.402721405">
      <ele>446.998</ele>
    </trkpt>
    <trkpt lat="69.099150925" lon="26.402592659">
      <ele>446.943</ele>
    </trkpt>
    <trkpt lat="69.099120305" lon="26.402463913">
      <ele>446.703</ele>
    </trkpt>
    <trkpt lat="69.099089684" lon="26.402292252">
      <ele>445.975</ele>
    </trkpt>
    <trkpt lat="69.099074374" lon="26.40212059">
      <ele>445.423</ele>
    </trkpt>
    <trkpt lat="69.099059064" lon="26.401991844">
      <ele>445.105</ele>
    </trkpt>
    <trkpt lat="69.099043754" lon="26.401863098">
      <ele>445.0</ele>
    </trkpt>
    <trkpt lat="69.099028443" lon="26.401734352">
      <ele>445.0</ele>
    </trkpt>
    <trkpt lat="69.098997823" lon="26.401605606">
      <ele>444.914</ele>
    </trkpt>
    <trkpt lat="69.098982513" lon="26.40147686">
      <ele>444.77</ele>
    </trkpt>
    <trkpt lat="69.098951892" lon="26.401391029">
      <ele>444.775</ele>
    </trkpt>
    <trkpt lat="69.098936582" lon="26.401262283">
      <ele>444.828</ele>
    </trkpt>
    <trkpt lat="69.098905961" lon="26.401176453">
      <ele>444.939</ele>
    </trkpt>
    <trkpt lat="69.098875341" lon="26.401047707">
      <ele>444.723</ele>
    </trkpt>
    <trkpt lat="69.09884472" lon="26.400918961">
      <ele>444.149</ele>
    </trkpt>
    <trkpt lat="69.09882941" lon="26.400790215">
      <ele>443.664</ele>
    </trkpt>
    <trkpt lat="69.098798789" lon="26.400704384">
      <ele>443.362</ele>
    </trkpt>
    <trkpt lat="69.098768168" lon="26.400575638">
      <ele>443.041</ele>
    </trkpt>
    <trkpt lat="69.098722237" lon="26.400403976">
      <ele>442.673</ele>
    </trkpt>
    <trkpt lat="69.098691616" lon="26.40027523">
      <ele>442.29</ele>
    </trkpt>
    <trkpt lat="69.098660995" lon="26.400146484">
      <ele>442.18</ele>
    </trkpt>
    <trkpt lat="69.098630374" lon="26.400060654">
      <ele>442.069</ele>
    </trkpt>
    <trkpt lat="69.098599753" lon="26.399931908">
      <ele>442.082</ele>
    </trkpt>
    <trkpt lat="69.098569132" lon="26.399803162">
      <ele>442.302</ele>
    </trkpt>
    <trkpt lat="69.098523201" lon="26.399674416">
      <ele>442.633</ele>
    </trkpt>
    <trkpt lat="69.098492579" lon="26.399588585">
      <ele>442.853</ele>
    </trkpt>
    <trkpt lat="69.098446648" lon="26.399416924">
      <ele>443.144</ele>
    </trkpt>
    <trkpt lat="69.098416026" lon="26.399288177">
      <ele>443.237</ele>
    </trkpt>
    <trkpt lat="69.098385405" lon="26.399202347">
      <ele>443.462</ele>
    </trkpt>
    <trkpt lat="69.098354784" lon="26.399116516">
      <ele>443.768</ele>
    </trkpt>
    <trkpt lat="69.098324162" lon="26.39898777">
      <ele>444.033</ele>
    </trkpt>
    <trkpt lat="69.098308852" lon="26.398859024">
      <ele>444.088</ele>
    </trkpt>
    <trkpt lat="69.09827823" lon="26.398773193">
      <ele>444.198</ele>
    </trkpt>
    <trkpt lat="69.098247609" lon="26.398687363">
      <ele>444.309</ele>
    </trkpt>
    <trkpt lat="69.098216987" lon="26.398558617">
      <ele>444.419</ele>
    </trkpt>
    <trkpt lat="69.098186366" lon="26.398472786">
      <ele>444.529</ele>
    </trkpt>
    <trkpt lat="69.098155744" lon="26.398386955">
      <ele>444.639</ele>
    </trkpt>
    <trkpt lat="69.098125122" lon="26.398301125">
      <ele>444.75</ele>
    </trkpt>
    <trkpt lat="69.0980945" lon="26.398215294">
      <ele>444.86</ele>
    </trkpt>
    <trkpt lat="69.098063879" lon="26.398129463">
      <ele>444.97</ele>
    </trkpt>
    <trkpt lat="69.098033257" lon="26.398043633">
      <ele>444.997</ele>
    </trkpt>
    <trkpt lat="69.098002635" lon="26.397957802">
      <ele>444.933</ele>
    </trkpt>
    <trkpt lat="69.097972013" lon="26.397871971">
      <ele>444.801</ele>
    </trkpt>
    <trkpt lat="69.097941391" lon="26.39778614">
      <ele>444.601</ele>
    </trkpt>
    <trkpt lat="69.097910769" lon="26.397657394">
      <ele>444.271</ele>
    </trkpt>
    <trkpt lat="69.097880147" lon="26.397571564">
      <ele>444.095</ele>
    </trkpt>
    <trkpt lat="69.097849525" lon="26.397442818">
      <ele>444.0</ele>
    </trkpt>
    <trkpt lat="69.097818903" lon="26.397356987">
      <ele>444.0</ele>
    </trkpt>
    <trkpt lat="69.097803592" lon="26.397228241">
      <ele>444.0</ele>
    </trkpt>
    <trkpt lat="69.09777297" lon="26.39714241">
      <ele>443.757</ele>
    </trkpt>
    <trkpt lat="69.097742348" lon="26.39705658">
      <ele>443.811</ele>
    </trkpt>
    <trkpt lat="69.097696414" lon="26.39705658">
      <ele>444.339</ele>
    </trkpt>
    <trkpt lat="69.097696414" lon="26.39705658">
      <ele>444.339</ele>
    </trkpt>
    <trkpt lat="69.097696414" lon="26.397013664">
      <ele>444.275</ele>
    </trkpt>
    <trkpt lat="69.097650481" lon="26.396927834">
      <ele>444.833</ele>
    </trkpt>
    <trkpt lat="69.097619858" lon="26.396842003">
      <ele>445.274</ele>
    </trkpt>
    <trkpt lat="69.097558614" lon="26.396799088">
      <ele>446.156</ele>
    </trkpt>
    <trkpt lat="69.09751268" lon="26.396756172">
      <ele>446.817</ele>
    </trkpt>
    <trkpt lat="69.097466746" lon="26.396670341">
      <ele>447.48</ele>
    </trkpt>
    <trkpt lat="69.097420812" lon="26.396627426">
      <ele>448.14</ele>
    </trkpt>
    <trkpt lat="69.097374878" lon="26.396584511">
      <ele>448.802</ele>
    </trkpt>
    <trkpt lat="69.097328944" lon="26.396541595">
      <ele>449.463</ele>
    </trkpt>
    <trkpt lat="69.097283009" lon="26.39649868">
      <ele>450.125</ele>
    </trkpt>
    <trkpt lat="69.097237075" lon="26.396455765">
      <ele>450.786</ele>
    </trkpt>
    <trkpt lat="69.097191141" lon="26.396369934">
      <ele>451.163</ele>
    </trkpt>
    <trkpt lat="69.097145206" lon="26.396369934">
      <ele>451.505</ele>
    </trkpt>
    <trkpt lat="69.097099271" lon="26.396327019">
      <ele>451.761</ele>
    </trkpt>
    <trkpt lat="69.097053337" lon="26.396284103">
      <ele>452.068</ele>
    </trkpt>
    <trkpt lat="69.097007402" lon="26.396284103">
      <ele>452.461</ele>
    </trkpt>
    <trkpt lat="69.096961467" lon="26.396284103">
      <ele>452.854</ele>
    </trkpt>
    <trkpt lat="69.096915532" lon="26.396284103">
      <ele>453.273</ele>
    </trkpt>
    <trkpt lat="69.096869597" lon="26.396284103">
      <ele>453.707</ele>
    </trkpt>
    <trkpt lat="69.096823662" lon="26.396284103">
      <ele>454.14</ele>
    </trkpt>
    <trkpt lat="69.096777726" lon="26.396284103">
      <ele>454.574</ele>
    </trkpt>
    <trkpt lat="69.096731791" lon="26.396284103">
      <ele>455.008</ele>
    </trkpt>
    <trkpt lat="69.096685855" lon="26.396284103">
      <ele>455.442</ele>
    </trkpt>
    <trkpt lat="69.09663992" lon="26.396327019">
      <ele>456.184</ele>
    </trkpt>
    <trkpt lat="69.096593984" lon="26.396369934">
      <ele>456.996</ele>
    </trkpt>
    <trkpt lat="69.096548048" lon="26.396369934">
      <ele>457.669</ele>
    </trkpt>
    <trkpt lat="69.096502112" lon="26.396412849">
      <ele>458.37</ele>
    </trkpt>
    <trkpt lat="69.096456176" lon="26.396455765">
      <ele>459.031</ele>
    </trkpt>
    <trkpt lat="69.09641024" lon="26.39649868">
      <ele>459.693</ele>
    </trkpt>
    <trkpt lat="69.096364304" lon="26.396541595">
      <ele>460.266</ele>
    </trkpt>
    <trkpt lat="69.096318368" lon="26.396541595">
      <ele>460.762</ele>
    </trkpt>
    <trkpt lat="69.096272431" lon="26.396584511">
      <ele>461.258</ele>
    </trkpt>
    <trkpt lat="69.096226495" lon="26.396627426">
      <ele>461.754</ele>
    </trkpt>
    <trkpt lat="69.096180558" lon="26.396670341">
      <ele>462.253</ele>
    </trkpt>
    <trkpt lat="69.096134622" lon="26.396713257">
      <ele>462.76</ele>
    </trkpt>
    <trkpt lat="69.096088685" lon="26.396756172">
      <ele>463.323</ele>
    </trkpt>
    <trkpt lat="69.096042748" lon="26.396799088">
      <ele>463.984</ele>
    </trkpt>
    <trkpt lat="69.095996811" lon="26.396884918">
      <ele>464.646</ele>
    </trkpt>
    <trkpt lat="69.095950874" lon="26.396927834">
      <ele>465.307</ele>
    </trkpt>
    <trkpt lat="69.095904937" lon="26.396970749">
      <ele>465.969</ele>
    </trkpt>
    <trkpt lat="69.095843687" lon="26.397013664">
      <ele>466.851</ele>
    </trkpt>
    <trkpt lat="69.09579775" lon="26.397099495">
      <ele>467.641</ele>
    </trkpt>
    <trkpt lat="69.095751812" lon="26.39714241">
      <ele>468.467</ele>
    </trkpt>
    <trkpt lat="69.095705875" lon="26.397185326">
      <ele>469.294</ele>
    </trkpt>
    <trkpt lat="69.09567525" lon="26.397271156">
      <ele>470.022</ele>
    </trkpt>
    <trkpt lat="69.095629312" lon="26.397314072">
      <ele>471.003</ele>
    </trkpt>
    <trkpt lat="69.095583374" lon="26.397356987">
      <ele>471.984</ele>
    </trkpt>
    <trkpt lat="69.095537436" lon="26.397442818">
      <ele>473.068</ele>
    </trkpt>
    <trkpt lat="69.095491498" lon="26.397485733">
      <ele>473.883</ele>
    </trkpt>
    <trkpt lat="69.09544556" lon="26.397528648">
      <ele>474.625</ele>
    </trkpt>
    <trkpt lat="69.095399622" lon="26.397571564">
      <ele>475.39</ele>
    </trkpt>
    <trkpt lat="69.095353684" lon="26.397614479">
      <ele>476.206</ele>
    </trkpt>
    <trkpt lat="69.095307745" lon="26.397657394">
      <ele>477.074</ele>
    </trkpt>
    <trkpt lat="69.095261807" lon="26.39770031">
      <ele>478.025</ele>
    </trkpt>
    <trkpt lat="69.095215868" lon="26.39778614">
      <ele>479.121</ele>
    </trkpt>
    <trkpt lat="69.095169929" lon="26.39778614">
      <ele>479.953</ele>
    </trkpt>
    <trkpt lat="69.095139304" lon="26.397871971">
      <ele>480.662</ele>
    </trkpt>
    <trkpt lat="69.095093365" lon="26.397957802">
      <ele>481.75</ele>
    </trkpt>
    <trkpt lat="69.095062739" lon="26.398043633">
      <ele>482.612</ele>
    </trkpt>
    <trkpt lat="69.0950168" lon="26.398129463">
      <ele>483.903</ele>
    </trkpt>
    <trkpt lat="69.094986174" lon="26.398215294">
      <ele>484.845</ele>
    </trkpt>
    <trkpt lat="69.094955548" lon="26.398301125">
      <ele>485.703</ele>
    </trkpt>
    <trkpt lat="69.094924921" lon="26.398386955">
      <ele>486.404</ele>
    </trkpt>
    <trkpt lat="69.094894295" lon="26.398472786">
      <ele>487.094</ele>
    </trkpt>
    <trkpt lat="69.094863669" lon="26.398558617">
      <ele>487.852</ele>
    </trkpt>
    <trkpt lat="69.094833043" lon="26.398644447">
      <ele>488.654</ele>
    </trkpt>
    <trkpt lat="69.094802416" lon="26.398730278">
      <ele>489.392</ele>
    </trkpt>
    <trkpt lat="69.09477179" lon="26.398816109">
      <ele>490.061</ele>
    </trkpt>
    <trkpt lat="69.094741164" lon="26.398901939">
      <ele>490.703</ele>
    </trkpt>
    <trkpt lat="69.094710537" lon="26.399030685">
      <ele>491.679</ele>
    </trkpt>
    <trkpt lat="69.094679911" lon="26.399116516">
      <ele>492.429</ele>
    </trkpt>
    <trkpt lat="69.094649284" lon="26.399202347">
      <ele>493.084</ele>
    </trkpt>
    <trkpt lat="69.094618658" lon="26.399288177">
      <ele>493.654</ele>
    </trkpt>
    <trkpt lat="69.094588031" lon="26.399416924">
      <ele>494.368</ele>
    </trkpt>
    <trkpt lat="69.094557404" lon="26.399502754">
      <ele>495.052</ele>
    </trkpt>
    <trkpt lat="69.094526778" lon="26.399588585">
      <ele>495.672</ele>
    </trkpt>
    <trkpt lat="69.094480837" lon="26.399674416">
      <ele>496.453</ele>
    </trkpt>
    <trkpt lat="69.094450211" lon="26.399760246">
      <ele>497.051</ele>
    </trkpt>
    <trkpt lat="69.094419584" lon="26.399846077">
      <ele>497.983</ele>
    </trkpt>
    <trkpt lat="69.094388957" lon="26.399931908">
      <ele>498.953</ele>
    </trkpt>
    <trkpt lat="69.09435833" lon="26.400017738">
      <ele>499.924</ele>
    </trkpt>
    <trkpt lat="69.094343016" lon="26.400146484">
      <ele>500.718</ele>
    </trkpt>
    <trkpt lat="69.094312389" lon="26.400232315">
      <ele>501.689</ele>
    </trkpt>
    <trkpt lat="69.094281762" lon="26.400318146">
      <ele>502.659</ele>
    </trkpt>
    <trkpt lat="69.094251135" lon="26.400403976">
      <ele>503.63</ele>
    </trkpt>
    <trkpt lat="69.094220508" lon="26.400489807">
      <ele>504.6</ele>
    </trkpt>
    <trkpt lat="69.094189881" lon="26.400618553">
      <ele>505.706</ele>
    </trkpt>
    <trkpt lat="69.094159254" lon="26.400704384">
      <ele>506.682</ele>
    </trkpt>
    <trkpt lat="69.094128626" lon="26.40083313">
      <ele>507.684</ele>
    </trkpt>
    <trkpt lat="69.094082686" lon="26.400918961">
      <ele>508.605</ele>
    </trkpt>
    <trkpt lat="69.094036744" lon="26.401047707">
      <ele>509.7</ele>
    </trkpt>
    <trkpt lat="69.094006117" lon="26.401133537">
      <ele>510.502</ele>
    </trkpt>
    <trkpt lat="69.09397549" lon="26.401219368">
      <ele>511.251</ele>
    </trkpt>
    <trkpt lat="69.093944862" lon="26.401305199">
      <ele>511.932</ele>
    </trkpt>
    <trkpt lat="69.093898921" lon="26.401391029">
      <ele>512.827</ele>
    </trkpt>
    <trkpt lat="69.093868293" lon="26.40147686">
      <ele>513.687</ele>
    </trkpt>
    <trkpt lat="69.093837665" lon="26.401562691">
      <ele>514.548</ele>
    </trkpt>
    <trkpt lat="69.093807038" lon="26.401648521">
      <ele>515.408</ele>
    </trkpt>
    <trkpt lat="69.09377641" lon="26.401734352">
      <ele>516.123</ele>
    </trkpt>
    <trkpt lat="69.093745782" lon="26.401820183">
      <ele>516.861</ele>
    </trkpt>
    <trkpt lat="69.093715154" lon="26.401906013">
      <ele>517.666</ele>
    </trkpt>
    <trkpt lat="69.093684526" lon="26.401991844">
      <ele>518.459</ele>
    </trkpt>
    <trkpt lat="69.093653898" lon="26.402077675">
      <ele>519.15</ele>
    </trkpt>
    <trkpt lat="69.09362327" lon="26.402206421">
      <ele>519.779</ele>
    </trkpt>
    <trkpt lat="69.093577328" lon="26.402292252">
      <ele>520.86</ele>
    </trkpt>
    <trkpt lat="69.0935467" lon="26.402378082">
      <ele>521.72</ele>
    </trkpt>
    <trkpt lat="69.093500758" lon="26.402463913">
      <ele>522.856</ele>
    </trkpt>
    <trkpt lat="69.093454816" lon="26.402506828">
      <ele>523.824</ele>
    </trkpt>
    <trkpt lat="69.093424188" lon="26.402592659">
      <ele>524.474</ele>
    </trkpt>
    <trkpt lat="69.093378245" lon="26.402635574">
      <ele>525.27</ele>
    </trkpt>
    <trkpt lat="69.093332303" lon="26.402721405">
      <ele>526.018</ele>
    </trkpt>
    <trkpt lat="69.09328636" lon="26.402807236">
      <ele>526.934</ele>
    </trkpt>
    <trkpt lat="69.093240417" lon="26.402850151">
      <ele>527.846</ele>
    </trkpt>
    <trkpt lat="69.093209789" lon="26.402935982">
      <ele>528.54</ele>
    </trkpt>
    <trkpt lat="69.093163846" lon="26.403021812">
      <ele>529.393</ele>
    </trkpt>
    <trkpt lat="69.093117903" lon="26.403064728">
      <ele>530.128</ele>
    </trkpt>
    <trkpt lat="69.09307196" lon="26.403150558">
      <ele>531.086</ele>
    </trkpt>
    <trkpt lat="69.093026016" lon="26.403193474">
      <ele>531.922</ele>
    </trkpt>
    <trkpt lat="69.093010702" lon="26.403236389">
      <ele>532.297</ele>
    </trkpt>
    <trkpt lat="69.093010702" lon="26.403236389">
      <ele>532.297</ele>
    </trkpt>
    <trkpt lat="69.092964759" lon="26.403279305">
      <ele>533.113</ele>
    </trkpt>
    <trkpt lat="69.092918815" lon="26.40332222">
      <ele>533.929</ele>
    </trkpt>
    <trkpt lat="69.092888186" lon="26.403408051">
      <ele>534.41</ele>
    </trkpt>
    <trkpt lat="69.092842243" lon="26.403450966">
      <ele>535.072</ele>
    </trkpt>
    <trkpt lat="69.092796299" lon="26.403493881">
      <ele>535.733</ele>
    </trkpt>
    <trkpt lat="69.09276567" lon="26.403579712">
      <ele>536.174</ele>
    </trkpt>
    <trkpt lat="69.092719726" lon="26.403622627">
      <ele>536.877</ele>
    </trkpt>
    <trkpt lat="69.092673782" lon="26.403665543">
      <ele>537.693</ele>
    </trkpt>
    <trkpt lat="69.092627838" lon="26.403708458">
      <ele>538.51</ele>
    </trkpt>
    <trkpt lat="69.092581894" lon="26.403751373">
      <ele>539.326</ele>
    </trkpt>
    <trkpt lat="69.09253595" lon="26.403794289">
      <ele>540.142</ele>
    </trkpt>
    <trkpt lat="69.092474691" lon="26.403794289">
      <ele>540.964</ele>
    </trkpt>
    <trkpt lat="69.092428746" lon="26.403794289">
      <ele>541.516</ele>
    </trkpt>
    <trkpt lat="69.092382802" lon="26.403794289">
      <ele>542.069</ele>
    </trkpt>
    <trkpt lat="69.092336857" lon="26.403837204">
      <ele>542.685</ele>
    </trkpt>
    <trkpt lat="69.092290912" lon="26.403837204">
      <ele>543.212</ele>
    </trkpt>
    <trkpt lat="69.092244967" lon="26.403837204">
      <ele>543.739</ele>
    </trkpt>
    <trkpt lat="69.092199022" lon="26.403837204">
      <ele>544.418</ele>
    </trkpt>
    <trkpt lat="69.092153077" lon="26.403837204">
      <ele>545.245</ele>
    </trkpt>
    <trkpt lat="69.092107132" lon="26.403837204">
      <ele>546.072</ele>
    </trkpt>
    <trkpt lat="69.092061187" lon="26.403837204">
      <ele>546.899</ele>
    </trkpt>
    <trkpt lat="69.092015242" lon="26.403837204">
      <ele>547.726</ele>
    </trkpt>
    <trkpt lat="69.091969296" lon="26.403837204">
      <ele>548.553</ele>
    </trkpt>
    <trkpt lat="69.091908036" lon="26.403837204">
      <ele>550.335</ele>
    </trkpt>
    <trkpt lat="69.09186209" lon="26.403837204">
      <ele>552.02</ele>
    </trkpt>
    <trkpt lat="69.091816144" lon="26.403837204">
      <ele>553.705</ele>
    </trkpt>
    <trkpt lat="69.091770199" lon="26.403837204">
      <ele>555.39</ele>
    </trkpt>
    <trkpt lat="69.091724253" lon="26.403837204">
      <ele>557.074</ele>
    </trkpt>
    <trkpt lat="69.091678307" lon="26.403837204">
      <ele>558.759</ele>
    </trkpt>
    <trkpt lat="69.09163236" lon="26.403837204">
      <ele>560.298</ele>
    </trkpt>
    <trkpt lat="69.091586414" lon="26.403837204">
      <ele>561.786</ele>
    </trkpt>
    <trkpt lat="69.091540468" lon="26.403794289">
      <ele>563.429</ele>
    </trkpt>
    <trkpt lat="69.091494522" lon="26.403794289">
      <ele>564.918</ele>
    </trkpt>
    <trkpt lat="69.091448575" lon="26.403751373">
      <ele>566.561</ele>
    </trkpt>
    <trkpt lat="69.091402628" lon="26.403751373">
      <ele>568.05</ele>
    </trkpt>
    <trkpt lat="69.091341366" lon="26.403708458">
      <ele>570.3</ele>
    </trkpt>
    <trkpt lat="69.091280104" lon="26.403665543">
      <ele>572.644</ele>
    </trkpt>
    <trkpt lat="69.091234157" lon="26.403622627">
      <ele>574.506</ele>
    </trkpt>
    <trkpt lat="69.09118821" lon="26.403622627">
      <ele>576.153</ele>
    </trkpt>
    <trkpt lat="69.091142263" lon="26.403579712">
      <ele>577.891</ele>
    </trkpt>
    <trkpt lat="69.091096315" lon="26.403579712">
      <ele>579.326</ele>
    </trkpt>
    <trkpt lat="69.091050368" lon="26.403536797">
      <ele>580.371</ele>
    </trkpt>
    <trkpt lat="69.09100442" lon="26.403493881">
      <ele>581.467</ele>
    </trkpt>
    <trkpt lat="69.090958473" lon="26.403493881">
      <ele>582.529</ele>
    </trkpt>
    <trkpt lat="69.090912525" lon="26.403450966">
      <ele>583.702</ele>
    </trkpt>
    <trkpt lat="69.090866578" lon="26.403450966">
      <ele>584.789</ele>
    </trkpt>
    <trkpt lat="69.09082063" lon="26.403408051">
      <ele>585.868</ele>
    </trkpt>
    <trkpt lat="69.090774682" lon="26.403365135">
      <ele>586.519</ele>
    </trkpt>
    <trkpt lat="69.090728734" lon="26.40332222">
      <ele>587.08</ele>
    </trkpt>
    <trkpt lat="69.090682786" lon="26.40332222">
      <ele>587.589</ele>
    </trkpt>
    <trkpt lat="69.090636838" lon="26.403279305">
      <ele>588.008</ele>
    </trkpt>
    <trkpt lat="69.090590889" lon="26.403236389">
      <ele>588.53</ele>
    </trkpt>
    <trkpt lat="69.090544941" lon="26.403236389">
      <ele>588.988</ele>
    </trkpt>
    <trkpt lat="69.090498992" lon="26.403193474">
      <ele>589.001</ele>
    </trkpt>
    <trkpt lat="69.090453044" lon="26.403150558">
      <ele>589.117</ele>
    </trkpt>
    <trkpt lat="69.090422411" lon="26.403064728">
      <ele>589.448</ele>
    </trkpt>
    <trkpt lat="69.090391779" lon="26.403021812">
      <ele>589.49</ele>
    </trkpt>
    <trkpt lat="69.090391779" lon="26.403021812">
      <ele>589.49</ele>
    </trkpt>
    <trkpt lat="69.090376463" lon="26.402893066">
      <ele>589.229</ele>
    </trkpt>
    <trkpt lat="69.090361146" lon="26.40276432">
      <ele>589.022</ele>
    </trkpt>
    <trkpt lat="69.090361146" lon="26.402635574">
      <ele>588.28</ele>
    </trkpt>
    <trkpt lat="69.09034583" lon="26.402506828">
      <ele>587.812</ele>
    </trkpt>
    <trkpt lat="69.09034583" lon="26.402378082">
      <ele>586.79</ele>
    </trkpt>
    <trkpt lat="69.09034583" lon="26.402249336">
      <ele>585.749</ele>
    </trkpt>
    <trkpt lat="69.090330514" lon="26.40212059">
      <ele>584.467</ele>
    </trkpt>
    <trkpt lat="69.090315197" lon="26.401991844">
      <ele>582.986</ele>
    </trkpt>
    <trkpt lat="69.090315197" lon="26.401863098">
      <ele>581.487</ele>
    </trkpt>
    <trkpt lat="69.090315197" lon="26.401734352">
      <ele>580.159</ele>
    </trkpt>
    <trkpt lat="69.090315197" lon="26.401605606">
      <ele>579.241</ele>
    </trkpt>
    <trkpt lat="69.090330514" lon="26.40147686">
      <ele>578.557</ele>
    </trkpt>
    <trkpt lat="69.09034583" lon="26.401348114">
      <ele>577.873</ele>
    </trkpt>
    <trkpt lat="69.090361146" lon="26.401219368">
      <ele>577.189</ele>
    </trkpt>
    <trkpt lat="69.090376463" lon="26.401047707">
      <ele>576.351</ele>
    </trkpt>
    <trkpt lat="69.090391779" lon="26.400918961">
      <ele>575.667</ele>
    </trkpt>
    <trkpt lat="69.090422411" lon="26.400790215">
      <ele>574.768</ele>
    </trkpt>
    <trkpt lat="69.090437728" lon="26.400661469">
      <ele>574.172</ele>
    </trkpt>
    <trkpt lat="69.09046836" lon="26.400532722">
      <ele>573.546</ele>
    </trkpt>
    <trkpt lat="69.090498992" lon="26.400361061">
      <ele>572.707</ele>
    </trkpt>
    <trkpt lat="69.090529625" lon="26.400232315">
      <ele>572.187</ele>
    </trkpt>
    <trkpt lat="69.090560257" lon="26.400103569">
      <ele>571.956</ele>
    </trkpt>
    <trkpt lat="69.090575573" lon="26.399974823">
      <ele>571.693</ele>
    </trkpt>
    <trkpt lat="69.090606205" lon="26.399846077">
      <ele>570.899</ele>
    </trkpt>
    <trkpt lat="69.090636838" lon="26.399760246">
      <ele>570.259</ele>
    </trkpt>
    <trkpt lat="69.090652154" lon="26.3996315">
      <ele>569.417</ele>
    </trkpt>
    <trkpt lat="69.090682786" lon="26.39954567">
      <ele>568.646</ele>
    </trkpt>
    <trkpt lat="69.090682786" lon="26.39954567">
      <ele>568.646</ele>
    </trkpt>
    <trkpt lat="69.09066747" lon="26.39954567">
      <ele>568.776</ele>
    </trkpt>
    <trkpt lat="69.090698102" lon="26.399459839">
      <ele>568.056</ele>
    </trkpt>
    <trkpt lat="69.090728734" lon="26.399374008">
      <ele>567.341</ele>
    </trkpt>
    <trkpt lat="69.090759366" lon="26.399288177">
      <ele>566.557</ele>
    </trkpt>
    <trkpt lat="69.090789998" lon="26.399159431">
      <ele>565.412</ele>
    </trkpt>
    <trkpt lat="69.09082063" lon="26.399030685">
      <ele>564.136</ele>
    </trkpt>
    <trkpt lat="69.090851262" lon="26.398944855">
      <ele>563.274</ele>
    </trkpt>
    <trkpt lat="69.090881894" lon="26.398859024">
      <ele>562.435</ele>
    </trkpt>
    <trkpt lat="69.090897209" lon="26.398730278">
      <ele>561.398</ele>
    </trkpt>
    <trkpt lat="69.090927841" lon="26.398644447">
      <ele>560.56</ele>
    </trkpt>
    <trkpt lat="69.090958473" lon="26.398558617">
      <ele>559.636</ele>
    </trkpt>
    <trkpt lat="69.090973789" lon="26.398429871">
      <ele>558.354</ele>
    </trkpt>
    <trkpt lat="69.09100442" lon="26.39834404">
      <ele>557.253</ele>
    </trkpt>
    <trkpt lat="69.091035052" lon="26.398215294">
      <ele>555.972</ele>
    </trkpt>
    <trkpt lat="69.091065684" lon="26.398086548">
      <ele>554.714</ele>
    </trkpt>
    <trkpt lat="69.091096315" lon="26.398000717">
      <ele>553.754</ele>
    </trkpt>
    <trkpt lat="69.091126947" lon="26.397914886">
      <ele>552.816</ele>
    </trkpt>
    <trkpt lat="69.091157578" lon="26.397829056">
      <ele>551.867</ele>
    </trkpt>
    <trkpt lat="69.09118821" lon="26.39770031">
      <ele>550.61</ele>
    </trkpt>
    <trkpt lat="69.091218841" lon="26.397614479">
      <ele>549.661</ele>
    </trkpt>
    <trkpt lat="69.091249472" lon="26.397528648">
      <ele>548.712</ele>
    </trkpt>
    <trkpt lat="69.091280104" lon="26.397442818">
      <ele>547.763</ele>
    </trkpt>
    <trkpt lat="69.091310735" lon="26.397356987">
      <ele>546.814</ele>
    </trkpt>
    <trkpt lat="69.091341366" lon="26.397271156">
      <ele>545.866</ele>
    </trkpt>
    <trkpt lat="69.091371997" lon="26.397185326">
      <ele>544.909</ele>
    </trkpt>
    <trkpt lat="69.091402628" lon="26.397099495">
      <ele>543.869</ele>
    </trkpt>
    <trkpt lat="69.091433259" lon="26.397013664">
      <ele>542.7</ele>
    </trkpt>
    <trkpt lat="69.091463891" lon="26.396927834">
      <ele>541.53</ele>
    </trkpt>
    <trkpt lat="69.091494522" lon="26.396842003">
      <ele>540.361</ele>
    </trkpt>
    <trkpt lat="69.091525152" lon="26.396756172">
      <ele>539.192</ele>
    </trkpt>
    <trkpt lat="69.091571099" lon="26.396670341">
      <ele>537.747</ele>
    </trkpt>
    <trkpt lat="69.09160173" lon="26.396541595">
      <ele>536.163</ele>
    </trkpt>
    <trkpt lat="69.09163236" lon="26.396455765">
      <ele>535.005</ele>
    </trkpt>
    <trkpt lat="69.091662991" lon="26.396369934">
      <ele>533.848</ele>
    </trkpt>
    <trkpt lat="69.091693622" lon="26.396241188">
      <ele>532.068</ele>
    </trkpt>
    <trkpt lat="69.091724253" lon="26.396155357">
      <ele>530.823</ele>
    </trkpt>
    <trkpt lat="69.091754883" lon="26.396026611">
      <ele>529.439</ele>
    </trkpt>
    <trkpt lat="69.091785514" lon="26.395940781">
      <ele>528.49</ele>
    </trkpt>
    <trkpt lat="69.091816144" lon="26.39585495">
      <ele>527.541</ele>
    </trkpt>
    <trkpt lat="69.091846775" lon="26.395769119">
      <ele>526.742</ele>
    </trkpt>
    <trkpt lat="69.091877405" lon="26.395683289">
      <ele>526.053</ele>
    </trkpt>
    <trkpt lat="69.091908036" lon="26.395597458">
      <ele>525.433</ele>
    </trkpt>
    <trkpt lat="69.091938666" lon="26.395468712">
      <ele>524.722</ele>
    </trkpt>
    <trkpt lat="69.091969296" lon="26.395382881">
      <ele>524.199</ele>
    </trkpt>
    <trkpt lat="69.091999927" lon="26.39529705">
      <ele>523.67</ele>
    </trkpt>
    <trkpt lat="69.092030557" lon="26.39521122">
      <ele>522.975</ele>
    </trkpt>
    <trkpt lat="69.092076502" lon="26.395125389">
      <ele>522.213</ele>
    </trkpt>
    <trkpt lat="69.092107132" lon="26.395039558">
      <ele>521.616</ele>
    </trkpt>
    <trkpt lat="69.092137762" lon="26.394953728">
      <ele>521.137</ele>
    </trkpt>
    <trkpt lat="69.092168392" lon="26.394867897">
      <ele>520.718</ele>
    </trkpt>
    <trkpt lat="69.092199022" lon="26.394782066">
      <ele>520.299</ele>
    </trkpt>
    <trkpt lat="69.092229652" lon="26.394696236">
      <ele>519.826</ele>
    </trkpt>
    <trkpt lat="69.092260282" lon="26.394610405">
      <ele>519.186</ele>
    </trkpt>
    <trkpt lat="69.092290912" lon="26.394524574">
      <ele>518.547</ele>
    </trkpt>
    <trkpt lat="69.092321542" lon="26.394395828">
      <ele>517.752</ele>
    </trkpt>
    <trkpt lat="69.092352172" lon="26.394309998">
      <ele>517.113</ele>
    </trkpt>
    <trkpt lat="69.092382802" lon="26.394181252">
      <ele>516.318</ele>
    </trkpt>
    <trkpt lat="69.092413431" lon="26.394095421">
      <ele>515.599</ele>
    </trkpt>
    <trkpt lat="69.092444061" lon="26.39400959">
      <ele>514.925</ele>
    </trkpt>
    <trkpt lat="69.092459376" lon="26.393880844">
      <ele>514.239</ele>
    </trkpt>
    <trkpt lat="69.092490005" lon="26.393795013">
      <ele>513.408</ele>
    </trkpt>
    <trkpt lat="69.092520635" lon="26.393709183">
      <ele>512.457</ele>
    </trkpt>
    <trkpt lat="69.092551264" lon="26.393623352">
      <ele>511.526</ele>
    </trkpt>
    <trkpt lat="69.092566579" lon="26.393494606">
      <ele>510.862</ele>
    </trkpt>
    <trkpt lat="69.092597209" lon="26.393408775">
      <ele>510.222</ele>
    </trkpt>
    <trkpt lat="69.092627838" lon="26.393280029">
      <ele>509.427</ele>
    </trkpt>
    <trkpt lat="69.092658467" lon="26.393151283">
      <ele>508.633</ele>
    </trkpt>
    <trkpt lat="69.092689097" lon="26.393065453">
      <ele>507.993</ele>
    </trkpt>
    <trkpt lat="69.092719726" lon="26.392936707">
      <ele>507.199</ele>
    </trkpt>
    <trkpt lat="69.092750355" lon="26.392850876">
      <ele>506.559</ele>
    </trkpt>
    <trkpt lat="69.092780984" lon="26.392765045">
      <ele>505.908</ele>
    </trkpt>
    <trkpt lat="69.092796299" lon="26.392636299">
      <ele>505.224</ele>
    </trkpt>
    <trkpt lat="69.092826928" lon="26.392550468">
      <ele>504.474</ele>
    </trkpt>
    <trkpt lat="69.092857557" lon="26.392464638">
      <ele>503.724</ele>
    </trkpt>
    <trkpt lat="69.092872872" lon="26.392335892">
      <ele>503.04</ele>
    </trkpt>
    <trkpt lat="69.092903501" lon="26.392250061">
      <ele>502.29</ele>
    </trkpt>
    <trkpt lat="69.09293413" lon="26.39216423">
      <ele>501.449</ele>
    </trkpt>
    <trkpt lat="69.092964759" lon="26.3920784">
      <ele>500.62</ele>
    </trkpt>
    <trkpt lat="69.092995388" lon="26.391992569">
      <ele>499.861</ele>
    </trkpt>
    <trkpt lat="69.093026016" lon="26.391906738">
      <ele>499.183</ele>
    </trkpt>
    <trkpt lat="69.093056645" lon="26.391820908">
      <ele>498.543</ele>
    </trkpt>
    <trkpt lat="69.093087274" lon="26.391735077">
      <ele>497.904</ele>
    </trkpt>
    <trkpt lat="69.093133217" lon="26.391649246">
      <ele>497.099</ele>
    </trkpt>
    <trkpt lat="69.093163846" lon="26.391563416">
      <ele>496.459</ele>
    </trkpt>
    <trkpt lat="69.093194474" lon="26.391477585">
      <ele>495.819</ele>
    </trkpt>
    <trkpt lat="69.093225103" lon="26.391391754">
      <ele>495.179</ele>
    </trkpt>
    <trkpt lat="69.093255731" lon="26.391305923">
      <ele>494.539</ele>
    </trkpt>
    <trkpt lat="69.09328636" lon="26.391220093">
      <ele>493.9</ele>
    </trkpt>
    <trkpt lat="69.093332303" lon="26.391134262">
      <ele>493.094</ele>
    </trkpt>
    <trkpt lat="69.093362931" lon="26.391048431">
      <ele>492.479</ele>
    </trkpt>
    <trkpt lat="69.093408873" lon="26.390962601">
      <ele>491.795</ele>
    </trkpt>
    <trkpt lat="69.093454816" lon="26.39087677">
      <ele>491.213</ele>
    </trkpt>
    <trkpt lat="69.093485444" lon="26.390790939">
      <ele>490.752</ele>
    </trkpt>
    <trkpt lat="69.093531386" lon="26.390748024">
      <ele>490.267</ele>
    </trkpt>
    <trkpt lat="69.093562014" lon="26.390662193">
      <ele>489.737</ele>
    </trkpt>
    <trkpt lat="69.093607956" lon="26.390576363">
      <ele>489.098</ele>
    </trkpt>
    <trkpt lat="69.093653898" lon="26.390533447">
      <ele>488.612</ele>
    </trkpt>
    <trkpt lat="69.093684526" lon="26.390447617">
      <ele>488.083</ele>
    </trkpt>
    <trkpt lat="69.093730468" lon="26.390447617">
      <ele>487.752</ele>
    </trkpt>
    <trkpt lat="69.09377641" lon="26.390404701">
      <ele>487.267</ele>
    </trkpt>
    <trkpt lat="69.093822352" lon="26.390318871">
      <ele>486.627</ele>
    </trkpt>
    <trkpt lat="69.093868293" lon="26.390275955">
      <ele>486.148</ele>
    </trkpt>
    <trkpt lat="69.093914234" lon="26.39023304">
      <ele>485.803</ele>
    </trkpt>
    <trkpt lat="69.093960176" lon="26.390190125">
      <ele>485.406</ele>
    </trkpt>
    <trkpt lat="69.094006117" lon="26.390190125">
      <ele>485.023</ele>
    </trkpt>
    <trkpt lat="69.094052058" lon="26.390147209">
      <ele>484.549</ele>
    </trkpt>
    <trkpt lat="69.094097999" lon="26.390147209">
      <ele>484.141</ele>
    </trkpt>
    <trkpt lat="69.09414394" lon="26.390147209">
      <ele>483.732</ele>
    </trkpt>
    <trkpt lat="69.094189881" lon="26.390147209">
      <ele>483.196</ele>
    </trkpt>
    <trkpt lat="69.094235822" lon="26.390147209">
      <ele>482.534</ele>
    </trkpt>
    <trkpt lat="69.094281762" lon="26.390147209">
      <ele>481.873</ele>
    </trkpt>
    <trkpt lat="69.094327703" lon="26.390104294">
      <ele>481.057</ele>
    </trkpt>
    <trkpt lat="69.094373643" lon="26.390104294">
      <ele>480.395</ele>
    </trkpt>
    <trkpt lat="69.094419584" lon="26.390104294">
      <ele>479.733</ele>
    </trkpt>
    <trkpt lat="69.094465524" lon="26.390104294">
      <ele>478.996</ele>
    </trkpt>
    <trkpt lat="69.094511464" lon="26.390104294">
      <ele>478.169</ele>
    </trkpt>
    <trkpt lat="69.094557404" lon="26.390104294">
      <ele>477.342</ele>
    </trkpt>
    <trkpt lat="69.094603344" lon="26.390104294">
      <ele>476.515</ele>
    </trkpt>
    <trkpt lat="69.094649284" lon="26.390104294">
      <ele>475.688</ele>
    </trkpt>
    <trkpt lat="69.094664597" lon="26.390104294">
      <ele>475.413</ele>
    </trkpt>
    <trkpt lat="69.094664597" lon="26.390104294">
      <ele>475.413</ele>
    </trkpt>
    <trkpt lat="69.094710537" lon="26.390104294">
      <ele>474.586</ele>
    </trkpt>
    <trkpt lat="69.094756477" lon="26.390104294">
      <ele>474.006</ele>
    </trkpt>
    <trkpt lat="69.094802416" lon="26.390104294">
      <ele>473.509</ele>
    </trkpt>
    <trkpt lat="69.094848356" lon="26.390147209">
      <ele>473.168</ele>
    </trkpt>
    <trkpt lat="69.094894295" lon="26.390147209">
      <ele>472.672</ele>
    </trkpt>
    <trkpt lat="69.094940234" lon="26.390190125">
      <ele>472.33</ele>
    </trkpt>
    <trkpt lat="69.094986174" lon="26.390190125">
      <ele>471.834</ele>
    </trkpt>
    <trkpt lat="69.095032113" lon="26.39023304">
      <ele>471.395</ele>
    </trkpt>
    <trkpt lat="69.095078052" lon="26.390275955">
      <ele>470.871</ele>
    </trkpt>
    <trkpt lat="69.095123991" lon="26.390318871">
      <ele>470.281</ele>
    </trkpt>
    <trkpt lat="69.095169929" lon="26.390361786">
      <ele>469.738</ele>
    </trkpt>
    <trkpt lat="69.095215868" lon="26.390404701">
      <ele>469.247</ele>
    </trkpt>
    <trkpt lat="69.095261807" lon="26.390447617">
      <ele>468.806</ele>
    </trkpt>
    <trkpt lat="69.095307745" lon="26.390490532">
      <ele>468.442</ele>
    </trkpt>
    <trkpt lat="69.095353684" lon="26.390533447">
      <ele>468.101</ele>
    </trkpt>
    <trkpt lat="69.095399622" lon="26.390576363">
      <ele>467.726</ele>
    </trkpt>
    <trkpt lat="69.09544556" lon="26.390662193">
      <ele>467.34</ele>
    </trkpt>
    <trkpt lat="69.095491498" lon="26.390705109">
      <ele>466.816</ele>
    </trkpt>
    <trkpt lat="69.095537436" lon="26.390748024">
      <ele>466.241</ele>
    </trkpt>
    <trkpt lat="69.095583374" lon="26.390790939">
      <ele>465.599</ele>
    </trkpt>
    <trkpt lat="69.095629312" lon="26.39087677">
      <ele>465.094</ele>
    </trkpt>
    <trkpt lat="69.09567525" lon="26.390919685">
      <ele>464.587</ele>
    </trkpt>
    <trkpt lat="69.095721187" lon="26.390962601">
      <ele>464.08</ele>
    </trkpt>
    <trkpt lat="69.095767125" lon="26.391005516">
      <ele>463.573</ele>
    </trkpt>
    <trkpt lat="69.095813062" lon="26.391091347">
      <ele>463.221</ele>
    </trkpt>
    <trkpt lat="69.095843687" lon="26.391177177">
      <ele>462.814</ele>
    </trkpt>
    <trkpt lat="69.095889625" lon="26.391220093">
      <ele>461.987</ele>
    </trkpt>
    <trkpt lat="69.095935562" lon="26.391263008">
      <ele>461.16</ele>
    </trkpt>
    <trkpt lat="69.095981499" lon="26.391305923">
      <ele>460.333</ele>
    </trkpt>
    <trkpt lat="69.096027436" lon="26.391391754">
      <ele>459.506</ele>
    </trkpt>
    <trkpt lat="69.096073373" lon="26.391434669">
      <ele>458.679</ele>
    </trkpt>
    <trkpt lat="69.096134622" lon="26.3915205">
      <ele>457.746</ele>
    </trkpt>
    <trkpt lat="69.096180558" lon="26.391563416">
      <ele>457.25</ele>
    </trkpt>
    <trkpt lat="69.096226495" lon="26.391649246">
      <ele>456.754</ele>
    </trkpt>
    <trkpt lat="69.096272431" lon="26.391692162">
      <ele>456.258</ele>
    </trkpt>
    <trkpt lat="69.096303056" lon="26.391777992">
      <ele>455.927</ele>
    </trkpt>
    <trkpt lat="69.096348992" lon="26.391820908">
      <ele>455.431</ele>
    </trkpt>
    <trkpt lat="69.096394928" lon="26.391863823">
      <ele>454.935</ele>
    </trkpt>
    <trkpt lat="69.096440864" lon="26.391906738">
      <ele>454.439</ele>
    </trkpt>
    <trkpt lat="69.0964868" lon="26.391992569">
      <ele>453.943</ele>
    </trkpt>
    <trkpt lat="69.096532736" lon="26.3920784">
      <ele>453.446</ele>
    </trkpt>
    <trkpt lat="69.096578672" lon="26.39216423">
      <ele>452.95</ele>
    </trkpt>
    <trkpt lat="69.096624608" lon="26.392207146">
      <ele>452.454</ele>
    </trkpt>
    <trkpt lat="69.096670543" lon="26.392335892">
      <ele>451.972</ele>
    </trkpt>
    <trkpt lat="69.096716479" lon="26.392421722">
      <ele>451.641</ele>
    </trkpt>
    <trkpt lat="69.096762414" lon="26.392507553">
      <ele>451.301</ele>
    </trkpt>
    <trkpt lat="69.09680835" lon="26.392593384">
      <ele>450.808</ele>
    </trkpt>
    <trkpt lat="69.096838973" lon="26.392679214">
      <ele>450.359</ele>
    </trkpt>
    <trkpt lat="69.096884909" lon="26.392765045">
      <ele>449.679</ele>
    </trkpt>
    <trkpt lat="69.096930844" lon="26.392850876">
      <ele>449.147</ele>
    </trkpt>
    <trkpt lat="69.096961467" lon="26.392936707">
      <ele>448.877</ele>
    </trkpt>
    <trkpt lat="69.09699209" lon="26.393022537">
      <ele>448.657</ele>
    </trkpt>
    <trkpt lat="69.097022714" lon="26.393108368">
      <ele>448.436</ele>
    </trkpt>
    <trkpt lat="69.097053337" lon="26.393194199">
      <ele>448.216</ele>
    </trkpt>
    <trkpt lat="69.09708396" lon="26.393280029">
      <ele>447.995</ele>
    </trkpt>
    <trkpt lat="69.097114583" lon="26.39336586">
      <ele>447.82</ele>
    </trkpt>
    <trkpt lat="69.097145206" lon="26.393451691">
      <ele>447.673</ele>
    </trkpt>
    <trkpt lat="69.097175829" lon="26.393537521">
      <ele>447.457</ele>
    </trkpt>
    <trkpt lat="69.097206452" lon="26.393623352">
      <ele>447.17</ele>
    </trkpt>
    <trkpt lat="69.097252387" lon="26.393709183">
      <ele>446.783</ele>
    </trkpt>
    <trkpt lat="69.097283009" lon="26.393795013">
      <ele>446.562</ele>
    </trkpt>
    <trkpt lat="69.097313632" lon="26.393880844">
      <ele>446.342</ele>
    </trkpt>
    <trkpt lat="69.097359567" lon="26.393966675">
      <ele>446.011</ele>
    </trkpt>
    <trkpt lat="69.097390189" lon="26.394052505">
      <ele>445.791</ele>
    </trkpt>
    <trkpt lat="69.097420812" lon="26.394181252">
      <ele>445.623</ele>
    </trkpt>
    <trkpt lat="69.097466746" lon="26.394267082">
      <ele>445.601</ele>
    </trkpt>
    <trkpt lat="69.097497369" lon="26.394395828">
      <ele>445.844</ele>
    </trkpt>
    <trkpt lat="69.097527991" lon="26.394481659">
      <ele>445.798</ele>
    </trkpt>
    <trkpt lat="69.097558614" lon="26.39456749">
      <ele>445.578</ele>
    </trkpt>
    <trkpt lat="69.097589236" lon="26.39465332">
      <ele>445.358</ele>
    </trkpt>
    <trkpt lat="69.097619858" lon="26.394739151">
      <ele>445.137</ele>
    </trkpt>
    <trkpt lat="69.097650481" lon="26.394867897">
      <ele>444.917</ele>
    </trkpt>
    <trkpt lat="69.097681103" lon="26.394953728">
      <ele>444.696</ele>
    </trkpt>
    <trkpt lat="69.097711725" lon="26.395039558">
      <ele>444.476</ele>
    </trkpt>
    <trkpt lat="69.097742348" lon="26.395125389">
      <ele>444.255</ele>
    </trkpt>
    <trkpt lat="69.097742348" lon="26.395125389">
      <ele>444.255</ele>
    </trkpt>
    <trkpt lat="69.097742348" lon="26.395125389">
      <ele>444.255</ele>
    </trkpt>
    <trkpt lat="69.09777297" lon="26.39521122">
      <ele>444.035</ele>
    </trkpt>
    <trkpt lat="69.097818903" lon="26.39529705">
      <ele>443.852</ele>
    </trkpt>
    <trkpt lat="69.097849525" lon="26.395382881">
      <ele>443.742</ele>
    </trkpt>
    <trkpt lat="69.097880147" lon="26.395468712">
      <ele>443.631</ele>
    </trkpt>
    <trkpt lat="69.09792608" lon="26.395554543">
      <ele>443.466</ele>
    </trkpt>
    <trkpt lat="69.097956702" lon="26.395640373">
      <ele>443.356</ele>
    </trkpt>
    <trkpt lat="69.097987324" lon="26.395726204">
      <ele>443.246</ele>
    </trkpt>
    <trkpt lat="69.098033257" lon="26.395812035">
      <ele>443.08</ele>
    </trkpt>
    <trkpt lat="69.098063879" lon="26.395897865">
      <ele>442.97</ele>
    </trkpt>
    <trkpt lat="69.0980945" lon="26.395983696">
      <ele>442.86</ele>
    </trkpt>
    <trkpt lat="69.098125122" lon="26.396069527">
      <ele>442.75</ele>
    </trkpt>
    <trkpt lat="69.098155744" lon="26.396155357">
      <ele>442.754</ele>
    </trkpt>
    <trkpt lat="69.098186366" lon="26.396241188">
      <ele>442.97</ele>
    </trkpt>
    <trkpt lat="69.098216987" lon="26.396327019">
      <ele>443.322</ele>
    </trkpt>
    <trkpt lat="69.098247609" lon="26.396412849">
      <ele>443.751</ele>
    </trkpt>
    <trkpt lat="69.09827823" lon="26.39649868">
      <ele>444.118</ele>
    </trkpt>
    <trkpt lat="69.098308852" lon="26.396584511">
      <ele>444.554</ele>
    </trkpt>
    <trkpt lat="69.098354784" lon="26.396670341">
      <ele>444.768</ele>
    </trkpt>
    <trkpt lat="69.098385405" lon="26.396799088">
      <ele>444.438</ele>
    </trkpt>
    <trkpt lat="69.098416026" lon="26.396884918">
      <ele>444.107</ele>
    </trkpt>
    <trkpt lat="69.098446648" lon="26.396970749">
      <ele>443.738</ele>
    </trkpt>
    <trkpt lat="69.098477269" lon="26.397099495">
      <ele>443.156</ele>
    </trkpt>
    <trkpt lat="69.09850789" lon="26.397228241">
      <ele>442.478</ele>
    </trkpt>
    <trkpt lat="69.098538511" lon="26.397356987">
      <ele>441.919</ele>
    </trkpt>
    <trkpt lat="69.098569132" lon="26.397442818">
      <ele>441.484</ele>
    </trkpt>
    <trkpt lat="69.098599753" lon="26.397528648">
      <ele>441.024</ele>
    </trkpt>
    <trkpt lat="69.098630374" lon="26.397657394">
      <ele>440.403</ele>
    </trkpt>
    <trkpt lat="69.098660995" lon="26.397743225">
      <ele>440.102</ele>
    </trkpt>
    <trkpt lat="69.098691616" lon="26.397871971">
      <ele>440.0</ele>
    </trkpt>
    <trkpt lat="69.098722237" lon="26.397957802">
      <ele>440.0</ele>
    </trkpt>
    <trkpt lat="69.098752858" lon="26.398043633">
      <ele>440.0</ele>
    </trkpt>
    <trkpt lat="69.098783479" lon="26.398172379">
      <ele>440.261</ele>
    </trkpt>
    <trkpt lat="69.098814099" lon="26.398301125">
      <ele>440.646</ele>
    </trkpt>
    <trkpt lat="69.09884472" lon="26.398429871">
      <ele>440.896</ele>
    </trkpt>
    <trkpt lat="69.098875341" lon="26.398515701">
      <ele>440.983</ele>
    </trkpt>
    <trkpt lat="69.098890651" lon="26.398644447">
      <ele>441.113</ele>
    </trkpt>
    <trkpt lat="69.098921272" lon="26.398730278">
      <ele>441.262</ele>
    </trkpt>
    <trkpt lat="69.098936582" lon="26.398859024">
      <ele>441.568</ele>
    </trkpt>
    <trkpt lat="69.098967203" lon="26.398944855">
      <ele>441.493</ele>
    </trkpt>
    <trkpt lat="69.098997823" lon="26.399073601">
      <ele>441.476</ele>
    </trkpt>
    <trkpt lat="69.099013133" lon="26.399202347">
      <ele>441.624</ele>
    </trkpt>
    <trkpt lat="69.099043754" lon="26.399288177">
      <ele>441.636</ele>
    </trkpt>
    <trkpt lat="69.099074374" lon="26.399374008">
      <ele>441.58</ele>
    </trkpt>
    <trkpt lat="69.099104994" lon="26.399502754">
      <ele>441.607</ele>
    </trkpt>
    <trkpt lat="69.099135615" lon="26.399588585">
      <ele>441.684</ele>
    </trkpt>
    <trkpt lat="69.099166235" lon="26.399674416">
      <ele>441.83</ele>
    </trkpt>
    <trkpt lat="69.099196855" lon="26.399803162">
      <ele>441.891</ele>
    </trkpt>
    <trkpt lat="69.099227475" lon="26.399931908">
      <ele>441.781</ele>
    </trkpt>
    <trkpt lat="69.099258095" lon="26.400060654">
      <ele>441.671</ele>
    </trkpt>
    <trkpt lat="69.099288716" lon="26.400146484">
      <ele>441.561</ele>
    </trkpt>
    <trkpt lat="69.099319336" lon="26.40027523">
      <ele>441.45</ele>
    </trkpt>
    <trkpt lat="69.099349956" lon="26.400361061">
      <ele>441.64</ele>
    </trkpt>
    <trkpt lat="69.099380576" lon="26.400446892">
      <ele>441.839</ele>
    </trkpt>
    <trkpt lat="69.099411195" lon="26.400575638">
      <ele>442.183</ele>
    </trkpt>
    <trkpt lat="69.099441815" lon="26.400704384">
      <ele>442.54</ele>
    </trkpt>
    <trkpt lat="69.099472435" lon="26.400790215">
      <ele>442.558</ele>
    </trkpt>
    <trkpt lat="69.099487745" lon="26.400918961">
      <ele>442.532</ele>
    </trkpt>
    <trkpt lat="69.099518365" lon="26.401047707">
      <ele>442.202</ele>
    </trkpt>
    <trkpt lat="69.099548985" lon="26.401176453">
      <ele>441.871</ele>
    </trkpt>
    <trkpt lat="69.099564294" lon="26.401305199">
      <ele>441.706</ele>
    </trkpt>
    <trkpt lat="69.099594914" lon="26.401391029">
      <ele>441.375</ele>
    </trkpt>
    <trkpt lat="69.099610224" lon="26.401519775">
      <ele>441.21</ele>
    </trkpt>
    <trkpt lat="69.099640843" lon="26.401648521">
      <ele>440.879</ele>
    </trkpt>
    <trkpt lat="69.099671463" lon="26.401777267">
      <ele>440.874</ele>
    </trkpt>
    <trkpt lat="69.099686773" lon="26.401906013">
      <ele>441.135</ele>
    </trkpt>
    <trkpt lat="69.099717392" lon="26.40203476">
      <ele>441.36</ele>
    </trkpt>
    <trkpt lat="69.099732702" lon="26.402163506">
      <ele>441.654</ele>
    </trkpt>
    <trkpt lat="69.099763321" lon="26.402292252">
      <ele>441.623</ele>
    </trkpt>
    <trkpt lat="69.099793941" lon="26.402420998">
      <ele>441.498</ele>
    </trkpt>
    <trkpt lat="69.09982456" lon="26.402506828">
      <ele>441.167</ele>
    </trkpt>
    <trkpt lat="69.09983987" lon="26.402635574">
      <ele>441.089</ele>
    </trkpt>
    <trkpt lat="69.099870489" lon="26.402721405">
      <ele>440.757</ele>
    </trkpt>
    <trkpt lat="69.099885799" lon="26.402850151">
      <ele>440.537</ele>
    </trkpt>
    <trkpt lat="69.099916418" lon="26.402935982">
      <ele>440.032</ele>
    </trkpt>
    <trkpt lat="69.099947037" lon="26.403064728">
      <ele>439.599</ele>
    </trkpt>
    <trkpt lat="69.099977656" lon="26.403193474">
      <ele>439.698</ele>
    </trkpt>
    <trkpt lat="69.100008275" lon="26.403279305">
      <ele>439.835</ele>
    </trkpt>
    <trkpt lat="69.100038894" lon="26.403408051">
      <ele>440.14</ele>
    </trkpt>
    <trkpt lat="69.100069513" lon="26.403536797">
      <ele>440.25</ele>
    </trkpt>
    <trkpt lat="69.100084823" lon="26.403665543">
      <ele>440.305</ele>
    </trkpt>
    <trkpt lat="69.100115442" lon="26.403794289">
      <ele>440.416</ele>
    </trkpt>
    <trkpt lat="69.100130751" lon="26.403923035">
      <ele>440.471</ele>
    </trkpt>
    <trkpt lat="69.100146061" lon="26.404051781">
      <ele>440.526</ele>
    </trkpt>
    <trkpt lat="69.10016137" lon="26.404180527">
      <ele>440.581</ele>
    </trkpt>
    <trkpt lat="69.100176679" lon="26.404309273">
      <ele>440.636</ele>
    </trkpt>
    <trkpt lat="69.100207298" lon="26.404438019">
      <ele>440.746</ele>
    </trkpt>
    <trkpt lat="69.100222608" lon="26.404566765">
      <ele>440.448</ele>
    </trkpt>
    <trkpt lat="69.100253226" lon="26.404652596">
      <ele>440.229</ele>
    </trkpt>
    <trkpt lat="69.100268536" lon="26.404781342">
      <ele>440.0</ele>
    </trkpt>
    <trkpt lat="69.100299154" lon="26.404910088">
      <ele>439.794</ele>
    </trkpt>
    <trkpt lat="69.100314464" lon="26.405038834">
      <ele>439.482</ele>
    </trkpt>
    <trkpt lat="69.100329773" lon="26.40516758">
      <ele>438.948</ele>
    </trkpt>
    <trkpt lat="69.100360392" lon="26.40525341">
      <ele>438.467</ele>
    </trkpt>
    <trkpt lat="69.100375701" lon="26.405382156">
      <ele>437.919</ele>
    </trkpt>
    <trkpt lat="69.100406319" lon="26.405553818">
      <ele>437.081</ele>
    </trkpt>
    <trkpt lat="69.100436938" lon="26.405682564">
      <ele>436.659</ele>
    </trkpt>
    <trkpt lat="69.100452247" lon="26.40581131">
      <ele>436.401</ele>
    </trkpt>
    <trkpt lat="69.100467556" lon="26.405940056">
      <ele>436.054</ele>
    </trkpt>
    <trkpt lat="69.100482865" lon="26.406068802">
      <ele>435.636</ele>
    </trkpt>
    <trkpt lat="69.100513484" lon="26.406197548">
      <ele>435.256</ele>
    </trkpt>
    <trkpt lat="69.100544102" lon="26.406326294">
      <ele>435.051</ele>
    </trkpt>
    <trkpt lat="69.100559411" lon="26.40645504">
      <ele>434.706</ele>
    </trkpt>
    <trkpt lat="69.10057472" lon="26.406583786">
      <ele>434.022</ele>
    </trkpt>
    <trkpt lat="69.100605339" lon="26.406712532">
      <ele>433.118</ele>
    </trkpt>
    <trkpt lat="69.100620648" lon="26.406841278">
      <ele>432.434</ele>
    </trkpt>
    <trkpt lat="69.100635957" lon="26.406970024">
      <ele>431.75</ele>
    </trkpt>
    <trkpt lat="69.100651266" lon="26.40709877">
      <ele>431.066</ele>
    </trkpt>
    <trkpt lat="69.100666575" lon="26.407227516">
      <ele>430.39</ele>
    </trkpt>
    <trkpt lat="69.100681884" lon="26.407356262">
      <ele>429.918</ele>
    </trkpt>
    <trkpt lat="69.100697193" lon="26.407485008">
      <ele>429.497</ele>
    </trkpt>
    <trkpt lat="69.100727811" lon="26.407613754">
      <ele>429.14</ele>
    </trkpt>
    <trkpt lat="69.10074312" lon="26.4077425">
      <ele>428.974</ele>
    </trkpt>
    <trkpt lat="69.100758429" lon="26.407871246">
      <ele>428.718</ele>
    </trkpt>
    <trkpt lat="69.100773738" lon="26.407999992">
      <ele>428.472</ele>
    </trkpt>
    <trkpt lat="69.100789047" lon="26.408128738">
      <ele>428.319</ele>
    </trkpt>
    <trkpt lat="69.100804356" lon="26.408257484">
      <ele>428.209</ele>
    </trkpt>
    <trkpt lat="69.100819665" lon="26.40838623">
      <ele>427.927</ele>
    </trkpt>
    <trkpt lat="69.100834974" lon="26.408514977">
      <ele>427.332</ele>
    </trkpt>
    <trkpt lat="69.100834974" lon="26.408643723">
      <ele>426.871</ele>
    </trkpt>
    <trkpt lat="69.100865592" lon="26.408772469">
      <ele>426.254</ele>
    </trkpt>
    <trkpt lat="69.100880901" lon="26.408901215">
      <ele>425.8</ele>
    </trkpt>
    <trkpt lat="69.10089621" lon="26.409029961">
      <ele>425.496</ele>
    </trkpt>
    <trkpt lat="69.100911519" lon="26.409158707">
      <ele>425.294</ele>
    </trkpt>
    <trkpt lat="69.100926828" lon="26.409287453">
      <ele>425.625</ele>
    </trkpt>
    <trkpt lat="69.100942137" lon="26.409416199">
      <ele>425.938</ele>
    </trkpt>
    <trkpt lat="69.100957445" lon="26.409544945">
      <ele>426.038</ele>
    </trkpt>
    <trkpt lat="69.100965389" lon="26.409780979">
      <ele>425.959</ele>
    </trkpt>
    <trkpt lat="69.100967296" lon="26.410247684">
      <ele>424.267</ele>
    </trkpt>
    <trkpt lat="69.100942422" lon="26.410832405">
      <ele>421.005</ele>
    </trkpt>
    <trkpt lat="69.100722444" lon="26.412189603">
      <ele>428.098</ele>
    </trkpt>
    <trkpt lat="69.100532952" lon="26.412608027">
      <ele>428.859</ele>
    </trkpt>
    <trkpt lat="69.100349702" lon="26.412849426">
      <ele>428.002</ele>
    </trkpt>
    <trkpt lat="69.100257846" lon="26.413021088">
      <ele>428.296</ele>
    </trkpt>
    <trkpt lat="69.10016599" lon="26.413106918">
      <ele>427.173</ele>
    </trkpt>
    <trkpt lat="69.100074133" lon="26.413192749">
      <ele>425.828</ele>
    </trkpt>
    <trkpt lat="69.100012895" lon="26.41336441">
      <ele>425.349</ele>
    </trkpt>
    <trkpt lat="69.099921038" lon="26.413450241">
      <ele>425.017</ele>
    </trkpt>
    <trkpt lat="69.09982918" lon="26.413536072">
      <ele>424.666</ele>
    </trkpt>
    <trkpt lat="69.099737322" lon="26.413707733">
      <ele>424.128</ele>
    </trkpt>
    <trkpt lat="69.099645463" lon="26.413793564">
      <ele>424.0</ele>
    </trkpt>
    <trkpt lat="69.099584224" lon="26.413965225">
      <ele>424.0</ele>
    </trkpt>
    <trkpt lat="69.099492365" lon="26.414051056">
      <ele>424.0</ele>
    </trkpt>
    <trkpt lat="69.099431125" lon="26.414222717">
      <ele>423.952</ele>
    </trkpt>
    <trkpt lat="69.099339266" lon="26.414308548">
      <ele>423.621</ele>
    </trkpt>
    <trkpt lat="69.099278025" lon="26.414480209">
      <ele>423.401</ele>
    </trkpt>
    <trkpt lat="69.099186165" lon="26.414651871">
      <ele>423.07</ele>
    </trkpt>
    <trkpt lat="69.099124925" lon="26.414823532">
      <ele>423.095</ele>
    </trkpt>
    <trkpt lat="69.099063684" lon="26.414995193">
      <ele>423.006</ele>
    </trkpt>
    <trkpt lat="69.099002443" lon="26.415166855">
      <ele>422.645</ele>
    </trkpt>
    <trkpt lat="69.098941202" lon="26.415424347">
      <ele>421.76</ele>
    </trkpt>
    <trkpt lat="69.098879961" lon="26.415596008">
      <ele>420.963</ele>
    </trkpt>
    <trkpt lat="69.098818719" lon="26.41576767">
      <ele>420.554</ele>
    </trkpt>
    <trkpt lat="69.098757478" lon="26.415939331">
      <ele>419.672</ele>
    </trkpt>
    <trkpt lat="69.098696236" lon="26.416110992">
      <ele>418.613</ele>
    </trkpt>
    <trkpt lat="69.098634994" lon="26.416282654">
      <ele>417.608</ele>
    </trkpt>
    <trkpt lat="69.098543131" lon="26.416454315">
      <ele>416.208</ele>
    </trkpt>
    <trkpt lat="69.098481889" lon="26.416625977">
      <ele>415.207</ele>
    </trkpt>
    <trkpt lat="69.098420646" lon="26.416797638">
      <ele>414.257</ele>
    </trkpt>
    <trkpt lat="69.098390025" lon="26.41705513">
      <ele>413.816</ele>
    </trkpt>
    <trkpt lat="69.098328782" lon="26.417312622">
      <ele>412.951</ele>
    </trkpt>
    <trkpt lat="69.098298161" lon="26.417570114">
      <ele>412.652</ele>
    </trkpt>
    <trkpt lat="69.098236918" lon="26.417827606">
      <ele>412.306</ele>
    </trkpt>
    <trkpt lat="69.098175675" lon="26.417999268">
      <ele>411.865</ele>
    </trkpt>
    <trkpt lat="69.098114432" lon="26.418170929">
      <ele>411.424</ele>
    </trkpt>
    <trkpt lat="69.098053188" lon="26.418428421">
      <ele>410.969</ele>
    </trkpt>
    <trkpt lat="69.097991944" lon="26.418600082">
      <ele>410.304</ele>
    </trkpt>
    <trkpt lat="69.097930701" lon="26.418857574">
      <ele>409.652</ele>
    </trkpt>
    <trkpt lat="69.097869456" lon="26.419115067">
      <ele>409.536</ele>
    </trkpt>
    <trkpt lat="69.097808212" lon="26.419286728">
      <ele>409.266</ele>
    </trkpt>
    <trkpt lat="69.097746968" lon="26.41954422">
      <ele>408.485</ele>
    </trkpt>
    <trkpt lat="69.097655101" lon="26.419715881">
      <ele>407.223</ele>
    </trkpt>
    <trkpt lat="69.097593856" lon="26.419887543">
      <ele>406.352</ele>
    </trkpt>
    <trkpt lat="69.097532611" lon="26.420059204">
      <ele>405.47</ele>
    </trkpt>
    <trkpt lat="69.097471366" lon="26.420230865">
      <ele>404.914</ele>
    </trkpt>
    <trkpt lat="69.097379498" lon="26.420402527">
      <ele>404.626</ele>
    </trkpt>
    <trkpt lat="69.09728763" lon="26.420574188">
      <ele>403.706</ele>
    </trkpt>
    <trkpt lat="69.097226384" lon="26.42074585">
      <ele>403.045</ele>
    </trkpt>
    <trkpt lat="69.097165138" lon="26.420917511">
      <ele>402.348</ele>
    </trkpt>
    <trkpt lat="69.097103892" lon="26.421089172">
      <ele>401.619</ele>
    </trkpt>
    <trkpt lat="69.097042646" lon="26.421260834">
      <ele>401.354</ele>
    </trkpt>
    <trkpt lat="69.096981399" lon="26.421432495">
      <ele>401.112</ele>
    </trkpt>
    <trkpt lat="69.096920152" lon="26.421604156">
      <ele>400.932</ele>
    </trkpt>
    <trkpt lat="69.096828282" lon="26.421689987">
      <ele>400.582</ele>
    </trkpt>
    <trkpt lat="69.096767035" lon="26.421861649">
      <ele>400.361</ele>
    </trkpt>
    <trkpt lat="69.096675164" lon="26.421947479">
      <ele>400.02</ele>
    </trkpt>
    <trkpt lat="69.096583293" lon="26.42203331">
      <ele>398.383</ele>
    </trkpt>
    <trkpt lat="69.096491421" lon="26.422119141">
      <ele>396.451</ele>
    </trkpt>
    <trkpt lat="69.096399549" lon="26.422204971">
      <ele>394.314</ele>
    </trkpt>
    <trkpt lat="69.096307676" lon="26.422290802">
      <ele>393.123</ele>
    </trkpt>
    <trkpt lat="69.096215803" lon="26.422376633">
      <ele>392.131</ele>
    </trkpt>
    <trkpt lat="69.09612393" lon="26.422462463">
      <ele>391.138</ele>
    </trkpt>
    <trkpt lat="69.096032056" lon="26.422462463">
      <ele>390.146</ele>
    </trkpt>
    <trkpt lat="69.095970807" lon="26.422634125">
      <ele>389.729</ele>
    </trkpt>
    <trkpt lat="69.095878933" lon="26.422719955">
      <ele>389.154</ele>
    </trkpt>
    <trkpt lat="69.095787058" lon="26.422805786">
      <ele>388.601</ele>
    </trkpt>
    <trkpt lat="69.095695183" lon="26.422891617">
      <ele>387.918</ele>
    </trkpt>
    <trkpt lat="69.095603307" lon="26.422977448">
      <ele>387.235</ele>
    </trkpt>
    <trkpt lat="69.095511432" lon="26.423063278">
      <ele>386.496</ele>
    </trkpt>
    <trkpt lat="69.095419555" lon="26.423063278">
      <ele>385.503</ele>
    </trkpt>
    <trkpt lat="69.095358304" lon="26.42323494">
      <ele>384.224</ele>
    </trkpt>
    <trkpt lat="69.095266427" lon="26.42332077">
      <ele>382.964</ele>
    </trkpt>
    <trkpt lat="69.095205176" lon="26.423492432">
      <ele>382.477</ele>
    </trkpt>
    <trkpt lat="69.095113298" lon="26.423578262">
      <ele>381.816</ele>
    </trkpt>
    <trkpt lat="69.095021421" lon="26.423664093">
      <ele>381.154</ele>
    </trkpt>
    <trkpt lat="69.094929542" lon="26.423749924">
      <ele>380.62</ele>
    </trkpt>
    <trkpt lat="69.094837664" lon="26.423835754">
      <ele>379.943</ele>
    </trkpt>
    <trkpt lat="69.094745784" lon="26.423921585">
      <ele>379.17</ele>
    </trkpt>
    <trkpt lat="69.094378264" lon="26.424694061">
      <ele>373.857</ele>
    </trkpt>
    <trkpt lat="69.094378264" lon="26.424694061">
      <ele>373.857</ele>
    </trkpt>
    <trkpt lat="69.094378264" lon="26.424951553">
      <ele>373.18</ele>
    </trkpt>
    <trkpt lat="69.094378264" lon="26.425209045">
      <ele>371.721</ele>
    </trkpt>
    <trkpt lat="69.094347637" lon="26.425466537">
      <ele>370.275</ele>
    </trkpt>
    <trkpt lat="69.094347637" lon="26.42572403">
      <ele>369.954</ele>
    </trkpt>
    <trkpt lat="69.094286383" lon="26.425895691">
      <ele>369.293</ele>
    </trkpt>
    <trkpt lat="69.094255756" lon="26.426153183">
      <ele>368.962</ele>
    </trkpt>
    <trkpt lat="69.094255756" lon="26.426410675">
      <ele>368.962</ele>
    </trkpt>
    <trkpt lat="69.094225129" lon="26.426668167">
      <ele>368.631</ele>
    </trkpt>
    <trkpt lat="69.094225129" lon="26.426925659">
      <ele>368.631</ele>
    </trkpt>
    <trkpt lat="69.094194502" lon="26.427183151">
      <ele>368.301</ele>
    </trkpt>
    <trkpt lat="69.094194502" lon="26.427440643">
      <ele>368.301</ele>
    </trkpt>
    <trkpt lat="69.094163875" lon="26.427698135">
      <ele>367.264</ele>
    </trkpt>
    <trkpt lat="69.094133247" lon="26.427955627">
      <ele>366.759</ele>
    </trkpt>
    <trkpt lat="69.09410262" lon="26.42821312">
      <ele>365.972</ele>
    </trkpt>
    <trkpt lat="69.09410262" lon="26.428470612">
      <ele>365.539</ele>
    </trkpt>
    <trkpt lat="69.09410262" lon="26.428728104">
      <ele>365.539</ele>
    </trkpt>
    <trkpt lat="69.094071993" lon="26.428985596">
      <ele>365.318</ele>
    </trkpt>
    <trkpt lat="69.094071993" lon="26.429243088">
      <ele>365.225</ele>
    </trkpt>
    <trkpt lat="69.094041365" lon="26.42950058">
      <ele>364.849</ele>
    </trkpt>
    <trkpt lat="69.094041365" lon="26.429758072">
      <ele>365.647</ele>
    </trkpt>
    <trkpt lat="69.094041365" lon="26.430015564">
      <ele>365.647</ele>
    </trkpt>
    <trkpt lat="69.094041365" lon="26.430273056">
      <ele>365.647</ele>
    </trkpt>
    <trkpt lat="69.094041365" lon="26.430530548">
      <ele>365.647</ele>
    </trkpt>
    <trkpt lat="69.094041365" lon="26.43078804">
      <ele>366.106</ele>
    </trkpt>
    <trkpt lat="69.094041365" lon="26.431045532">
      <ele>366.196</ele>
    </trkpt>
    <trkpt lat="69.094041365" lon="26.431303024">
      <ele>366.196</ele>
    </trkpt>
    <trkpt lat="69.094041365" lon="26.431560516">
      <ele>365.917</ele>
    </trkpt>
    <trkpt lat="69.094041365" lon="26.431818008">
      <ele>365.745</ele>
    </trkpt>
    <trkpt lat="69.094010738" lon="26.4320755">
      <ele>365.193</ele>
    </trkpt>
    <trkpt lat="69.094010738" lon="26.432332993">
      <ele>365.018</ele>
    </trkpt>
    <trkpt lat="69.094010738" lon="26.432590485">
      <ele>364.755</ele>
    </trkpt>
    <trkpt lat="69.094010738" lon="26.432847977">
      <ele>364.613</ele>
    </trkpt>
    <trkpt lat="69.094010738" lon="26.433105469">
      <ele>364.114</ele>
    </trkpt>
    <trkpt lat="69.094010738" lon="26.433362961">
      <ele>363.755</ele>
    </trkpt>
    <trkpt lat="69.094041365" lon="26.433620453">
      <ele>364.196</ele>
    </trkpt>
    <trkpt lat="69.094041365" lon="26.433877945">
      <ele>364.196</ele>
    </trkpt>
    <trkpt lat="69.094041365" lon="26.434135437">
      <ele>363.708</ele>
    </trkpt>
    <trkpt lat="69.094071993" lon="26.434392929">
      <ele>363.978</ele>
    </trkpt>
    <trkpt lat="69.09410262" lon="26.434650421">
      <ele>363.567</ele>
    </trkpt>
    <trkpt lat="69.09410262" lon="26.434907913">
      <ele>363.308</ele>
    </trkpt>
    <trkpt lat="69.094163875" lon="26.435165405">
      <ele>363.374</ele>
    </trkpt>
    <trkpt lat="69.094194502" lon="26.435422897">
      <ele>363.601</ele>
    </trkpt>
    <trkpt lat="69.094225129" lon="26.435680389">
      <ele>363.908</ele>
    </trkpt>
    <trkpt lat="69.094255756" lon="26.435937881">
      <ele>364.124</ele>
    </trkpt>
    <trkpt lat="69.094286383" lon="26.436195374">
      <ele>364.283</ele>
    </trkpt>
    <trkpt lat="69.094286383" lon="26.436452866">
      <ele>363.586</ele>
    </trkpt>
    <trkpt lat="69.09431701" lon="26.436710358">
      <ele>364.09</ele>
    </trkpt>
    <trkpt lat="69.094347637" lon="26.43696785">
      <ele>363.854</ele>
    </trkpt>
    <trkpt lat="69.094378264" lon="26.437225342">
      <ele>363.798</ele>
    </trkpt>
    <trkpt lat="69.094408891" lon="26.437482834">
      <ele>363.422</ele>
    </trkpt>
    <trkpt lat="69.094439518" lon="26.437740326">
      <ele>363.046</ele>
    </trkpt>
    <trkpt lat="69.094439518" lon="26.437997818">
      <ele>362.119</ele>
    </trkpt>
    <trkpt lat="69.094470145" lon="26.43825531">
      <ele>361.929</ele>
    </trkpt>
    <trkpt lat="69.094500772" lon="26.438512802">
      <ele>361.773</ele>
    </trkpt>
    <trkpt lat="69.094531398" lon="26.438770294">
      <ele>361.045</ele>
    </trkpt>
    <trkpt lat="69.094592652" lon="26.438941956">
      <ele>361.442</ele>
    </trkpt>
    <trkpt lat="69.094623278" lon="26.439199448">
      <ele>360.745</ele>
    </trkpt>
    <trkpt lat="69.094653905" lon="26.43945694">
      <ele>360.457</ele>
    </trkpt>
    <trkpt lat="69.094715158" lon="26.439628601">
      <ele>360.555</ele>
    </trkpt>
    <trkpt lat="69.094745784" lon="26.439886093">
      <ele>360.459</ele>
    </trkpt>
    <trkpt lat="69.094807037" lon="26.440143585">
      <ele>361.01</ele>
    </trkpt>
    <trkpt lat="69.09486829" lon="26.440401077">
      <ele>361.396</ele>
    </trkpt>
    <trkpt lat="69.094898916" lon="26.440658569">
      <ele>361.409</ele>
    </trkpt>
    <trkpt lat="69.094929542" lon="26.440916061">
      <ele>361.732</ele>
    </trkpt>
    <trkpt lat="69.094960168" lon="26.441173553">
      <ele>362.251</ele>
    </trkpt>
    <trkpt lat="69.095021421" lon="26.441431046">
      <ele>363.091</ele>
    </trkpt>
    <trkpt lat="69.095082673" lon="26.441602707">
      <ele>363.352</ele>
    </trkpt>
    <trkpt lat="69.095082673" lon="26.441602707">
      <ele>363.352</ele>
    </trkpt>
    <trkpt lat="69.095082673" lon="26.441688538">
      <ele>363.19</ele>
    </trkpt>
    <trkpt lat="69.095113298" lon="26.44194603">
      <ele>363.631</ele>
    </trkpt>
    <trkpt lat="69.095143924" lon="26.442203522">
      <ele>364.073</ele>
    </trkpt>
    <trkpt lat="69.09517455" lon="26.442461014">
      <ele>364.514</ele>
    </trkpt>
    <trkpt lat="69.09517455" lon="26.442718506">
      <ele>364.514</ele>
    </trkpt>
    <trkpt lat="69.095205176" lon="26.442975998">
      <ele>364.427</ele>
    </trkpt>
    <trkpt lat="69.095235802" lon="26.44323349">
      <ele>364.45</ele>
    </trkpt>
    <trkpt lat="69.095266427" lon="26.443490982">
      <ele>364.292</ele>
    </trkpt>
    <trkpt lat="69.095327679" lon="26.443748474">
      <ele>364.719</ele>
    </trkpt>
    <trkpt lat="69.095327679" lon="26.444005966">
      <ele>364.643</ele>
    </trkpt>
    <trkpt lat="69.095358304" lon="26.444263458">
      <ele>364.87</ele>
    </trkpt>
    <trkpt lat="69.095419555" lon="26.44452095">
      <ele>365.256</ele>
    </trkpt>
    <trkpt lat="69.095450181" lon="26.444778442">
      <ele>364.862</ele>
    </trkpt>
    <trkpt lat="69.095450181" lon="26.445035934">
      <ele>364.733</ele>
    </trkpt>
    <trkpt lat="69.095511432" lon="26.445293427">
      <ele>364.476</ele>
    </trkpt>
    <trkpt lat="69.095542057" lon="26.445550919">
      <ele>363.919</ele>
    </trkpt>
    <trkpt lat="69.095572682" lon="26.445808411">
      <ele>363.213</ele>
    </trkpt>
    <trkpt lat="69.095603307" lon="26.446065903">
      <ele>363.344</ele>
    </trkpt>
    <trkpt lat="69.095633933" lon="26.446323395">
      <ele>362.8</ele>
    </trkpt>
    <trkpt lat="69.095695183" lon="26.446495056">
      <ele>362.813</ele>
    </trkpt>
    <trkpt lat="69.095725808" lon="26.446752548">
      <ele>362.613</ele>
    </trkpt>
    <trkpt lat="69.095787058" lon="26.44701004">
      <ele>362.637</ele>
    </trkpt>
    <trkpt lat="69.095817683" lon="26.447267532">
      <ele>362.163</ele>
    </trkpt>
    <trkpt lat="69.095878933" lon="26.447439194">
      <ele>362.817</ele>
    </trkpt>
    <trkpt lat="69.095909558" lon="26.447696686">
      <ele>363.0</ele>
    </trkpt>
    <trkpt lat="69.095970807" lon="26.447954178">
      <ele>363.0</ele>
    </trkpt>
    <trkpt lat="69.096032056" lon="26.44821167">
      <ele>363.16</ele>
    </trkpt>
    <trkpt lat="69.096093306" lon="26.448469162">
      <ele>363.095</ele>
    </trkpt>
    <trkpt lat="69.096154555" lon="26.448726654">
      <ele>363.26</ele>
    </trkpt>
    <trkpt lat="69.096215803" lon="26.448898315">
      <ele>363.623</ele>
    </trkpt>
    <trkpt lat="69.096277052" lon="26.449155807">
      <ele>363.403</ele>
    </trkpt>
    <trkpt lat="69.0963383" lon="26.449327469">
      <ele>363.288</ele>
    </trkpt>
    <trkpt lat="69.096399549" lon="26.44949913">
      <ele>363.151</ele>
    </trkpt>
    <trkpt lat="69.096460797" lon="26.449670792">
      <ele>363.345</ele>
    </trkpt>
    <trkpt lat="69.096522045" lon="26.450014114">
      <ele>363.613</ele>
    </trkpt>
    <trkpt lat="69.096583293" lon="26.450185776">
      <ele>363.569</ele>
    </trkpt>
    <trkpt lat="69.09664454" lon="26.450357437">
      <ele>363.79</ele>
    </trkpt>
    <trkpt lat="69.096705788" lon="26.450529099">
      <ele>364.4</ele>
    </trkpt>
    <trkpt lat="69.096767035" lon="26.450786591">
      <ele>364.748</ele>
    </trkpt>
    <trkpt lat="69.096828282" lon="26.450958252">
      <ele>364.966</ele>
    </trkpt>
    <trkpt lat="69.096889529" lon="26.451129913">
      <ele>365.45</ele>
    </trkpt>
    <trkpt lat="69.096950776" lon="26.451301575">
      <ele>365.64</ele>
    </trkpt>
    <trkpt lat="69.097012022" lon="26.451473236">
      <ele>365.817</ele>
    </trkpt>
    <trkpt lat="69.097073269" lon="26.451644897">
      <ele>365.994</ele>
    </trkpt>
    <trkpt lat="69.097134515" lon="26.451816559">
      <ele>366.001</ele>
    </trkpt>
    <trkpt lat="69.097195761" lon="26.45198822">
      <ele>366.253</ele>
    </trkpt>
    <trkpt lat="69.097257007" lon="26.452159882">
      <ele>366.525</ele>
    </trkpt>
    <trkpt lat="69.097318253" lon="26.452331543">
      <ele>366.838</ele>
    </trkpt>
    <trkpt lat="69.097379498" lon="26.452503204">
      <ele>367.44</ele>
    </trkpt>
    <trkpt lat="69.097440744" lon="26.452674866">
      <ele>367.709</ele>
    </trkpt>
    <trkpt lat="69.097501989" lon="26.452846527">
      <ele>367.993</ele>
    </trkpt>
    <trkpt lat="69.097532611" lon="26.453104019">
      <ele>367.749</ele>
    </trkpt>
    <trkpt lat="69.097593856" lon="26.453275681">
      <ele>367.405</ele>
    </trkpt>
    <trkpt lat="69.097655101" lon="26.453533173">
      <ele>367.558</ele>
    </trkpt>
    <trkpt lat="69.097716346" lon="26.453704834">
      <ele>367.779</ele>
    </trkpt>
    <trkpt lat="69.097746968" lon="26.453962326">
      <ele>367.889</ele>
    </trkpt>
    <trkpt lat="69.097808212" lon="26.454219818">
      <ele>367.671</ele>
    </trkpt>
    <trkpt lat="69.097869456" lon="26.454391479">
      <ele>367.01</ele>
    </trkpt>
    <trkpt lat="69.097930701" lon="26.454563141">
      <ele>366.584</ele>
    </trkpt>
    <trkpt lat="69.097961322" lon="26.454820633">
      <ele>366.913</ele>
    </trkpt>
    <trkpt lat="69.098022566" lon="26.454992294">
      <ele>367.094</ele>
    </trkpt>
    <trkpt lat="69.09808381" lon="26.455249786">
      <ele>366.786</ele>
    </trkpt>
    <trkpt lat="69.098145053" lon="26.455507278">
      <ele>366.356</ele>
    </trkpt>
    <trkpt lat="69.098206296" lon="26.455764771">
      <ele>365.57</ele>
    </trkpt>
    <trkpt lat="69.09826754" lon="26.455936432">
      <ele>365.149</ele>
    </trkpt>
    <trkpt lat="69.098328782" lon="26.456108093">
      <ele>365.0</ele>
    </trkpt>
    <trkpt lat="69.098420646" lon="26.456279755">
      <ele>364.269</ele>
    </trkpt>
    <trkpt lat="69.098481889" lon="26.456537247">
      <ele>363.714</ele>
    </trkpt>
    <trkpt lat="69.098543131" lon="26.456794739">
      <ele>362.784</ele>
    </trkpt>
    <trkpt lat="69.098604373" lon="26.4569664">
      <ele>362.024</ele>
    </trkpt>
    <trkpt lat="69.098665615" lon="26.457138062">
      <ele>362.196</ele>
    </trkpt>
    <trkpt lat="69.098726857" lon="26.457309723">
      <ele>362.417</ele>
    </trkpt>
    <trkpt lat="69.098757478" lon="26.457567215">
      <ele>362.641</ele>
    </trkpt>
    <trkpt lat="69.098818719" lon="26.457738876">
      <ele>362.965</ele>
    </trkpt>
    <trkpt lat="69.098879961" lon="26.457910538">
      <ele>363.0</ele>
    </trkpt>
    <trkpt lat="69.098941202" lon="26.458082199">
      <ele>362.83</ele>
    </trkpt>
    <trkpt lat="69.099033063" lon="26.45825386">
      <ele>362.852</ele>
    </trkpt>
    <trkpt lat="69.099094304" lon="26.458425522">
      <ele>363.0</ele>
    </trkpt>
    <trkpt lat="69.099155545" lon="26.458597183">
      <ele>363.0</ele>
    </trkpt>
    <trkpt lat="69.099247405" lon="26.458683014">
      <ele>362.709</ele>
    </trkpt>
    <trkpt lat="69.099339266" lon="26.458854675">
      <ele>362.379</ele>
    </trkpt>
    <trkpt lat="69.099431125" lon="26.459026337">
      <ele>362.519</ele>
    </trkpt>
    <trkpt lat="69.099522985" lon="26.459197998">
      <ele>362.466</ele>
    </trkpt>
    <trkpt lat="69.099614844" lon="26.459369659">
      <ele>362.221</ele>
    </trkpt>
    <trkpt lat="69.099676083" lon="26.459541321">
      <ele>362.166</ele>
    </trkpt>
    <trkpt lat="69.099737322" lon="26.459712982">
      <ele>361.891</ele>
    </trkpt>
    <trkpt lat="69.099798561" lon="26.459884644">
      <ele>362.035</ele>
    </trkpt>
    <trkpt lat="69.099859799" lon="26.460056305">
      <ele>361.907</ele>
    </trkpt>
    <trkpt lat="69.099921038" lon="26.460227966">
      <ele>361.335</ele>
    </trkpt>
    <trkpt lat="69.100012895" lon="26.460399628">
      <ele>361.0</ele>
    </trkpt>
    <trkpt lat="69.100074133" lon="26.460571289">
      <ele>361.0</ele>
    </trkpt>
    <trkpt lat="69.100135371" lon="26.46074295">
      <ele>361.0</ele>
    </trkpt>
    <trkpt lat="69.100227227" lon="26.460914612">
      <ele>361.0</ele>
    </trkpt>
    <trkpt lat="69.100288465" lon="26.461086273">
      <ele>361.0</ele>
    </trkpt>
    <trkpt lat="69.100349702" lon="26.461257935">
      <ele>361.0</ele>
    </trkpt>
    <trkpt lat="69.100441557" lon="26.461429596">
      <ele>360.94</ele>
    </trkpt>
    <trkpt lat="69.100502794" lon="26.461601257">
      <ele>360.855</ele>
    </trkpt>
    <trkpt lat="69.100594649" lon="26.461772919">
      <ele>361.141</ele>
    </trkpt>
    <trkpt lat="69.100655886" lon="26.46194458">
      <ele>361.361</ele>
    </trkpt>
    <trkpt lat="69.100717122" lon="26.462116241">
      <ele>361.323</ele>
    </trkpt>
    <trkpt lat="69.100808976" lon="26.462202072">
      <ele>361.831</ele>
    </trkpt>
    <trkpt lat="69.100900829" lon="26.462373734">
      <ele>361.587</ele>
    </trkpt>
    <trkpt lat="69.100992683" lon="26.462545395">
      <ele>361.574</ele>
    </trkpt>
    <trkpt lat="69.101084535" lon="26.462631226">
      <ele>361.904</ele>
    </trkpt>
    <trkpt lat="69.101145771" lon="26.462802887">
      <ele>362.0</ele>
    </trkpt>
    <trkpt lat="69.101237623" lon="26.462974548">
      <ele>362.0</ele>
    </trkpt>
    <trkpt lat="69.101298857" lon="26.46314621">
      <ele>361.894</ele>
    </trkpt>
    <trkpt lat="69.101390709" lon="26.46323204">
      <ele>362.007</ele>
    </trkpt>
    <trkpt lat="69.10148256" lon="26.463317871">
      <ele>362.337</ele>
    </trkpt>
    <trkpt lat="69.101574411" lon="26.463403702">
      <ele>362.668</ele>
    </trkpt>
    <trkpt lat="69.101666261" lon="26.463489532">
      <ele>362.999</ele>
    </trkpt>
    <trkpt lat="69.101758111" lon="26.463575363">
      <ele>362.671</ele>
    </trkpt>
    <trkpt lat="69.101849961" lon="26.463661194">
      <ele>362.459</ele>
    </trkpt>
    <trkpt lat="69.10194181" lon="26.463747025">
      <ele>362.494</ele>
    </trkpt>
    <trkpt lat="69.102064275" lon="26.463832855">
      <ele>362.454</ele>
    </trkpt>
    <trkpt lat="69.102156124" lon="26.463918686">
      <ele>362.32</ele>
    </trkpt>
    <trkpt lat="69.102247971" lon="26.463918686">
      <ele>362.107</ele>
    </trkpt>
    <trkpt lat="69.102339819" lon="26.464004517">
      <ele>362.416</ele>
    </trkpt>
    <trkpt lat="69.102431666" lon="26.464090347">
      <ele>362.725</ele>
    </trkpt>
    <trkpt lat="69.102523513" lon="26.464176178">
      <ele>363.119</ele>
    </trkpt>
    <trkpt lat="69.102615359" lon="26.464176178">
      <ele>363.45</ele>
    </trkpt>
    <trkpt lat="69.102707205" lon="26.464262009">
      <ele>364.089</ele>
    </trkpt>
    <trkpt lat="69.102799051" lon="26.46443367">
      <ele>364.885</ele>
    </trkpt>
    <trkpt lat="69.102890896" lon="26.464519501">
      <ele>364.703</ele>
    </trkpt>
    <trkpt lat="69.102982741" lon="26.464605331">
      <ele>364.689</ele>
    </trkpt>
    <trkpt lat="69.103074586" lon="26.464691162">
      <ele>364.888</ele>
    </trkpt>
    <trkpt lat="69.10316643" lon="26.464776993">
      <ele>365.197</ele>
    </trkpt>
    <trkpt lat="69.103258274" lon="26.464948654">
      <ele>365.815</ele>
    </trkpt>
    <trkpt lat="69.103350117" lon="26.465034485">
      <ele>366.301</ele>
    </trkpt>
    <trkpt lat="69.10344196" lon="26.465120316">
      <ele>367.088</ele>
    </trkpt>
    <trkpt lat="69.103533802" lon="26.465206146">
      <ele>367.67</ele>
    </trkpt>
    <trkpt lat="69.103625645" lon="26.465291977">
      <ele>368.101</ele>
    </trkpt>
    <trkpt lat="69.103717486" lon="26.465291977">
      <ele>368.414</ele>
    </trkpt>
    <trkpt lat="69.103717486" lon="26.465291977">
      <ele>368.414</ele>
    </trkpt>
    <trkpt lat="69.103717486" lon="26.465291977">
      <ele>368.414</ele>
    </trkpt>
    <trkpt lat="69.103809328" lon="26.465291977">
      <ele>368.728</ele>
    </trkpt>
    <trkpt lat="69.103901169" lon="26.465291977">
      <ele>369.002</ele>
    </trkpt>
    <trkpt lat="69.103993009" lon="26.465463638">
      <ele>369.251</ele>
    </trkpt>
    <trkpt lat="69.10408485" lon="26.465549469">
      <ele>369.69</ele>
    </trkpt>
    <trkpt lat="69.10417669" lon="26.465549469">
      <ele>370.014</ele>
    </trkpt>
    <trkpt lat="69.104268529" lon="26.46572113">
      <ele>370.963</ele>
    </trkpt>
    <trkpt lat="69.104360368" lon="26.465806961">
      <ele>371.602</ele>
    </trkpt>
    <trkpt lat="69.104452207" lon="26.465978622">
      <ele>372.015</ele>
    </trkpt>
    <trkpt lat="69.104544045" lon="26.466064453">
      <ele>372.298</ele>
    </trkpt>
    <trkpt lat="69.104635883" lon="26.466236115">
      <ele>372.829</ele>
    </trkpt>
    <trkpt lat="69.104727721" lon="26.466321945">
      <ele>373.0</ele>
    </trkpt>
    <trkpt lat="69.104819558" lon="26.466407776">
      <ele>373.068</ele>
    </trkpt>
    <trkpt lat="69.104911395" lon="26.466493607">
      <ele>373.377</ele>
    </trkpt>
    <trkpt lat="69.105003231" lon="26.466665268">
      <ele>373.995</ele>
    </trkpt>
    <trkpt lat="69.105064455" lon="26.466836929">
      <ele>374.0</ele>
    </trkpt>
    <trkpt lat="69.105125679" lon="26.467008591">
      <ele>374.231</ele>
    </trkpt>
    <trkpt lat="69.105217514" lon="26.467180252">
      <ele>374.849</ele>
    </trkpt>
    <trkpt lat="69.105278738" lon="26.467351913">
      <ele>375.0</ele>
    </trkpt>
    <trkpt lat="69.105339961" lon="26.467523575">
      <ele>375.0</ele>
    </trkpt>
    <trkpt lat="69.105401184" lon="26.467695236">
      <ele>375.0</ele>
    </trkpt>
    <trkpt lat="69.105462407" lon="26.467952728">
      <ele>375.211</ele>
    </trkpt>
    <trkpt lat="69.10552363" lon="26.46812439">
      <ele>375.115</ele>
    </trkpt>
    <trkpt lat="69.105584852" lon="26.468296051">
      <ele>374.895</ele>
    </trkpt>
    <trkpt lat="69.105646075" lon="26.468553543">
      <ele>375.467</ele>
    </trkpt>
    <trkpt lat="69.105707297" lon="26.468725204">
      <ele>375.454</ele>
    </trkpt>
    <trkpt lat="69.105768519" lon="26.468896866">
      <ele>375.24</ele>
    </trkpt>
    <trkpt lat="69.105829741" lon="26.469068527">
      <ele>375.021</ele>
    </trkpt>
    <trkpt lat="69.105890963" lon="26.469240189">
      <ele>375.002</ele>
    </trkpt>
    <trkpt lat="69.105952184" lon="26.46941185">
      <ele>375.077</ele>
    </trkpt>
    <trkpt lat="69.106013406" lon="26.469583511">
      <ele>375.204</ele>
    </trkpt>
    <trkpt lat="69.106074627" lon="26.469755173">
      <ele>375.278</ele>
    </trkpt>
    <trkpt lat="69.106135848" lon="26.470012665">
      <ele>374.867</ele>
    </trkpt>
    <trkpt lat="69.106197069" lon="26.470184326">
      <ele>375.045</ele>
    </trkpt>
    <trkpt lat="69.10625829" lon="26.470441818">
      <ele>375.218</ele>
    </trkpt>
    <trkpt lat="69.10631951" lon="26.47069931">
      <ele>375.138</ele>
    </trkpt>
    <trkpt lat="69.106380731" lon="26.470870972">
      <ele>375.194</ele>
    </trkpt>
    <trkpt lat="69.106441951" lon="26.471128464">
      <ele>375.427</ele>
    </trkpt>
    <trkpt lat="69.106503171" lon="26.471300125">
      <ele>374.766</ele>
    </trkpt>
    <trkpt lat="69.106533781" lon="26.471557617">
      <ele>374.752</ele>
    </trkpt>
    <trkpt lat="69.106595" lon="26.47190094">
      <ele>374.516</ele>
    </trkpt>
    <trkpt lat="69.10662561" lon="26.472158432">
      <ele>374.409</ele>
    </trkpt>
    <trkpt lat="69.10665622" lon="26.472415924">
      <ele>374.113</ele>
    </trkpt>
    <trkpt lat="69.10668683" lon="26.472673416">
      <ele>373.782</ele>
    </trkpt>
    <trkpt lat="69.106717439" lon="26.472930908">
      <ele>373.001</ele>
    </trkpt>
    <trkpt lat="69.106717439" lon="26.4731884">
      <ele>372.547</ele>
    </trkpt>
    <trkpt lat="69.106748049" lon="26.473445892">
      <ele>372.121</ele>
    </trkpt>
    <trkpt lat="69.106778659" lon="26.473703384">
      <ele>371.657</ele>
    </trkpt>
    <trkpt lat="69.106809268" lon="26.473960876">
      <ele>371.08</ele>
    </trkpt>
    <trkpt lat="69.106809268" lon="26.474218369">
      <ele>371.55</ele>
    </trkpt>
    <trkpt lat="69.106809268" lon="26.474475861">
      <ele>372.005</ele>
    </trkpt>
    <trkpt lat="69.106839878" lon="26.474733353">
      <ele>372.129</ele>
    </trkpt>
    <trkpt lat="69.106839878" lon="26.474990845">
      <ele>372.129</ele>
    </trkpt>
    <trkpt lat="69.106870487" lon="26.475248337">
      <ele>371.799</ele>
    </trkpt>
    <trkpt lat="69.106870487" lon="26.475505829">
      <ele>372.017</ele>
    </trkpt>
    <trkpt lat="69.106901097" lon="26.475763321">
      <ele>371.624</ele>
    </trkpt>
    <trkpt lat="69.106901097" lon="26.476020813">
      <ele>371.624</ele>
    </trkpt>
    <trkpt lat="69.106931706" lon="26.476278305">
      <ele>371.183</ele>
    </trkpt>
    <trkpt lat="69.106962315" lon="26.476621628">
      <ele>371.527</ele>
    </trkpt>
    <trkpt lat="69.106962315" lon="26.47687912">
      <ele>372.443</ele>
    </trkpt>
    <trkpt lat="69.106962315" lon="26.477136612">
      <ele>373.37</ele>
    </trkpt>
    <trkpt lat="69.106962315" lon="26.477394104">
      <ele>374.297</ele>
    </trkpt>
    <trkpt lat="69.106992925" lon="26.477651596">
      <ele>374.673</ele>
    </trkpt>
    <trkpt lat="69.106992925" lon="26.477909088">
      <ele>375.21</ele>
    </trkpt>
    <trkpt lat="69.107023534" lon="26.47816658">
      <ele>374.575</ele>
    </trkpt>
    <trkpt lat="69.107023534" lon="26.478424072">
      <ele>373.912</ele>
    </trkpt>
    <trkpt lat="69.107054143" lon="26.478681564">
      <ele>372.957</ele>
    </trkpt>
    <trkpt lat="69.107054143" lon="26.478939056">
      <ele>372.21</ele>
    </trkpt>
    <trkpt lat="69.107054143" lon="26.479196548">
      <ele>372.21</ele>
    </trkpt>
    <trkpt lat="69.107054143" lon="26.479454041">
      <ele>372.21</ele>
    </trkpt>
    <trkpt lat="69.107054143" lon="26.479711533">
      <ele>372.21</ele>
    </trkpt>
    <trkpt lat="69.107054143" lon="26.479969025">
      <ele>372.21</ele>
    </trkpt>
    <trkpt lat="69.107054143" lon="26.480312347">
      <ele>372.21</ele>
    </trkpt>
    <trkpt lat="69.107054143" lon="26.480569839">
      <ele>372.19</ele>
    </trkpt>
    <trkpt lat="69.107054143" lon="26.480827332">
      <ele>371.824</ele>
    </trkpt>
    <trkpt lat="69.107054143" lon="26.481084824">
      <ele>371.267</ele>
    </trkpt>
    <trkpt lat="69.107054143" lon="26.481342316">
      <ele>371.21</ele>
    </trkpt>
    <trkpt lat="69.107054143" lon="26.481599808">
      <ele>370.91</ele>
    </trkpt>
    <trkpt lat="69.107054143" lon="26.4818573">
      <ele>370.815</ele>
    </trkpt>
    <trkpt lat="69.107054143" lon="26.482114792">
      <ele>370.573</ele>
    </trkpt>
    <trkpt lat="69.107054143" lon="26.482372284">
      <ele>370.093</ele>
    </trkpt>
    <trkpt lat="69.107054143" lon="26.482715607">
      <ele>369.815</ele>
    </trkpt>
    <trkpt lat="69.107023534" lon="26.482973099">
      <ele>370.346</ele>
    </trkpt>
    <trkpt lat="69.107023534" lon="26.483230591">
      <ele>370.431</ele>
    </trkpt>
    <trkpt lat="69.106992925" lon="26.483488083">
      <ele>370.651</ele>
    </trkpt>
    <trkpt lat="69.106992925" lon="26.483745575">
      <ele>370.651</ele>
    </trkpt>
    <trkpt lat="69.106962315" lon="26.484088898">
      <ele>370.871</ele>
    </trkpt>
    <trkpt lat="69.106931706" lon="26.48434639">
      <ele>371.138</ele>
    </trkpt>
    <trkpt lat="69.106901097" lon="26.484603882">
      <ele>371.558</ele>
    </trkpt>
    <trkpt lat="69.106870487" lon="26.484861374">
      <ele>372.065</ele>
    </trkpt>
    <trkpt lat="69.106839878" lon="26.485204697">
      <ele>372.506</ele>
    </trkpt>
    <trkpt lat="69.106809268" lon="26.485462189">
      <ele>373.287</ele>
    </trkpt>
    <trkpt lat="69.106778659" lon="26.485719681">
      <ele>373.79</ele>
    </trkpt>
    <trkpt lat="69.106748049" lon="26.485977173">
      <ele>374.121</ele>
    </trkpt>
    <trkpt lat="69.106717439" lon="26.486234665">
      <ele>374.452</ele>
    </trkpt>
    <trkpt lat="69.10668683" lon="26.486492157">
      <ele>374.755</ele>
    </trkpt>
    <trkpt lat="69.10665622" lon="26.486749649">
      <ele>375.188</ele>
    </trkpt>
    <trkpt lat="69.10662561" lon="26.487007141">
      <ele>375.547</ele>
    </trkpt>
    <trkpt lat="69.106595" lon="26.487264633">
      <ele>375.509</ele>
    </trkpt>
    <trkpt lat="69.106564391" lon="26.487522125">
      <ele>375.812</ele>
    </trkpt>
    <trkpt lat="69.106503171" lon="26.487693787">
      <ele>376.532</ele>
    </trkpt>
    <trkpt lat="69.106472561" lon="26.487951279">
      <ele>376.359</ele>
    </trkpt>
    <trkpt lat="69.106411341" lon="26.48812294">
      <ele>376.515</ele>
    </trkpt>
    <trkpt lat="69.106380731" lon="26.488380432">
      <ele>375.884</ele>
    </trkpt>
    <trkpt lat="69.10631951" lon="26.488552094">
      <ele>375.515</ele>
    </trkpt>
    <trkpt lat="69.1062889" lon="26.488809586">
      <ele>373.474</ele>
    </trkpt>
    <trkpt lat="69.106227679" lon="26.489067078">
      <ele>372.25</ele>
    </trkpt>
    <trkpt lat="69.106197069" lon="26.48932457">
      <ele>371.111</ele>
    </trkpt>
    <trkpt lat="69.106135848" lon="26.489496231">
      <ele>370.635</ele>
    </trkpt>
    <trkpt lat="69.106105238" lon="26.489753723">
      <ele>370.082</ele>
    </trkpt>
    <trkpt lat="69.106044016" lon="26.489925385">
      <ele>370.79</ele>
    </trkpt>
    <trkpt lat="69.106013406" lon="26.490182877">
      <ele>370.165</ele>
    </trkpt>
    <trkpt lat="69.105921574" lon="26.490354538">
      <ele>369.9</ele>
    </trkpt>
    <trkpt lat="69.105860352" lon="26.490526199">
      <ele>369.104</ele>
    </trkpt>
    <trkpt lat="69.10579913" lon="26.490697861">
      <ele>368.611</ele>
    </trkpt>
    <trkpt lat="69.105737908" lon="26.490869522">
      <ele>368.083</ele>
    </trkpt>
    <trkpt lat="69.105646075" lon="26.491041183">
      <ele>367.178</ele>
    </trkpt>
    <trkpt lat="69.105584852" lon="26.491212845">
      <ele>366.162</ele>
    </trkpt>
    <trkpt lat="69.105493019" lon="26.491384506">
      <ele>365.032</ele>
    </trkpt>
    <trkpt lat="69.105431796" lon="26.491556168">
      <ele>363.796</ele>
    </trkpt>
    <trkpt lat="69.105339961" lon="26.491641998">
      <ele>363.178</ele>
    </trkpt>
    <trkpt lat="69.105278738" lon="26.49181366">
      <ele>362.469</ele>
    </trkpt>
    <trkpt lat="69.105186903" lon="26.491985321">
      <ele>361.706</ele>
    </trkpt>
    <trkpt lat="69.105095067" lon="26.492156982">
      <ele>360.47</ele>
    </trkpt>
    <trkpt lat="69.105003231" lon="26.492242813">
      <ele>359.926</ele>
    </trkpt>
    <trkpt lat="69.104942007" lon="26.492414474">
      <ele>359.163</ele>
    </trkpt>
    <trkpt lat="69.10485017" lon="26.492500305">
      <ele>358.46</ele>
    </trkpt>
    <trkpt lat="69.104788945" lon="26.492671967">
      <ele>357.621</ele>
    </trkpt>
    <trkpt lat="69.104697108" lon="26.492757797">
      <ele>357.072</ele>
    </trkpt>
    <trkpt lat="69.10460527" lon="26.492929459">
      <ele>357.0</ele>
    </trkpt>
    <trkpt lat="69.104513432" lon="26.49310112">
      <ele>356.959</ele>
    </trkpt>
    <trkpt lat="69.104452207" lon="26.493272781">
      <ele>356.978</ele>
    </trkpt>
    <trkpt lat="69.104360368" lon="26.493358612">
      <ele>357.239</ele>
    </trkpt>
    <trkpt lat="69.104268529" lon="26.493530273">
      <ele>357.373</ele>
    </trkpt>
    <trkpt lat="69.10417669" lon="26.493616104">
      <ele>357.911</ele>
    </trkpt>
    <trkpt lat="69.10417669" lon="26.493616104">
      <ele>357.911</ele>
    </trkpt>
    <trkpt lat="69.10417669" lon="26.493701935">
      <ele>357.613</ele>
    </trkpt>
    <trkpt lat="69.104115463" lon="26.493873596">
      <ele>357.414</ele>
    </trkpt>
    <trkpt lat="69.10408485" lon="26.494131088">
      <ele>357.589</ele>
    </trkpt>
    <trkpt lat="69.104023623" lon="26.49430275">
      <ele>357.792</ele>
    </trkpt>
    <trkpt lat="69.103962396" lon="26.494474411">
      <ele>358.206</ele>
    </trkpt>
    <trkpt lat="69.103870555" lon="26.494560242">
      <ele>359.17</ele>
    </trkpt>
    <trkpt lat="69.103809328" lon="26.494731903">
      <ele>359.538</ele>
    </trkpt>
    <trkpt lat="69.103717486" lon="26.494903564">
      <ele>359.581</ele>
    </trkpt>
    <trkpt lat="69.103656259" lon="26.495075226">
      <ele>359.902</ele>
    </trkpt>
    <trkpt lat="69.103595031" lon="26.495332718">
      <ele>361.046</ele>
    </trkpt>
    <trkpt lat="69.103533802" lon="26.495504379">
      <ele>361.051</ele>
    </trkpt>
    <trkpt lat="69.103472574" lon="26.495676041">
      <ele>360.133</ele>
    </trkpt>
    <trkpt lat="69.103411346" lon="26.495933533">
      <ele>358.076</ele>
    </trkpt>
    <trkpt lat="69.103380731" lon="26.496191025">
      <ele>356.083</ele>
    </trkpt>
    <trkpt lat="69.103319502" lon="26.496362686">
      <ele>355.238</ele>
    </trkpt>
    <trkpt lat="69.103288888" lon="26.496620178">
      <ele>353.628</ele>
    </trkpt>
    <trkpt lat="69.103258274" lon="26.49687767">
      <ele>352.226</ele>
    </trkpt>
    <trkpt lat="69.103227659" lon="26.497135162">
      <ele>351.194</ele>
    </trkpt>
    <trkpt lat="69.103197044" lon="26.497392654">
      <ele>350.368</ele>
    </trkpt>
    <trkpt lat="69.10316643" lon="26.497650146">
      <ele>349.336</ele>
    </trkpt>
    <trkpt lat="69.10316643" lon="26.497907639">
      <ele>347.666</ele>
    </trkpt>
    <trkpt lat="69.103135815" lon="26.498165131">
      <ele>346.036</ele>
    </trkpt>
    <trkpt lat="69.1031052" lon="26.498422623">
      <ele>344.357</ele>
    </trkpt>
    <trkpt lat="69.103074586" lon="26.498680115">
      <ele>342.503</ele>
    </trkpt>
    <trkpt lat="69.103074586" lon="26.498937607">
      <ele>340.649</ele>
    </trkpt>
    <trkpt lat="69.103074586" lon="26.499195099">
      <ele>338.802</ele>
    </trkpt>
    <trkpt lat="69.1031052" lon="26.499452591">
      <ele>337.149</ele>
    </trkpt>
    <trkpt lat="69.1031052" lon="26.499710083">
      <ele>336.222</ele>
    </trkpt>
    <trkpt lat="69.103135815" lon="26.499967575">
      <ele>335.406</ele>
    </trkpt>
    <trkpt lat="69.103135815" lon="26.500225067">
      <ele>334.713</ele>
    </trkpt>
    <trkpt lat="69.103197044" lon="26.500482559">
      <ele>335.394</ele>
    </trkpt>
    <trkpt lat="69.103227659" lon="26.500740051">
      <ele>335.859</ele>
    </trkpt>
    <trkpt lat="69.103227659" lon="26.501426697">
      <ele>335.323</ele>
    </trkpt>
    <trkpt lat="69.103227659" lon="26.501426697">
      <ele>335.323</ele>
    </trkpt>
    <trkpt lat="69.103227659" lon="26.501684189">
      <ele>335.898</ele>
    </trkpt>
    <trkpt lat="69.103258274" lon="26.501941681">
      <ele>336.912</ele>
    </trkpt>
    <trkpt lat="69.103258274" lon="26.502199173">
      <ele>336.919</ele>
    </trkpt>
    <trkpt lat="69.103288888" lon="26.502456665">
      <ele>338.069</ele>
    </trkpt>
    <trkpt lat="69.103288888" lon="26.502714157">
      <ele>338.2</ele>
    </trkpt>
    <trkpt lat="69.103319502" lon="26.502971649">
      <ele>338.751</ele>
    </trkpt>
    <trkpt lat="69.103319502" lon="26.503229141">
      <ele>338.751</ele>
    </trkpt>
    <trkpt lat="69.103350117" lon="26.503486633">
      <ele>340.554</ele>
    </trkpt>
    <trkpt lat="69.103380731" lon="26.503744125">
      <ele>342.673</ele>
    </trkpt>
    <trkpt lat="69.103380731" lon="26.504001617">
      <ele>343.868</ele>
    </trkpt>
    <trkpt lat="69.103380731" lon="26.504259109">
      <ele>345.462</ele>
    </trkpt>
    <trkpt lat="69.103411346" lon="26.504516602">
      <ele>347.31</ele>
    </trkpt>
    <trkpt lat="69.103411346" lon="26.504774094">
      <ele>347.708</ele>
    </trkpt>
    <trkpt lat="69.103411346" lon="26.505031586">
      <ele>347.042</ele>
    </trkpt>
    <trkpt lat="69.10344196" lon="26.505289078">
      <ele>346.931</ele>
    </trkpt>
    <trkpt lat="69.10344196" lon="26.50554657">
      <ele>346.366</ele>
    </trkpt>
    <trkpt lat="69.103472574" lon="26.505804062">
      <ele>345.667</ele>
    </trkpt>
    <trkpt lat="69.103472574" lon="26.506061554">
      <ele>344.275</ele>
    </trkpt>
    <trkpt lat="69.103503188" lon="26.506319046">
      <ele>343.172</ele>
    </trkpt>
    <trkpt lat="69.103533802" lon="26.506576538">
      <ele>341.492</ele>
    </trkpt>
    <trkpt lat="69.103533802" lon="26.50683403">
      <ele>339.236</ele>
    </trkpt>
    <trkpt lat="69.103564417" lon="26.507091522">
      <ele>338.021</ele>
    </trkpt>
    <trkpt lat="69.103595031" lon="26.507349014">
      <ele>336.798</ele>
    </trkpt>
    <trkpt lat="69.103595031" lon="26.507606506">
      <ele>335.327</ele>
    </trkpt>
    <trkpt lat="69.103625645" lon="26.507863998">
      <ele>334.847</ele>
    </trkpt>
    <trkpt lat="69.103656259" lon="26.50812149">
      <ele>334.488</ele>
    </trkpt>
    <trkpt lat="69.103686872" lon="26.508378983">
      <ele>334.699</ele>
    </trkpt>
    <trkpt lat="69.103686872" lon="26.508636475">
      <ele>334.091</ele>
    </trkpt>
    <trkpt lat="69.103717486" lon="26.508893967">
      <ele>334.521</ele>
    </trkpt>
    <trkpt lat="69.103717486" lon="26.509151459">
      <ele>333.949</ele>
    </trkpt>
    <trkpt lat="69.103717486" lon="26.509408951">
      <ele>333.377</ele>
    </trkpt>
    <trkpt lat="69.103717486" lon="26.509666443">
      <ele>333.298</ele>
    </trkpt>
    <trkpt lat="69.103717486" lon="26.509923935">
      <ele>332.85</ele>
    </trkpt>
    <trkpt lat="69.1037481" lon="26.510181427">
      <ele>333.121</ele>
    </trkpt>
    <trkpt lat="69.1037481" lon="26.510438919">
      <ele>332.071</ele>
    </trkpt>
    <trkpt lat="69.1037481" lon="26.510696411">
      <ele>330.424</ele>
    </trkpt>
    <trkpt lat="69.1037481" lon="26.510953903">
      <ele>328.57</ele>
    </trkpt>
    <trkpt lat="69.1037481" lon="26.511211395">
      <ele>326.721</ele>
    </trkpt>
    <trkpt lat="69.103778714" lon="26.511468887">
      <ele>325.762</ele>
    </trkpt>
    <trkpt lat="69.103778714" lon="26.511726379">
      <ele>324.405</ele>
    </trkpt>
    <trkpt lat="69.103839941" lon="26.511983871">
      <ele>324.801</ele>
    </trkpt>
    <trkpt lat="69.103870555" lon="26.512241364">
      <ele>324.535</ele>
    </trkpt>
    <trkpt lat="69.103870555" lon="26.512498856">
      <ele>323.608</ele>
    </trkpt>
    <trkpt lat="69.103901169" lon="26.512756348">
      <ele>322.375</ele>
    </trkpt>
    <trkpt lat="69.103931782" lon="26.51301384">
      <ele>321.072</ele>
    </trkpt>
    <trkpt lat="69.103993009" lon="26.513185501">
      <ele>321.231</ele>
    </trkpt>
    <trkpt lat="69.104023623" lon="26.513442993">
      <ele>320.545</ele>
    </trkpt>
    <trkpt lat="69.10408485" lon="26.513700485">
      <ele>320.368</ele>
    </trkpt>
    <trkpt lat="69.104146076" lon="26.513957977">
      <ele>319.354</ele>
    </trkpt>
    <trkpt lat="69.104207303" lon="26.514215469">
      <ele>318.087</ele>
    </trkpt>
    <trkpt lat="69.104237916" lon="26.514472961">
      <ele>316.462</ele>
    </trkpt>
    <trkpt lat="69.104268529" lon="26.514730453">
      <ele>314.033</ele>
    </trkpt>
    <trkpt lat="69.104299142" lon="26.514987946">
      <ele>312.473</ele>
    </trkpt>
    <trkpt lat="69.104360368" lon="26.515159607">
      <ele>311.99</ele>
    </trkpt>
    <trkpt lat="69.104390981" lon="26.515417099">
      <ele>310.958</ele>
    </trkpt>
    <trkpt lat="69.104421594" lon="26.515674591">
      <ele>310.403</ele>
    </trkpt>
    <trkpt lat="69.10448282" lon="26.515846252">
      <ele>310.828</ele>
    </trkpt>
    <trkpt lat="69.104513432" lon="26.516103745">
      <ele>308.818</ele>
    </trkpt>
    <trkpt lat="69.104544045" lon="26.516361237">
      <ele>305.585</ele>
    </trkpt>
    <trkpt lat="69.10460527" lon="26.516532898">
      <ele>304.919</ele>
    </trkpt>
    <trkpt lat="69.104635883" lon="26.51679039">
      <ele>303.076</ele>
    </trkpt>
    <trkpt lat="69.104697108" lon="26.517047882">
      <ele>301.927</ele>
    </trkpt>
    <trkpt lat="69.104758333" lon="26.517305374">
      <ele>301.402</ele>
    </trkpt>
    <trkpt lat="69.104819558" lon="26.517562866">
      <ele>301.294</ele>
    </trkpt>
    <trkpt lat="69.104880782" lon="26.517820358">
      <ele>301.613</ele>
    </trkpt>
    <trkpt lat="69.104942007" lon="26.51799202">
      <ele>301.575</ele>
    </trkpt>
    <trkpt lat="69.105003231" lon="26.518163681">
      <ele>301.641</ele>
    </trkpt>
    <trkpt lat="69.105095067" lon="26.518249512">
      <ele>302.09</ele>
    </trkpt>
    <trkpt lat="69.105156291" lon="26.518421173">
      <ele>301.631</ele>
    </trkpt>
    <trkpt lat="69.105248126" lon="26.518592834">
      <ele>301.018</ele>
    </trkpt>
    <trkpt lat="69.105339961" lon="26.518678665">
      <ele>301.393</ele>
    </trkpt>
    <trkpt lat="69.105431796" lon="26.518850327">
      <ele>301.631</ele>
    </trkpt>
    <trkpt lat="69.10552363" lon="26.519021988">
      <ele>301.406</ele>
    </trkpt>
    <trkpt lat="69.105584852" lon="26.519193649">
      <ele>300.808</ele>
    </trkpt>
    <trkpt lat="69.105676686" lon="26.51927948">
      <ele>300.335</ele>
    </trkpt>
    <trkpt lat="69.105737908" lon="26.519451141">
      <ele>300.0</ele>
    </trkpt>
    <trkpt lat="69.105829741" lon="26.519622803">
      <ele>300.0</ele>
    </trkpt>
    <trkpt lat="69.105890963" lon="26.519794464">
      <ele>299.585</ele>
    </trkpt>
    <trkpt lat="69.105982795" lon="26.519880295">
      <ele>298.924</ele>
    </trkpt>
    <trkpt lat="69.106074627" lon="26.520051956">
      <ele>298.287</ele>
    </trkpt>
    <trkpt lat="69.106135848" lon="26.520223618">
      <ele>298.017</ele>
    </trkpt>
    <trkpt lat="69.106227679" lon="26.520309448">
      <ele>298.066</ele>
    </trkpt>
    <trkpt lat="69.10631951" lon="26.52048111">
      <ele>298.183</ele>
    </trkpt>
    <trkpt lat="69.106380731" lon="26.520652771">
      <ele>298.379</ele>
    </trkpt>
    <trkpt lat="69.106472561" lon="26.520738602">
      <ele>298.563</ele>
    </trkpt>
    <trkpt lat="69.106564391" lon="26.520824432">
      <ele>298.377</ele>
    </trkpt>
    <trkpt lat="69.10662561" lon="26.520996094">
      <ele>298.321</ele>
    </trkpt>
    <trkpt lat="69.106717439" lon="26.521081924">
      <ele>298.038</ele>
    </trkpt>
    <trkpt lat="69.106778659" lon="26.521253586">
      <ele>298.0</ele>
    </trkpt>
    <trkpt lat="69.106870487" lon="26.521339417">
      <ele>298.0</ele>
    </trkpt>
    <trkpt lat="69.106962315" lon="26.521511078">
      <ele>297.753</ele>
    </trkpt>
    <trkpt lat="69.107023534" lon="26.521682739">
      <ele>297.863</ele>
    </trkpt>
    <trkpt lat="69.107084752" lon="26.521854401">
      <ele>298.167</ele>
    </trkpt>
    <trkpt lat="69.107145971" lon="26.522026062">
      <ele>298.0</ele>
    </trkpt>
    <trkpt lat="69.107237798" lon="26.522197723">
      <ele>298.0</ele>
    </trkpt>
    <trkpt lat="69.107329624" lon="26.522369385">
      <ele>297.47</ele>
    </trkpt>
    <trkpt lat="69.10742145" lon="26.522455215">
      <ele>297.161</ele>
    </trkpt>
    <trkpt lat="69.107513276" lon="26.522541046">
      <ele>297.089</ele>
    </trkpt>
    <trkpt lat="69.107605102" lon="26.522626877">
      <ele>297.584</ele>
    </trkpt>
    <trkpt lat="69.107696927" lon="26.522712708">
      <ele>297.875</ele>
    </trkpt>
    <trkpt lat="69.107788752" lon="26.522798538">
      <ele>298.155</ele>
    </trkpt>
    <trkpt lat="69.107880576" lon="26.522884369">
      <ele>299.338</ele>
    </trkpt>
    <trkpt lat="69.1079724" lon="26.522884369">
      <ele>300.534</ele>
    </trkpt>
    <trkpt lat="69.108064223" lon="26.52305603">
      <ele>301.059</ele>
    </trkpt>
    <trkpt lat="69.108156046" lon="26.523227692">
      <ele>300.484</ele>
    </trkpt>
    <trkpt lat="69.108247869" lon="26.523313522">
      <ele>300.527</ele>
    </trkpt>
    <trkpt lat="69.108309084" lon="26.523485184">
      <ele>300.279</ele>
    </trkpt>
    <trkpt lat="69.108400906" lon="26.523571014">
      <ele>301.117</ele>
    </trkpt>
    <trkpt lat="69.108492728" lon="26.523742676">
      <ele>301.822</ele>
    </trkpt>
    <trkpt lat="69.108584549" lon="26.523914337">
      <ele>302.443</ele>
    </trkpt>
    <trkpt lat="69.10867637" lon="26.524085999">
      <ele>302.286</ele>
    </trkpt>
    <trkpt lat="69.108737584" lon="26.52425766">
      <ele>301.711</ele>
    </trkpt>
    <trkpt lat="69.108798798" lon="26.524429321">
      <ele>301.136</ele>
    </trkpt>
    <trkpt lat="69.108860011" lon="26.524600983">
      <ele>300.62</ele>
    </trkpt>
    <trkpt lat="69.108921224" lon="26.524772644">
      <ele>299.891</ele>
    </trkpt>
    <trkpt lat="69.109013044" lon="26.524944305">
      <ele>299.652</ele>
    </trkpt>
    <trkpt lat="69.109074257" lon="26.525115967">
      <ele>299.445</ele>
    </trkpt>
    <trkpt lat="69.109135469" lon="26.525287628">
      <ele>298.821</ele>
    </trkpt>
    <trkpt lat="69.109227288" lon="26.52545929">
      <ele>298.49</ele>
    </trkpt>
    <trkpt lat="69.1092885" lon="26.525630951">
      <ele>298.093</ele>
    </trkpt>
    <trkpt lat="69.109380318" lon="26.525802612">
      <ele>297.614</ele>
    </trkpt>
    <trkpt lat="69.10944153" lon="26.525974274">
      <ele>296.959</ele>
    </trkpt>
    <trkpt lat="69.109502742" lon="26.526145935">
      <ele>296.379</ele>
    </trkpt>
    <trkpt lat="69.109594559" lon="26.526317596">
      <ele>296.135</ele>
    </trkpt>
    <trkpt lat="69.10965577" lon="26.526489258">
      <ele>295.921</ele>
    </trkpt>
    <trkpt lat="69.109747587" lon="26.526660919">
      <ele>296.295</ele>
    </trkpt>
    <trkpt lat="69.109808797" lon="26.526832581">
      <ele>296.152</ele>
    </trkpt>
    <trkpt lat="69.109900613" lon="26.526918411">
      <ele>296.438</ele>
    </trkpt>
    <trkpt lat="69.109961824" lon="26.527090073">
      <ele>296.201</ele>
    </trkpt>
    <trkpt lat="69.110053639" lon="26.527261734">
      <ele>296.023</ele>
    </trkpt>
    <trkpt lat="69.110145453" lon="26.527433395">
      <ele>295.365</ele>
    </trkpt>
    <trkpt lat="69.110237268" lon="26.527605057">
      <ele>294.622</ele>
    </trkpt>
    <trkpt lat="69.110298477" lon="26.527776718">
      <ele>294.153</ele>
    </trkpt>
    <trkpt lat="69.110329082" lon="26.52803421">
      <ele>293.276</ele>
    </trkpt>
    <trkpt lat="69.110390291" lon="26.528205872">
      <ele>292.864</ele>
    </trkpt>
    <trkpt lat="69.1104515" lon="26.528377533">
      <ele>292.526</ele>
    </trkpt>
    <trkpt lat="69.110512709" lon="26.528635025">
      <ele>291.987</ele>
    </trkpt>
    <trkpt lat="69.110573917" lon="26.528892517">
      <ele>292.066</ele>
    </trkpt>
    <trkpt lat="69.110635126" lon="26.529150009">
      <ele>292.286</ele>
    </trkpt>
    <trkpt lat="69.110696334" lon="26.529407501">
      <ele>292.507</ele>
    </trkpt>
    <trkpt lat="69.110757542" lon="26.529579163">
      <ele>292.727</ele>
    </trkpt>
    <trkpt lat="69.110788146" lon="26.529836655">
      <ele>293.182</ele>
    </trkpt>
    <trkpt lat="69.110849354" lon="26.530094147">
      <ele>294.058</ele>
    </trkpt>
    <trkpt lat="69.110910562" lon="26.530265808">
      <ele>294.278</ele>
    </trkpt>
    <trkpt lat="69.110941166" lon="26.5305233">
      <ele>295.272</ele>
    </trkpt>
    <trkpt lat="69.111002373" lon="26.530780792">
      <ele>295.609</ele>
    </trkpt>
    <trkpt lat="69.111032977" lon="26.531038284">
      <ele>294.981</ele>
    </trkpt>
    <trkpt lat="69.11106358" lon="26.531295776">
      <ele>294.164</ele>
    </trkpt>
    <trkpt lat="69.111094184" lon="26.531639099">
      <ele>293.038</ele>
    </trkpt>
    <trkpt lat="69.111124787" lon="26.531896591">
      <ele>291.345</ele>
    </trkpt>
    <trkpt lat="69.111155391" lon="26.532154083">
      <ele>290.245</ele>
    </trkpt>
    <trkpt lat="69.111155391" lon="26.532497406">
      <ele>289.009</ele>
    </trkpt>
    <trkpt lat="69.111185994" lon="26.532754898">
      <ele>288.082</ele>
    </trkpt>
    <trkpt lat="69.111216598" lon="26.53301239">
      <ele>287.155</ele>
    </trkpt>
    <trkpt lat="69.111247201" lon="26.533269882">
      <ele>286.622</ele>
    </trkpt>
    <trkpt lat="69.111277804" lon="26.533527374">
      <ele>286.4</ele>
    </trkpt>
    <trkpt lat="69.111308408" lon="26.533784866">
      <ele>286.471</ele>
    </trkpt>
    <trkpt lat="69.111339011" lon="26.534042358">
      <ele>286.359</ele>
    </trkpt>
    <trkpt lat="69.111400217" lon="26.53429985">
      <ele>286.46</ele>
    </trkpt>
    <trkpt lat="69.11143082" lon="26.534557343">
      <ele>286.849</ele>
    </trkpt>
    <trkpt lat="69.111461423" lon="26.534814835">
      <ele>286.739</ele>
    </trkpt>
    <trkpt lat="69.111492026" lon="26.535072327">
      <ele>286.629</ele>
    </trkpt>
    <trkpt lat="69.111522629" lon="26.535329819">
      <ele>286.519</ele>
    </trkpt>
    <trkpt lat="69.111553232" lon="26.535587311">
      <ele>286.408</ele>
    </trkpt>
    <trkpt lat="69.111583835" lon="26.535844803">
      <ele>286.298</ele>
    </trkpt>
    <trkpt lat="69.111614438" lon="26.536102295">
      <ele>286.188</ele>
    </trkpt>
    <trkpt lat="69.111645041" lon="26.536359787">
      <ele>286.078</ele>
    </trkpt>
    <trkpt lat="69.111675643" lon="26.536617279">
      <ele>285.968</ele>
    </trkpt>
    <trkpt lat="69.111706246" lon="26.536874771">
      <ele>285.858</ele>
    </trkpt>
    <trkpt lat="69.111706246" lon="26.537132263">
      <ele>285.278</ele>
    </trkpt>
    <trkpt lat="69.111736849" lon="26.537389755">
      <ele>285.0</ele>
    </trkpt>
    <trkpt lat="69.111736849" lon="26.537647247">
      <ele>285.0</ele>
    </trkpt>
    <trkpt lat="69.111767451" lon="26.537904739">
      <ele>285.0</ele>
    </trkpt>
    <trkpt lat="69.111767451" lon="26.538162231">
      <ele>285.0</ele>
    </trkpt>
    <trkpt lat="69.111798054" lon="26.538419724">
      <ele>284.853</ele>
    </trkpt>
    <trkpt lat="69.111798054" lon="26.538677216">
      <ele>284.402</ele>
    </trkpt>
    <trkpt lat="69.111828657" lon="26.538934708">
      <ele>283.904</ele>
    </trkpt>
    <trkpt lat="69.111859259" lon="26.5391922">
      <ele>283.215</ele>
    </trkpt>
    <trkpt lat="69.111889861" lon="26.539449692">
      <ele>282.196</ele>
    </trkpt>
    <trkpt lat="69.111951066" lon="26.539621353">
      <ele>281.985</ele>
    </trkpt>
    <trkpt lat="69.111981669" lon="26.539878845">
      <ele>281.378</ele>
    </trkpt>
    <trkpt lat="69.112012271" lon="26.540136337">
      <ele>280.629</ele>
    </trkpt>
    <trkpt lat="69.112073475" lon="26.540393829">
      <ele>280.27</ele>
    </trkpt>
    <trkpt lat="69.112104077" lon="26.540651321">
      <ele>280.0</ele>
    </trkpt>
    <trkpt lat="69.11213468" lon="26.540908813">
      <ele>280.0</ele>
    </trkpt>
    <trkpt lat="69.112165282" lon="26.541166306">
      <ele>280.0</ele>
    </trkpt>
    <trkpt lat="69.112226486" lon="26.541337967">
      <ele>280.0</ele>
    </trkpt>
  </trkseg>
</trk>
</gpx>
