<?xml version="1.0"?>
<gpx xmlns="http://www.topografix.com/GPX/1/1" xmlns:gpxx="http://www.garmin.com/xmlschemas/GpxExtensions/v3" creator="CALTOPO" version="1.1"><metadata><name><![CDATA[Map Items]]></name></metadata><trk><name>Day 1</name><extensions><gpxx:TrackExtension><gpxx:DisplayColor>Red</gpxx:DisplayColor></gpxx:TrackExtension></extensions><trkseg><trkpt lat="67.6467977852988" lon="17.36921310424805"/><trkpt lat="67.64679559603718" lon="17.369379599638847"/><trkpt lat="67.64669" lon="17.36937"/><trkpt lat="67.64661" lon="17.36925"/><trkpt lat="67.64654" lon="17.36902"/><trkpt lat="67.6463" lon="17.36812"/><trkpt lat="67.6462" lon="17.36787"/><trkpt lat="67.64619" lon="17.36741"/><trkpt lat="67.6461" lon="17.36719"/><trkpt lat="67.64609" lon="17.36704"/><trkpt lat="67.64609" lon="17.36704"/><trkpt lat="67.64596" lon="17.36678"/><trkpt lat="67.6454" lon="17.36578"/><trkpt lat="67.64484" lon="17.36508"/><trkpt lat="67.64412" lon="17.36423"/><trkpt lat="67.6439" lon="17.36387"/><trkpt lat="67.64358" lon="17.36356"/><trkpt lat="67.64344" lon="17.36361"/><trkpt lat="67.64319" lon="17.36341"/><trkpt lat="67.64288" lon="17.36336"/><trkpt lat="67.64268" lon="17.36328"/><trkpt lat="67.64268" lon="17.36328"/><trkpt lat="67.64248" lon="17.36325"/><trkpt lat="67.64232" lon="17.36342"/><trkpt lat="67.64208" lon="17.3633"/><trkpt lat="67.64175" lon="17.36287"/><trkpt lat="67.64101" lon="17.36169"/><trkpt lat="67.64097" lon="17.36156"/><trkpt lat="67.64061" lon="17.36135"/><trkpt lat="67.64031" lon="17.36125"/><trkpt lat="67.64003" lon="17.36085"/><trkpt lat="67.63976" lon="17.36078"/><trkpt lat="67.63955" lon="17.36067"/><trkpt lat="67.63934" lon="17.36076"/><trkpt lat="67.63913" lon="17.36079"/><trkpt lat="67.63889" lon="17.3607"/><trkpt lat="67.63874" lon="17.36044"/><trkpt lat="67.63857" lon="17.36036"/><trkpt lat="67.6381" lon="17.35976"/><trkpt lat="67.63792" lon="17.3597"/><trkpt lat="67.63721" lon="17.36013"/><trkpt lat="67.63676" lon="17.36027"/><trkpt lat="67.6367" lon="17.36026"/><trkpt lat="67.63652" lon="17.35989"/><trkpt lat="67.63643" lon="17.35979"/><trkpt lat="67.63621" lon="17.3598"/><trkpt lat="67.63578" lon="17.36009"/><trkpt lat="67.63517" lon="17.36027"/><trkpt lat="67.63498" lon="17.36023"/><trkpt lat="67.63474" lon="17.36026"/><trkpt lat="67.63452" lon="17.36023"/><trkpt lat="67.63432" lon="17.36012"/><trkpt lat="67.63432" lon="17.36012"/><trkpt lat="67.63405" lon="17.35997"/><trkpt lat="67.63405" lon="17.35997"/><trkpt lat="67.63367" lon="17.35998"/><trkpt lat="67.63356" lon="17.35991"/><trkpt lat="67.63346" lon="17.35979"/><trkpt lat="67.63282" lon="17.36001"/><trkpt lat="67.6325" lon="17.36038"/><trkpt lat="67.63208" lon="17.36037"/><trkpt lat="67.63182" lon="17.36085"/><trkpt lat="67.63143" lon="17.36172"/><trkpt lat="67.63077" lon="17.36164"/><trkpt lat="67.63067" lon="17.36147"/><trkpt lat="67.63067" lon="17.36147"/><trkpt lat="67.63059" lon="17.36146"/><trkpt lat="67.63059" lon="17.36146"/><trkpt lat="67.63042" lon="17.36124"/><trkpt lat="67.63032" lon="17.36134"/><trkpt lat="67.63025" lon="17.36149"/><trkpt lat="67.63018" lon="17.36157"/><trkpt lat="67.62993" lon="17.36147"/><trkpt lat="67.62943" lon="17.3611"/><trkpt lat="67.62921" lon="17.361"/><trkpt lat="67.6288" lon="17.36095"/><trkpt lat="67.62835" lon="17.36139"/><trkpt lat="67.62817" lon="17.36155"/><trkpt lat="67.62773" lon="17.36178"/><trkpt lat="67.62745" lon="17.36197"/><trkpt lat="67.6271" lon="17.3624"/><trkpt lat="67.62689" lon="17.36279"/><trkpt lat="67.62659" lon="17.36315"/><trkpt lat="67.62644" lon="17.36344"/><trkpt lat="67.62595" lon="17.36389"/><trkpt lat="67.62595" lon="17.36389"/><trkpt lat="67.62581" lon="17.36402"/><trkpt lat="67.62557" lon="17.36433"/><trkpt lat="67.62541" lon="17.36446"/><trkpt lat="67.62514" lon="17.3646"/><trkpt lat="67.62486" lon="17.36458"/><trkpt lat="67.62475" lon="17.36461"/><trkpt lat="67.62467" lon="17.36453"/><trkpt lat="67.62447" lon="17.36459"/><trkpt lat="67.62426" lon="17.36469"/><trkpt lat="67.62413" lon="17.36481"/><trkpt lat="67.62368" lon="17.36493"/><trkpt lat="67.62346" lon="17.3648"/><trkpt lat="67.62315" lon="17.36484"/><trkpt lat="67.62306" lon="17.36478"/><trkpt lat="67.62293" lon="17.36482"/><trkpt lat="67.62281" lon="17.36482"/><trkpt lat="67.62266" lon="17.36468"/><trkpt lat="67.62248" lon="17.36464"/><trkpt lat="67.62209" lon="17.36485"/><trkpt lat="67.62178" lon="17.36467"/><trkpt lat="67.6215" lon="17.36446"/><trkpt lat="67.62132" lon="17.36443"/><trkpt lat="67.62095" lon="17.3643"/><trkpt lat="67.62079" lon="17.36439"/><trkpt lat="67.62058" lon="17.3643"/><trkpt lat="67.62045" lon="17.36439"/><trkpt lat="67.62014" lon="17.36439"/><trkpt lat="67.62002" lon="17.36449"/><trkpt lat="67.61969" lon="17.36457"/><trkpt lat="67.6195" lon="17.36499"/><trkpt lat="67.61917" lon="17.36547"/><trkpt lat="67.61885" lon="17.36523"/><trkpt lat="67.61874" lon="17.36525"/><trkpt lat="67.61863" lon="17.36539"/><trkpt lat="67.61857" lon="17.36542"/><trkpt lat="67.61847" lon="17.36541"/><trkpt lat="67.61818" lon="17.36558"/><trkpt lat="67.61815" lon="17.36559"/><trkpt lat="67.6181" lon="17.3655"/><trkpt lat="67.61803" lon="17.36553"/><trkpt lat="67.61791" lon="17.36566"/><trkpt lat="67.61769" lon="17.36558"/><trkpt lat="67.61759" lon="17.36565"/><trkpt lat="67.61759" lon="17.36565"/><trkpt lat="67.61739" lon="17.36592"/><trkpt lat="67.61741" lon="17.36606"/><trkpt lat="67.61741" lon="17.36606"/><trkpt lat="67.61727" lon="17.36622"/><trkpt lat="67.61727" lon="17.36622"/><trkpt lat="67.61724" lon="17.36625"/><trkpt lat="67.61701" lon="17.36613"/><trkpt lat="67.61691" lon="17.36614"/><trkpt lat="67.61686" lon="17.36628"/><trkpt lat="67.61686" lon="17.36628"/><trkpt lat="67.61678" lon="17.36792"/><trkpt lat="67.61678" lon="17.36792"/><trkpt lat="67.61674" lon="17.36802"/><trkpt lat="67.61663" lon="17.36806"/><trkpt lat="67.6163" lon="17.36781"/><trkpt lat="67.61611" lon="17.36789"/><trkpt lat="67.61597" lon="17.36815"/><trkpt lat="67.61595" lon="17.36838"/><trkpt lat="67.61571" lon="17.36934"/><trkpt lat="67.61553" lon="17.36961"/><trkpt lat="67.61537" lon="17.36949"/><trkpt lat="67.61525" lon="17.3693"/><trkpt lat="67.61492" lon="17.36914"/><trkpt lat="67.61456" lon="17.36882"/><trkpt lat="67.6141" lon="17.36793"/><trkpt lat="67.61343" lon="17.36753"/><trkpt lat="67.61329" lon="17.36752"/><trkpt lat="67.61308" lon="17.36765"/><trkpt lat="67.61301" lon="17.36757"/><trkpt lat="67.61264" lon="17.36636"/><trkpt lat="67.61241" lon="17.36588"/><trkpt lat="67.61234" lon="17.3657"/><trkpt lat="67.61211" lon="17.36483"/><trkpt lat="67.61203" lon="17.36431"/><trkpt lat="67.61195" lon="17.364"/><trkpt lat="67.61171" lon="17.36349"/><trkpt lat="67.61168" lon="17.36293"/><trkpt lat="67.61148" lon="17.36164"/><trkpt lat="67.61116" lon="17.36059"/><trkpt lat="67.61102" lon="17.36033"/><trkpt lat="67.61092" lon="17.36008"/><trkpt lat="67.61072" lon="17.35946"/><trkpt lat="67.61059" lon="17.3584"/><trkpt lat="67.61059" lon="17.3584"/><trkpt lat="67.61053" lon="17.35802"/><trkpt lat="67.61047" lon="17.3573"/><trkpt lat="67.6104" lon="17.35695"/><trkpt lat="67.61033" lon="17.35649"/><trkpt lat="67.61012" lon="17.35604"/><trkpt lat="67.60972" lon="17.35546"/><trkpt lat="67.60935" lon="17.35457"/><trkpt lat="67.60931" lon="17.35432"/><trkpt lat="67.60928" lon="17.35389"/><trkpt lat="67.60926" lon="17.35268"/><trkpt lat="67.60922" lon="17.35237"/><trkpt lat="67.60922" lon="17.35237"/><trkpt lat="67.60909" lon="17.3518"/><trkpt lat="67.60899" lon="17.35152"/><trkpt lat="67.60886" lon="17.35129"/><trkpt lat="67.60873" lon="17.35096"/><trkpt lat="67.60847" lon="17.35081"/><trkpt lat="67.60847" lon="17.35081"/><trkpt lat="67.60847" lon="17.35056"/><trkpt lat="67.60847" lon="17.35056"/><trkpt lat="67.60846" lon="17.35"/><trkpt lat="67.60816" lon="17.3486"/><trkpt lat="67.608" lon="17.34805"/><trkpt lat="67.60785" lon="17.34738"/><trkpt lat="67.60773" lon="17.34696"/><trkpt lat="67.6074" lon="17.34654"/><trkpt lat="67.60718" lon="17.34645"/><trkpt lat="67.607" lon="17.34623"/><trkpt lat="67.60693" lon="17.3461"/><trkpt lat="67.60681" lon="17.34559"/><trkpt lat="67.60673" lon="17.34488"/><trkpt lat="67.60672" lon="17.34435"/><trkpt lat="67.60668" lon="17.34371"/><trkpt lat="67.6067" lon="17.34321"/><trkpt lat="67.60669" lon="17.34291"/><trkpt lat="67.60671" lon="17.34141"/><trkpt lat="67.60673" lon="17.3412"/><trkpt lat="67.60669" lon="17.34085"/><trkpt lat="67.60639" lon="17.33902"/><trkpt lat="67.6063" lon="17.33865"/><trkpt lat="67.60628" lon="17.33845"/><trkpt lat="67.60619" lon="17.33815"/><trkpt lat="67.60601" lon="17.33777"/><trkpt lat="67.60579" lon="17.33739"/><trkpt lat="67.60568" lon="17.33708"/><trkpt lat="67.60551" lon="17.33643"/><trkpt lat="67.60551" lon="17.33643"/><trkpt lat="67.60547" lon="17.3363"/><trkpt lat="67.60541" lon="17.33586"/><trkpt lat="67.60535" lon="17.33565"/><trkpt lat="67.6052" lon="17.33502"/><trkpt lat="67.60509" lon="17.33435"/><trkpt lat="67.60499" lon="17.3336"/><trkpt lat="67.60477" lon="17.33229"/><trkpt lat="67.60445" lon="17.3311"/><trkpt lat="67.6043" lon="17.33013"/><trkpt lat="67.60412" lon="17.3293"/><trkpt lat="67.60412" lon="17.32824"/><trkpt lat="67.60412" lon="17.32764"/><trkpt lat="67.60408" lon="17.32727"/><trkpt lat="67.604" lon="17.32678"/><trkpt lat="67.60381" lon="17.32601"/><trkpt lat="67.60377" lon="17.3258"/><trkpt lat="67.60372" lon="17.32521"/><trkpt lat="67.60369" lon="17.3247"/><trkpt lat="67.60364" lon="17.32446"/><trkpt lat="67.60357" lon="17.32431"/><trkpt lat="67.60344" lon="17.32433"/><trkpt lat="67.60325" lon="17.32386"/><trkpt lat="67.60288" lon="17.32282"/><trkpt lat="67.60277" lon="17.32233"/><trkpt lat="67.60263" lon="17.32189"/><trkpt lat="67.6025" lon="17.32126"/><trkpt lat="67.6024" lon="17.32095"/><trkpt lat="67.6022" lon="17.31932"/><trkpt lat="67.60217" lon="17.3189"/><trkpt lat="67.60211" lon="17.31879"/><trkpt lat="67.60191" lon="17.31866"/><trkpt lat="67.60174" lon="17.3185"/><trkpt lat="67.60152" lon="17.31822"/><trkpt lat="67.60138" lon="17.3177"/><trkpt lat="67.6013" lon="17.31746"/><trkpt lat="67.60118" lon="17.31692"/><trkpt lat="67.60085" lon="17.31599"/><trkpt lat="67.60085" lon="17.31599"/><trkpt lat="67.60069" lon="17.31537"/><trkpt lat="67.60065" lon="17.31525"/><trkpt lat="67.60046" lon="17.31504"/><trkpt lat="67.60038" lon="17.31481"/><trkpt lat="67.60013" lon="17.31445"/><trkpt lat="67.60013" lon="17.31445"/><trkpt lat="67.6001" lon="17.3144"/><trkpt lat="67.60004" lon="17.31417"/><trkpt lat="67.60004" lon="17.31359"/><trkpt lat="67.60006" lon="17.31304"/><trkpt lat="67.60019" lon="17.31263"/><trkpt lat="67.60026" lon="17.31211"/><trkpt lat="67.60033" lon="17.31183"/><trkpt lat="67.60039" lon="17.31126"/><trkpt lat="67.60039" lon="17.31096"/><trkpt lat="67.60035" lon="17.31059"/><trkpt lat="67.6004" lon="17.31004"/><trkpt lat="67.60045" lon="17.30992"/><trkpt lat="67.6007" lon="17.30949"/><trkpt lat="67.60076" lon="17.30934"/><trkpt lat="67.60085" lon="17.30896"/><trkpt lat="67.60085" lon="17.30896"/><trkpt lat="67.60095" lon="17.3083"/><trkpt lat="67.60097" lon="17.30741"/><trkpt lat="67.60085" lon="17.30663"/><trkpt lat="67.60085" lon="17.30663"/><trkpt lat="67.60074" lon="17.30621"/><trkpt lat="67.60042" lon="17.30485"/><trkpt lat="67.60034" lon="17.30444"/><trkpt lat="67.60028" lon="17.30398"/><trkpt lat="67.6002" lon="17.30361"/><trkpt lat="67.60006" lon="17.30322"/><trkpt lat="67.59995" lon="17.30279"/><trkpt lat="67.59981" lon="17.30192"/><trkpt lat="67.59977" lon="17.30126"/><trkpt lat="67.59965" lon="17.30055"/><trkpt lat="67.5996" lon="17.30017"/><trkpt lat="67.59958" lon="17.29949"/><trkpt lat="67.59952" lon="17.29897"/><trkpt lat="67.59937" lon="17.2984"/><trkpt lat="67.59918" lon="17.29789"/><trkpt lat="67.59895" lon="17.29702"/><trkpt lat="67.59883" lon="17.29653"/><trkpt lat="67.59879" lon="17.29593"/><trkpt lat="67.59862" lon="17.2956"/><trkpt lat="67.5985" lon="17.29527"/><trkpt lat="67.59826" lon="17.29477"/><trkpt lat="67.59814" lon="17.29421"/><trkpt lat="67.59808" lon="17.29356"/><trkpt lat="67.598" lon="17.29325"/><trkpt lat="67.59795" lon="17.29315"/><trkpt lat="67.59782" lon="17.29264"/><trkpt lat="67.59773" lon="17.29248"/><trkpt lat="67.59773" lon="17.29248"/><trkpt lat="67.59769" lon="17.29235"/><trkpt lat="67.59766" lon="17.29205"/><trkpt lat="67.5976" lon="17.29165"/><trkpt lat="67.59759" lon="17.29126"/><trkpt lat="67.59745" lon="17.29034"/><trkpt lat="67.59693" lon="17.28863"/><trkpt lat="67.59692" lon="17.28846"/><trkpt lat="67.59692" lon="17.28846"/><trkpt lat="67.59694" lon="17.28808"/><trkpt lat="67.59694" lon="17.28808"/><trkpt lat="67.59695" lon="17.28801"/><trkpt lat="67.59695" lon="17.28801"/><trkpt lat="67.59695" lon="17.28801"/><trkpt lat="67.59688" lon="17.28787"/><trkpt lat="67.59662" lon="17.28687"/><trkpt lat="67.59647" lon="17.28639"/><trkpt lat="67.59625" lon="17.28612"/><trkpt lat="67.59532" lon="17.28367"/><trkpt lat="67.59512" lon="17.28329"/><trkpt lat="67.59491" lon="17.28263"/><trkpt lat="67.59484" lon="17.28234"/><trkpt lat="67.59466" lon="17.28206"/><trkpt lat="67.59458" lon="17.28144"/><trkpt lat="67.59455" lon="17.28084"/><trkpt lat="67.59439" lon="17.28025"/><trkpt lat="67.59434" lon="17.27998"/><trkpt lat="67.59432" lon="17.27957"/><trkpt lat="67.59438" lon="17.27743"/><trkpt lat="67.59434" lon="17.27717"/><trkpt lat="67.59433" lon="17.27665"/><trkpt lat="67.59409" lon="17.27479"/><trkpt lat="67.59396" lon="17.27395"/><trkpt lat="67.59394" lon="17.27345"/><trkpt lat="67.5939" lon="17.27314"/><trkpt lat="67.59389" lon="17.2726"/><trkpt lat="67.59377" lon="17.27217"/><trkpt lat="67.59346" lon="17.27151"/><trkpt lat="67.59315" lon="17.27067"/><trkpt lat="67.59311" lon="17.27051"/><trkpt lat="67.59311" lon="17.27051"/><trkpt lat="67.59299" lon="17.2701"/><trkpt lat="67.59279" lon="17.26902"/><trkpt lat="67.59247" lon="17.26804"/><trkpt lat="67.59247" lon="17.26804"/><trkpt lat="67.59232" lon="17.26758"/><trkpt lat="67.59195" lon="17.26631"/><trkpt lat="67.59187" lon="17.26579"/><trkpt lat="67.59172" lon="17.26468"/><trkpt lat="67.59168" lon="17.26412"/><trkpt lat="67.59154" lon="17.26341"/><trkpt lat="67.59121" lon="17.26232"/><trkpt lat="67.59114" lon="17.26195"/><trkpt lat="67.5911" lon="17.26126"/><trkpt lat="67.59089" lon="17.26019"/><trkpt lat="67.59083" lon="17.25979"/><trkpt lat="67.59023" lon="17.25843"/><trkpt lat="67.58982" lon="17.25802"/><trkpt lat="67.58948" lon="17.25717"/><trkpt lat="67.58935" lon="17.25688"/><trkpt lat="67.5889" lon="17.25625"/><trkpt lat="67.58877" lon="17.25584"/><trkpt lat="67.58868" lon="17.25547"/><trkpt lat="67.58827" lon="17.25435"/><trkpt lat="67.58791" lon="17.25385"/><trkpt lat="67.5878" lon="17.25379"/><trkpt lat="67.5877" lon="17.25367"/><trkpt lat="67.58764" lon="17.25338"/><trkpt lat="67.58738" lon="17.25296"/><trkpt lat="67.5868" lon="17.25172"/><trkpt lat="67.58539" lon="17.24921"/><trkpt lat="67.58523" lon="17.24854"/><trkpt lat="67.58523" lon="17.24854"/><trkpt lat="67.58502" lon="17.24783"/><trkpt lat="67.58455" lon="17.24698"/><trkpt lat="67.5845" lon="17.2468"/><trkpt lat="67.58444" lon="17.24647"/><trkpt lat="67.5843" lon="17.24601"/><trkpt lat="67.5841" lon="17.24563"/><trkpt lat="67.5841" lon="17.24563"/><trkpt lat="67.584" lon="17.24544"/><trkpt lat="67.58381" lon="17.24498"/><trkpt lat="67.58365" lon="17.24467"/><trkpt lat="67.58355" lon="17.24453"/><trkpt lat="67.58349" lon="17.24447"/><trkpt lat="67.58332" lon="17.24453"/><trkpt lat="67.58308" lon="17.24502"/><trkpt lat="67.58254" lon="17.24561"/><trkpt lat="67.58242" lon="17.24567"/><trkpt lat="67.58183" lon="17.24538"/><trkpt lat="67.58168" lon="17.24539"/><trkpt lat="67.58153" lon="17.24515"/><trkpt lat="67.58139" lon="17.24475"/><trkpt lat="67.58119" lon="17.24363"/><trkpt lat="67.58107" lon="17.24327"/><trkpt lat="67.58089" lon="17.2424"/><trkpt lat="67.58082" lon="17.242"/><trkpt lat="67.58077" lon="17.24183"/><trkpt lat="67.58076" lon="17.24163"/><trkpt lat="67.58066" lon="17.24089"/><trkpt lat="67.58066" lon="17.24033"/><trkpt lat="67.58063" lon="17.24007"/><trkpt lat="67.58057" lon="17.23971"/><trkpt lat="67.58049" lon="17.23906"/><trkpt lat="67.58036" lon="17.23825"/><trkpt lat="67.58017" lon="17.23775"/><trkpt lat="67.58006" lon="17.23735"/><trkpt lat="67.57998" lon="17.23714"/><trkpt lat="67.57985" lon="17.23655"/><trkpt lat="67.57981" lon="17.23604"/><trkpt lat="67.57977" lon="17.23584"/><trkpt lat="67.5797" lon="17.23566"/><trkpt lat="67.57926" lon="17.23528"/><trkpt lat="67.57886" lon="17.23487"/><trkpt lat="67.57855" lon="17.23452"/><trkpt lat="67.57847" lon="17.23436"/><trkpt lat="67.57824" lon="17.23406"/><trkpt lat="67.57806" lon="17.23397"/><trkpt lat="67.57794" lon="17.23381"/><trkpt lat="67.57775" lon="17.23316"/><trkpt lat="67.57753" lon="17.2329"/><trkpt lat="67.5773" lon="17.23252"/><trkpt lat="67.57718" lon="17.23215"/><trkpt lat="67.57708" lon="17.23172"/><trkpt lat="67.57692" lon="17.23145"/><trkpt lat="67.57682" lon="17.23141"/><trkpt lat="67.57671" lon="17.23128"/><trkpt lat="67.57648" lon="17.23109"/><trkpt lat="67.57643" lon="17.23095"/><trkpt lat="67.57638" lon="17.23088"/><trkpt lat="67.57629" lon="17.2307"/><trkpt lat="67.57593" lon="17.22898"/><trkpt lat="67.57589" lon="17.22861"/><trkpt lat="67.57572" lon="17.22797"/><trkpt lat="67.57572" lon="17.22797"/><trkpt lat="67.57569" lon="17.22787"/><trkpt lat="67.57554" lon="17.22754"/><trkpt lat="67.57546" lon="17.22741"/><trkpt lat="67.57538" lon="17.22714"/><trkpt lat="67.57536" lon="17.22702"/><trkpt lat="67.57527" lon="17.22681"/><trkpt lat="67.57509" lon="17.22656"/><trkpt lat="67.57509" lon="17.22656"/><trkpt lat="67.57484" lon="17.22622"/><trkpt lat="67.57475" lon="17.22579"/><trkpt lat="67.57465" lon="17.22555"/><trkpt lat="67.57452" lon="17.2251"/><trkpt lat="67.57438" lon="17.22477"/><trkpt lat="67.57421" lon="17.22409"/><trkpt lat="67.57406" lon="17.22358"/><trkpt lat="67.57387" lon="17.2232"/><trkpt lat="67.57387" lon="17.22294"/><trkpt lat="67.5737" lon="17.22189"/><trkpt lat="67.5733" lon="17.22103"/><trkpt lat="67.57283" lon="17.2198"/><trkpt lat="67.57256" lon="17.21858"/><trkpt lat="67.57237" lon="17.21792"/><trkpt lat="67.57194" lon="17.21683"/><trkpt lat="67.57174" lon="17.21605"/><trkpt lat="67.57159" lon="17.21558"/><trkpt lat="67.57152" lon="17.21545"/><trkpt lat="67.57113" lon="17.21538"/><trkpt lat="67.57081" lon="17.21485"/><trkpt lat="67.57058" lon="17.21432"/><trkpt lat="67.57037" lon="17.21391"/><trkpt lat="67.57011" lon="17.21357"/><trkpt lat="67.56983" lon="17.21331"/><trkpt lat="67.56964" lon="17.21303"/><trkpt lat="67.56939" lon="17.21282"/><trkpt lat="67.56903" lon="17.21272"/><trkpt lat="67.56883" lon="17.21279"/><trkpt lat="67.56854" lon="17.21326"/><trkpt lat="67.56845" lon="17.21336"/><trkpt lat="67.56805" lon="17.21367"/><trkpt lat="67.56733" lon="17.21479"/><trkpt lat="67.56733" lon="17.21479"/><trkpt lat="67.56678" lon="17.21566"/><trkpt lat="67.5665" lon="17.21623"/><trkpt lat="67.56639" lon="17.21635"/><trkpt lat="67.56621" lon="17.21644"/><trkpt lat="67.56591" lon="17.21637"/><trkpt lat="67.56559" lon="17.2165"/><trkpt lat="67.56544" lon="17.21629"/><trkpt lat="67.56487" lon="17.21595"/><trkpt lat="67.56458" lon="17.21581"/><trkpt lat="67.56431" lon="17.21581"/><trkpt lat="67.5642" lon="17.21603"/><trkpt lat="67.56409" lon="17.21619"/><trkpt lat="67.56368" lon="17.21671"/><trkpt lat="67.56347" lon="17.21667"/><trkpt lat="67.56336" lon="17.2166"/><trkpt lat="67.56336" lon="17.2166"/><trkpt lat="67.56314" lon="17.21607"/><trkpt lat="67.56314" lon="17.21607"/><trkpt lat="67.563" lon="17.21629"/><trkpt lat="67.56282" lon="17.2164"/><trkpt lat="67.56266" lon="17.2163"/><trkpt lat="67.56248" lon="17.2165"/><trkpt lat="67.56248" lon="17.2165"/><trkpt lat="67.56248" lon="17.2165"/><trkpt lat="67.56168" lon="17.21619"/><trkpt lat="67.56105" lon="17.21646"/><trkpt lat="67.56098" lon="17.21633"/><trkpt lat="67.56098" lon="17.21633"/><trkpt lat="67.56091" lon="17.21593"/><trkpt lat="67.56091" lon="17.21593"/><trkpt lat="67.56092" lon="17.21578"/><trkpt lat="67.56089" lon="17.21559"/><trkpt lat="67.56079" lon="17.21557"/><trkpt lat="67.56068" lon="17.21537"/><trkpt lat="67.56062" lon="17.21532"/><trkpt lat="67.56049" lon="17.2149"/><trkpt lat="67.56031" lon="17.2148"/><trkpt lat="67.56013" lon="17.21463"/><trkpt lat="67.55997" lon="17.21407"/><trkpt lat="67.55993" lon="17.21298"/><trkpt lat="67.55988" lon="17.21227"/><trkpt lat="67.55986" lon="17.21152"/><trkpt lat="67.55986" lon="17.21095"/><trkpt lat="67.55991" lon="17.21062"/><trkpt lat="67.56" lon="17.21014"/><trkpt lat="67.56" lon="17.20941"/><trkpt lat="67.55997" lon="17.20854"/><trkpt lat="67.56005" lon="17.20794"/><trkpt lat="67.56007" lon="17.20746"/><trkpt lat="67.55995" lon="17.20689"/><trkpt lat="67.5599" lon="17.20644"/><trkpt lat="67.55983" lon="17.20594"/><trkpt lat="67.55961" lon="17.20555"/><trkpt lat="67.55948" lon="17.20521"/><trkpt lat="67.55944" lon="17.20459"/><trkpt lat="67.55944" lon="17.20459"/><trkpt lat="67.55954" lon="17.20307"/><trkpt lat="67.55953" lon="17.20235"/><trkpt lat="67.55954" lon="17.20181"/><trkpt lat="67.55951" lon="17.20153"/><trkpt lat="67.55952575699402" lon="17.20115971064041"/><trkpt lat="67.55954591626909" lon="17.20115661621094"/></trkseg></trk><trk><name>Day 2</name><extensions><gpxx:TrackExtension><gpxx:DisplayColor>Red</gpxx:DisplayColor></gpxx:TrackExtension></extensions><trkseg><trkpt lat="67.55954591626909" lon="17.200298309326175"/><trkpt lat="67.55957299012879" lon="17.200256301721392"/><trkpt lat="67.55961" lon="17.20042"/><trkpt lat="67.55961" lon="17.20079"/><trkpt lat="67.55953" lon="17.20106"/><trkpt lat="67.55951" lon="17.20153"/><trkpt lat="67.55954" lon="17.20181"/><trkpt lat="67.55953" lon="17.20235"/><trkpt lat="67.55954" lon="17.20307"/><trkpt lat="67.55944" lon="17.20459"/><trkpt lat="67.55944" lon="17.20459"/><trkpt lat="67.55948" lon="17.20521"/><trkpt lat="67.55961" lon="17.20555"/><trkpt lat="67.55983" lon="17.20594"/><trkpt lat="67.5599" lon="17.20644"/><trkpt lat="67.55995" lon="17.20689"/><trkpt lat="67.56007" lon="17.20746"/><trkpt lat="67.56005" lon="17.20794"/><trkpt lat="67.55997" lon="17.20854"/><trkpt lat="67.56" lon="17.20941"/><trkpt lat="67.56" lon="17.21014"/><trkpt lat="67.55991" lon="17.21062"/><trkpt lat="67.55986" lon="17.21095"/><trkpt lat="67.55986" lon="17.21152"/><trkpt lat="67.55988" lon="17.21227"/><trkpt lat="67.55993" lon="17.21298"/><trkpt lat="67.55997" lon="17.21407"/><trkpt lat="67.56013" lon="17.21463"/><trkpt lat="67.56031" lon="17.2148"/><trkpt lat="67.56049" lon="17.2149"/><trkpt lat="67.56062" lon="17.21532"/><trkpt lat="67.56068" lon="17.21537"/><trkpt lat="67.56079" lon="17.21557"/><trkpt lat="67.56089" lon="17.21559"/><trkpt lat="67.56092" lon="17.21578"/><trkpt lat="67.56091" lon="17.21593"/><trkpt lat="67.56091" lon="17.21593"/><trkpt lat="67.56098" lon="17.21633"/><trkpt lat="67.56098" lon="17.21633"/><trkpt lat="67.56105" lon="17.21646"/><trkpt lat="67.56168" lon="17.21619"/><trkpt lat="67.56248" lon="17.2165"/><trkpt lat="67.56248" lon="17.2165"/><trkpt lat="67.56248" lon="17.2165"/><trkpt lat="67.56231" lon="17.21716"/><trkpt lat="67.56205" lon="17.21733"/><trkpt lat="67.56159" lon="17.2184"/><trkpt lat="67.56081" lon="17.21913"/><trkpt lat="67.56005" lon="17.21858"/><trkpt lat="67.55902" lon="17.21926"/><trkpt lat="67.55895" lon="17.21944"/><trkpt lat="67.55895" lon="17.21944"/><trkpt lat="67.55809" lon="17.22145"/><trkpt lat="67.55755" lon="17.22304"/><trkpt lat="67.55706" lon="17.22389"/><trkpt lat="67.55625" lon="17.2245"/><trkpt lat="67.55597" lon="17.22514"/><trkpt lat="67.55553" lon="17.22656"/><trkpt lat="67.55553" lon="17.22656"/><trkpt lat="67.55532" lon="17.22724"/><trkpt lat="67.55452" lon="17.22802"/><trkpt lat="67.55402" lon="17.23021"/><trkpt lat="67.55317" lon="17.23243"/><trkpt lat="67.5526" lon="17.23428"/><trkpt lat="67.55239" lon="17.23548"/><trkpt lat="67.5517" lon="17.23685"/><trkpt lat="67.5508" lon="17.23788"/><trkpt lat="67.55056" lon="17.23841"/><trkpt lat="67.55056" lon="17.23841"/><trkpt lat="67.54998" lon="17.24128"/><trkpt lat="67.54953" lon="17.24368"/><trkpt lat="67.54953" lon="17.24449"/><trkpt lat="67.54859" lon="17.24854"/><trkpt lat="67.54859" lon="17.24854"/><trkpt lat="67.5485" lon="17.24891"/><trkpt lat="67.54778" lon="17.25029"/><trkpt lat="67.54739" lon="17.25239"/><trkpt lat="67.54721" lon="17.25509"/><trkpt lat="67.54694" lon="17.2575"/><trkpt lat="67.54644" lon="17.25908"/><trkpt lat="67.54639" lon="17.2602"/><trkpt lat="67.5459" lon="17.26243"/><trkpt lat="67.54576" lon="17.26423"/><trkpt lat="67.54537" lon="17.26526"/><trkpt lat="67.54442" lon="17.26887"/><trkpt lat="67.54427" lon="17.27051"/><trkpt lat="67.54427" lon="17.27051"/><trkpt lat="67.54409" lon="17.27235"/><trkpt lat="67.54349" lon="17.27398"/><trkpt lat="67.54334" lon="17.27501"/><trkpt lat="67.54303" lon="17.27814"/><trkpt lat="67.54316" lon="17.28065"/><trkpt lat="67.5434" lon="17.28202"/><trkpt lat="67.54338" lon="17.28397"/><trkpt lat="67.54342" lon="17.28599"/><trkpt lat="67.54287" lon="17.29132"/><trkpt lat="67.54253" lon="17.29248"/><trkpt lat="67.54253" lon="17.29248"/><trkpt lat="67.54251" lon="17.29258"/><trkpt lat="67.54234" lon="17.29385"/><trkpt lat="67.54217" lon="17.29465"/><trkpt lat="67.54217" lon="17.29465"/><trkpt lat="67.54196" lon="17.29561"/><trkpt lat="67.54117" lon="17.30347"/><trkpt lat="67.54087" lon="17.30554"/><trkpt lat="67.54068" lon="17.30795"/><trkpt lat="67.54036" lon="17.30955"/><trkpt lat="67.54035" lon="17.31003"/><trkpt lat="67.54008" lon="17.31211"/><trkpt lat="67.53994" lon="17.31277"/><trkpt lat="67.53987" lon="17.31352"/><trkpt lat="67.5399" lon="17.31445"/><trkpt lat="67.5399" lon="17.31445"/><trkpt lat="67.53991" lon="17.31461"/><trkpt lat="67.53977" lon="17.31577"/><trkpt lat="67.53984" lon="17.31695"/><trkpt lat="67.54015" lon="17.31839"/><trkpt lat="67.54009" lon="17.31917"/><trkpt lat="67.54008" lon="17.31951"/><trkpt lat="67.53992" lon="17.32028"/><trkpt lat="67.53983" lon="17.32097"/><trkpt lat="67.53978" lon="17.32105"/><trkpt lat="67.53945" lon="17.32406"/><trkpt lat="67.53935" lon="17.32549"/><trkpt lat="67.53912" lon="17.32712"/><trkpt lat="67.53918" lon="17.32837"/><trkpt lat="67.53918" lon="17.32878"/><trkpt lat="67.53922" lon="17.32945"/><trkpt lat="67.53897" lon="17.33052"/><trkpt lat="67.53885" lon="17.33139"/><trkpt lat="67.53886" lon="17.33187"/><trkpt lat="67.53879" lon="17.33224"/><trkpt lat="67.53884" lon="17.33422"/><trkpt lat="67.53879" lon="17.33502"/><trkpt lat="67.53866" lon="17.33547"/><trkpt lat="67.53856" lon="17.33643"/><trkpt lat="67.53856" lon="17.33643"/><trkpt lat="67.53844" lon="17.33848"/><trkpt lat="67.53794" lon="17.34019"/><trkpt lat="67.53793" lon="17.34135"/><trkpt lat="67.53753" lon="17.34406"/><trkpt lat="67.53732" lon="17.34736"/><trkpt lat="67.53753" lon="17.34977"/><trkpt lat="67.53739" lon="17.35132"/><trkpt lat="67.53727" lon="17.35376"/><trkpt lat="67.53711" lon="17.35497"/><trkpt lat="67.53713" lon="17.35556"/><trkpt lat="67.53695" lon="17.35638"/><trkpt lat="67.53693" lon="17.35737"/><trkpt lat="67.53677" lon="17.3584"/><trkpt lat="67.53677" lon="17.3584"/><trkpt lat="67.53676" lon="17.35847"/><trkpt lat="67.53681" lon="17.35901"/><trkpt lat="67.53647" lon="17.36082"/><trkpt lat="67.53646" lon="17.36209"/><trkpt lat="67.53625" lon="17.36324"/><trkpt lat="67.53605" lon="17.36369"/><trkpt lat="67.53597" lon="17.36405"/><trkpt lat="67.53594" lon="17.36496"/><trkpt lat="67.53588" lon="17.36534"/><trkpt lat="67.53561" lon="17.36567"/><trkpt lat="67.53539" lon="17.36666"/><trkpt lat="67.53509" lon="17.36716"/><trkpt lat="67.53496" lon="17.36763"/><trkpt lat="67.53446" lon="17.36853"/><trkpt lat="67.5343" lon="17.36947"/><trkpt lat="67.53377" lon="17.37009"/><trkpt lat="67.53377" lon="17.37009"/><trkpt lat="67.53373" lon="17.37014"/><trkpt lat="67.5335" lon="17.37111"/><trkpt lat="67.53306" lon="17.37229"/><trkpt lat="67.53301" lon="17.3732"/><trkpt lat="67.5331" lon="17.37412"/><trkpt lat="67.53307" lon="17.37513"/><trkpt lat="67.53295" lon="17.37586"/><trkpt lat="67.53243" lon="17.37702"/><trkpt lat="67.53216" lon="17.37727"/><trkpt lat="67.53174" lon="17.37717"/><trkpt lat="67.53168" lon="17.378"/><trkpt lat="67.5313" lon="17.37873"/><trkpt lat="67.53109" lon="17.37985"/><trkpt lat="67.5311" lon="17.3803"/><trkpt lat="67.53108" lon="17.38037"/><trkpt lat="67.53108" lon="17.38037"/><trkpt lat="67.53085" lon="17.38135"/><trkpt lat="67.53073" lon="17.38169"/><trkpt lat="67.53007" lon="17.38225"/><trkpt lat="67.52984" lon="17.38302"/><trkpt lat="67.52915" lon="17.38397"/><trkpt lat="67.52892" lon="17.38461"/><trkpt lat="67.52839" lon="17.38463"/><trkpt lat="67.52805" lon="17.38411"/><trkpt lat="67.52797" lon="17.38429"/><trkpt lat="67.52763" lon="17.38468"/><trkpt lat="67.52717" lon="17.38556"/><trkpt lat="67.52694" lon="17.38629"/><trkpt lat="67.52688" lon="17.38691"/><trkpt lat="67.52665" lon="17.38786"/><trkpt lat="67.52647" lon="17.38829"/><trkpt lat="67.52601" lon="17.38841"/><trkpt lat="67.52558" lon="17.38787"/><trkpt lat="67.52558" lon="17.38787"/><trkpt lat="67.52537" lon="17.38872"/><trkpt lat="67.52537" lon="17.38872"/><trkpt lat="67.52514" lon="17.38966"/><trkpt lat="67.5251" lon="17.39073"/><trkpt lat="67.5249" lon="17.39124"/><trkpt lat="67.52471" lon="17.39149"/><trkpt lat="67.5244" lon="17.39132"/><trkpt lat="67.52423" lon="17.39137"/><trkpt lat="67.52415" lon="17.39162"/><trkpt lat="67.52348" lon="17.39287"/><trkpt lat="67.52338" lon="17.39337"/><trkpt lat="67.52319" lon="17.39374"/><trkpt lat="67.52294" lon="17.39447"/><trkpt lat="67.52264" lon="17.39472"/><trkpt lat="67.52224" lon="17.39522"/><trkpt lat="67.52192" lon="17.39599"/><trkpt lat="67.52015" lon="17.39769"/><trkpt lat="67.51991" lon="17.3987"/><trkpt lat="67.51976" lon="17.39888"/><trkpt lat="67.51966" lon="17.39939"/><trkpt lat="67.51911" lon="17.40049"/><trkpt lat="67.51898" lon="17.40123"/><trkpt lat="67.51859" lon="17.40234"/><trkpt lat="67.51859" lon="17.40234"/><trkpt lat="67.51843" lon="17.40279"/><trkpt lat="67.51817" lon="17.40294"/><trkpt lat="67.51758" lon="17.40352"/><trkpt lat="67.51697" lon="17.40315"/><trkpt lat="67.51697" lon="17.40315"/><trkpt lat="67.51678" lon="17.40313"/><trkpt lat="67.51654" lon="17.40294"/><trkpt lat="67.5162" lon="17.40309"/><trkpt lat="67.51602" lon="17.40341"/><trkpt lat="67.51567" lon="17.40363"/><trkpt lat="67.51563" lon="17.40405"/><trkpt lat="67.51544" lon="17.40413"/><trkpt lat="67.51515" lon="17.40452"/><trkpt lat="67.51483" lon="17.40538"/><trkpt lat="67.51479" lon="17.40589"/><trkpt lat="67.5146" lon="17.40603"/><trkpt lat="67.51432" lon="17.40607"/><trkpt lat="67.51393" lon="17.40693"/><trkpt lat="67.51351" lon="17.40723"/><trkpt lat="67.51299" lon="17.4074"/><trkpt lat="67.5123" lon="17.40775"/><trkpt lat="67.51186" lon="17.40823"/><trkpt lat="67.51148" lon="17.4084"/><trkpt lat="67.51121" lon="17.40863"/><trkpt lat="67.51094" lon="17.40864"/><trkpt lat="67.51071" lon="17.4088"/><trkpt lat="67.51062" lon="17.40876"/><trkpt lat="67.51045" lon="17.40842"/><trkpt lat="67.51016" lon="17.40836"/><trkpt lat="67.51004" lon="17.40816"/><trkpt lat="67.50966" lon="17.40821"/><trkpt lat="67.50952" lon="17.40833"/><trkpt lat="67.50857" lon="17.40884"/><trkpt lat="67.50857" lon="17.40884"/><trkpt lat="67.50803" lon="17.40912"/><trkpt lat="67.50745" lon="17.4091"/><trkpt lat="67.50715" lon="17.40885"/><trkpt lat="67.50702" lon="17.40887"/><trkpt lat="67.50646" lon="17.40869"/><trkpt lat="67.50576" lon="17.40961"/><trkpt lat="67.50555" lon="17.40958"/><trkpt lat="67.50539" lon="17.40923"/><trkpt lat="67.50533" lon="17.40847"/><trkpt lat="67.50524" lon="17.40809"/><trkpt lat="67.50428" lon="17.4068"/><trkpt lat="67.50396" lon="17.40674"/><trkpt lat="67.50345" lon="17.40646"/><trkpt lat="67.5029" lon="17.40657"/><trkpt lat="67.50253" lon="17.40641"/><trkpt lat="67.50222" lon="17.40611"/><trkpt lat="67.50207" lon="17.40491"/><trkpt lat="67.5016" lon="17.40337"/><trkpt lat="67.50138" lon="17.40307"/><trkpt lat="67.50071" lon="17.40315"/><trkpt lat="67.50023" lon="17.40387"/><trkpt lat="67.50016" lon="17.40403"/><trkpt lat="67.50016" lon="17.40403"/><trkpt lat="67.4991" lon="17.40629"/><trkpt lat="67.49889" lon="17.40703"/><trkpt lat="67.49874" lon="17.40719"/><trkpt lat="67.49841" lon="17.40798"/><trkpt lat="67.49791" lon="17.40809"/><trkpt lat="67.49771" lon="17.4071"/><trkpt lat="67.49707" lon="17.40602"/><trkpt lat="67.49635" lon="17.40758"/><trkpt lat="67.49609" lon="17.40845"/><trkpt lat="67.49549" lon="17.40907"/><trkpt lat="67.49527" lon="17.40955"/><trkpt lat="67.49431" lon="17.41083"/><trkpt lat="67.49353" lon="17.41139"/><trkpt lat="67.49312" lon="17.41216"/><trkpt lat="67.49292" lon="17.41215"/><trkpt lat="67.49252" lon="17.41274"/><trkpt lat="67.49232" lon="17.41321"/><trkpt lat="67.49192" lon="17.41372"/><trkpt lat="67.49175" lon="17.41384"/><trkpt lat="67.49175" lon="17.41384"/><trkpt lat="67.49158" lon="17.41398"/><trkpt lat="67.49045" lon="17.41569"/><trkpt lat="67.49028" lon="17.416"/><trkpt lat="67.4901" lon="17.41713"/><trkpt lat="67.48999" lon="17.41745"/><trkpt lat="67.48977" lon="17.4176"/><trkpt lat="67.48905" lon="17.41771"/><trkpt lat="67.48877" lon="17.41729"/><trkpt lat="67.48836" lon="17.41735"/><trkpt lat="67.48822" lon="17.41725"/><trkpt lat="67.48783" lon="17.41728"/><trkpt lat="67.48644" lon="17.41834"/><trkpt lat="67.48594" lon="17.41979"/><trkpt lat="67.48536" lon="17.42063"/><trkpt lat="67.48396" lon="17.4229"/><trkpt lat="67.48334" lon="17.42359"/><trkpt lat="67.48334" lon="17.42359"/><trkpt lat="67.48327" lon="17.42367"/><trkpt lat="67.48302" lon="17.42432"/><trkpt lat="67.48302" lon="17.42432"/><trkpt lat="67.4829" lon="17.42463"/><trkpt lat="67.48241" lon="17.42518"/><trkpt lat="67.48194" lon="17.42561"/><trkpt lat="67.48167" lon="17.4262"/><trkpt lat="67.48153" lon="17.42657"/><trkpt lat="67.48108" lon="17.42688"/><trkpt lat="67.48075219953657" lon="17.426617759629256"/></trkseg></trk><trk><name>Day 3</name><extensions><gpxx:TrackExtension><gpxx:DisplayColor>Red</gpxx:DisplayColor></gpxx:TrackExtension></extensions><trkseg><trkpt lat="67.48046551321589" lon="17.426548004150394"/><trkpt lat="67.48046515738834" lon="17.4265682187293"/><trkpt lat="67.48023" lon="17.42654"/><trkpt lat="67.47995" lon="17.427"/><trkpt lat="67.47934" lon="17.42838"/><trkpt lat="67.47924" lon="17.42934"/><trkpt lat="67.47902" lon="17.43008"/><trkpt lat="67.47869" lon="17.4307"/><trkpt lat="67.47803" lon="17.43145"/><trkpt lat="67.47758" lon="17.43237"/><trkpt lat="67.47721" lon="17.43283"/><trkpt lat="67.47617" lon="17.43563"/><trkpt lat="67.47569" lon="17.43647"/><trkpt lat="67.47535" lon="17.43761"/><trkpt lat="67.47492" lon="17.43876"/><trkpt lat="67.47492" lon="17.43876"/><trkpt lat="67.47416" lon="17.44061"/><trkpt lat="67.47376" lon="17.44071"/><trkpt lat="67.47282" lon="17.44144"/><trkpt lat="67.47282" lon="17.44144"/><trkpt lat="67.47284" lon="17.44228"/><trkpt lat="67.47314" lon="17.44305"/><trkpt lat="67.47326" lon="17.44435"/><trkpt lat="67.47318" lon="17.44465"/><trkpt lat="67.47234" lon="17.44629"/><trkpt lat="67.47234" lon="17.44629"/><trkpt lat="67.47213" lon="17.44705"/><trkpt lat="67.4715" lon="17.44864"/><trkpt lat="67.47139" lon="17.44912"/><trkpt lat="67.47086" lon="17.45062"/><trkpt lat="67.47043" lon="17.4516"/><trkpt lat="67.47032" lon="17.45195"/><trkpt lat="67.47019" lon="17.45206"/><trkpt lat="67.46856" lon="17.45679"/><trkpt lat="67.46836" lon="17.4574"/><trkpt lat="67.46817" lon="17.4579"/><trkpt lat="67.46794" lon="17.4588"/><trkpt lat="67.4675" lon="17.46018"/><trkpt lat="67.4671" lon="17.46106"/><trkpt lat="67.46694" lon="17.46187"/><trkpt lat="67.46664" lon="17.46248"/><trkpt lat="67.4665" lon="17.46297"/><trkpt lat="67.4665" lon="17.46297"/><trkpt lat="67.46629" lon="17.46372"/><trkpt lat="67.46614" lon="17.46412"/><trkpt lat="67.46572" lon="17.46566"/><trkpt lat="67.46501" lon="17.46763"/><trkpt lat="67.46454" lon="17.46826"/><trkpt lat="67.46454" lon="17.46826"/><trkpt lat="67.46414" lon="17.46903"/><trkpt lat="67.46356" lon="17.47088"/><trkpt lat="67.46342" lon="17.47173"/><trkpt lat="67.46319" lon="17.47232"/><trkpt lat="67.46299" lon="17.47334"/><trkpt lat="67.46256" lon="17.47438"/><trkpt lat="67.46208" lon="17.47603"/><trkpt lat="67.46138" lon="17.47999"/><trkpt lat="67.46049" lon="17.48298"/><trkpt lat="67.45949" lon="17.48407"/><trkpt lat="67.45902" lon="17.48486"/><trkpt lat="67.45855" lon="17.48596"/><trkpt lat="67.45808" lon="17.48651"/><trkpt lat="67.45808" lon="17.48651"/><trkpt lat="67.45788" lon="17.48675"/><trkpt lat="67.45727" lon="17.488"/><trkpt lat="67.45705" lon="17.48876"/><trkpt lat="67.4567" lon="17.49023"/><trkpt lat="67.4567" lon="17.49023"/><trkpt lat="67.45622" lon="17.4922"/><trkpt lat="67.45601" lon="17.49279"/><trkpt lat="67.45588" lon="17.49356"/><trkpt lat="67.45577" lon="17.49377"/><trkpt lat="67.45562" lon="17.49385"/><trkpt lat="67.45483" lon="17.49607"/><trkpt lat="67.45435" lon="17.49716"/><trkpt lat="67.45399" lon="17.4981"/><trkpt lat="67.45386" lon="17.49862"/><trkpt lat="67.4534" lon="17.4999"/><trkpt lat="67.45299" lon="17.50138"/><trkpt lat="67.45277" lon="17.50229"/><trkpt lat="67.4525" lon="17.50314"/><trkpt lat="67.45236" lon="17.50382"/><trkpt lat="67.45206" lon="17.50496"/><trkpt lat="67.45146" lon="17.50686"/><trkpt lat="67.45041" lon="17.51132"/><trkpt lat="67.45017" lon="17.51221"/><trkpt lat="67.45017" lon="17.51221"/><trkpt lat="67.45006" lon="17.51258"/><trkpt lat="67.44966" lon="17.51356"/><trkpt lat="67.44966" lon="17.51356"/><trkpt lat="67.44948" lon="17.51398"/><trkpt lat="67.4489" lon="17.51657"/><trkpt lat="67.44881" lon="17.51657"/><trkpt lat="67.4487" lon="17.51753"/><trkpt lat="67.44785" lon="17.51951"/><trkpt lat="67.44765" lon="17.51948"/><trkpt lat="67.44688" lon="17.52127"/><trkpt lat="67.44687" lon="17.5221"/><trkpt lat="67.44636" lon="17.52354"/><trkpt lat="67.44592" lon="17.52363"/><trkpt lat="67.44582" lon="17.52281"/><trkpt lat="67.44566" lon="17.52286"/><trkpt lat="67.44541" lon="17.52356"/><trkpt lat="67.44528" lon="17.52433"/><trkpt lat="67.44524" lon="17.52479"/><trkpt lat="67.4445" lon="17.52484"/><trkpt lat="67.44434" lon="17.5255"/><trkpt lat="67.44432" lon="17.52619"/><trkpt lat="67.44438" lon="17.52686"/><trkpt lat="67.44399" lon="17.52775"/><trkpt lat="67.4437" lon="17.52926"/><trkpt lat="67.44325" lon="17.53009"/><trkpt lat="67.44273" lon="17.53215"/><trkpt lat="67.44228" lon="17.53418"/><trkpt lat="67.44228" lon="17.53418"/><trkpt lat="67.4418" lon="17.53692"/><trkpt lat="67.44159" lon="17.53942"/><trkpt lat="67.44143" lon="17.54003"/><trkpt lat="67.44123" lon="17.54041"/><trkpt lat="67.44123" lon="17.54041"/><trkpt lat="67.44108" lon="17.54069"/><trkpt lat="67.44087" lon="17.54148"/><trkpt lat="67.4405" lon="17.54206"/><trkpt lat="67.44035" lon="17.54261"/><trkpt lat="67.44025" lon="17.54289"/><trkpt lat="67.44011" lon="17.54346"/><trkpt lat="67.4398" lon="17.54413"/><trkpt lat="67.43919" lon="17.54602"/><trkpt lat="67.43884" lon="17.54669"/><trkpt lat="67.43861" lon="17.54751"/><trkpt lat="67.43847" lon="17.54785"/><trkpt lat="67.43828" lon="17.54853"/><trkpt lat="67.43815" lon="17.54882"/><trkpt lat="67.43792" lon="17.54965"/><trkpt lat="67.43776" lon="17.55048"/><trkpt lat="67.43751" lon="17.55139"/><trkpt lat="67.43725" lon="17.55262"/><trkpt lat="67.43701" lon="17.55285"/><trkpt lat="67.43689" lon="17.55365"/><trkpt lat="67.43675" lon="17.5541"/><trkpt lat="67.43669" lon="17.55463"/><trkpt lat="67.43641" lon="17.5559"/><trkpt lat="67.43625" lon="17.55615"/><trkpt lat="67.43625" lon="17.55615"/><trkpt lat="67.4362" lon="17.55624"/><trkpt lat="67.4361" lon="17.5567"/><trkpt lat="67.43616" lon="17.5573"/><trkpt lat="67.43617" lon="17.55837"/><trkpt lat="67.43614" lon="17.55885"/><trkpt lat="67.43584" lon="17.55966"/><trkpt lat="67.43513" lon="17.56189"/><trkpt lat="67.43473" lon="17.56328"/><trkpt lat="67.43452" lon="17.56363"/><trkpt lat="67.43416" lon="17.56486"/><trkpt lat="67.43392" lon="17.56522"/><trkpt lat="67.43379" lon="17.56563"/><trkpt lat="67.43356" lon="17.56601"/><trkpt lat="67.4328" lon="17.56844"/><trkpt lat="67.4328" lon="17.56844"/><trkpt lat="67.43215" lon="17.57051"/><trkpt lat="67.43195" lon="17.5714"/><trkpt lat="67.4317" lon="17.57209"/><trkpt lat="67.43145" lon="17.57259"/><trkpt lat="67.43137" lon="17.57303"/><trkpt lat="67.43121" lon="17.5734"/><trkpt lat="67.43115" lon="17.57375"/><trkpt lat="67.43099" lon="17.57418"/><trkpt lat="67.4308" lon="17.57449"/><trkpt lat="67.43065" lon="17.57501"/><trkpt lat="67.43057" lon="17.57539"/><trkpt lat="67.43009" lon="17.57627"/><trkpt lat="67.42996" lon="17.57723"/><trkpt lat="67.42958" lon="17.57812"/><trkpt lat="67.42958" lon="17.57812"/><trkpt lat="67.42922" lon="17.5792"/><trkpt lat="67.42907" lon="17.5799"/><trkpt lat="67.4287" lon="17.58069"/><trkpt lat="67.42867" lon="17.58103"/><trkpt lat="67.42851" lon="17.58159"/><trkpt lat="67.42837" lon="17.58189"/><trkpt lat="67.42825" lon="17.58227"/><trkpt lat="67.42678" lon="17.5856"/><trkpt lat="67.4258" lon="17.58839"/><trkpt lat="67.42449" lon="17.59054"/><trkpt lat="67.42436" lon="17.59084"/><trkpt lat="67.42436" lon="17.59084"/><trkpt lat="67.42372" lon="17.59235"/><trkpt lat="67.42284" lon="17.59407"/><trkpt lat="67.42228" lon="17.59538"/><trkpt lat="67.42169" lon="17.59602"/><trkpt lat="67.42119" lon="17.59622"/><trkpt lat="67.42081" lon="17.59666"/><trkpt lat="67.42035" lon="17.59728"/><trkpt lat="67.42004" lon="17.59804"/><trkpt lat="67.41941" lon="17.59884"/><trkpt lat="67.41815" lon="17.6001"/><trkpt lat="67.41815" lon="17.6001"/><trkpt lat="67.41686" lon="17.60109"/><trkpt lat="67.41641" lon="17.60166"/><trkpt lat="67.41593" lon="17.60216"/><trkpt lat="67.41593" lon="17.60216"/><trkpt lat="67.41508" lon="17.60304"/><trkpt lat="67.41407" lon="17.60434"/><trkpt lat="67.41281" lon="17.60606"/><trkpt lat="67.41227" lon="17.60706"/><trkpt lat="67.41186" lon="17.60761"/><trkpt lat="67.41133" lon="17.6082"/><trkpt lat="67.41102" lon="17.60873"/><trkpt lat="67.41067" lon="17.60946"/><trkpt lat="67.41036" lon="17.60979"/><trkpt lat="67.40959" lon="17.61073"/><trkpt lat="67.40925" lon="17.61082"/><trkpt lat="67.40803" lon="17.61135"/><trkpt lat="67.40749" lon="17.61151"/><trkpt lat="67.40749" lon="17.61151"/><trkpt lat="67.40741" lon="17.61153"/><trkpt lat="67.40719" lon="17.61182"/><trkpt lat="67.40693" lon="17.61201"/><trkpt lat="67.40655" lon="17.61238"/><trkpt lat="67.40612" lon="17.61254"/><trkpt lat="67.40571" lon="17.61326"/><trkpt lat="67.40471" lon="17.61413"/><trkpt lat="67.40305" lon="17.61586"/><trkpt lat="67.40167" lon="17.61704"/><trkpt lat="67.40043" lon="17.61896"/><trkpt lat="67.39904" lon="17.62004"/><trkpt lat="67.39904" lon="17.62004"/><trkpt lat="67.39888" lon="17.62017"/><trkpt lat="67.39868" lon="17.62043"/><trkpt lat="67.39815" lon="17.62087"/><trkpt lat="67.39782" lon="17.62152"/><trkpt lat="67.39763" lon="17.62207"/><trkpt lat="67.39763" lon="17.62207"/><trkpt lat="67.39752" lon="17.62236"/><trkpt lat="67.39717" lon="17.62309"/><trkpt lat="67.3968" lon="17.62408"/><trkpt lat="67.39651" lon="17.62474"/><trkpt lat="67.39602" lon="17.62533"/><trkpt lat="67.39549" lon="17.62585"/><trkpt lat="67.39458" lon="17.62617"/><trkpt lat="67.39415" lon="17.62674"/><trkpt lat="67.39373" lon="17.62703"/><trkpt lat="67.3936" lon="17.62707"/><trkpt lat="67.39329" lon="17.62706"/><trkpt lat="67.39316" lon="17.62665"/><trkpt lat="67.39303" lon="17.62657"/><trkpt lat="67.39292" lon="17.62682"/><trkpt lat="67.39286" lon="17.62732"/><trkpt lat="67.3926" lon="17.62732"/><trkpt lat="67.39224" lon="17.62723"/><trkpt lat="67.39208" lon="17.62703"/><trkpt lat="67.39162" lon="17.62712"/><trkpt lat="67.39124" lon="17.62689"/><trkpt lat="67.39082" lon="17.62706"/><trkpt lat="67.3906" lon="17.62712"/><trkpt lat="67.3906" lon="17.62712"/><trkpt lat="67.39033" lon="17.62719"/><trkpt lat="67.38994" lon="17.62749"/><trkpt lat="67.38919" lon="17.62813"/><trkpt lat="67.38878" lon="17.62894"/><trkpt lat="67.38822" lon="17.63022"/><trkpt lat="67.38736" lon="17.63157"/><trkpt lat="67.38676" lon="17.63296"/><trkpt lat="67.38642" lon="17.63332"/><trkpt lat="67.38616" lon="17.63365"/><trkpt lat="67.38584" lon="17.6339"/><trkpt lat="67.3855" lon="17.63403"/><trkpt lat="67.38533" lon="17.63413"/><trkpt lat="67.38519" lon="17.63435"/><trkpt lat="67.3846" lon="17.63516"/><trkpt lat="67.38398" lon="17.63629"/><trkpt lat="67.38352" lon="17.63668"/><trkpt lat="67.38306" lon="17.63755"/><trkpt lat="67.38246" lon="17.63847"/><trkpt lat="67.38222" lon="17.63882"/><trkpt lat="67.38215" lon="17.63887"/><trkpt lat="67.38215" lon="17.63887"/><trkpt lat="67.38168" lon="17.63925"/><trkpt lat="67.38125" lon="17.63952"/><trkpt lat="67.381" lon="17.63974"/><trkpt lat="67.38033" lon="17.63995"/><trkpt lat="67.37983" lon="17.64069"/><trkpt lat="67.37928" lon="17.64156"/><trkpt lat="67.3789" lon="17.64236"/><trkpt lat="67.3788579310679" lon="17.642510953226974"/><trkpt lat="67.37886854849442" lon="17.642498016357425"/></trkseg></trk><trk><name>Day 4</name><extensions><gpxx:TrackExtension><gpxx:DisplayColor>Red</gpxx:DisplayColor></gpxx:TrackExtension></extensions><trkseg><trkpt lat="67.37871009855823" lon="17.64266967773438"/><trkpt lat="67.37877803290844" lon="17.642797647062963"/><trkpt lat="67.37873" lon="17.64297"/><trkpt lat="67.37851" lon="17.64346"/><trkpt lat="67.37829" lon="17.6438"/><trkpt lat="67.37816" lon="17.64377"/><trkpt lat="67.37792" lon="17.64404"/><trkpt lat="67.37792" lon="17.64404"/><trkpt lat="67.37779" lon="17.64418"/><trkpt lat="67.37752" lon="17.64437"/><trkpt lat="67.37739" lon="17.64488"/><trkpt lat="67.377" lon="17.64551"/><trkpt lat="67.377" lon="17.64551"/><trkpt lat="67.377" lon="17.64551"/><trkpt lat="67.37692" lon="17.64576"/><trkpt lat="67.37692" lon="17.64576"/><trkpt lat="67.37678" lon="17.64605"/><trkpt lat="67.37678" lon="17.64605"/><trkpt lat="67.37641" lon="17.64686"/><trkpt lat="67.37631" lon="17.64735"/><trkpt lat="67.37609" lon="17.64871"/><trkpt lat="67.37572" lon="17.65036"/><trkpt lat="67.37555" lon="17.65086"/><trkpt lat="67.37533" lon="17.65141"/><trkpt lat="67.37479" lon="17.65319"/><trkpt lat="67.37463" lon="17.65418"/><trkpt lat="67.37442" lon="17.6552"/><trkpt lat="67.37405" lon="17.65619"/><trkpt lat="67.37382" lon="17.65721"/><trkpt lat="67.3737" lon="17.65747"/><trkpt lat="67.3737" lon="17.65747"/><trkpt lat="67.37258" lon="17.65974"/><trkpt lat="67.37198" lon="17.66122"/><trkpt lat="67.37166" lon="17.6623"/><trkpt lat="67.37101" lon="17.66411"/><trkpt lat="67.37008" lon="17.66583"/><trkpt lat="67.36995" lon="17.66602"/><trkpt lat="67.36995" lon="17.66602"/><trkpt lat="67.36972" lon="17.66635"/><trkpt lat="67.36952" lon="17.667"/><trkpt lat="67.36925" lon="17.66936"/><trkpt lat="67.369" lon="17.67144"/><trkpt lat="67.36867" lon="17.67264"/><trkpt lat="67.36848" lon="17.67441"/><trkpt lat="67.36838" lon="17.67588"/><trkpt lat="67.36846" lon="17.67705"/><trkpt lat="67.36776" lon="17.6788"/><trkpt lat="67.36776" lon="17.6788"/><trkpt lat="67.36676" lon="17.6822"/><trkpt lat="67.36641" lon="17.68379"/><trkpt lat="67.3662" lon="17.68522"/><trkpt lat="67.36603" lon="17.68604"/><trkpt lat="67.36579" lon="17.68733"/><trkpt lat="67.36563" lon="17.68799"/><trkpt lat="67.36563" lon="17.68799"/><trkpt lat="67.36524" lon="17.68953"/><trkpt lat="67.36524" lon="17.68953"/><trkpt lat="67.36513" lon="17.68998"/><trkpt lat="67.3651" lon="17.69105"/><trkpt lat="67.36397" lon="17.69475"/><trkpt lat="67.36309" lon="17.69714"/><trkpt lat="67.36276" lon="17.69807"/><trkpt lat="67.36225" lon="17.69984"/><trkpt lat="67.36135" lon="17.70355"/><trkpt lat="67.36095" lon="17.70546"/><trkpt lat="67.36019" lon="17.70803"/><trkpt lat="67.35955" lon="17.70966"/><trkpt lat="67.35948" lon="17.70996"/><trkpt lat="67.35948" lon="17.70996"/><trkpt lat="67.35897" lon="17.71212"/><trkpt lat="67.35836" lon="17.71316"/><trkpt lat="67.35811" lon="17.7139"/><trkpt lat="67.35749" lon="17.71597"/><trkpt lat="67.3571" lon="17.71694"/><trkpt lat="67.35679" lon="17.71841"/><trkpt lat="67.35679" lon="17.71841"/><trkpt lat="67.35675" lon="17.71857"/><trkpt lat="67.35675" lon="17.71857"/><trkpt lat="67.35651" lon="17.71983"/><trkpt lat="67.35679" lon="17.72068"/><trkpt lat="67.35679" lon="17.72068"/><trkpt lat="67.35689" lon="17.72099"/><trkpt lat="67.35679" lon="17.72137"/><trkpt lat="67.35679" lon="17.72137"/><trkpt lat="67.35646383560679" lon="17.722616672791883"/><trkpt lat="67.35646" lon="17.72261"/><trkpt lat="67.35663" lon="17.72394"/><trkpt lat="67.35648" lon="17.72523"/><trkpt lat="67.35583" lon="17.72824"/><trkpt lat="67.35479" lon="17.73193"/><trkpt lat="67.35479" lon="17.73193"/><trkpt lat="67.35403" lon="17.7351"/><trkpt lat="67.35282" lon="17.73838"/><trkpt lat="67.35169" lon="17.74139"/><trkpt lat="67.34941" lon="17.74875"/><trkpt lat="67.34863" lon="17.75347"/><trkpt lat="67.34854" lon="17.75391"/><trkpt lat="67.34854" lon="17.75391"/><trkpt lat="67.34832" lon="17.75496"/><trkpt lat="67.34832" lon="17.75496"/><trkpt lat="67.34797" lon="17.75671"/><trkpt lat="67.34751" lon="17.75866"/><trkpt lat="67.34691" lon="17.76098"/><trkpt lat="67.34663172143101" lon="17.76193542308687"/><trkpt lat="67.34666525373888" lon="17.762832641601566"/><trkpt lat="67.34673136980646" lon="17.763175964355472"/><trkpt lat="67.34679748569125" lon="17.763347625732425"/><trkpt lat="67.3468305435651" lon="17.76369094848633"/><trkpt lat="67.34686360139324" lon="17.76394844055176"/><trkpt lat="67.34689665917568" lon="17.76420593261719"/><trkpt lat="67.34692971691243" lon="17.764549255371097"/><trkpt lat="67.34696277460347" lon="17.764806747436527"/><trkpt lat="67.34699583224881" lon="17.765064239501957"/><trkpt lat="67.34702888984845" lon="17.765321731567386"/><trkpt lat="67.3470619474024" lon="17.76575088500977"/><trkpt lat="67.3470619474024" lon="17.7660083770752"/><trkpt lat="67.3470619474024" lon="17.76643753051758"/><trkpt lat="67.3470619474024" lon="17.76669502258301"/><trkpt lat="67.3470619474024" lon="17.76695251464844"/><trkpt lat="67.34709500491063" lon="17.767553329467777"/><trkpt lat="67.34709500491063" lon="17.767810821533207"/><trkpt lat="67.34709500491063" lon="17.768068313598636"/><trkpt lat="67.34709500491063" lon="17.768411636352543"/><trkpt lat="67.34709500491063" lon="17.768669128417972"/><trkpt lat="67.34712806237314" lon="17.769355773925785"/><trkpt lat="67.34712806237314" lon="17.769784927368168"/><trkpt lat="67.34712806237314" lon="17.770042419433597"/><trkpt lat="67.34712806237314" lon="17.770299911499027"/><trkpt lat="67.34712806237314" lon="17.770557403564457"/><trkpt lat="67.34712806237314" lon="17.770900726318363"/><trkpt lat="67.34712806237314" lon="17.77124404907227"/><trkpt lat="67.34712806237314" lon="17.771587371826175"/><trkpt lat="67.34712806237314" lon="17.771844863891605"/><trkpt lat="67.34712806237314" lon="17.77218818664551"/><trkpt lat="67.34719417716113" lon="17.772531509399418"/><trkpt lat="67.34719417716113" lon="17.7729606628418"/><trkpt lat="67.34719417716113" lon="17.773303985595707"/><trkpt lat="67.34722723448655" lon="17.773561477661136"/><trkpt lat="67.34722723448655" lon="17.77399063110352"/><trkpt lat="67.34726029176629" lon="17.774419784545902"/><trkpt lat="67.34732640618866" lon="17.774848937988285"/><trkpt lat="67.34732640618866" lon="17.77519226074219"/><trkpt lat="67.34732640618866" lon="17.77544975280762"/><trkpt lat="67.3473594633313" lon="17.775793075561527"/><trkpt lat="67.34742557747947" lon="17.776393890380863"/><trkpt lat="67.34742557747947" lon="17.776651382446293"/><trkpt lat="67.347458634485" lon="17.776908874511722"/><trkpt lat="67.347458634485" lon="17.777166366577152"/><trkpt lat="67.347458634485" lon="17.77750968933106"/><trkpt lat="67.34749169144482" lon="17.777767181396488"/><trkpt lat="67.34752474835896" lon="17.77819633483887"/><trkpt lat="67.34755780522738" lon="17.778539657592777"/><trkpt lat="67.34759086205013" lon="17.778797149658207"/><trkpt lat="67.34759086205013" lon="17.779054641723636"/><trkpt lat="67.34762391882715" lon="17.779312133789066"/><trkpt lat="67.3476569755585" lon="17.779569625854496"/><trkpt lat="67.3476569755585" lon="17.779827117919925"/><trkpt lat="67.3476569755585" lon="17.78017044067383"/><trkpt lat="67.34769003224412" lon="17.78042793273926"/><trkpt lat="67.34769003224412" lon="17.78068542480469"/><trkpt lat="67.34769003224412" lon="17.78094291687012"/><trkpt lat="67.34769003224412" lon="17.781372070312504"/><trkpt lat="67.34769003224412" lon="17.78171539306641"/><trkpt lat="67.34769003224412" lon="17.78197288513184"/><trkpt lat="67.34769003224412" lon="17.78223037719727"/><trkpt lat="67.34769003224412" lon="17.7824878692627"/><trkpt lat="67.34769003224412" lon="17.782831192016605"/><trkpt lat="67.34769003224412" lon="17.78317451477051"/><trkpt lat="67.34769003224412" lon="17.78343200683594"/><trkpt lat="67.34769003224412" lon="17.78368949890137"/><trkpt lat="67.34769003224412" lon="17.784032821655277"/><trkpt lat="67.34772308888405" lon="17.784290313720707"/><trkpt lat="67.34772308888405" lon="17.784805297851566"/><trkpt lat="67.34772308888405" lon="17.785148620605472"/><trkpt lat="67.34772308888405" lon="17.785406112670902"/><trkpt lat="67.34772308888405" lon="17.78574943542481"/><trkpt lat="67.34775614547829" lon="17.786092758178714"/><trkpt lat="67.34775614547829" lon="17.78643608093262"/><trkpt lat="67.34775614547829" lon="17.78669357299805"/><trkpt lat="67.34778920202682" lon="17.78695106506348"/><trkpt lat="67.34778920202682" lon="17.787380218505863"/><trkpt lat="67.34778920202682" lon="17.787809371948246"/><trkpt lat="67.34778920202682" lon="17.788066864013675"/><trkpt lat="67.34778920202682" lon="17.788324356079105"/><trkpt lat="67.34778920202682" lon="17.788581848144535"/><trkpt lat="67.34778920202682" lon="17.788839340209964"/><trkpt lat="67.34778920202682" lon="17.789096832275394"/><trkpt lat="67.34778920202682" lon="17.789354324340824"/><trkpt lat="67.34778920202682" lon="17.789611816406254"/><trkpt lat="67.34778920202682" lon="17.78995513916016"/><trkpt lat="67.34778920202682" lon="17.79021263122559"/><trkpt lat="67.34778920202682" lon="17.790555953979496"/><trkpt lat="67.34775614547829" lon="17.790813446044925"/><trkpt lat="67.34772308888405" lon="17.791070938110355"/><trkpt lat="67.34769003224412" lon="17.79141426086426"/><trkpt lat="67.34769003224412" lon="17.791757583618168"/><trkpt lat="67.34769003224412" lon="17.792100906372074"/><trkpt lat="67.34769003224412" lon="17.79244422912598"/><trkpt lat="67.34769003224412" lon="17.792787551879886"/><trkpt lat="67.34769003224412" lon="17.793130874633793"/><trkpt lat="67.34769003224412" lon="17.793645858764652"/><trkpt lat="67.34769003224412" lon="17.79390335083008"/><trkpt lat="67.34769003224412" lon="17.79416084289551"/><trkpt lat="67.34769003224412" lon="17.79441833496094"/><trkpt lat="67.34769003224412" lon="17.79467582702637"/><trkpt lat="67.34769003224412" lon="17.7949333190918"/><trkpt lat="67.34769003224412" lon="17.79519081115723"/><trkpt lat="67.34769003224412" lon="17.79544830322266"/><trkpt lat="67.34772308888405" lon="17.795791625976566"/><trkpt lat="67.34775614547829" lon="17.796049118041996"/><trkpt lat="67.34775614547829" lon="17.796306610107425"/><trkpt lat="67.34775614547829" lon="17.796564102172855"/><trkpt lat="67.34775614547829" lon="17.79716491699219"/><trkpt lat="67.34778920202682" lon="17.79742240905762"/><trkpt lat="67.34778920202682" lon="17.79767990112305"/><trkpt lat="67.34782225852966" lon="17.79793739318848"/><trkpt lat="67.34785531498679" lon="17.79819488525391"/><trkpt lat="67.34788837139821" lon="17.798538208007816"/><trkpt lat="67.34788837139821" lon="17.798795700073246"/><trkpt lat="67.34792142776395" lon="17.799053192138675"/><trkpt lat="67.347954484084" lon="17.79939651489258"/><trkpt lat="67.34798754035832" lon="17.799739837646488"/><trkpt lat="67.34802059658696" lon="17.800254821777347"/><trkpt lat="67.34805365276989" lon="17.800512313842777"/><trkpt lat="67.34808670890713" lon="17.800769805908207"/><trkpt lat="67.34808670890713" lon="17.801027297973636"/><trkpt lat="67.34811976499867" lon="17.801284790039066"/><trkpt lat="67.34815282104452" lon="17.801542282104496"/><trkpt lat="67.34821893299909" lon="17.802057266235355"/><trkpt lat="67.34825198890782" lon="17.802314758300785"/><trkpt lat="67.34828504477089" lon="17.802572250366214"/><trkpt lat="67.34831810058822" lon="17.80291557312012"/><trkpt lat="67.34831810058822" lon="17.803344726562504"/><trkpt lat="67.34835115635987" lon="17.803773880004886"/><trkpt lat="67.3483842120858" lon="17.804031372070316"/><trkpt lat="67.3484503234006" lon="17.804374694824222"/><trkpt lat="67.34851643453261" lon="17.804803848266605"/><trkpt lat="67.34854949003007" lon="17.805061340332035"/><trkpt lat="67.34858254548182" lon="17.805318832397464"/><trkpt lat="67.34861560088787" lon="17.805576324462894"/><trkpt lat="67.34868171156289" lon="17.8059196472168"/><trkpt lat="67.34874782205513" lon="17.806262969970707"/><trkpt lat="67.34881393236456" lon="17.80643463134766"/><trkpt lat="67.3488800424912" lon="17.80669212341309"/><trkpt lat="67.34891309748598" lon="17.80694961547852"/><trkpt lat="67.34897920733842" lon="17.80746459960938"/><trkpt lat="67.34901226219613" lon="17.80772209167481"/><trkpt lat="67.34904531700809" lon="17.807979583740238"/><trkpt lat="67.34907837177438" lon="17.808237075805668"/><trkpt lat="67.34911142649496" lon="17.808494567871097"/><trkpt lat="67.34914448116984" lon="17.808752059936527"/><trkpt lat="67.34921059038254" lon="17.809009552001957"/><trkpt lat="67.34924364492032" lon="17.809267044067386"/><trkpt lat="67.34927669941244" lon="17.809782028198246"/><trkpt lat="67.34930975385886" lon="17.810039520263675"/><trkpt lat="67.34930975385886" lon="17.810297012329105"/><trkpt lat="67.34937586261455" lon="17.81046867370606"/><trkpt lat="67.34944197118747" lon="17.810726165771488"/><trkpt lat="67.3495080795776" lon="17.810983657836918"/><trkpt lat="67.34954113370414" lon="17.811241149902347"/><trkpt lat="67.3496072418201" lon="17.811498641967777"/><trkpt lat="67.34964029580954" lon="17.811756134033207"/><trkpt lat="67.34970640365131" lon="17.812013626098636"/><trkpt lat="67.34973945750365" lon="17.812271118164066"/><trkpt lat="67.34980556507124" lon="17.81244277954102"/><trkpt lat="67.34987167245606" lon="17.81270027160645"/><trkpt lat="67.34993777965809" lon="17.813043594360355"/><trkpt lat="67.35000388667731" lon="17.81321525573731"/><trkpt lat="67.35010304686345" lon="17.813472747802738"/><trkpt lat="67.35020220663831" lon="17.81364440917969"/><trkpt lat="67.35026831292643" lon="17.81390190124512"/><trkpt lat="67.35033441903175" lon="17.81415939331055"/><trkpt lat="67.35036747201588" lon="17.81441688537598"/><trkpt lat="67.35043357784703" lon="17.814588546752933"/><trkpt lat="67.3504996834954" lon="17.814760208129886"/><trkpt lat="67.35056578896096" lon="17.81493186950684"/><trkpt lat="67.35063189424378" lon="17.815103530883793"/><trkpt lat="67.35069799934378" lon="17.815361022949222"/><trkpt lat="67.35073105182525" lon="17.815618515014652"/><trkpt lat="67.35076410426103" lon="17.81587600708008"/><trkpt lat="67.3508302089955" lon="17.816047668457035"/><trkpt lat="67.35086326129418" lon="17.816305160522464"/><trkpt lat="67.35086326129418" lon="17.816562652587894"/><trkpt lat="67.3509293657545" lon="17.816734313964847"/><trkpt lat="67.35096241791608" lon="17.816991806030277"/><trkpt lat="67.35099547003199" lon="17.817077636718754"/><trkpt lat="67.35106157412675" lon="17.817335128784183"/></trkseg></trk><trk><name>Day 6</name><extensions><gpxx:TrackExtension><gpxx:DisplayColor>Red</gpxx:DisplayColor></gpxx:TrackExtension></extensions><trkseg><trkpt lat="67.52564716398705" lon="18.211727142333988"/><trkpt lat="67.52566347176389" lon="18.21111335846141"/><trkpt lat="67.5257" lon="18.21112"/><trkpt lat="67.5257" lon="18.21112"/><trkpt lat="67.52607" lon="18.21028"/><trkpt lat="67.52665" lon="18.2093"/><trkpt lat="67.52675" lon="18.20896"/><trkpt lat="67.52675" lon="18.2086"/><trkpt lat="67.52671" lon="18.20822"/><trkpt lat="67.52647317959654" lon="18.20737620293216"/><trkpt lat="67.5264682073648" lon="18.207358486745132"/><trkpt lat="67.52552" lon="18.20398"/><trkpt lat="67.52537" lon="18.20358"/><trkpt lat="67.52537" lon="18.20358"/><trkpt lat="67.52516" lon="18.20302"/><trkpt lat="67.52453" lon="18.20267"/><trkpt lat="67.52453" lon="18.20267"/><trkpt lat="67.52453" lon="18.20267"/><trkpt lat="67.52417" lon="18.20187"/><trkpt lat="67.52417" lon="18.20187"/><trkpt lat="67.52417" lon="18.20187"/><trkpt lat="67.52393" lon="18.20129"/><trkpt lat="67.52332" lon="18.20044"/><trkpt lat="67.52318" lon="18.20039"/><trkpt lat="67.52318" lon="18.20039"/><trkpt lat="67.52297" lon="18.20042"/><trkpt lat="67.52297" lon="18.20042"/><trkpt lat="67.52259" lon="18.20049"/><trkpt lat="67.52259" lon="18.20049"/><trkpt lat="67.52196" lon="18.20073"/><trkpt lat="67.5215" lon="18.20074"/><trkpt lat="67.52122" lon="18.20044"/><trkpt lat="67.52106" lon="18.20012"/><trkpt lat="67.5209" lon="18.19967"/><trkpt lat="67.5208" lon="18.1992"/><trkpt lat="67.5208" lon="18.1992"/><trkpt lat="67.5208" lon="18.1992"/><trkpt lat="67.52075" lon="18.19852"/><trkpt lat="67.52076" lon="18.19798"/><trkpt lat="67.52103" lon="18.19655"/><trkpt lat="67.5212" lon="18.19573"/><trkpt lat="67.5212" lon="18.19573"/><trkpt lat="67.5212" lon="18.19573"/><trkpt lat="67.52144447180275" lon="18.19407457664999"/><trkpt lat="67.52144447180275" lon="18.19407457664999"/><trkpt lat="67.52155" lon="18.19336"/><trkpt lat="67.52155" lon="18.19336"/><trkpt lat="67.52161" lon="18.19247"/><trkpt lat="67.52158" lon="18.19133"/><trkpt lat="67.52147" lon="18.19027"/><trkpt lat="67.52137" lon="18.18894"/><trkpt lat="67.52143" lon="18.18771"/><trkpt lat="67.52164" lon="18.18654"/><trkpt lat="67.52178" lon="18.18585"/><trkpt lat="67.52185" lon="18.18511"/><trkpt lat="67.52181" lon="18.18463"/><trkpt lat="67.52167" lon="18.18418"/><trkpt lat="67.52154" lon="18.18397"/><trkpt lat="67.5214" lon="18.18383"/><trkpt lat="67.52069" lon="18.18352"/><trkpt lat="67.52014" lon="18.18328"/><trkpt lat="67.51752" lon="18.18237"/><trkpt lat="67.51697" lon="18.18214"/><trkpt lat="67.51697" lon="18.18214"/><trkpt lat="67.51638" lon="18.18189"/><trkpt lat="67.51555006611162" lon="18.181379271453302"/><trkpt lat="67.51555006611162" lon="18.181379271453302"/><trkpt lat="67.51547" lon="18.18133"/><trkpt lat="67.51514" lon="18.18129"/><trkpt lat="67.51467" lon="18.18105"/><trkpt lat="67.51417" lon="18.18061"/><trkpt lat="67.51294" lon="18.1796"/><trkpt lat="67.51234" lon="18.17904"/><trkpt lat="67.51201" lon="18.17835"/><trkpt lat="67.51193" lon="18.17762"/><trkpt lat="67.5121" lon="18.17618"/><trkpt lat="67.5121" lon="18.17618"/><trkpt lat="67.5121" lon="18.17618"/><trkpt lat="67.5122" lon="18.17422"/><trkpt lat="67.51223" lon="18.17289"/><trkpt lat="67.51223" lon="18.17289"/><trkpt lat="67.51193" lon="18.17238"/><trkpt lat="67.51157" lon="18.1721"/><trkpt lat="67.51127" lon="18.17183"/><trkpt lat="67.51094" lon="18.17139"/><trkpt lat="67.51094" lon="18.17139"/><trkpt lat="67.51062" lon="18.171"/><trkpt lat="67.51038" lon="18.17109"/><trkpt lat="67.51022" lon="18.1712"/><trkpt lat="67.51022" lon="18.1712"/><trkpt lat="67.50942" lon="18.17009"/><trkpt lat="67.50923" lon="18.16971"/><trkpt lat="67.50918" lon="18.16897"/><trkpt lat="67.50899" lon="18.16811"/><trkpt lat="67.50901" lon="18.16755"/><trkpt lat="67.50897" lon="18.16671"/><trkpt lat="67.50881" lon="18.16551"/><trkpt lat="67.50857" lon="18.16509"/><trkpt lat="67.50857" lon="18.16509"/><trkpt lat="67.50854" lon="18.16504"/><trkpt lat="67.50854" lon="18.16504"/><trkpt lat="67.50854" lon="18.16504"/><trkpt lat="67.50796" lon="18.16432"/><trkpt lat="67.50739" lon="18.16443"/><trkpt lat="67.50712" lon="18.1641"/><trkpt lat="67.50695" lon="18.16347"/><trkpt lat="67.50689" lon="18.16287"/><trkpt lat="67.50684" lon="18.16254"/><trkpt lat="67.50655" lon="18.16185"/><trkpt lat="67.50654" lon="18.16105"/><trkpt lat="67.50665" lon="18.1598"/><trkpt lat="67.50662" lon="18.15922"/><trkpt lat="67.50672" lon="18.15868"/><trkpt lat="67.50663" lon="18.15768"/><trkpt lat="67.50646" lon="18.15697"/><trkpt lat="67.50585" lon="18.15561"/><trkpt lat="67.50568" lon="18.15543"/><trkpt lat="67.50537" lon="18.15532"/><trkpt lat="67.50522" lon="18.15496"/><trkpt lat="67.5048" lon="18.15426"/><trkpt lat="67.5048" lon="18.15426"/><trkpt lat="67.50409" lon="18.15335"/><trkpt lat="67.50371" lon="18.1531"/><trkpt lat="67.50317" lon="18.15155"/><trkpt lat="67.50272" lon="18.14991"/><trkpt lat="67.50272" lon="18.14991"/><trkpt lat="67.50272" lon="18.14991"/><trkpt lat="67.50202" lon="18.1507"/><trkpt lat="67.50158" lon="18.15068"/><trkpt lat="67.50049" lon="18.15224"/><trkpt lat="67.50016" lon="18.15226"/><trkpt lat="67.50016" lon="18.15226"/><trkpt lat="67.49982" lon="18.15229"/><trkpt lat="67.49959" lon="18.15324"/><trkpt lat="67.49842" lon="18.15371"/><trkpt lat="67.49826" lon="18.15422"/><trkpt lat="67.49753" lon="18.15463"/><trkpt lat="67.49739" lon="18.15434"/><trkpt lat="67.49706" lon="18.15471"/><trkpt lat="67.49622" lon="18.15476"/><trkpt lat="67.4958" lon="18.1557"/><trkpt lat="67.49497" lon="18.15632"/><trkpt lat="67.4942" lon="18.15835"/><trkpt lat="67.49368" lon="18.15917"/><trkpt lat="67.49354" lon="18.15895"/><trkpt lat="67.49328" lon="18.15906"/><trkpt lat="67.49264" lon="18.16024"/><trkpt lat="67.49175" lon="18.16071"/><trkpt lat="67.49175" lon="18.16071"/><trkpt lat="67.49076" lon="18.16122"/><trkpt lat="67.49026" lon="18.16107"/><trkpt lat="67.48938" lon="18.1618"/><trkpt lat="67.48871" lon="18.16091"/><trkpt lat="67.48853" lon="18.16011"/><trkpt lat="67.48711" lon="18.15868"/><trkpt lat="67.48658" lon="18.15908"/><trkpt lat="67.4859" lon="18.15864"/><trkpt lat="67.48561" lon="18.15899"/><trkpt lat="67.48467" lon="18.15895"/><trkpt lat="67.48443" lon="18.15864"/><trkpt lat="67.48434" lon="18.15835"/><trkpt lat="67.48433" lon="18.15805"/><trkpt lat="67.48422" lon="18.15767"/><trkpt lat="67.48404" lon="18.1575"/><trkpt lat="67.48393" lon="18.15757"/><trkpt lat="67.48348" lon="18.1569"/><trkpt lat="67.48334" lon="18.15679"/><trkpt lat="67.48334" lon="18.15679"/><trkpt lat="67.48323" lon="18.15671"/><trkpt lat="67.48261" lon="18.15643"/><trkpt lat="67.48255" lon="18.1565"/><trkpt lat="67.48251" lon="18.15671"/><trkpt lat="67.48231" lon="18.15688"/><trkpt lat="67.48215" lon="18.15649"/><trkpt lat="67.48198" lon="18.1563"/><trkpt lat="67.48192" lon="18.15639"/><trkpt lat="67.48171" lon="18.15641"/><trkpt lat="67.48139" lon="18.15616"/><trkpt lat="67.48129" lon="18.15623"/><trkpt lat="67.48117" lon="18.15651"/><trkpt lat="67.4811" lon="18.1565"/><trkpt lat="67.48077" lon="18.1559"/><trkpt lat="67.48067" lon="18.15586"/><trkpt lat="67.48033" lon="18.1561"/><trkpt lat="67.48022" lon="18.15612"/><trkpt lat="67.47991" lon="18.15595"/><trkpt lat="67.47974" lon="18.15571"/><trkpt lat="67.47936" lon="18.15582"/><trkpt lat="67.47924" lon="18.15603"/><trkpt lat="67.47893807868029" lon="18.156211152791833"/><trkpt lat="67.47795843773645" lon="18.156795501708988"/><trkpt lat="67.47776117800453" lon="18.156795501708988"/><trkpt lat="67.47756391663482" lon="18.15696716308594"/><trkpt lat="67.47736665362734" lon="18.157138824462894"/><trkpt lat="67.47716938898202" lon="18.157138824462894"/><trkpt lat="67.4769721226989" lon="18.15696716308594"/><trkpt lat="67.47677485477796" lon="18.15696716308594"/><trkpt lat="67.47657758521913" lon="18.15696716308594"/><trkpt lat="67.47638031402249" lon="18.15696716308594"/><trkpt lat="67.47618304118798" lon="18.15696716308594"/><trkpt lat="67.47598576671561" lon="18.15696716308594"/><trkpt lat="67.47578849060532" lon="18.15696716308594"/><trkpt lat="67.47559121285714" lon="18.15696716308594"/><trkpt lat="67.47539393347107" lon="18.15696716308594"/><trkpt lat="67.47519665244707" lon="18.15696716308594"/><trkpt lat="67.47499936978512" lon="18.15696716308594"/><trkpt lat="67.47480208548525" lon="18.157138824462894"/><trkpt lat="67.47460479954744" lon="18.157310485839847"/><trkpt lat="67.47440751197162" lon="18.157310485839847"/><trkpt lat="67.47421022275786" lon="18.157310485839847"/><trkpt lat="67.4740129319061" lon="18.157138824462894"/><trkpt lat="67.47381563941634" lon="18.15696716308594"/><trkpt lat="67.47361834528859" lon="18.156795501708988"/><trkpt lat="67.47348681496004" lon="18.15645217895508"/><trkpt lat="67.47328951810223" lon="18.15645217895508"/><trkpt lat="67.47309221960637" lon="18.15628051757813"/><trkpt lat="67.47289491947248" lon="18.15628051757813"/><trkpt lat="67.47269761770052" lon="18.156108856201175"/><trkpt lat="67.47250031429047" lon="18.155937194824222"/><trkpt lat="67.47230300924234" lon="18.15576553344727"/><trkpt lat="67.47217147163353" lon="18.155422210693363"/><trkpt lat="67.47203993329667" lon="18.155078887939457"/><trkpt lat="67.47190839423178" lon="18.15473556518555"/><trkpt lat="67.47184262442633" lon="18.15422058105469"/><trkpt lat="67.47171108426933" lon="18.153877258300785"/><trkpt lat="67.4715795433843" lon="18.153362274169925"/><trkpt lat="67.4714480017712" lon="18.152847290039066"/><trkpt lat="67.47131645943001" lon="18.15250396728516"/><trkpt lat="67.47118491636078" lon="18.152160644531254"/><trkpt lat="67.4710533725635" lon="18.151817321777347"/><trkpt lat="67.4709218280381" lon="18.15147399902344"/><trkpt lat="67.47085605550238" lon="18.15095901489258"/><trkpt lat="67.47072450988489" lon="18.150615692138675"/><trkpt lat="67.47059296353932" lon="18.15027236938477"/><trkpt lat="67.47046141646564" lon="18.14975738525391"/><trkpt lat="67.47032986866388" lon="18.14924240112305"/><trkpt lat="67.47019832013405" lon="18.148899078369144"/><trkpt lat="67.47006677087609" lon="18.148555755615238"/><trkpt lat="67.46993522089005" lon="18.14821243286133"/><trkpt lat="67.46973789454579" lon="18.14821243286133"/><trkpt lat="67.46960634273947" lon="18.147869110107425"/><trkpt lat="67.46947479020506" lon="18.14752578735352"/><trkpt lat="67.46934323694252" lon="18.147182464599613"/><trkpt lat="67.46921168295187" lon="18.146839141845707"/><trkpt lat="67.46901435060066" lon="18.146667480468754"/><trkpt lat="67.46881701661115" lon="18.1464958190918"/><trkpt lat="67.468685459708" lon="18.146152496337894"/><trkpt lat="67.4685539020767" lon="18.145809173583988"/><trkpt lat="67.46842234371728" lon="18.14546585083008"/><trkpt lat="67.46829078462969" lon="18.145122528076175"/><trkpt lat="67.46809344463307" lon="18.14477920532227"/><trkpt lat="67.46789610299813" lon="18.144607543945316"/><trkpt lat="67.46769875972478" lon="18.144435882568363"/><trkpt lat="67.46756719663237" lon="18.144092559814457"/><trkpt lat="67.4674356328118" lon="18.14374923706055"/><trkpt lat="67.46723828571564" lon="18.143577575683597"/><trkpt lat="67.46704093698108" lon="18.143405914306644"/><trkpt lat="67.4668435866081" lon="18.14323425292969"/><trkpt lat="67.46664623459674" lon="18.14323425292969"/><trkpt lat="67.46644888094696" lon="18.143062591552738"/><trkpt lat="67.46625152565876" lon="18.143062591552738"/><trkpt lat="67.4659225965374" lon="18.143062591552738"/><trkpt lat="67.46572523687998" lon="18.143062591552738"/><trkpt lat="67.46552787558409" lon="18.143062591552738"/><trkpt lat="67.46533051264973" lon="18.143062591552738"/><trkpt lat="67.46513314807684" lon="18.143062591552738"/><trkpt lat="67.46493578186545" lon="18.142890930175785"/><trkpt lat="67.46473841401559" lon="18.143062591552738"/><trkpt lat="67.46454104452715" lon="18.143062591552738"/><trkpt lat="67.4643436734002" lon="18.143062591552738"/><trkpt lat="67.4641463006347" lon="18.143062591552738"/><trkpt lat="67.46388313439847" lon="18.143062591552738"/><trkpt lat="67.46368575780961" lon="18.143062591552738"/><trkpt lat="67.46348837958219" lon="18.14323425292969"/><trkpt lat="67.46329099971618" lon="18.14323425292969"/><trkpt lat="67.46309361821153" lon="18.14323425292969"/><trkpt lat="67.46289623506826" lon="18.14323425292969"/><trkpt lat="67.46269885028637" lon="18.14323425292969"/><trkpt lat="67.46250146386583" lon="18.143062591552738"/><trkpt lat="67.46230407580664" lon="18.143062591552738"/><trkpt lat="67.46210668610878" lon="18.143062591552738"/><trkpt lat="67.46190929477223" lon="18.143062591552738"/><trkpt lat="67.46171190179699" lon="18.143062591552738"/><trkpt lat="67.46151450718307" lon="18.143062591552738"/><trkpt lat="67.46131711093041" lon="18.14323425292969"/><trkpt lat="67.46111971303904" lon="18.143405914306644"/><trkpt lat="67.46092231350895" lon="18.143577575683597"/><trkpt lat="67.46072491234011" lon="18.143577575683597"/><trkpt lat="67.4605275095325" lon="18.143577575683597"/><trkpt lat="67.46033010508611" lon="18.14374923706055"/><trkpt lat="67.46013269900098" lon="18.14374923706055"/><trkpt lat="67.45993529127703" lon="18.143920898437504"/><trkpt lat="67.45973788191426" lon="18.143920898437504"/><trkpt lat="67.45954047091271" lon="18.143920898437504"/><trkpt lat="67.45934305827231" lon="18.14374923706055"/><trkpt lat="67.4591456439931" lon="18.14374923706055"/><trkpt lat="67.45894822807502" lon="18.14374923706055"/><trkpt lat="67.4587508105181" lon="18.14374923706055"/><trkpt lat="67.4585533913223" lon="18.14374923706055"/><trkpt lat="67.45835597048762" lon="18.143920898437504"/><trkpt lat="67.45815854801404" lon="18.144092559814457"/><trkpt lat="67.45796112390157" lon="18.14426422119141"/><trkpt lat="67.45776369815019" lon="18.144435882568363"/><trkpt lat="67.45756627075986" lon="18.14477920532227"/><trkpt lat="67.4573688417306" lon="18.144950866699222"/><trkpt lat="67.45710560047544" lon="18.145122528076175"/><trkpt lat="67.45690816762196" lon="18.145122528076175"/><trkpt lat="67.4567107331295" lon="18.14529418945313"/><trkpt lat="67.45644748459003" lon="18.14546585083008"/><trkpt lat="67.45625004627324" lon="18.14546585083008"/><trkpt lat="67.45605260631744" lon="18.14546585083008"/><trkpt lat="67.45585516472264" lon="18.145637512207035"/><trkpt lat="67.45565772148876" lon="18.145637512207035"/><trkpt lat="67.45546027661588" lon="18.145637512207035"/><trkpt lat="67.45513119818536" lon="18.145637512207035"/><trkpt lat="67.45486793216278" lon="18.145637512207035"/><trkpt lat="67.45467048073358" lon="18.145637512207035"/><trkpt lat="67.45447302766529" lon="18.145637512207035"/><trkpt lat="67.45427557295788" lon="18.145809173583988"/><trkpt lat="67.45407811661134" lon="18.145809173583988"/><trkpt lat="67.45388065862565" lon="18.145809173583988"/><trkpt lat="67.45368319900085" lon="18.145809173583988"/><trkpt lat="67.45348573773686" lon="18.145809173583988"/><trkpt lat="67.45322245350172" lon="18.145809173583988"/><trkpt lat="67.45295916635247" lon="18.145809173583988"/><trkpt lat="67.45276169907817" lon="18.14598083496094"/><trkpt lat="67.45256423016463" lon="18.14598083496094"/><trkpt lat="67.45236675961185" lon="18.146152496337894"/><trkpt lat="67.45210346299159" lon="18.146152496337894"/><trkpt lat="67.45184016345708" lon="18.146152496337894"/><trkpt lat="67.45151103494081" lon="18.1464958190918"/><trkpt lat="67.45131355564533" lon="18.1464958190918"/><trkpt lat="67.45111607471058" lon="18.1464958190918"/><trkpt lat="67.45091859213647" lon="18.1464958190918"/><trkpt lat="67.4507211079231" lon="18.1464958190918"/><trkpt lat="67.45052362207038" lon="18.146667480468754"/><trkpt lat="67.45032613457832" lon="18.146667480468754"/><trkpt lat="67.45012864544694" lon="18.146667480468754"/><trkpt lat="67.44993115467616" lon="18.146667480468754"/><trkpt lat="67.449733662266" lon="18.14701080322266"/><trkpt lat="67.44953616821648" lon="18.147182464599613"/><trkpt lat="67.44933867252756" lon="18.147354125976566"/><trkpt lat="67.44907534239213" lon="18.147697448730472"/><trkpt lat="67.44887784287792" lon="18.147869110107425"/><trkpt lat="67.44868034172427" lon="18.147869110107425"/><trkpt lat="67.4483511694916" lon="18.14821243286133"/><trkpt lat="67.44808782842658" lon="18.14821243286133"/><trkpt lat="67.44789032071508" lon="18.14821243286133"/><trkpt lat="67.44769281136409" lon="18.148384094238285"/><trkpt lat="67.44749530037359" lon="18.148384094238285"/><trkpt lat="67.44710027347408" lon="18.148384094238285"/><trkpt lat="67.44690275756501" lon="18.148384094238285"/><trkpt lat="67.44670524001641" lon="18.148384094238285"/><trkpt lat="67.44650772082825" lon="18.148384094238285"/><trkpt lat="67.44631020000053" lon="18.148384094238285"/><trkpt lat="67.44611267753321" lon="18.148384094238285"/><trkpt lat="67.4459151534263" lon="18.148384094238285"/><trkpt lat="67.44571762767978" lon="18.14821243286133"/><trkpt lat="67.44552010029368" lon="18.14821243286133"/><trkpt lat="67.445256727895" lon="18.14821243286133"/><trkpt lat="67.44505919668306" lon="18.14804077148438"/><trkpt lat="67.44486166383149" lon="18.14804077148438"/><trkpt lat="67.44466412934025" lon="18.14804077148438"/><trkpt lat="67.44433490154448" lon="18.14804077148438"/><trkpt lat="67.44413736268076" lon="18.14804077148438"/><trkpt lat="67.44393982217731" lon="18.14821243286133"/><trkpt lat="67.44374228003419" lon="18.14821243286133"/><trkpt lat="67.44354473625131" lon="18.14821243286133"/><trkpt lat="67.4433471908287" lon="18.148384094238285"/><trkpt lat="67.44308379438117" lon="18.14821243286133"/><trkpt lat="67.44288624513248" lon="18.148384094238285"/><trkpt lat="67.44268869424401" lon="18.148384094238285"/><trkpt lat="67.44249114171572" lon="18.148384094238285"/><trkpt lat="67.44229358754767" lon="18.148384094238285"/><trkpt lat="67.44209603173982" lon="18.14821243286133"/><trkpt lat="67.44189847429213" lon="18.14821243286133"/><trkpt lat="67.44170091520459" lon="18.14821243286133"/><trkpt lat="67.44143750053706" lon="18.14821243286133"/><trkpt lat="67.44123993762321" lon="18.14804077148438"/><trkpt lat="67.4410423730695" lon="18.147869110107425"/><trkpt lat="67.44084480687592" lon="18.147697448730472"/><trkpt lat="67.44064723904245" lon="18.14752578735352"/><trkpt lat="67.44038381271352" lon="18.147354125976566"/><trkpt lat="67.44018624105358" lon="18.147354125976566"/><trkpt lat="67.43998866775372" lon="18.147354125976566"/><trkpt lat="67.43979109281392" lon="18.147354125976566"/><trkpt lat="67.43959351623417" lon="18.147182464599613"/><trkpt lat="67.43939593801446" lon="18.14701080322266"/><trkpt lat="67.4391983581548" lon="18.146839141845707"/><trkpt lat="67.43893491579078" lon="18.146667480468754"/><trkpt lat="67.43873733210444" lon="18.1464958190918"/><trkpt lat="67.43853974677809" lon="18.146324157714847"/><trkpt lat="67.43834215981171" lon="18.146152496337894"/><trkpt lat="67.43821043425635" lon="18.145809173583988"/><trkpt lat="67.43801284455658" lon="18.145637512207035"/><trkpt lat="67.43781525321677" lon="18.14546585083008"/><trkpt lat="67.43768352474575" lon="18.145122528076175"/><trkpt lat="67.4374859306725" lon="18.144950866699222"/><trkpt lat="67.43735420037915" lon="18.144607543945316"/><trkpt lat="67.43715660357242" lon="18.144607543945316"/><trkpt lat="67.43695900512557" lon="18.144435882568363"/><trkpt lat="67.43676140503862" lon="18.144435882568363"/><trkpt lat="67.43649793570471" lon="18.14426422119141"/><trkpt lat="67.43630033179079" lon="18.144092559814457"/><trkpt lat="67.4361027262367" lon="18.144092559814457"/><trkpt lat="67.43590511904246" lon="18.143920898437504"/><trkpt lat="67.43570751020808" lon="18.143920898437504"/><trkpt lat="67.43550989973346" lon="18.14374923706055"/><trkpt lat="67.43531228761867" lon="18.14374923706055"/><trkpt lat="67.43511467386367" lon="18.143577575683597"/><trkpt lat="67.43491705846847" lon="18.143405914306644"/><trkpt lat="67.43471944143302" lon="18.143405914306644"/><trkpt lat="67.43452182275733" lon="18.14323425292969"/><trkpt lat="67.43432420244139" lon="18.143062591552738"/><trkpt lat="67.43412658048521" lon="18.14271926879883"/><trkpt lat="67.43392895688872" lon="18.14254760742188"/><trkpt lat="67.43373133165198" lon="18.142375946044925"/><trkpt lat="67.43353370477492" lon="18.142375946044925"/><trkpt lat="67.43333607625755" lon="18.142204284667972"/><trkpt lat="67.43313844609986" lon="18.142204284667972"/><trkpt lat="67.43294081430187" lon="18.14203262329102"/><trkpt lat="67.4327431808635" lon="18.141860961914066"/><trkpt lat="67.4325455457848" lon="18.141689300537113"/><trkpt lat="67.43228202979485" lon="18.141860961914066"/><trkpt lat="67.43208439088862" lon="18.141860961914066"/><trkpt lat="67.43188675034199" lon="18.141860961914066"/><trkpt lat="67.43168910815496" lon="18.141860961914066"/><trkpt lat="67.4314914643275" lon="18.141860961914066"/><trkpt lat="67.43129381885966" lon="18.14203262329102"/><trkpt lat="67.43109617175134" lon="18.14203262329102"/><trkpt lat="67.4308985230026" lon="18.14203262329102"/><trkpt lat="67.43063498878577" lon="18.141860961914066"/><trkpt lat="67.43043733620927" lon="18.141689300537113"/><trkpt lat="67.43023968199228" lon="18.141689300537113"/><trkpt lat="67.43004202613479" lon="18.141689300537113"/><trkpt lat="67.42984436863682" lon="18.14151763916016"/><trkpt lat="67.4296467094983" lon="18.14151763916016"/><trkpt lat="67.42944904871926" lon="18.141345977783207"/><trkpt lat="67.42925138629968" lon="18.141174316406254"/><trkpt lat="67.42905372223954" lon="18.141174316406254"/><trkpt lat="67.42885605653885" lon="18.141174316406254"/><trkpt lat="67.4286583891976" lon="18.141345977783207"/><trkpt lat="67.42846072021574" lon="18.141345977783207"/><trkpt lat="67.4282630495933" lon="18.141174316406254"/><trkpt lat="67.42806537733023" lon="18.1410026550293"/><trkpt lat="67.42786770342656" lon="18.1410026550293"/><trkpt lat="67.42760413566955" lon="18.1410026550293"/><trkpt lat="67.42740645793774" lon="18.140659332275394"/><trkpt lat="67.42720877856524" lon="18.14048767089844"/><trkpt lat="67.42707699140543" lon="18.140316009521488"/><trkpt lat="67.42661573060371" lon="18.14048767089844"/><trkpt lat="67.42661573060371" lon="18.140659332275394"/><trkpt lat="67.42661573060371" lon="18.14048767089844"/></trkseg></trk><trk><name>Day 5</name><extensions><gpxx:TrackExtension><gpxx:DisplayColor>Red</gpxx:DisplayColor></gpxx:TrackExtension></extensions><trkseg><trkpt lat="67.35103715167347" lon="17.817764282226566"/><trkpt lat="67.35123546306357" lon="17.81793594360352"/><trkpt lat="67.35143377280873" lon="17.818107604980472"/><trkpt lat="67.3515659783916" lon="17.81862258911133"/><trkpt lat="67.35169818324339" lon="17.818965911865238"/><trkpt lat="67.35189648915025" lon="17.819309234619144"/><trkpt lat="67.3520286921743" lon="17.81965255737305"/><trkpt lat="67.35222699533958" lon="17.819995880126957"/><trkpt lat="67.35249139700117" lon="17.820339202880863"/><trkpt lat="67.35268969632828" lon="17.820510864257816"/><trkpt lat="67.35288799401049" lon="17.820854187011722"/><trkpt lat="67.35302019155147" lon="17.82119750976563"/><trkpt lat="67.35321848649218" lon="17.821540832519535"/><trkpt lat="67.35341677978802" lon="17.821712493896488"/><trkpt lat="67.35368116829046" lon="17.82188415527344"/><trkpt lat="67.35394555386873" lon="17.822055816650394"/><trkpt lat="67.35414384113344" lon="17.822227478027347"/><trkpt lat="67.35434212675332" lon="17.8223991394043"/><trkpt lat="67.3545404107284" lon="17.822570800781254"/><trkpt lat="67.35473869305868" lon="17.822742462158207"/><trkpt lat="67.3550030669405" lon="17.82291412353516"/><trkpt lat="67.35520134543293" lon="17.823085784912113"/><trkpt lat="67.35546571419763" lon="17.823257446289066"/><trkpt lat="67.35566398885233" lon="17.82342910766602"/><trkpt lat="67.35586226186226" lon="17.823772430419925"/><trkpt lat="67.35606053322745" lon="17.82394409179688"/><trkpt lat="67.35625880294795" lon="17.82411575317383"/><trkpt lat="67.35639098184788" lon="17.824459075927738"/><trkpt lat="67.35658924882719" lon="17.824802398681644"/><trkpt lat="67.35678751416181" lon="17.824802398681644"/><trkpt lat="67.35698577785176" lon="17.824974060058597"/><trkpt lat="67.35718403989705" lon="17.825317382812504"/><trkpt lat="67.35738230029769" lon="17.825489044189457"/><trkpt lat="67.35764664494019" lon="17.82566070556641"/><trkpt lat="67.35797707163177" lon="17.825832366943363"/><trkpt lat="67.35830749375499" lon="17.82617568969727"/><trkpt lat="67.35850574483614" lon="17.826347351074222"/><trkpt lat="67.35870399427272" lon="17.82669067382813"/><trkpt lat="67.35896832429658" lon="17.82686233520508"/><trkpt lat="67.35916656989585" lon="17.827033996582035"/><trkpt lat="67.35936481385058" lon="17.827033996582035"/><trkpt lat="67.35956305616077" lon="17.827033996582035"/><trkpt lat="67.35982737668287" lon="17.827205657958988"/><trkpt lat="67.36022385198439" lon="17.82737731933594"/><trkpt lat="67.36042208716842" lon="17.827548980712894"/><trkpt lat="67.36062032070797" lon="17.827720642089847"/><trkpt lat="67.36081855260306" lon="17.827720642089847"/><trkpt lat="67.36101678285372" lon="17.827720642089847"/><trkpt lat="67.36147931371025" lon="17.828235626220707"/><trkpt lat="67.36167753847948" lon="17.82840728759766"/><trkpt lat="67.36187576160434" lon="17.828578948974613"/><trkpt lat="67.36207398308481" lon="17.828750610351566"/><trkpt lat="67.36233827583416" lon="17.829093933105472"/><trkpt lat="67.3630650658217" lon="17.83012390136719"/><trkpt lat="67.36332934760881" lon="17.830467224121097"/><trkpt lat="67.3635936264727" lon="17.830810546875004"/><trkpt lat="67.36372576480848" lon="17.83115386962891"/><trkpt lat="67.36412217543096" lon="17.83166885375977"/><trkpt lat="67.36432037827585" lon="17.831840515136722"/><trkpt lat="67.36458464617795" lon="17.832012176513675"/><trkpt lat="67.36478284518626" lon="17.83218383789063"/><trkpt lat="67.36498104255034" lon="17.83218383789063"/><trkpt lat="67.3653774323459" lon="17.83218383789063"/><trkpt lat="67.36557562477739" lon="17.83218383789063"/><trkpt lat="67.3657738155647" lon="17.83218383789063"/><trkpt lat="67.36597200470784" lon="17.83235549926758"/><trkpt lat="67.36617019220685" lon="17.832698822021488"/><trkpt lat="67.3663683780617" lon="17.832698822021488"/><trkpt lat="67.36650050105152" lon="17.833042144775394"/><trkpt lat="67.36669868416617" lon="17.8333854675293"/><trkpt lat="67.36689686563668" lon="17.83390045166016"/><trkpt lat="67.36709504546313" lon="17.834243774414066"/><trkpt lat="67.36735928267422" lon="17.834587097167972"/><trkpt lat="67.36749140018371" lon="17.83493041992188"/><trkpt lat="67.3676895750779" lon="17.835273742675785"/><trkpt lat="67.36788774832803" lon="17.83561706542969"/><trkpt lat="67.36808591993413" lon="17.835960388183597"/><trkpt lat="67.36821803342484" lon="17.836303710937504"/><trkpt lat="67.36841620229089" lon="17.83664703369141"/><trkpt lat="67.36854831395489" lon="17.836990356445316"/><trkpt lat="67.36868042488824" lon="17.837333679199222"/><trkpt lat="67.36881253509091" lon="17.83767700195313"/><trkpt lat="67.36901069902494" lon="17.838020324707035"/><trkpt lat="67.369208861315" lon="17.83836364746094"/><trkpt lat="67.36934096859505" lon="17.838706970214847"/><trkpt lat="67.36953912814515" lon="17.8388786315918"/><trkpt lat="67.36973728605132" lon="17.83939361572266"/><trkpt lat="67.36993544231353" lon="17.839736938476566"/><trkpt lat="67.37006754557504" lon="17.840080261230472"/><trkpt lat="67.37019964810594" lon="17.84042358398438"/><trkpt lat="67.37039780053233" lon="17.84111022949219"/><trkpt lat="67.37059595131481" lon="17.841453552246097"/><trkpt lat="67.37079410045344" lon="17.84162521362305"/><trkpt lat="67.37092619896592" lon="17.841968536376957"/><trkpt lat="67.3711243453647" lon="17.842311859130863"/><trkpt lat="67.37125644205068" lon="17.84265518188477"/><trkpt lat="67.37145458570971" lon="17.84317016601563"/><trkpt lat="67.37158668056918" lon="17.843513488769535"/><trkpt lat="67.37171877469804" lon="17.844028472900394"/><trkpt lat="67.37198296076397" lon="17.844715118408207"/><trkpt lat="67.3721150527011" lon="17.845058441162113"/><trkpt lat="67.37231318923692" lon="17.845230102539066"/><trkpt lat="67.37244527934756" lon="17.845573425292972"/><trkpt lat="67.37257736872765" lon="17.84591674804688"/><trkpt lat="67.37284154529614" lon="17.84660339355469"/><trkpt lat="67.37297363248453" lon="17.846946716308597"/><trkpt lat="67.37310571894237" lon="17.847290039062504"/><trkpt lat="67.37330384725932" lon="17.847976684570316"/><trkpt lat="67.37350197393256" lon="17.848320007324222"/><trkpt lat="67.3736340574682" lon="17.84866333007813"/><trkpt lat="67.37376614027329" lon="17.849006652832035"/><trkpt lat="67.37389822234785" lon="17.84934997558594"/><trkpt lat="67.37403030369187" lon="17.8498649597168"/><trkpt lat="67.37416238430538" lon="17.850208282470707"/><trkpt lat="67.37422842433817" lon="17.850723266601566"/><trkpt lat="67.37436050385585" lon="17.851066589355472"/><trkpt lat="67.37449258264304" lon="17.85140991210938"/><trkpt lat="67.3746906994541" lon="17.85209655761719"/><trkpt lat="67.37482277641499" lon="17.85261154174805"/><trkpt lat="67.3750208904866" lon="17.85312652587891"/><trkpt lat="67.37515296562121" lon="17.853469848632816"/><trkpt lat="67.37535107695344" lon="17.854499816894535"/><trkpt lat="67.3754831502618" lon="17.85484313964844"/><trkpt lat="67.37561522283966" lon="17.855529785156254"/><trkpt lat="67.37574729468705" lon="17.856559753417972"/><trkpt lat="67.37587936580394" lon="17.85690307617188"/><trkpt lat="67.37594540108846" lon="17.85758972167969"/><trkpt lat="67.3762095404003" lon="17.858276367187504"/><trkpt lat="67.37634160896049" lon="17.85861968994141"/><trkpt lat="67.37647367679024" lon="17.858963012695316"/><trkpt lat="67.3766717771652" lon="17.85964965820313"/><trkpt lat="67.37680384316877" lon="17.86033630371094"/><trkpt lat="67.37693590844188" lon="17.861022949218754"/><trkpt lat="67.37700194080452" lon="17.861537933349613"/><trkpt lat="67.37713400498191" lon="17.862911224365238"/><trkpt lat="67.37720003679671" lon="17.863941192626957"/><trkpt lat="67.37733209987847" lon="17.86462783813477"/><trkpt lat="67.37746416222974" lon="17.864971160888675"/><trkpt lat="67.37759622385059" lon="17.865486145019535"/><trkpt lat="67.37772828474102" lon="17.86582946777344"/><trkpt lat="67.37792637470704" lon="17.866687774658207"/><trkpt lat="67.37799240433051" lon="17.867202758789066"/><trkpt lat="67.37799240433051" lon="17.867717742919925"/><trkpt lat="67.37812446302962" lon="17.868404388427738"/><trkpt lat="67.37825652099829" lon="17.868919372558597"/><trkpt lat="67.37832254970874" lon="17.869777679443363"/><trkpt lat="67.37845460658178" lon="17.87012100219727"/><trkpt lat="67.3785866627244" lon="17.87063598632813"/><trkpt lat="67.3787847455688" lon="17.87080764770508"/><trkpt lat="67.37891679988537" lon="17.87132263183594"/><trkpt lat="67.37904885347156" lon="17.871665954589847"/><trkpt lat="67.37918090632735" lon="17.87235260009766"/><trkpt lat="67.37937898424148" lon="17.87355422973633"/><trkpt lat="67.37951103527129" lon="17.87406921386719"/><trkpt lat="67.37957706051228" lon="17.87458419799805"/><trkpt lat="67.37964308557068" lon="17.875270843505863"/><trkpt lat="67.37970911044647" lon="17.875785827636722"/><trkpt lat="67.37977513513967" lon="17.876472473144535"/><trkpt lat="67.37984115965027" lon="17.877674102783207"/><trkpt lat="67.37990718397826" lon="17.87836074829102"/><trkpt lat="67.3799732081237" lon="17.87904739379883"/><trkpt lat="67.3800392320865" lon="17.87956237792969"/><trkpt lat="67.38010525586674" lon="17.88007736206055"/><trkpt lat="67.3802373028794" lon="17.880764007568363"/><trkpt lat="67.38030332611183" lon="17.881278991699222"/><trkpt lat="67.38043537202891" lon="17.88179397583008"/><trkpt lat="67.38056741721566" lon="17.882137298583988"/><trkpt lat="67.38069946167201" lon="17.8828239440918"/><trkpt lat="67.380831505398" lon="17.883167266845707"/><trkpt lat="67.380831505398" lon="17.883682250976566"/><trkpt lat="67.38089752698714" lon="17.884197235107425"/><trkpt lat="67.38096354839365" lon="17.884883880615238"/><trkpt lat="67.38096354839365" lon="17.88557052612305"/><trkpt lat="67.38102956961761" lon="17.886257171630863"/><trkpt lat="67.38102956961761" lon="17.886772155761722"/><trkpt lat="67.38102956961761" lon="17.88728713989258"/><trkpt lat="67.38109559065894" lon="17.88780212402344"/><trkpt lat="67.38109559065894" lon="17.8883171081543"/><trkpt lat="67.38109559065894" lon="17.88883209228516"/><trkpt lat="67.38109559065894" lon="17.88934707641602"/><trkpt lat="67.38109559065894" lon="17.88986206054688"/><trkpt lat="67.38109559065894" lon="17.890377044677738"/><trkpt lat="67.38109559065894" lon="17.89106369018555"/><trkpt lat="67.38109559065894" lon="17.89157867431641"/><trkpt lat="67.38109559065894" lon="17.89209365844727"/><trkpt lat="67.38109559065894" lon="17.89260864257813"/><trkpt lat="67.38109559065894" lon="17.89329528808594"/><trkpt lat="67.38109559065894" lon="17.8938102722168"/><trkpt lat="67.38116161151771" lon="17.894496917724613"/><trkpt lat="67.38116161151771" lon="17.895011901855472"/><trkpt lat="67.38116161151771" lon="17.895698547363285"/><trkpt lat="67.38109559065894" lon="17.896728515625004"/><trkpt lat="67.38109559065894" lon="17.897415161132816"/><trkpt lat="67.38109559065894" lon="17.897930145263675"/><trkpt lat="67.38109559065894" lon="17.898445129394535"/><trkpt lat="67.38109559065894" lon="17.898960113525394"/><trkpt lat="67.38102956961761" lon="17.899475097656254"/><trkpt lat="67.38102956961761" lon="17.899990081787113"/><trkpt lat="67.38102956961761" lon="17.900676727294925"/><trkpt lat="67.38102956961761" lon="17.901191711425785"/><trkpt lat="67.38096354839365" lon="17.901878356933597"/><trkpt lat="67.38096354839365" lon="17.902736663818363"/><trkpt lat="67.38089752698714" lon="17.903251647949222"/><trkpt lat="67.38089752698714" lon="17.90376663208008"/><trkpt lat="67.38089752698714" lon="17.90428161621094"/><trkpt lat="67.38089752698714" lon="17.9047966003418"/><trkpt lat="67.380831505398" lon="17.905483245849613"/><trkpt lat="67.380831505398" lon="17.90634155273438"/><trkpt lat="67.380831505398" lon="17.906856536865238"/><trkpt lat="67.380831505398" lon="17.907714843750004"/><trkpt lat="67.380831505398" lon="17.908401489257816"/><trkpt lat="67.380831505398" lon="17.90908813476563"/><trkpt lat="67.38089752698714" lon="17.90977478027344"/><trkpt lat="67.38089752698714" lon="17.9102897644043"/><trkpt lat="67.38089752698714" lon="17.910976409912113"/><trkpt lat="67.38089752698714" lon="17.91183471679688"/><trkpt lat="67.38089752698714" lon="17.912349700927738"/><trkpt lat="67.38089752698714" lon="17.91355133056641"/><trkpt lat="67.38089752698714" lon="17.914409637451175"/><trkpt lat="67.38096354839365" lon="17.914924621582035"/><trkpt lat="67.38096354839365" lon="17.915439605712894"/><trkpt lat="67.38096354839365" lon="17.916126251220707"/><trkpt lat="67.38096354839365" lon="17.916984558105472"/><trkpt lat="67.38096354839365" lon="17.91749954223633"/><trkpt lat="67.38102956961761" lon="17.91801452636719"/><trkpt lat="67.38109559065894" lon="17.918872833251957"/><trkpt lat="67.38116161151771" lon="17.919387817382816"/><trkpt lat="67.38116161151771" lon="17.919902801513675"/><trkpt lat="67.3812276321939" lon="17.920589447021488"/><trkpt lat="67.38129365268746" lon="17.921104431152347"/><trkpt lat="67.38129365268746" lon="17.92179107666016"/><trkpt lat="67.38129365268746" lon="17.92230606079102"/><trkpt lat="67.38135967299846" lon="17.923336029052738"/><trkpt lat="67.38142569312687" lon="17.92402267456055"/><trkpt lat="67.38142569312687" lon="17.92505264282227"/><trkpt lat="67.38142569312687" lon="17.92573928833008"/><trkpt lat="67.38142569312687" lon="17.926425933837894"/><trkpt lat="67.38142569312687" lon="17.926940917968754"/><trkpt lat="67.3814917130727" lon="17.927455902099613"/><trkpt lat="67.38155773283593" lon="17.928142547607425"/><trkpt lat="67.38155773283593" lon="17.928657531738285"/><trkpt lat="67.38155773283593" lon="17.929172515869144"/><trkpt lat="67.3816237524166" lon="17.929687500000004"/><trkpt lat="67.38168977181466" lon="17.930374145507816"/><trkpt lat="67.38168977181466" lon="17.930889129638675"/><trkpt lat="67.38168977181466" lon="17.93174743652344"/><trkpt lat="67.38168977181466" lon="17.932949066162113"/><trkpt lat="67.38175579103016" lon="17.93397903442383"/><trkpt lat="67.38175579103016" lon="17.93449401855469"/><trkpt lat="67.38175579103016" lon="17.93500900268555"/><trkpt lat="67.38175579103016" lon="17.935695648193363"/><trkpt lat="67.38175579103016" lon="17.936210632324222"/><trkpt lat="67.38182181006306" lon="17.937412261962894"/><trkpt lat="67.38182181006306" lon="17.93827056884766"/><trkpt lat="67.38182181006306" lon="17.93878555297852"/><trkpt lat="67.38188782891338" lon="17.939815521240238"/><trkpt lat="67.38188782891338" lon="17.940330505371097"/><trkpt lat="67.38188782891338" lon="17.940845489501957"/><trkpt lat="67.38195384758113" lon="17.941360473632816"/><trkpt lat="67.38201986606626" lon="17.941875457763675"/><trkpt lat="67.38208588436883" lon="17.942390441894535"/><trkpt lat="67.38215190248881" lon="17.942905426025394"/><trkpt lat="67.38221792042624" lon="17.943420410156254"/><trkpt lat="67.38228393818105" lon="17.943935394287113"/><trkpt lat="67.38228393818105" lon="17.944450378417972"/><trkpt lat="67.38234995575331" lon="17.94496536254883"/><trkpt lat="67.38241597314295" lon="17.945652008056644"/><trkpt lat="67.38254800737454" lon="17.946338653564457"/><trkpt lat="67.38261402421648" lon="17.946853637695316"/><trkpt lat="67.38268004087583" lon="17.94754028320313"/><trkpt lat="67.38268004087583" lon="17.94822692871094"/><trkpt lat="67.38281207364679" lon="17.949085235595707"/><trkpt lat="67.38287808975839" lon="17.94977188110352"/><trkpt lat="67.38287808975839" lon="17.95045852661133"/><trkpt lat="67.38294410568743" lon="17.950801849365238"/><trkpt lat="67.3827460573526" lon="17.95200347900391"/><trkpt lat="67.38281207364679" lon="17.952690124511722"/><trkpt lat="67.38287808975839" lon="17.95320510864258"/><trkpt lat="67.38294410568743" lon="17.953891754150394"/><trkpt lat="67.38301012143391" lon="17.954406738281254"/><trkpt lat="67.38307613699777" lon="17.954921722412113"/><trkpt lat="67.3831421523791" lon="17.95578002929688"/><trkpt lat="67.383274182594" lon="17.95646667480469"/><trkpt lat="67.38340621207858" lon="17.956809997558597"/><trkpt lat="67.38347222654701" lon="17.957324981689457"/><trkpt lat="67.38360425493617" lon="17.957668304443363"/><trkpt lat="67.38373628259505" lon="17.958183288574222"/><trkpt lat="67.3838022961506" lon="17.95869827270508"/><trkpt lat="67.38393432271405" lon="17.95921325683594"/><trkpt lat="67.38406634854722" lon="17.959556579589847"/><trkpt lat="67.38419837365008" lon="17.959899902343754"/><trkpt lat="67.38433039802271" lon="17.96024322509766"/><trkpt lat="67.38446242166503" lon="17.960929870605472"/><trkpt lat="67.3845944445771" lon="17.96127319335938"/><trkpt lat="67.38479247757596" lon="17.96127319335938"/><trkpt lat="67.38492449866236" lon="17.961616516113285"/><trkpt lat="67.38512252892276" lon="17.961616516113285"/><trkpt lat="67.3853205575401" lon="17.961788177490238"/><trkpt lat="67.38551858451437" lon="17.961788177490238"/><trkpt lat="67.38578261792422" lon="17.961616516113285"/><trkpt lat="67.38591463353377" lon="17.96127319335938"/><trkpt lat="67.38611265557896" lon="17.960929870605472"/><trkpt lat="67.38624466936297" lon="17.960586547851566"/><trkpt lat="67.38644268866982" lon="17.96024322509766"/><trkpt lat="67.38657470062826" lon="17.959899902343754"/><trkpt lat="67.38670671185652" lon="17.959556579589847"/><trkpt lat="67.38683872235453" lon="17.959041595458988"/><trkpt lat="67.38703673673243" lon="17.958183288574222"/><trkpt lat="67.38716874540495" lon="17.95749664306641"/><trkpt lat="67.3872347494674" lon="17.95698165893555"/><trkpt lat="67.3873667570446" lon="17.956295013427738"/><trkpt lat="67.38749876389164" lon="17.95595169067383"/><trkpt lat="67.38763077000847" lon="17.95526504516602"/><trkpt lat="67.38769677279306" lon="17.95475006103516"/><trkpt lat="67.38782877781462" lon="17.954406738281254"/><trkpt lat="67.38796078210598" lon="17.954063415527347"/><trkpt lat="67.38802678397786" lon="17.953548431396488"/><trkpt lat="67.38815878717398" lon="17.95303344726563"/><trkpt lat="67.38829078963991" lon="17.95251846313477"/><trkpt lat="67.38835679059905" lon="17.95200347900391"/><trkpt lat="67.38848879196972" lon="17.951660156250004"/><trkpt lat="67.38862079261023" lon="17.95097351074219"/><trkpt lat="67.38875279252058" lon="17.950630187988285"/><trkpt lat="67.38888479170076" lon="17.95028686523438"/><trkpt lat="67.38888479170076" lon="17.94977188110352"/><trkpt lat="67.3890167901508" lon="17.94925689697266"/><trkpt lat="67.38914878787067" lon="17.9487419128418"/><trkpt lat="67.38934678308146" lon="17.94822692871094"/><trkpt lat="67.38954477664943" lon="17.947883605957035"/><trkpt lat="67.38974276857458" lon="17.94771194458008"/><trkpt lat="67.3898747622787" lon="17.947368621826175"/><trkpt lat="67.39007275146585" lon="17.947196960449222"/><trkpt lat="67.39027073901023" lon="17.94702529907227"/><trkpt lat="67.3904027297938" lon="17.946681976318363"/><trkpt lat="67.39066670917066" lon="17.946338653564457"/><trkpt lat="67.39079869776394" lon="17.94599533081055"/><trkpt lat="67.39099667928485" lon="17.945308685302738"/><trkpt lat="67.39112866605285" lon="17.94496536254883"/><trkpt lat="67.39139263739854" lon="17.944622039794925"/><trkpt lat="67.39159061399133" lon="17.944107055664066"/><trkpt lat="67.39178858894141" lon="17.943935394287113"/><trkpt lat="67.39192057132885" lon="17.943592071533207"/><trkpt lat="67.39211854354113" lon="17.943420410156254"/><trkpt lat="67.3922505241034" lon="17.943077087402347"/><trkpt lat="67.39238250393556" lon="17.94273376464844"/><trkpt lat="67.39258047231499" lon="17.942562103271488"/><trkpt lat="67.39271245032204" lon="17.94221878051758"/><trkpt lat="67.39284442759899" lon="17.941875457763675"/><trkpt lat="67.3929764041459" lon="17.94153213500977"/><trkpt lat="67.39317436759742" lon="17.941188812255863"/><trkpt lat="67.39337232940635" lon="17.94101715087891"/><trkpt lat="67.39350430303307" lon="17.940673828125004"/><trkpt lat="67.39370226210431" lon="17.94050216674805"/><trkpt lat="67.39383423390596" lon="17.93998718261719"/><trkpt lat="67.39396620497756" lon="17.939643859863285"/><trkpt lat="67.39409817531912" lon="17.93930053710938"/><trkpt lat="67.39423014493066" lon="17.938957214355472"/><trkpt lat="67.3943621138122" lon="17.938613891601566"/><trkpt lat="67.39456006576573" lon="17.938098907470707"/><trkpt lat="67.3948239991487" lon="17.937412261962894"/><trkpt lat="67.39495596474517" lon="17.937068939208988"/><trkpt lat="67.39508792961165" lon="17.93672561645508"/><trkpt lat="67.39528587554263" lon="17.936382293701175"/><trkpt lat="67.3954838198311" lon="17.936210632324222"/><trkpt lat="67.3956817624771" lon="17.935867309570316"/><trkpt lat="67.3959456834502" lon="17.935695648193363"/><trkpt lat="67.39614362226379" lon="17.935695648193363"/><trkpt lat="67.39640753812702" lon="17.93552398681641"/><trkpt lat="67.3966054731083" lon="17.93552398681641"/><trkpt lat="67.39680340644716" lon="17.935352325439457"/><trkpt lat="67.3970673150108" lon="17.935352325439457"/><trkpt lat="67.39726524451741" lon="17.935352325439457"/><trkpt lat="67.39746317238163" lon="17.935352325439457"/><trkpt lat="67.39785902318305" lon="17.935352325439457"/><trkpt lat="67.39805694612024" lon="17.935352325439457"/><trkpt lat="67.39825486741509" lon="17.935352325439457"/><trkpt lat="67.39845278706764" lon="17.935352325439457"/><trkpt lat="67.39865070507787" lon="17.93552398681641"/><trkpt lat="67.39884862144581" lon="17.93552398681641"/><trkpt lat="67.39911250738176" lon="17.935695648193363"/><trkpt lat="67.39931041991773" lon="17.935695648193363"/><trkpt lat="67.39957430074438" lon="17.935867309570316"/><trkpt lat="67.40036592570723" lon="17.936382293701175"/><trkpt lat="67.40069576168688" lon="17.93672561645508"/><trkpt lat="67.40102559310493" lon="17.936897277832035"/><trkpt lat="67.40122348976622" lon="17.937068939208988"/><trkpt lat="67.40142138478537" lon="17.93724060058594"/><trkpt lat="67.40161927816236" lon="17.937412261962894"/><trkpt lat="67.40188313344393" lon="17.937927246093754"/><trkpt lat="67.40208102298935" lon="17.938098907470707"/><trkpt lat="67.40227891089262" lon="17.93827056884766"/><trkpt lat="67.40254275887598" lon="17.938613891601566"/><trkpt lat="67.40287256475001" lon="17.939128875732425"/><trkpt lat="67.40300448582248" lon="17.93947219848633"/><trkpt lat="67.40320236606279" lon="17.939643859863285"/><trkpt lat="67.40333428531072" lon="17.93998718261719"/><trkpt lat="67.40346620382893" lon="17.940330505371097"/><trkpt lat="67.40359812161729" lon="17.940673828125004"/><trkpt lat="67.4037300386759" lon="17.94101715087891"/><trkpt lat="67.40386195500473" lon="17.941360473632816"/><trkpt lat="67.40399387060376" lon="17.941703796386722"/><trkpt lat="67.40412578547304" lon="17.94221878051758"/><trkpt lat="67.40425769961254" lon="17.942562103271488"/><trkpt lat="67.40438961302227" lon="17.942905426025394"/><trkpt lat="67.40465343765244" lon="17.943420410156254"/><trkpt lat="67.40485130420947" lon="17.943592071533207"/><trkpt lat="67.40504916912457" lon="17.94376373291016"/><trkpt lat="67.40518107815578" lon="17.944107055664066"/><trkpt lat="67.4053789403343" lon="17.94427871704102"/><trkpt lat="67.40551084754117" lon="17.944622039794925"/><trkpt lat="67.40564275401827" lon="17.94496536254883"/><trkpt lat="67.40577465976565" lon="17.945308685302738"/><trkpt lat="67.40597251701848" lon="17.945652008056644"/><trkpt lat="67.40603846907125" lon="17.946166992187504"/><trkpt lat="67.40617037262946" lon="17.94651031494141"/><trkpt lat="67.40623632413491" lon="17.94702529907227"/><trkpt lat="67.40636822659853" lon="17.947368621826175"/><trkpt lat="67.40650012833247" lon="17.948055267333988"/><trkpt lat="67.40663202933666" lon="17.948570251464847"/><trkpt lat="67.40669797956514" lon="17.949085235595707"/><trkpt lat="67.40682987947478" lon="17.949428558349613"/><trkpt lat="67.40682987947478" lon="17.949943542480472"/><trkpt lat="67.40696177865475" lon="17.95028686523438"/><trkpt lat="67.40702772797108" lon="17.95045852661133"/><trkpt lat="67.40775315841088" lon="17.952346801757816"/><trkpt lat="67.40795099924544" lon="17.952690124511722"/><trkpt lat="67.40808289222306" lon="17.95303344726563"/><trkpt lat="67.40828073032135" lon="17.953548431396488"/><trkpt lat="67.4084126214748" lon="17.953891754150394"/><trkpt lat="67.40847856677792" lon="17.954406738281254"/><trkpt lat="67.40867640159273" lon="17.955093383789066"/><trkpt lat="67.40867640159273" lon="17.955608367919925"/><trkpt lat="67.4088082905572" lon="17.956123352050785"/><trkpt lat="67.40887423476583" lon="17.956638336181644"/><trkpt lat="67.40907206629718" lon="17.957324981689457"/><trkpt lat="67.40913800977617" lon="17.957839965820316"/><trkpt lat="67.40920395307273" lon="17.95869827270508"/><trkpt lat="67.40926989618687" lon="17.95921325683594"/><trkpt lat="67.40940178186796" lon="17.959899902343754"/><trkpt lat="67.40946772443488" lon="17.960414886474613"/><trkpt lat="67.40953366681936" lon="17.960929870605472"/><trkpt lat="67.40953366681936" lon="17.961616516113285"/><trkpt lat="67.40953366681936" lon="17.96247482299805"/><trkpt lat="67.40953366681936" lon="17.963161468505863"/><trkpt lat="67.40953366681936" lon="17.963676452636722"/><trkpt lat="67.40959960902148" lon="17.96419143676758"/><trkpt lat="67.40959960902148" lon="17.96470642089844"/><trkpt lat="67.40966555104117" lon="17.9652214050293"/><trkpt lat="67.40966555104117" lon="17.96573638916016"/><trkpt lat="67.40973149287846" lon="17.96625137329102"/><trkpt lat="67.40979743453333" lon="17.96693801879883"/><trkpt lat="67.40979743453333" lon="17.967624664306644"/><trkpt lat="67.40979743453333" lon="17.968311309814457"/><trkpt lat="67.4098633760058" lon="17.968826293945316"/><trkpt lat="67.4098633760058" lon="17.969341278076175"/><trkpt lat="67.4098633760058" lon="17.969856262207035"/><trkpt lat="67.40992931729588" lon="17.970371246337894"/><trkpt lat="67.4098633760058" lon="17.970886230468754"/><trkpt lat="67.40992931729588" lon="17.971401214599613"/><trkpt lat="67.40999525840354" lon="17.972087860107425"/><trkpt lat="67.4100611993288" lon="17.972602844238285"/><trkpt lat="67.4100611993288" lon="17.97346115112305"/><trkpt lat="67.41012714007165" lon="17.97397613525391"/><trkpt lat="67.41012714007165" lon="17.97449111938477"/><trkpt lat="67.4101930806321" lon="17.975521087646488"/><trkpt lat="67.4101930806321" lon="17.976036071777347"/><trkpt lat="67.4101930806321" lon="17.976894378662113"/><trkpt lat="67.41025902101015" lon="17.977581024169925"/><trkpt lat="67.41025902101015" lon="17.978267669677738"/><trkpt lat="67.41025902101015" lon="17.978782653808597"/><trkpt lat="67.41025902101015" lon="17.979297637939457"/><trkpt lat="67.41025902101015" lon="17.979812622070316"/><trkpt lat="67.41032496120577" lon="17.980327606201175"/><trkpt lat="67.41032496120577" lon="17.980842590332035"/><trkpt lat="67.41039090121902" lon="17.981357574462894"/><trkpt lat="67.41039090121902" lon="17.981872558593754"/><trkpt lat="67.41045684104985" lon="17.982387542724613"/><trkpt lat="67.41052278069827" lon="17.982902526855472"/><trkpt lat="67.41065465944793" lon="17.983589172363285"/><trkpt lat="67.41065465944793" lon="17.984104156494144"/><trkpt lat="67.41065465944793" lon="17.984619140625004"/><trkpt lat="67.41065465944793" lon="17.985134124755863"/><trkpt lat="67.41072059854915" lon="17.985649108886722"/><trkpt lat="67.41072059854915" lon="17.986335754394535"/><trkpt lat="67.41072059854915" lon="17.987022399902347"/><trkpt lat="67.41078653746797" lon="17.987880706787113"/><trkpt lat="67.4108524762044" lon="17.988567352294925"/><trkpt lat="67.4108524762044" lon="17.989082336425785"/><trkpt lat="67.4108524762044" lon="17.989768981933597"/><trkpt lat="67.41091841475843" lon="17.99045562744141"/><trkpt lat="67.41091841475843" lon="17.991313934326175"/><trkpt lat="67.41091841475843" lon="17.991828918457035"/><trkpt lat="67.41098435313005" lon="17.992343902587894"/><trkpt lat="67.41098435313005" lon="17.993030548095707"/><trkpt lat="67.41098435313005" lon="17.993545532226566"/><trkpt lat="67.41098435313005" lon="17.994060516357425"/><trkpt lat="67.41098435313005" lon="17.994575500488285"/><trkpt lat="67.41105029131927" lon="17.995090484619144"/><trkpt lat="67.4111162293261" lon="17.995605468750004"/><trkpt lat="67.4111162293261" lon="17.996120452880863"/><trkpt lat="67.41118216715054" lon="17.996635437011722"/><trkpt lat="67.41124810479256" lon="17.997322082519535"/><trkpt lat="67.41124810479256" lon="17.99869537353516"/><trkpt lat="67.41131404225217" lon="17.999382019042972"/><trkpt lat="67.41131404225217" lon="17.99989700317383"/><trkpt lat="67.41131404225217" lon="18.00041198730469"/><trkpt lat="67.41131404225217" lon="18.00092697143555"/><trkpt lat="67.41131404225217" lon="18.001785278320316"/><trkpt lat="67.41137997952943" lon="18.002300262451175"/><trkpt lat="67.41144591662427" lon="18.002815246582035"/><trkpt lat="67.41144591662427" lon="18.003330230712894"/><trkpt lat="67.41144591662427" lon="18.003845214843754"/><trkpt lat="67.41151185353671" lon="18.004875183105472"/><trkpt lat="67.41151185353671" lon="18.00539016723633"/><trkpt lat="67.41157779026675" lon="18.006248474121097"/><trkpt lat="67.41157779026675" lon="18.006763458251957"/><trkpt lat="67.41164372681439" lon="18.00745010375977"/><trkpt lat="67.41164372681439" lon="18.00813674926758"/><trkpt lat="67.41164372681439" lon="18.00865173339844"/><trkpt lat="67.41164372681439" lon="18.0091667175293"/><trkpt lat="67.41170966317966" lon="18.009853363037113"/><trkpt lat="67.41170966317966" lon="18.011054992675785"/><trkpt lat="67.41177559936253" lon="18.011569976806644"/><trkpt lat="67.41177559936253" lon="18.012256622314457"/><trkpt lat="67.41177559936253" lon="18.013114929199222"/><trkpt lat="67.41184153536298" lon="18.01362991333008"/><trkpt lat="67.41184153536298" lon="18.01414489746094"/><trkpt lat="67.41184153536298" lon="18.014831542968754"/><trkpt lat="67.41190747118107" lon="18.015346527099613"/><trkpt lat="67.41190747118107" lon="18.015861511230472"/><trkpt lat="67.41197340681676" lon="18.01689147949219"/><trkpt lat="67.41197340681676" lon="18.01792144775391"/><trkpt lat="67.41203934227005" lon="18.01912307739258"/><trkpt lat="67.41203934227005" lon="18.019809722900394"/><trkpt lat="67.41210527754093" lon="18.020496368408207"/><trkpt lat="67.41210527754093" lon="18.021011352539066"/><trkpt lat="67.41217121262943" lon="18.021526336669925"/><trkpt lat="67.41217121262943" lon="18.022041320800785"/><trkpt lat="67.41223714753555" lon="18.022727966308597"/><trkpt lat="67.41223714753555" lon="18.023242950439457"/><trkpt lat="67.41223714753555" lon="18.02392959594727"/><trkpt lat="67.41230308225927" lon="18.02444458007813"/><trkpt lat="67.41230308225927" lon="18.024959564208988"/><trkpt lat="67.41230308225927" lon="18.025474548339847"/><trkpt lat="67.41236901680058" lon="18.02719116210938"/><trkpt lat="67.41236901680058" lon="18.027706146240238"/><trkpt lat="67.41236901680058" lon="18.02839279174805"/><trkpt lat="67.41236901680058" lon="18.02890777587891"/><trkpt lat="67.41236901680058" lon="18.029594421386722"/><trkpt lat="67.41236901680058" lon="18.030281066894535"/><trkpt lat="67.41243495115954" lon="18.030967712402347"/><trkpt lat="67.41243495115954" lon="18.031482696533207"/><trkpt lat="67.41243495115954" lon="18.031997680664066"/><trkpt lat="67.41243495115954" lon="18.032512664794925"/><trkpt lat="67.41243495115954" lon="18.033199310302738"/><trkpt lat="67.41243495115954" lon="18.03388595581055"/><trkpt lat="67.41250088533609" lon="18.034572601318363"/><trkpt lat="67.41250088533609" lon="18.035259246826175"/><trkpt lat="67.41250088533609" lon="18.035774230957035"/><trkpt lat="67.41250088533609" lon="18.036460876464847"/><trkpt lat="67.41250088533609" lon="18.036975860595707"/><trkpt lat="67.41250088533609" lon="18.037490844726566"/><trkpt lat="67.41250088533609" lon="18.038005828857425"/><trkpt lat="67.41250088533609" lon="18.038692474365238"/><trkpt lat="67.41250088533609" lon="18.039722442626957"/><trkpt lat="67.41250088533609" lon="18.04040908813477"/><trkpt lat="67.41256681933025" lon="18.04092407226563"/><trkpt lat="67.41256681933025" lon="18.04161071777344"/><trkpt lat="67.41256681933025" lon="18.0421257019043"/><trkpt lat="67.41256681933025" lon="18.04264068603516"/><trkpt lat="67.41250088533609" lon="18.04315567016602"/><trkpt lat="67.41250088533609" lon="18.04384231567383"/><trkpt lat="67.41243495115954" lon="18.044528961181644"/><trkpt lat="67.41243495115954" lon="18.045043945312504"/><trkpt lat="67.41236901680058" lon="18.045558929443363"/><trkpt lat="67.41230308225927" lon="18.046073913574222"/><trkpt lat="67.41230308225927" lon="18.04658889770508"/><trkpt lat="67.41223714753555" lon="18.047447204589847"/><trkpt lat="67.41223714753555" lon="18.047962188720707"/><trkpt lat="67.41217121262943" lon="18.048477172851566"/><trkpt lat="67.41210527754093" lon="18.048992156982425"/><trkpt lat="67.41210527754093" lon="18.049507141113285"/><trkpt lat="67.41203934227005" lon="18.050537109375004"/><trkpt lat="67.41203934227005" lon="18.051052093505863"/><trkpt lat="67.41197340681676" lon="18.051567077636722"/><trkpt lat="67.41190747118107" lon="18.052253723144535"/><trkpt lat="67.41190747118107" lon="18.052768707275394"/><trkpt lat="67.41184153536298" lon="18.053283691406254"/><trkpt lat="67.41184153536298" lon="18.053970336914066"/><trkpt lat="67.41177559936253" lon="18.054485321044925"/><trkpt lat="67.41170966317966" lon="18.055686950683597"/><trkpt lat="67.41170966317966" lon="18.056201934814457"/><trkpt lat="67.41170966317966" lon="18.05688858032227"/><trkpt lat="67.41164372681439" lon="18.05757522583008"/><trkpt lat="67.41157779026675" lon="18.058433532714847"/><trkpt lat="67.41151185353671" lon="18.05912017822266"/><trkpt lat="67.41151185353671" lon="18.05963516235352"/><trkpt lat="67.41144591662427" lon="18.06015014648438"/><trkpt lat="67.41144591662427" lon="18.060665130615238"/><trkpt lat="67.41137997952943" lon="18.061695098876957"/><trkpt lat="67.41131404225217" lon="18.062210083007816"/><trkpt lat="67.41124810479256" lon="18.062725067138675"/><trkpt lat="67.4111162293261" lon="18.063411712646488"/><trkpt lat="67.4111162293261" lon="18.064270019531254"/><trkpt lat="67.41105029131927" lon="18.064785003662113"/><trkpt lat="67.41098435313005" lon="18.065299987792972"/><trkpt lat="67.41098435313005" lon="18.06581497192383"/><trkpt lat="67.41098435313005" lon="18.06632995605469"/><trkpt lat="67.41091841475843" lon="18.06684494018555"/><trkpt lat="67.41091841475843" lon="18.06735992431641"/><trkpt lat="67.41091841475843" lon="18.068218231201175"/><trkpt lat="67.4108524762044" lon="18.068904876708988"/><trkpt lat="67.4108524762044" lon="18.069419860839847"/><trkpt lat="67.41078653746797" lon="18.070278167724613"/><trkpt lat="67.41078653746797" lon="18.070793151855472"/><trkpt lat="67.41078653746797" lon="18.07130813598633"/><trkpt lat="67.41078653746797" lon="18.07182312011719"/><trkpt lat="67.41078653746797" lon="18.072509765625004"/><trkpt lat="67.41078653746797" lon="18.073024749755863"/><trkpt lat="67.41078653746797" lon="18.07405471801758"/><trkpt lat="67.41078653746797" lon="18.074741363525394"/><trkpt lat="67.41078653746797" lon="18.075256347656254"/><trkpt lat="67.4108524762044" lon="18.075771331787113"/><trkpt lat="67.41091841475843" lon="18.076457977294925"/><trkpt lat="67.41091841475843" lon="18.077144622802738"/><trkpt lat="67.41098435313005" lon="18.07783126831055"/><trkpt lat="67.41105029131927" lon="18.078517913818363"/><trkpt lat="67.41118216715054" lon="18.079204559326175"/><trkpt lat="67.41124810479256" lon="18.079719543457035"/><trkpt lat="67.41137997952943" lon="18.080234527587894"/><trkpt lat="67.41144591662427" lon="18.080749511718754"/><trkpt lat="67.41164372681439" lon="18.081264495849613"/><trkpt lat="67.41177559936253" lon="18.08229446411133"/><trkpt lat="67.41190747118107" lon="18.082981109619144"/><trkpt lat="67.41203934227005" lon="18.08383941650391"/><trkpt lat="67.41223714753555" lon="18.084697723388675"/><trkpt lat="67.41230308225927" lon="18.085212707519535"/><trkpt lat="67.41243495115954" lon="18.085727691650394"/><trkpt lat="67.41250088533609" lon="18.08658599853516"/><trkpt lat="67.41256681933025" lon="18.08710098266602"/><trkpt lat="67.41263275314202" lon="18.08778762817383"/><trkpt lat="67.41276462021838" lon="18.088474273681644"/><trkpt lat="67.412830553483" lon="18.088989257812504"/><trkpt lat="67.41296241946505" lon="18.089504241943363"/><trkpt lat="67.41302835218248" lon="18.090019226074222"/><trkpt lat="67.41316021707021" lon="18.090877532958988"/><trkpt lat="67.4132920812284" lon="18.09207916259766"/><trkpt lat="67.41342394465705" lon="18.09259414672852"/><trkpt lat="67.41348987609778" lon="18.09310913085938"/><trkpt lat="67.41362173843216" lon="18.093967437744144"/><trkpt lat="67.41368766932575" lon="18.094482421875004"/><trkpt lat="67.41368766932575" lon="18.094997406005863"/><trkpt lat="67.4138195305658" lon="18.095512390136722"/><trkpt lat="67.41388546091227" lon="18.096199035644535"/><trkpt lat="67.41388546091227" lon="18.096714019775394"/><trkpt lat="67.41395139107632" lon="18.097229003906254"/><trkpt lat="67.41408325085733" lon="18.09757232666016"/><trkpt lat="67.41421510990882" lon="18.09808731079102"/><trkpt lat="67.4143469682308" lon="18.09877395629883"/><trkpt lat="67.41441289711824" lon="18.09928894042969"/><trkpt lat="67.4144788258233" lon="18.09980392456055"/><trkpt lat="67.41461068268623" lon="18.100662231445316"/><trkpt lat="67.41467661084415" lon="18.10134887695313"/><trkpt lat="67.41467661084415" lon="18.101863861083988"/><trkpt lat="67.41467661084415" lon="18.102378845214847"/><trkpt lat="67.41467661084415" lon="18.102893829345707"/><trkpt lat="67.41474253881968" lon="18.103923797607425"/><trkpt lat="67.41474253881968" lon="18.104438781738285"/><trkpt lat="67.41474253881968" lon="18.104953765869144"/><trkpt lat="67.41487439422363" lon="18.105468750000004"/><trkpt lat="67.41487439422363" lon="18.105983734130863"/><trkpt lat="67.41494032165207" lon="18.106498718261722"/><trkpt lat="67.41500624889808" lon="18.107185363769535"/><trkpt lat="67.41507217596175" lon="18.107872009277347"/><trkpt lat="67.41507217596175" lon="18.108386993408207"/><trkpt lat="67.41513810284304" lon="18.10907363891602"/><trkpt lat="67.41526995605851" lon="18.10958862304688"/><trkpt lat="67.4153358823927" lon="18.110103607177738"/><trkpt lat="67.41540180854449" lon="18.110618591308597"/><trkpt lat="67.41546773451394" lon="18.111133575439457"/><trkpt lat="67.415533660301" lon="18.111648559570316"/><trkpt lat="67.41566551132799" lon="18.112163543701175"/><trkpt lat="67.41579736162554" lon="18.112678527832035"/><trkpt lat="67.41599513570407" lon="18.113193511962894"/><trkpt lat="67.41612698417792" lon="18.113708496093754"/><trkpt lat="67.4162588319223" lon="18.11405181884766"/><trkpt lat="67.41645660217115" lon="18.11456680297852"/><trkpt lat="67.41658844809189" lon="18.114910125732425"/><trkpt lat="67.41672029328316" lon="18.11525344848633"/><trkpt lat="67.41685213774498" lon="18.115596771240238"/><trkpt lat="67.41698398147737" lon="18.115940093994144"/><trkpt lat="67.4171158244803" lon="18.11628341674805"/><trkpt lat="67.41724766675381" lon="18.116626739501957"/><trkpt lat="67.41744542879636" lon="18.116970062255863"/><trkpt lat="67.41757726924627" lon="18.11731338500977"/><trkpt lat="67.41770910896672" lon="18.11782836914063"/><trkpt lat="67.41784094795777" lon="18.118171691894535"/><trkpt lat="67.41797278621941" lon="18.11851501464844"/><trkpt lat="67.41810462375159" lon="18.1190299987793"/><trkpt lat="67.4182364605544" lon="18.119373321533207"/><trkpt lat="67.41850013197173" lon="18.12005996704102"/><trkpt lat="67.4186319665863" lon="18.120403289794925"/><trkpt lat="67.41876380047144" lon="18.120918273925785"/><trkpt lat="67.41889563362722" lon="18.121433258056644"/><trkpt lat="67.41909338199322" lon="18.122119903564457"/><trkpt lat="67.41915929775054" lon="18.122634887695316"/><trkpt lat="67.41929112871811" lon="18.123149871826175"/><trkpt lat="67.4194229589563" lon="18.123664855957035"/><trkpt lat="67.41955478846512" lon="18.12400817871094"/><trkpt lat="67.41962070294602" lon="18.1245231628418"/><trkpt lat="67.41975253136076" lon="18.12503814697266"/><trkpt lat="67.41995027261528" lon="18.125724792480472"/><trkpt lat="67.42008209920658" lon="18.126411437988285"/><trkpt lat="67.420279837726" lon="18.12675476074219"/><trkpt lat="67.42041166249389" lon="18.127098083496097"/><trkpt lat="67.42060939827822" lon="18.127441406250004"/><trkpt lat="67.42087304343788" lon="18.127956390380863"/><trkpt lat="67.4210707753931" lon="18.12829971313477"/><trkpt lat="67.4212685057073" lon="18.128643035888675"/><trkpt lat="67.42140032500512" lon="18.12898635864258"/><trkpt lat="67.4215980525843" lon="18.129329681396488"/><trkpt lat="67.42179577852251" lon="18.12950134277344"/><trkpt lat="67.421927594903" lon="18.129844665527347"/><trkpt lat="67.42212531810627" lon="18.130187988281254"/><trkpt lat="67.42232303966857" lon="18.13053131103516"/><trkpt lat="67.42252075958991" lon="18.130702972412113"/><trkpt lat="67.42265257195918" lon="18.131217956542972"/><trkpt lat="67.42285028914566" lon="18.13156127929688"/><trkpt lat="67.42298209969168" lon="18.131904602050785"/><trkpt lat="67.42317981414328" lon="18.13224792480469"/><trkpt lat="67.42350933458286" lon="18.132934570312504"/><trkpt lat="67.42370704465876" lon="18.13327789306641"/><trkpt lat="67.42390475309382" lon="18.133621215820316"/><trkpt lat="67.42410245988799" lon="18.13379287719727"/><trkpt lat="67.42423426350588" lon="18.13430786132813"/><trkpt lat="67.42436606639448" lon="18.134651184082035"/><trkpt lat="67.42449786855384" lon="18.13499450683594"/><trkpt lat="67.42462966998393" lon="18.1355094909668"/><trkpt lat="67.42476147068479" lon="18.135852813720707"/><trkpt lat="67.42495917036872" lon="18.136196136474613"/><trkpt lat="67.42509096924645" lon="18.13653945922852"/><trkpt lat="67.42528866619575" lon="18.136711120605472"/><trkpt lat="67.42535456481423" lon="18.137397766113285"/><trkpt lat="67.42548636150423" lon="18.13774108886719"/><trkpt lat="67.42568405517197" lon="18.138084411621097"/><trkpt lat="67.42588174719896" lon="18.13825607299805"/><trkpt lat="67.42594764417667" lon="18.13877105712891"/><trkpt lat="67.42607943758522" lon="18.13877105712891"/><trkpt lat="67.4265407087725" lon="18.140316009521488"/></trkseg></trk></gpx>