<?xml version="1.0" encoding="utf-8" standalone="yes"?>
<gpx version="1.1" creator="GPS Visualizer https://www.gpsvisualizer.com/" xmlns="http://www.topografix.com/GPX/1/1" xmlns:xsi="http://www.w3.org/2001/XMLSchema-instance" xsi:schemaLocation="http://www.topografix.com/GPX/1/1 http://www.topografix.com/GPX/1/1/gpx.xsd">
<trk>
  <name>Day 1</name>
  <trkseg>
    <trkpt lat="67.647210806" lon="17.36998558">
      <ele>449.138</ele>
    </trkpt>
    <trkpt lat="67.647242971" lon="17.369917155">
      <ele>449.149</ele>
    </trkpt>
    <trkpt lat="67.64721" lon="17.36981">
      <ele>449.832</ele>
    </trkpt>
    <trkpt lat="67.64713" lon="17.36972">
      <ele>451.344</ele>
    </trkpt>
    <trkpt lat="67.64702" lon="17.36946">
      <ele>454.8</ele>
    </trkpt>
    <trkpt lat="67.64702" lon="17.36946">
      <ele>454.8</ele>
    </trkpt>
    <trkpt lat="67.6468" lon="17.36938">
      <ele>457.615</ele>
    </trkpt>
    <trkpt lat="67.64669" lon="17.36937">
      <ele>458.391</ele>
    </trkpt>
    <trkpt lat="67.64661" lon="17.36925">
      <ele>459.808</ele>
    </trkpt>
    <trkpt lat="67.64654" lon="17.36902">
      <ele>461.727</ele>
    </trkpt>
    <trkpt lat="67.6463" lon="17.36812">
      <ele>466.408</ele>
    </trkpt>
    <trkpt lat="67.6462" lon="17.36787">
      <ele>468.028</ele>
    </trkpt>
    <trkpt lat="67.64619" lon="17.36741">
      <ele>470.272</ele>
    </trkpt>
    <trkpt lat="67.6461" lon="17.36719">
      <ele>472.236</ele>
    </trkpt>
    <trkpt lat="67.64609" lon="17.36704">
      <ele>472.884</ele>
    </trkpt>
    <trkpt lat="67.64609" lon="17.36704">
      <ele>472.884</ele>
    </trkpt>
    <trkpt lat="67.64596" lon="17.36678">
      <ele>475.816</ele>
    </trkpt>
    <trkpt lat="67.6454" lon="17.36578">
      <ele>485.42</ele>
    </trkpt>
    <trkpt lat="67.64484" lon="17.36508">
      <ele>490.878</ele>
    </trkpt>
    <trkpt lat="67.64412" lon="17.36423">
      <ele>490.474</ele>
    </trkpt>
    <trkpt lat="67.6439" lon="17.36387">
      <ele>490.145</ele>
    </trkpt>
    <trkpt lat="67.64358" lon="17.36356">
      <ele>490.184</ele>
    </trkpt>
    <trkpt lat="67.64344" lon="17.36361">
      <ele>490.004</ele>
    </trkpt>
    <trkpt lat="67.64319" lon="17.36341">
      <ele>490.724</ele>
    </trkpt>
    <trkpt lat="67.64288" lon="17.36336">
      <ele>490.333</ele>
    </trkpt>
    <trkpt lat="67.64268" lon="17.36328">
      <ele>490.192</ele>
    </trkpt>
    <trkpt lat="67.64268" lon="17.36328">
      <ele>490.192</ele>
    </trkpt>
    <trkpt lat="67.64248" lon="17.36325">
      <ele>490.3</ele>
    </trkpt>
    <trkpt lat="67.64232" lon="17.36342">
      <ele>489.688</ele>
    </trkpt>
    <trkpt lat="67.64208" lon="17.3633">
      <ele>489.608</ele>
    </trkpt>
    <trkpt lat="67.64175" lon="17.36287">
      <ele>489.968</ele>
    </trkpt>
    <trkpt lat="67.64101" lon="17.36169">
      <ele>490.916</ele>
    </trkpt>
    <trkpt lat="67.64097" lon="17.36156">
      <ele>491.384</ele>
    </trkpt>
    <trkpt lat="67.64061" lon="17.36135">
      <ele>491.336</ele>
    </trkpt>
    <trkpt lat="67.64031" lon="17.36125">
      <ele>490.616</ele>
    </trkpt>
    <trkpt lat="67.64003" lon="17.36085">
      <ele>491.048</ele>
    </trkpt>
    <trkpt lat="67.63976" lon="17.36078">
      <ele>490.328</ele>
    </trkpt>
    <trkpt lat="67.63955" lon="17.36067">
      <ele>489.968</ele>
    </trkpt>
    <trkpt lat="67.63934" lon="17.36076">
      <ele>488.512</ele>
    </trkpt>
    <trkpt lat="67.63913" lon="17.36079">
      <ele>486.913</ele>
    </trkpt>
    <trkpt lat="67.63889" lon="17.3607">
      <ele>485.966</ele>
    </trkpt>
    <trkpt lat="67.63874" lon="17.36044">
      <ele>486.344</ele>
    </trkpt>
    <trkpt lat="67.63857" lon="17.36036">
      <ele>485.408</ele>
    </trkpt>
    <trkpt lat="67.6381" lon="17.35976">
      <ele>485.07</ele>
    </trkpt>
    <trkpt lat="67.63792" lon="17.3597">
      <ele>484.104</ele>
    </trkpt>
    <trkpt lat="67.63721" lon="17.36013">
      <ele>477.444</ele>
    </trkpt>
    <trkpt lat="67.63676" lon="17.36027">
      <ele>473.7</ele>
    </trkpt>
    <trkpt lat="67.6367" lon="17.36026">
      <ele>473.304</ele>
    </trkpt>
    <trkpt lat="67.63652" lon="17.35989">
      <ele>473.34</ele>
    </trkpt>
    <trkpt lat="67.63643" lon="17.35979">
      <ele>473.052</ele>
    </trkpt>
    <trkpt lat="67.63621" lon="17.3598">
      <ele>471.432</ele>
    </trkpt>
    <trkpt lat="67.63578" lon="17.36009">
      <ele>468.546</ele>
    </trkpt>
    <trkpt lat="67.63517" lon="17.36027">
      <ele>468.388</ele>
    </trkpt>
    <trkpt lat="67.63498" lon="17.36023">
      <ele>469.012</ele>
    </trkpt>
    <trkpt lat="67.63474" lon="17.36026">
      <ele>469.06</ele>
    </trkpt>
    <trkpt lat="67.63452" lon="17.36023">
      <ele>469.172</ele>
    </trkpt>
    <trkpt lat="67.63432" lon="17.36012">
      <ele>468.672</ele>
    </trkpt>
    <trkpt lat="67.63432" lon="17.36012">
      <ele>468.672</ele>
    </trkpt>
    <trkpt lat="67.63405" lon="17.35997">
      <ele>467.205</ele>
    </trkpt>
    <trkpt lat="67.63405" lon="17.35997">
      <ele>467.205</ele>
    </trkpt>
    <trkpt lat="67.63367" lon="17.35998">
      <ele>464.496</ele>
    </trkpt>
    <trkpt lat="67.63356" lon="17.35991">
      <ele>464.324</ele>
    </trkpt>
    <trkpt lat="67.63346" lon="17.35979">
      <ele>464.756</ele>
    </trkpt>
    <trkpt lat="67.63282" lon="17.36001">
      <ele>464.817</ele>
    </trkpt>
    <trkpt lat="67.6325" lon="17.36038">
      <ele>463.632</ele>
    </trkpt>
    <trkpt lat="67.63208" lon="17.36037">
      <ele>464.342</ele>
    </trkpt>
    <trkpt lat="67.63182" lon="17.36085">
      <ele>463.421</ele>
    </trkpt>
    <trkpt lat="67.63143" lon="17.36172">
      <ele>460.148</ele>
    </trkpt>
    <trkpt lat="67.63077" lon="17.36164">
      <ele>455.846</ele>
    </trkpt>
    <trkpt lat="67.63067" lon="17.36147">
      <ele>455.704</ele>
    </trkpt>
    <trkpt lat="67.63067" lon="17.36147">
      <ele>455.704</ele>
    </trkpt>
    <trkpt lat="67.63059" lon="17.36146">
      <ele>455.216</ele>
    </trkpt>
    <trkpt lat="67.63059" lon="17.36146">
      <ele>455.216</ele>
    </trkpt>
    <trkpt lat="67.63042" lon="17.36124">
      <ele>456.024</ele>
    </trkpt>
    <trkpt lat="67.63032" lon="17.36134">
      <ele>456.024</ele>
    </trkpt>
    <trkpt lat="67.63025" lon="17.36149">
      <ele>456.3</ele>
    </trkpt>
    <trkpt lat="67.63018" lon="17.36157">
      <ele>457.056</ele>
    </trkpt>
    <trkpt lat="67.62993" lon="17.36147">
      <ele>460.008</ele>
    </trkpt>
    <trkpt lat="67.62943" lon="17.3611">
      <ele>466.054</ele>
    </trkpt>
    <trkpt lat="67.62921" lon="17.361">
      <ele>467.182</ele>
    </trkpt>
    <trkpt lat="67.6288" lon="17.36095">
      <ele>468.9</ele>
    </trkpt>
    <trkpt lat="67.62835" lon="17.36139">
      <ele>469.936</ele>
    </trkpt>
    <trkpt lat="67.62817" lon="17.36155">
      <ele>470.349</ele>
    </trkpt>
    <trkpt lat="67.62773" lon="17.36178">
      <ele>473.344</ele>
    </trkpt>
    <trkpt lat="67.62745" lon="17.36197">
      <ele>475.105</ele>
    </trkpt>
    <trkpt lat="67.6271" lon="17.3624">
      <ele>476.158</ele>
    </trkpt>
    <trkpt lat="67.62689" lon="17.36279">
      <ele>476.196</ele>
    </trkpt>
    <trkpt lat="67.62659" lon="17.36315">
      <ele>477.182</ele>
    </trkpt>
    <trkpt lat="67.62644" lon="17.36344">
      <ele>476.929</ele>
    </trkpt>
    <trkpt lat="67.62595" lon="17.36389">
      <ele>476.0</ele>
    </trkpt>
    <trkpt lat="67.62595" lon="17.36389">
      <ele>476.0</ele>
    </trkpt>
    <trkpt lat="67.62581" lon="17.36402">
      <ele>475.96</ele>
    </trkpt>
    <trkpt lat="67.62557" lon="17.36433">
      <ele>475.052</ele>
    </trkpt>
    <trkpt lat="67.62541" lon="17.36446">
      <ele>474.971</ele>
    </trkpt>
    <trkpt lat="67.62514" lon="17.3646">
      <ele>473.944</ele>
    </trkpt>
    <trkpt lat="67.62486" lon="17.36458">
      <ele>474.016</ele>
    </trkpt>
    <trkpt lat="67.62475" lon="17.36461">
      <ele>474.304</ele>
    </trkpt>
    <trkpt lat="67.62467" lon="17.36453">
      <ele>474.692</ele>
    </trkpt>
    <trkpt lat="67.62447" lon="17.36459">
      <ele>474.476</ele>
    </trkpt>
    <trkpt lat="67.62426" lon="17.36469">
      <ele>474.116</ele>
    </trkpt>
    <trkpt lat="67.62413" lon="17.36481">
      <ele>473.684</ele>
    </trkpt>
    <trkpt lat="67.62368" lon="17.36493">
      <ele>473.252</ele>
    </trkpt>
    <trkpt lat="67.62346" lon="17.3648">
      <ele>473.568</ele>
    </trkpt>
    <trkpt lat="67.62315" lon="17.36484">
      <ele>472.492</ele>
    </trkpt>
    <trkpt lat="67.62306" lon="17.36478">
      <ele>472.6</ele>
    </trkpt>
    <trkpt lat="67.62293" lon="17.36482">
      <ele>471.551</ele>
    </trkpt>
    <trkpt lat="67.62281" lon="17.36482">
      <ele>470.839</ele>
    </trkpt>
    <trkpt lat="67.62266" lon="17.36468">
      <ele>470.816</ele>
    </trkpt>
    <trkpt lat="67.62248" lon="17.36464">
      <ele>470.224</ele>
    </trkpt>
    <trkpt lat="67.62209" lon="17.36485">
      <ele>469.476</ele>
    </trkpt>
    <trkpt lat="67.62178" lon="17.36467">
      <ele>470.78</ele>
    </trkpt>
    <trkpt lat="67.6215" lon="17.36446">
      <ele>472.544</ele>
    </trkpt>
    <trkpt lat="67.62132" lon="17.36443">
      <ele>473.3</ele>
    </trkpt>
    <trkpt lat="67.62095" lon="17.3643">
      <ele>474.822</ele>
    </trkpt>
    <trkpt lat="67.62079" lon="17.36439">
      <ele>474.236</ele>
    </trkpt>
    <trkpt lat="67.62058" lon="17.3643">
      <ele>474.128</ele>
    </trkpt>
    <trkpt lat="67.62045" lon="17.36439">
      <ele>473.012</ele>
    </trkpt>
    <trkpt lat="67.62014" lon="17.36439">
      <ele>471.799</ele>
    </trkpt>
    <trkpt lat="67.62002" lon="17.36449">
      <ele>470.908</ele>
    </trkpt>
    <trkpt lat="67.61969" lon="17.36457">
      <ele>469.548</ele>
    </trkpt>
    <trkpt lat="67.6195" lon="17.36499">
      <ele>468.036</ele>
    </trkpt>
    <trkpt lat="67.61917" lon="17.36547">
      <ele>465.32</ele>
    </trkpt>
    <trkpt lat="67.61885" lon="17.36523">
      <ele>465.884</ele>
    </trkpt>
    <trkpt lat="67.61874" lon="17.36525">
      <ele>465.518</ele>
    </trkpt>
    <trkpt lat="67.61863" lon="17.36539">
      <ele>465.041</ele>
    </trkpt>
    <trkpt lat="67.61857" lon="17.36542">
      <ele>464.924</ele>
    </trkpt>
    <trkpt lat="67.61847" lon="17.36541">
      <ele>464.758</ele>
    </trkpt>
    <trkpt lat="67.61818" lon="17.36558">
      <ele>463.951</ele>
    </trkpt>
    <trkpt lat="67.61815" lon="17.36559">
      <ele>463.918</ele>
    </trkpt>
    <trkpt lat="67.6181" lon="17.3655">
      <ele>464.032</ele>
    </trkpt>
    <trkpt lat="67.61803" lon="17.36553">
      <ele>463.916</ele>
    </trkpt>
    <trkpt lat="67.61791" lon="17.36566">
      <ele>463.1</ele>
    </trkpt>
    <trkpt lat="67.61769" lon="17.36558">
      <ele>462.28</ele>
    </trkpt>
    <trkpt lat="67.61759" lon="17.36565">
      <ele>461.308</ele>
    </trkpt>
    <trkpt lat="67.61759" lon="17.36565">
      <ele>461.308</ele>
    </trkpt>
    <trkpt lat="67.61739" lon="17.36592">
      <ele>459.688</ele>
    </trkpt>
    <trkpt lat="67.61741" lon="17.36606">
      <ele>459.184</ele>
    </trkpt>
    <trkpt lat="67.61741" lon="17.36606">
      <ele>459.184</ele>
    </trkpt>
    <trkpt lat="67.61727" lon="17.36622">
      <ele>458.608</ele>
    </trkpt>
    <trkpt lat="67.61727" lon="17.36622">
      <ele>458.608</ele>
    </trkpt>
    <trkpt lat="67.61724" lon="17.36625">
      <ele>458.5</ele>
    </trkpt>
    <trkpt lat="67.61701" lon="17.36613">
      <ele>459.696</ele>
    </trkpt>
    <trkpt lat="67.61691" lon="17.36614">
      <ele>460.02</ele>
    </trkpt>
    <trkpt lat="67.61686" lon="17.36628">
      <ele>459.696</ele>
    </trkpt>
    <trkpt lat="67.61686" lon="17.36628">
      <ele>459.696</ele>
    </trkpt>
    <trkpt lat="67.61678" lon="17.36792">
      <ele>462.103</ele>
    </trkpt>
    <trkpt lat="67.61678" lon="17.36792">
      <ele>462.103</ele>
    </trkpt>
    <trkpt lat="67.61674" lon="17.36802">
      <ele>463.594</ele>
    </trkpt>
    <trkpt lat="67.61663" lon="17.36806">
      <ele>465.562</ele>
    </trkpt>
    <trkpt lat="67.6163" lon="17.36781">
      <ele>467.308</ele>
    </trkpt>
    <trkpt lat="67.61611" lon="17.36789">
      <ele>470.224</ele>
    </trkpt>
    <trkpt lat="67.61597" lon="17.36815">
      <ele>474.717</ele>
    </trkpt>
    <trkpt lat="67.61595" lon="17.36838">
      <ele>477.992</ele>
    </trkpt>
    <trkpt lat="67.61571" lon="17.36934">
      <ele>494.272</ele>
    </trkpt>
    <trkpt lat="67.61553" lon="17.36961">
      <ele>498.78</ele>
    </trkpt>
    <trkpt lat="67.61537" lon="17.36949">
      <ele>499.5</ele>
    </trkpt>
    <trkpt lat="67.61525" lon="17.3693">
      <ele>498.692</ele>
    </trkpt>
    <trkpt lat="67.61492" lon="17.36914">
      <ele>500.288</ele>
    </trkpt>
    <trkpt lat="67.61456" lon="17.36882">
      <ele>500.256</ele>
    </trkpt>
    <trkpt lat="67.6141" lon="17.36793">
      <ele>498.472</ele>
    </trkpt>
    <trkpt lat="67.61343" lon="17.36753">
      <ele>502.45</ele>
    </trkpt>
    <trkpt lat="67.61329" lon="17.36752">
      <ele>503.384</ele>
    </trkpt>
    <trkpt lat="67.61308" lon="17.36765">
      <ele>505.364</ele>
    </trkpt>
    <trkpt lat="67.61301" lon="17.36757">
      <ele>505.416</ele>
    </trkpt>
    <trkpt lat="67.61264" lon="17.36636">
      <ele>505.436</ele>
    </trkpt>
    <trkpt lat="67.61241" lon="17.36588">
      <ele>506.762</ele>
    </trkpt>
    <trkpt lat="67.61234" lon="17.3657">
      <ele>506.876</ele>
    </trkpt>
    <trkpt lat="67.61211" lon="17.36483">
      <ele>506.039</ele>
    </trkpt>
    <trkpt lat="67.61203" lon="17.36431">
      <ele>505.235</ele>
    </trkpt>
    <trkpt lat="67.61195" lon="17.364">
      <ele>505.34</ele>
    </trkpt>
    <trkpt lat="67.61171" lon="17.36349">
      <ele>505.776</ele>
    </trkpt>
    <trkpt lat="67.61168" lon="17.36293">
      <ele>504.904</ele>
    </trkpt>
    <trkpt lat="67.61148" lon="17.36164">
      <ele>503.576</ele>
    </trkpt>
    <trkpt lat="67.61116" lon="17.36059">
      <ele>502.67</ele>
    </trkpt>
    <trkpt lat="67.61102" lon="17.36033">
      <ele>502.516</ele>
    </trkpt>
    <trkpt lat="67.61092" lon="17.36008">
      <ele>502.466</ele>
    </trkpt>
    <trkpt lat="67.61072" lon="17.35946">
      <ele>502.033</ele>
    </trkpt>
    <trkpt lat="67.61059" lon="17.3584">
      <ele>499.24</ele>
    </trkpt>
    <trkpt lat="67.61059" lon="17.3584">
      <ele>499.24</ele>
    </trkpt>
    <trkpt lat="67.61053" lon="17.35802">
      <ele>497.872</ele>
    </trkpt>
    <trkpt lat="67.61047" lon="17.3573">
      <ele>495.81</ele>
    </trkpt>
    <trkpt lat="67.6104" lon="17.35695">
      <ele>495.14</ele>
    </trkpt>
    <trkpt lat="67.61033" lon="17.35649">
      <ele>495.624</ele>
    </trkpt>
    <trkpt lat="67.61012" lon="17.35604">
      <ele>497.704</ele>
    </trkpt>
    <trkpt lat="67.60972" lon="17.35546">
      <ele>500.672</ele>
    </trkpt>
    <trkpt lat="67.60935" lon="17.35457">
      <ele>501.154</ele>
    </trkpt>
    <trkpt lat="67.60931" lon="17.35432">
      <ele>500.783</ele>
    </trkpt>
    <trkpt lat="67.60928" lon="17.35389">
      <ele>500.002</ele>
    </trkpt>
    <trkpt lat="67.60926" lon="17.35268">
      <ele>494.984</ele>
    </trkpt>
    <trkpt lat="67.60922" lon="17.35237">
      <ele>493.634</ele>
    </trkpt>
    <trkpt lat="67.60922" lon="17.35237">
      <ele>493.634</ele>
    </trkpt>
    <trkpt lat="67.60909" lon="17.3518">
      <ele>491.624</ele>
    </trkpt>
    <trkpt lat="67.60899" lon="17.35152">
      <ele>491.108</ele>
    </trkpt>
    <trkpt lat="67.60886" lon="17.35129">
      <ele>490.852</ele>
    </trkpt>
    <trkpt lat="67.60873" lon="17.35096">
      <ele>491.377</ele>
    </trkpt>
    <trkpt lat="67.60847" lon="17.35081">
      <ele>492.508</ele>
    </trkpt>
    <trkpt lat="67.60847" lon="17.35081">
      <ele>492.508</ele>
    </trkpt>
    <trkpt lat="67.60847" lon="17.35056">
      <ele>492.508</ele>
    </trkpt>
    <trkpt lat="67.60847" lon="17.35056">
      <ele>492.508</ele>
    </trkpt>
    <trkpt lat="67.60846" lon="17.35">
      <ele>493.088</ele>
    </trkpt>
    <trkpt lat="67.60816" lon="17.3486">
      <ele>498.04</ele>
    </trkpt>
    <trkpt lat="67.608" lon="17.34805">
      <ele>499.02</ele>
    </trkpt>
    <trkpt lat="67.60785" lon="17.34738">
      <ele>501.0</ele>
    </trkpt>
    <trkpt lat="67.60773" lon="17.34696">
      <ele>501.944</ele>
    </trkpt>
    <trkpt lat="67.6074" lon="17.34654">
      <ele>503.0</ele>
    </trkpt>
    <trkpt lat="67.60718" lon="17.34645">
      <ele>502.967</ele>
    </trkpt>
    <trkpt lat="67.607" lon="17.34623">
      <ele>503.114</ele>
    </trkpt>
    <trkpt lat="67.60693" lon="17.3461">
      <ele>503.038</ele>
    </trkpt>
    <trkpt lat="67.60681" lon="17.34559">
      <ele>503.94</ele>
    </trkpt>
    <trkpt lat="67.60673" lon="17.34488">
      <ele>505.0</ele>
    </trkpt>
    <trkpt lat="67.60672" lon="17.34435">
      <ele>505.34</ele>
    </trkpt>
    <trkpt lat="67.60668" lon="17.34371">
      <ele>506.0</ele>
    </trkpt>
    <trkpt lat="67.6067" lon="17.34321">
      <ele>507.0</ele>
    </trkpt>
    <trkpt lat="67.60669" lon="17.34291">
      <ele>507.0</ele>
    </trkpt>
    <trkpt lat="67.60671" lon="17.34141">
      <ele>508.0</ele>
    </trkpt>
    <trkpt lat="67.60673" lon="17.3412">
      <ele>508.525</ele>
    </trkpt>
    <trkpt lat="67.60669" lon="17.34085">
      <ele>508.916</ele>
    </trkpt>
    <trkpt lat="67.60639" lon="17.33902">
      <ele>512.522</ele>
    </trkpt>
    <trkpt lat="67.6063" lon="17.33865">
      <ele>513.595</ele>
    </trkpt>
    <trkpt lat="67.60628" lon="17.33845">
      <ele>514.364</ele>
    </trkpt>
    <trkpt lat="67.60619" lon="17.33815">
      <ele>515.432</ele>
    </trkpt>
    <trkpt lat="67.60601" lon="17.33777">
      <ele>518.092</ele>
    </trkpt>
    <trkpt lat="67.60579" lon="17.33739">
      <ele>520.312</ele>
    </trkpt>
    <trkpt lat="67.60568" lon="17.33708">
      <ele>521.387</ele>
    </trkpt>
    <trkpt lat="67.60551" lon="17.33643">
      <ele>522.452</ele>
    </trkpt>
    <trkpt lat="67.60551" lon="17.33643">
      <ele>522.452</ele>
    </trkpt>
    <trkpt lat="67.60547" lon="17.3363">
      <ele>522.616</ele>
    </trkpt>
    <trkpt lat="67.60541" lon="17.33586">
      <ele>522.144</ele>
    </trkpt>
    <trkpt lat="67.60535" lon="17.33565">
      <ele>522.48</ele>
    </trkpt>
    <trkpt lat="67.6052" lon="17.33502">
      <ele>522.612</ele>
    </trkpt>
    <trkpt lat="67.60509" lon="17.33435">
      <ele>522.566</ele>
    </trkpt>
    <trkpt lat="67.60499" lon="17.3336">
      <ele>522.036</ele>
    </trkpt>
    <trkpt lat="67.60477" lon="17.33229">
      <ele>521.698</ele>
    </trkpt>
    <trkpt lat="67.60445" lon="17.3311">
      <ele>520.94</ele>
    </trkpt>
    <trkpt lat="67.6043" lon="17.33013">
      <ele>520.265</ele>
    </trkpt>
    <trkpt lat="67.60412" lon="17.3293">
      <ele>520.249</ele>
    </trkpt>
    <trkpt lat="67.60412" lon="17.32824">
      <ele>519.336</ele>
    </trkpt>
    <trkpt lat="67.60412" lon="17.32764">
      <ele>519.168</ele>
    </trkpt>
    <trkpt lat="67.60408" lon="17.32727">
      <ele>518.742</ele>
    </trkpt>
    <trkpt lat="67.604" lon="17.32678">
      <ele>518.845</ele>
    </trkpt>
    <trkpt lat="67.60381" lon="17.32601">
      <ele>518.739</ele>
    </trkpt>
    <trkpt lat="67.60377" lon="17.3258">
      <ele>518.377</ele>
    </trkpt>
    <trkpt lat="67.60372" lon="17.32521">
      <ele>517.364</ele>
    </trkpt>
    <trkpt lat="67.60369" lon="17.3247">
      <ele>516.716</ele>
    </trkpt>
    <trkpt lat="67.60364" lon="17.32446">
      <ele>516.896</ele>
    </trkpt>
    <trkpt lat="67.60357" lon="17.32431">
      <ele>517.148</ele>
    </trkpt>
    <trkpt lat="67.60344" lon="17.32433">
      <ele>517.616</ele>
    </trkpt>
    <trkpt lat="67.60325" lon="17.32386">
      <ele>519.3</ele>
    </trkpt>
    <trkpt lat="67.60288" lon="17.32282">
      <ele>520.632</ele>
    </trkpt>
    <trkpt lat="67.60277" lon="17.32233">
      <ele>521.433</ele>
    </trkpt>
    <trkpt lat="67.60263" lon="17.32189">
      <ele>521.532</ele>
    </trkpt>
    <trkpt lat="67.6025" lon="17.32126">
      <ele>521.536</ele>
    </trkpt>
    <trkpt lat="67.6024" lon="17.32095">
      <ele>520.78</ele>
    </trkpt>
    <trkpt lat="67.6022" lon="17.31932">
      <ele>520.528</ele>
    </trkpt>
    <trkpt lat="67.60217" lon="17.3189">
      <ele>521.188</ele>
    </trkpt>
    <trkpt lat="67.60211" lon="17.31879">
      <ele>521.76</ele>
    </trkpt>
    <trkpt lat="67.60191" lon="17.31866">
      <ele>522.948</ele>
    </trkpt>
    <trkpt lat="67.60174" lon="17.3185">
      <ele>523.736</ele>
    </trkpt>
    <trkpt lat="67.60152" lon="17.31822">
      <ele>524.936</ele>
    </trkpt>
    <trkpt lat="67.60138" lon="17.3177">
      <ele>526.303</ele>
    </trkpt>
    <trkpt lat="67.6013" lon="17.31746">
      <ele>527.046</ele>
    </trkpt>
    <trkpt lat="67.60118" lon="17.31692">
      <ele>527.752</ele>
    </trkpt>
    <trkpt lat="67.60085" lon="17.31599">
      <ele>529.41</ele>
    </trkpt>
    <trkpt lat="67.60085" lon="17.31599">
      <ele>529.41</ele>
    </trkpt>
    <trkpt lat="67.60069" lon="17.31537">
      <ele>530.516</ele>
    </trkpt>
    <trkpt lat="67.60065" lon="17.31525">
      <ele>530.66</ele>
    </trkpt>
    <trkpt lat="67.60046" lon="17.31504">
      <ele>531.344</ele>
    </trkpt>
    <trkpt lat="67.60038" lon="17.31481">
      <ele>531.2</ele>
    </trkpt>
    <trkpt lat="67.60013" lon="17.31445">
      <ele>530.031</ele>
    </trkpt>
    <trkpt lat="67.60013" lon="17.31445">
      <ele>530.031</ele>
    </trkpt>
    <trkpt lat="67.6001" lon="17.3144">
      <ele>529.84</ele>
    </trkpt>
    <trkpt lat="67.60004" lon="17.31417">
      <ele>529.012</ele>
    </trkpt>
    <trkpt lat="67.60004" lon="17.31359">
      <ele>528.065</ele>
    </trkpt>
    <trkpt lat="67.60006" lon="17.31304">
      <ele>529.828</ele>
    </trkpt>
    <trkpt lat="67.60019" lon="17.31263">
      <ele>529.996</ele>
    </trkpt>
    <trkpt lat="67.60026" lon="17.31211">
      <ele>531.064</ele>
    </trkpt>
    <trkpt lat="67.60033" lon="17.31183">
      <ele>531.036</ele>
    </trkpt>
    <trkpt lat="67.60039" lon="17.31126">
      <ele>531.192</ele>
    </trkpt>
    <trkpt lat="67.60039" lon="17.31096">
      <ele>530.648</ele>
    </trkpt>
    <trkpt lat="67.60035" lon="17.31059">
      <ele>530.48</ele>
    </trkpt>
    <trkpt lat="67.6004" lon="17.31004">
      <ele>530.416</ele>
    </trkpt>
    <trkpt lat="67.60045" lon="17.30992">
      <ele>530.668</ele>
    </trkpt>
    <trkpt lat="67.6007" lon="17.30949">
      <ele>530.395</ele>
    </trkpt>
    <trkpt lat="67.60076" lon="17.30934">
      <ele>530.64</ele>
    </trkpt>
    <trkpt lat="67.60085" lon="17.30896">
      <ele>531.639</ele>
    </trkpt>
    <trkpt lat="67.60085" lon="17.30896">
      <ele>531.639</ele>
    </trkpt>
    <trkpt lat="67.60095" lon="17.3083">
      <ele>532.21</ele>
    </trkpt>
    <trkpt lat="67.60097" lon="17.30741">
      <ele>532.508</ele>
    </trkpt>
    <trkpt lat="67.60085" lon="17.30663">
      <ele>532.94</ele>
    </trkpt>
    <trkpt lat="67.60085" lon="17.30663">
      <ele>532.94</ele>
    </trkpt>
    <trkpt lat="67.60074" lon="17.30621">
      <ele>533.336</ele>
    </trkpt>
    <trkpt lat="67.60042" lon="17.30485">
      <ele>533.0</ele>
    </trkpt>
    <trkpt lat="67.60034" lon="17.30444">
      <ele>533.0</ele>
    </trkpt>
    <trkpt lat="67.60028" lon="17.30398">
      <ele>533.0</ele>
    </trkpt>
    <trkpt lat="67.6002" lon="17.30361">
      <ele>533.28</ele>
    </trkpt>
    <trkpt lat="67.60006" lon="17.30322">
      <ele>533.784</ele>
    </trkpt>
    <trkpt lat="67.59995" lon="17.30279">
      <ele>534.0</ele>
    </trkpt>
    <trkpt lat="67.59981" lon="17.30192">
      <ele>533.684</ele>
    </trkpt>
    <trkpt lat="67.59977" lon="17.30126">
      <ele>533.828</ele>
    </trkpt>
    <trkpt lat="67.59965" lon="17.30055">
      <ele>534.0</ele>
    </trkpt>
    <trkpt lat="67.5996" lon="17.30017">
      <ele>534.0</ele>
    </trkpt>
    <trkpt lat="67.59958" lon="17.29949">
      <ele>534.0</ele>
    </trkpt>
    <trkpt lat="67.59952" lon="17.29897">
      <ele>533.807</ele>
    </trkpt>
    <trkpt lat="67.59937" lon="17.2984">
      <ele>534.0</ele>
    </trkpt>
    <trkpt lat="67.59918" lon="17.29789">
      <ele>533.385</ele>
    </trkpt>
    <trkpt lat="67.59895" lon="17.29702">
      <ele>533.0</ele>
    </trkpt>
    <trkpt lat="67.59883" lon="17.29653">
      <ele>533.212</ele>
    </trkpt>
    <trkpt lat="67.59879" lon="17.29593">
      <ele>533.356</ele>
    </trkpt>
    <trkpt lat="67.59862" lon="17.2956">
      <ele>533.155</ele>
    </trkpt>
    <trkpt lat="67.5985" lon="17.29527">
      <ele>533.4</ele>
    </trkpt>
    <trkpt lat="67.59826" lon="17.29477">
      <ele>534.0</ele>
    </trkpt>
    <trkpt lat="67.59814" lon="17.29421">
      <ele>533.743</ele>
    </trkpt>
    <trkpt lat="67.59808" lon="17.29356">
      <ele>532.984</ele>
    </trkpt>
    <trkpt lat="67.598" lon="17.29325">
      <ele>532.7</ele>
    </trkpt>
    <trkpt lat="67.59795" lon="17.29315">
      <ele>532.34</ele>
    </trkpt>
    <trkpt lat="67.59782" lon="17.29264">
      <ele>531.352</ele>
    </trkpt>
    <trkpt lat="67.59773" lon="17.29248">
      <ele>530.24</ele>
    </trkpt>
    <trkpt lat="67.59773" lon="17.29248">
      <ele>530.24</ele>
    </trkpt>
    <trkpt lat="67.59769" lon="17.29235">
      <ele>529.196</ele>
    </trkpt>
    <trkpt lat="67.59766" lon="17.29205">
      <ele>527.064</ele>
    </trkpt>
    <trkpt lat="67.5976" lon="17.29165">
      <ele>523.342</ele>
    </trkpt>
    <trkpt lat="67.59759" lon="17.29126">
      <ele>520.692</ele>
    </trkpt>
    <trkpt lat="67.59745" lon="17.29034">
      <ele>514.004</ele>
    </trkpt>
    <trkpt lat="67.59693" lon="17.28863">
      <ele>509.0</ele>
    </trkpt>
    <trkpt lat="67.59692" lon="17.28846">
      <ele>509.0</ele>
    </trkpt>
    <trkpt lat="67.59692" lon="17.28846">
      <ele>509.0</ele>
    </trkpt>
    <trkpt lat="67.59694" lon="17.28808">
      <ele>509.0</ele>
    </trkpt>
    <trkpt lat="67.59694" lon="17.28808">
      <ele>509.0</ele>
    </trkpt>
    <trkpt lat="67.59695" lon="17.28801">
      <ele>508.997</ele>
    </trkpt>
    <trkpt lat="67.59695" lon="17.28801">
      <ele>508.997</ele>
    </trkpt>
    <trkpt lat="67.59695" lon="17.28801">
      <ele>508.997</ele>
    </trkpt>
    <trkpt lat="67.59688" lon="17.28787">
      <ele>509.0</ele>
    </trkpt>
    <trkpt lat="67.59662" lon="17.28687">
      <ele>510.045</ele>
    </trkpt>
    <trkpt lat="67.59647" lon="17.28639">
      <ele>511.704</ele>
    </trkpt>
    <trkpt lat="67.59625" lon="17.28612">
      <ele>512.5</ele>
    </trkpt>
    <trkpt lat="67.59532" lon="17.28367">
      <ele>512.848</ele>
    </trkpt>
    <trkpt lat="67.59512" lon="17.28329">
      <ele>513.0</ele>
    </trkpt>
    <trkpt lat="67.59491" lon="17.28263">
      <ele>513.684</ele>
    </trkpt>
    <trkpt lat="67.59484" lon="17.28234">
      <ele>514.332</ele>
    </trkpt>
    <trkpt lat="67.59466" lon="17.28206">
      <ele>515.808</ele>
    </trkpt>
    <trkpt lat="67.59458" lon="17.28144">
      <ele>517.93</ele>
    </trkpt>
    <trkpt lat="67.59455" lon="17.28084">
      <ele>520.216</ele>
    </trkpt>
    <trkpt lat="67.59439" lon="17.28025">
      <ele>523.1</ele>
    </trkpt>
    <trkpt lat="67.59434" lon="17.27998">
      <ele>524.072</ele>
    </trkpt>
    <trkpt lat="67.59432" lon="17.27957">
      <ele>525.548</ele>
    </trkpt>
    <trkpt lat="67.59438" lon="17.27743">
      <ele>531.484</ele>
    </trkpt>
    <trkpt lat="67.59434" lon="17.27717">
      <ele>532.564</ele>
    </trkpt>
    <trkpt lat="67.59433" lon="17.27665">
      <ele>533.412</ele>
    </trkpt>
    <trkpt lat="67.59409" lon="17.27479">
      <ele>534.0</ele>
    </trkpt>
    <trkpt lat="67.59396" lon="17.27395">
      <ele>534.836</ele>
    </trkpt>
    <trkpt lat="67.59394" lon="17.27345">
      <ele>535.0</ele>
    </trkpt>
    <trkpt lat="67.5939" lon="17.27314">
      <ele>535.0</ele>
    </trkpt>
    <trkpt lat="67.59389" lon="17.2726">
      <ele>535.0</ele>
    </trkpt>
    <trkpt lat="67.59377" lon="17.27217">
      <ele>534.572</ele>
    </trkpt>
    <trkpt lat="67.59346" lon="17.27151">
      <ele>533.912</ele>
    </trkpt>
    <trkpt lat="67.59315" lon="17.27067">
      <ele>532.68</ele>
    </trkpt>
    <trkpt lat="67.59311" lon="17.27051">
      <ele>532.392</ele>
    </trkpt>
    <trkpt lat="67.59311" lon="17.27051">
      <ele>532.392</ele>
    </trkpt>
    <trkpt lat="67.59299" lon="17.2701">
      <ele>531.528</ele>
    </trkpt>
    <trkpt lat="67.59279" lon="17.26902">
      <ele>530.616</ele>
    </trkpt>
    <trkpt lat="67.59247" lon="17.26804">
      <ele>529.784</ele>
    </trkpt>
    <trkpt lat="67.59247" lon="17.26804">
      <ele>529.784</ele>
    </trkpt>
    <trkpt lat="67.59232" lon="17.26758">
      <ele>529.165</ele>
    </trkpt>
    <trkpt lat="67.59195" lon="17.26631">
      <ele>528.318</ele>
    </trkpt>
    <trkpt lat="67.59187" lon="17.26579">
      <ele>528.506</ele>
    </trkpt>
    <trkpt lat="67.59172" lon="17.26468">
      <ele>528.221</ele>
    </trkpt>
    <trkpt lat="67.59168" lon="17.26412">
      <ele>529.048</ele>
    </trkpt>
    <trkpt lat="67.59154" lon="17.26341">
      <ele>528.544</ele>
    </trkpt>
    <trkpt lat="67.59121" lon="17.26232">
      <ele>527.587</ele>
    </trkpt>
    <trkpt lat="67.59114" lon="17.26195">
      <ele>527.208</ele>
    </trkpt>
    <trkpt lat="67.5911" lon="17.26126">
      <ele>526.92</ele>
    </trkpt>
    <trkpt lat="67.59089" lon="17.26019">
      <ele>524.612</ele>
    </trkpt>
    <trkpt lat="67.59083" lon="17.25979">
      <ele>523.976</ele>
    </trkpt>
    <trkpt lat="67.59023" lon="17.25843">
      <ele>521.828</ele>
    </trkpt>
    <trkpt lat="67.58982" lon="17.25802">
      <ele>522.0</ele>
    </trkpt>
    <trkpt lat="67.58948" lon="17.25717">
      <ele>522.0</ele>
    </trkpt>
    <trkpt lat="67.58935" lon="17.25688">
      <ele>522.0</ele>
    </trkpt>
    <trkpt lat="67.5889" lon="17.25625">
      <ele>522.96</ele>
    </trkpt>
    <trkpt lat="67.58877" lon="17.25584">
      <ele>523.0</ele>
    </trkpt>
    <trkpt lat="67.58868" lon="17.25547">
      <ele>523.0</ele>
    </trkpt>
    <trkpt lat="67.58827" lon="17.25435">
      <ele>524.228</ele>
    </trkpt>
    <trkpt lat="67.58791" lon="17.25385">
      <ele>524.524</ele>
    </trkpt>
    <trkpt lat="67.5878" lon="17.25379">
      <ele>524.92</ele>
    </trkpt>
    <trkpt lat="67.5877" lon="17.25367">
      <ele>525.059</ele>
    </trkpt>
    <trkpt lat="67.58764" lon="17.25338">
      <ele>524.581</ele>
    </trkpt>
    <trkpt lat="67.58738" lon="17.25296">
      <ele>524.656</ele>
    </trkpt>
    <trkpt lat="67.5868" lon="17.25172">
      <ele>524.0</ele>
    </trkpt>
    <trkpt lat="67.58539" lon="17.24921">
      <ele>524.0</ele>
    </trkpt>
    <trkpt lat="67.58523" lon="17.24854">
      <ele>524.0</ele>
    </trkpt>
    <trkpt lat="67.58523" lon="17.24854">
      <ele>524.0</ele>
    </trkpt>
    <trkpt lat="67.58502" lon="17.24783">
      <ele>524.058</ele>
    </trkpt>
    <trkpt lat="67.58455" lon="17.24698">
      <ele>524.0</ele>
    </trkpt>
    <trkpt lat="67.5845" lon="17.2468">
      <ele>524.0</ele>
    </trkpt>
    <trkpt lat="67.58444" lon="17.24647">
      <ele>524.0</ele>
    </trkpt>
    <trkpt lat="67.5843" lon="17.24601">
      <ele>524.0</ele>
    </trkpt>
    <trkpt lat="67.5841" lon="17.24563">
      <ele>524.0</ele>
    </trkpt>
    <trkpt lat="67.5841" lon="17.24563">
      <ele>524.0</ele>
    </trkpt>
    <trkpt lat="67.584" lon="17.24544">
      <ele>524.0</ele>
    </trkpt>
    <trkpt lat="67.58381" lon="17.24498">
      <ele>524.0</ele>
    </trkpt>
    <trkpt lat="67.58365" lon="17.24467">
      <ele>524.0</ele>
    </trkpt>
    <trkpt lat="67.58355" lon="17.24453">
      <ele>523.932</ele>
    </trkpt>
    <trkpt lat="67.58349" lon="17.24447">
      <ele>523.96</ele>
    </trkpt>
    <trkpt lat="67.58332" lon="17.24453">
      <ele>523.659</ele>
    </trkpt>
    <trkpt lat="67.58308" lon="17.24502">
      <ele>523.0</ele>
    </trkpt>
    <trkpt lat="67.58254" lon="17.24561">
      <ele>523.0</ele>
    </trkpt>
    <trkpt lat="67.58242" lon="17.24567">
      <ele>523.288</ele>
    </trkpt>
    <trkpt lat="67.58183" lon="17.24538">
      <ele>524.564</ele>
    </trkpt>
    <trkpt lat="67.58168" lon="17.24539">
      <ele>525.337</ele>
    </trkpt>
    <trkpt lat="67.58153" lon="17.24515">
      <ele>525.984</ele>
    </trkpt>
    <trkpt lat="67.58139" lon="17.24475">
      <ele>526.092</ele>
    </trkpt>
    <trkpt lat="67.58119" lon="17.24363">
      <ele>525.932</ele>
    </trkpt>
    <trkpt lat="67.58107" lon="17.24327">
      <ele>527.364</ele>
    </trkpt>
    <trkpt lat="67.58089" lon="17.2424">
      <ele>527.897</ele>
    </trkpt>
    <trkpt lat="67.58082" lon="17.242">
      <ele>528.202</ele>
    </trkpt>
    <trkpt lat="67.58077" lon="17.24183">
      <ele>528.912</ele>
    </trkpt>
    <trkpt lat="67.58076" lon="17.24163">
      <ele>528.959</ele>
    </trkpt>
    <trkpt lat="67.58066" lon="17.24089">
      <ele>530.419</ele>
    </trkpt>
    <trkpt lat="67.58066" lon="17.24033">
      <ele>531.12</ele>
    </trkpt>
    <trkpt lat="67.58063" lon="17.24007">
      <ele>531.66</ele>
    </trkpt>
    <trkpt lat="67.58057" lon="17.23971">
      <ele>532.696</ele>
    </trkpt>
    <trkpt lat="67.58049" lon="17.23906">
      <ele>532.179</ele>
    </trkpt>
    <trkpt lat="67.58036" lon="17.23825">
      <ele>531.516</ele>
    </trkpt>
    <trkpt lat="67.58017" lon="17.23775">
      <ele>533.064</ele>
    </trkpt>
    <trkpt lat="67.58006" lon="17.23735">
      <ele>533.352</ele>
    </trkpt>
    <trkpt lat="67.57998" lon="17.23714">
      <ele>533.869</ele>
    </trkpt>
    <trkpt lat="67.57985" lon="17.23655">
      <ele>534.2</ele>
    </trkpt>
    <trkpt lat="67.57981" lon="17.23604">
      <ele>533.655</ele>
    </trkpt>
    <trkpt lat="67.57977" lon="17.23584">
      <ele>534.144</ele>
    </trkpt>
    <trkpt lat="67.5797" lon="17.23566">
      <ele>534.506</ele>
    </trkpt>
    <trkpt lat="67.57926" lon="17.23528">
      <ele>535.672</ele>
    </trkpt>
    <trkpt lat="67.57886" lon="17.23487">
      <ele>535.685</ele>
    </trkpt>
    <trkpt lat="67.57855" lon="17.23452">
      <ele>536.652</ele>
    </trkpt>
    <trkpt lat="67.57847" lon="17.23436">
      <ele>536.712</ele>
    </trkpt>
    <trkpt lat="67.57824" lon="17.23406">
      <ele>537.081</ele>
    </trkpt>
    <trkpt lat="67.57806" lon="17.23397">
      <ele>537.973</ele>
    </trkpt>
    <trkpt lat="67.57794" lon="17.23381">
      <ele>537.716</ele>
    </trkpt>
    <trkpt lat="67.57775" lon="17.23316">
      <ele>535.476</ele>
    </trkpt>
    <trkpt lat="67.57753" lon="17.2329">
      <ele>535.892</ele>
    </trkpt>
    <trkpt lat="67.5773" lon="17.23252">
      <ele>537.18</ele>
    </trkpt>
    <trkpt lat="67.57718" lon="17.23215">
      <ele>538.868</ele>
    </trkpt>
    <trkpt lat="67.57708" lon="17.23172">
      <ele>541.048</ele>
    </trkpt>
    <trkpt lat="67.57692" lon="17.23145">
      <ele>543.352</ele>
    </trkpt>
    <trkpt lat="67.57682" lon="17.23141">
      <ele>544.792</ele>
    </trkpt>
    <trkpt lat="67.57671" lon="17.23128">
      <ele>546.315</ele>
    </trkpt>
    <trkpt lat="67.57648" lon="17.23109">
      <ele>549.016</ele>
    </trkpt>
    <trkpt lat="67.57643" lon="17.23095">
      <ele>549.556</ele>
    </trkpt>
    <trkpt lat="67.57638" lon="17.23088">
      <ele>550.064</ele>
    </trkpt>
    <trkpt lat="67.57629" lon="17.2307">
      <ele>550.712</ele>
    </trkpt>
    <trkpt lat="67.57593" lon="17.22898">
      <ele>550.976</ele>
    </trkpt>
    <trkpt lat="67.57589" lon="17.22861">
      <ele>551.592</ele>
    </trkpt>
    <trkpt lat="67.57572" lon="17.22797">
      <ele>552.408</ele>
    </trkpt>
    <trkpt lat="67.57572" lon="17.22797">
      <ele>552.408</ele>
    </trkpt>
    <trkpt lat="67.57569" lon="17.22787">
      <ele>552.516</ele>
    </trkpt>
    <trkpt lat="67.57554" lon="17.22754">
      <ele>553.056</ele>
    </trkpt>
    <trkpt lat="67.57546" lon="17.22741">
      <ele>553.344</ele>
    </trkpt>
    <trkpt lat="67.57538" lon="17.22714">
      <ele>553.523</ele>
    </trkpt>
    <trkpt lat="67.57536" lon="17.22702">
      <ele>553.489</ele>
    </trkpt>
    <trkpt lat="67.57527" lon="17.22681">
      <ele>554.028</ele>
    </trkpt>
    <trkpt lat="67.57509" lon="17.22656">
      <ele>554.552</ele>
    </trkpt>
    <trkpt lat="67.57509" lon="17.22656">
      <ele>554.552</ele>
    </trkpt>
    <trkpt lat="67.57484" lon="17.22622">
      <ele>555.576</ele>
    </trkpt>
    <trkpt lat="67.57475" lon="17.22579">
      <ele>555.9</ele>
    </trkpt>
    <trkpt lat="67.57465" lon="17.22555">
      <ele>555.985</ele>
    </trkpt>
    <trkpt lat="67.57452" lon="17.2251">
      <ele>555.262</ele>
    </trkpt>
    <trkpt lat="67.57438" lon="17.22477">
      <ele>555.0</ele>
    </trkpt>
    <trkpt lat="67.57421" lon="17.22409">
      <ele>554.233</ele>
    </trkpt>
    <trkpt lat="67.57406" lon="17.22358">
      <ele>555.837</ele>
    </trkpt>
    <trkpt lat="67.57387" lon="17.2232">
      <ele>557.583</ele>
    </trkpt>
    <trkpt lat="67.57387" lon="17.22294">
      <ele>558.512</ele>
    </trkpt>
    <trkpt lat="67.5737" lon="17.22189">
      <ele>564.493</ele>
    </trkpt>
    <trkpt lat="67.5733" lon="17.22103">
      <ele>569.652</ele>
    </trkpt>
    <trkpt lat="67.57283" lon="17.2198">
      <ele>575.436</ele>
    </trkpt>
    <trkpt lat="67.57256" lon="17.21858">
      <ele>579.92</ele>
    </trkpt>
    <trkpt lat="67.57237" lon="17.21792">
      <ele>582.404</ele>
    </trkpt>
    <trkpt lat="67.57194" lon="17.21683">
      <ele>583.993</ele>
    </trkpt>
    <trkpt lat="67.57174" lon="17.21605">
      <ele>582.264</ele>
    </trkpt>
    <trkpt lat="67.57159" lon="17.21558">
      <ele>581.976</ele>
    </trkpt>
    <trkpt lat="67.57152" lon="17.21545">
      <ele>581.821</ele>
    </trkpt>
    <trkpt lat="67.57113" lon="17.21538">
      <ele>582.932</ele>
    </trkpt>
    <trkpt lat="67.57081" lon="17.21485">
      <ele>584.0</ele>
    </trkpt>
    <trkpt lat="67.57058" lon="17.21432">
      <ele>584.0</ele>
    </trkpt>
    <trkpt lat="67.57037" lon="17.21391">
      <ele>584.0</ele>
    </trkpt>
    <trkpt lat="67.57011" lon="17.21357">
      <ele>584.0</ele>
    </trkpt>
    <trkpt lat="67.56983" lon="17.21331">
      <ele>584.612</ele>
    </trkpt>
    <trkpt lat="67.56964" lon="17.21303">
      <ele>585.0</ele>
    </trkpt>
    <trkpt lat="67.56939" lon="17.21282">
      <ele>585.0</ele>
    </trkpt>
    <trkpt lat="67.56903" lon="17.21272">
      <ele>585.594</ele>
    </trkpt>
    <trkpt lat="67.56883" lon="17.21279">
      <ele>586.212</ele>
    </trkpt>
    <trkpt lat="67.56854" lon="17.21326">
      <ele>587.256</ele>
    </trkpt>
    <trkpt lat="67.56845" lon="17.21336">
      <ele>587.58</ele>
    </trkpt>
    <trkpt lat="67.56805" lon="17.21367">
      <ele>587.016</ele>
    </trkpt>
    <trkpt lat="67.56733" lon="17.21479">
      <ele>589.632</ele>
    </trkpt>
    <trkpt lat="67.56733" lon="17.21479">
      <ele>589.632</ele>
    </trkpt>
    <trkpt lat="67.56678" lon="17.21566">
      <ele>589.231</ele>
    </trkpt>
    <trkpt lat="67.5665" lon="17.21623">
      <ele>589.542</ele>
    </trkpt>
    <trkpt lat="67.56639" lon="17.21635">
      <ele>589.589</ele>
    </trkpt>
    <trkpt lat="67.56621" lon="17.21644">
      <ele>587.082</ele>
    </trkpt>
    <trkpt lat="67.56591" lon="17.21637">
      <ele>581.244</ele>
    </trkpt>
    <trkpt lat="67.56559" lon="17.2165">
      <ele>576.82</ele>
    </trkpt>
    <trkpt lat="67.56544" lon="17.21629">
      <ele>573.396</ele>
    </trkpt>
    <trkpt lat="67.56487" lon="17.21595">
      <ele>568.261</ele>
    </trkpt>
    <trkpt lat="67.56458" lon="17.21581">
      <ele>567.0</ele>
    </trkpt>
    <trkpt lat="67.56431" lon="17.21581">
      <ele>566.959</ele>
    </trkpt>
    <trkpt lat="67.5642" lon="17.21603">
      <ele>567.0</ele>
    </trkpt>
    <trkpt lat="67.56409" lon="17.21619">
      <ele>567.56</ele>
    </trkpt>
    <trkpt lat="67.56368" lon="17.21671">
      <ele>567.496</ele>
    </trkpt>
    <trkpt lat="67.56347" lon="17.21667">
      <ele>565.99</ele>
    </trkpt>
    <trkpt lat="67.56336" lon="17.2166">
      <ele>564.952</ele>
    </trkpt>
    <trkpt lat="67.56336" lon="17.2166">
      <ele>564.952</ele>
    </trkpt>
    <trkpt lat="67.56314" lon="17.21607">
      <ele>563.696</ele>
    </trkpt>
    <trkpt lat="67.56314" lon="17.21607">
      <ele>563.696</ele>
    </trkpt>
    <trkpt lat="67.563" lon="17.21629">
      <ele>564.2</ele>
    </trkpt>
    <trkpt lat="67.56282" lon="17.2164">
      <ele>564.848</ele>
    </trkpt>
    <trkpt lat="67.56266" lon="17.2163">
      <ele>565.56</ele>
    </trkpt>
    <trkpt lat="67.56248" lon="17.2165">
      <ele>566.144</ele>
    </trkpt>
    <trkpt lat="67.56248" lon="17.2165">
      <ele>566.144</ele>
    </trkpt>
    <trkpt lat="67.56248" lon="17.2165">
      <ele>566.144</ele>
    </trkpt>
    <trkpt lat="67.56168" lon="17.21619">
      <ele>568.825</ele>
    </trkpt>
    <trkpt lat="67.56105" lon="17.21646">
      <ele>568.732</ele>
    </trkpt>
    <trkpt lat="67.56098" lon="17.21633">
      <ele>568.26</ele>
    </trkpt>
    <trkpt lat="67.56098" lon="17.21633">
      <ele>568.26</ele>
    </trkpt>
    <trkpt lat="67.56091" lon="17.21593">
      <ele>568.196</ele>
    </trkpt>
    <trkpt lat="67.56091" lon="17.21593">
      <ele>568.196</ele>
    </trkpt>
    <trkpt lat="67.56092" lon="17.21578">
      <ele>568.76</ele>
    </trkpt>
    <trkpt lat="67.56089" lon="17.21559">
      <ele>570.344</ele>
    </trkpt>
    <trkpt lat="67.56079" lon="17.21557">
      <ele>571.044</ele>
    </trkpt>
    <trkpt lat="67.56068" lon="17.21537">
      <ele>572.888</ele>
    </trkpt>
    <trkpt lat="67.56062" lon="17.21532">
      <ele>573.464</ele>
    </trkpt>
    <trkpt lat="67.56049" lon="17.2149">
      <ele>577.956</ele>
    </trkpt>
    <trkpt lat="67.56031" lon="17.2148">
      <ele>579.324</ele>
    </trkpt>
    <trkpt lat="67.56013" lon="17.21463">
      <ele>580.464</ele>
    </trkpt>
    <trkpt lat="67.55997" lon="17.21407">
      <ele>586.392</ele>
    </trkpt>
    <trkpt lat="67.55993" lon="17.21298">
      <ele>593.069</ele>
    </trkpt>
    <trkpt lat="67.55988" lon="17.21227">
      <ele>593.432</ele>
    </trkpt>
    <trkpt lat="67.55986" lon="17.21152">
      <ele>593.504</ele>
    </trkpt>
    <trkpt lat="67.55986" lon="17.21095">
      <ele>593.504</ele>
    </trkpt>
    <trkpt lat="67.55991" lon="17.21062">
      <ele>593.075</ele>
    </trkpt>
    <trkpt lat="67.56" lon="17.21014">
      <ele>593.0</ele>
    </trkpt>
    <trkpt lat="67.56" lon="17.20941">
      <ele>592.0</ele>
    </trkpt>
    <trkpt lat="67.55997" lon="17.20854">
      <ele>591.664</ele>
    </trkpt>
    <trkpt lat="67.56005" lon="17.20794">
      <ele>590.105</ele>
    </trkpt>
    <trkpt lat="67.56007" lon="17.20746">
      <ele>589.712</ele>
    </trkpt>
    <trkpt lat="67.55995" lon="17.20689">
      <ele>590.215</ele>
    </trkpt>
    <trkpt lat="67.5599" lon="17.20644">
      <ele>590.72</ele>
    </trkpt>
    <trkpt lat="67.55983" lon="17.20594">
      <ele>589.608</ele>
    </trkpt>
    <trkpt lat="67.55961" lon="17.20555">
      <ele>590.392</ele>
    </trkpt>
    <trkpt lat="67.55948" lon="17.20521">
      <ele>590.531</ele>
    </trkpt>
    <trkpt lat="67.55944" lon="17.20459">
      <ele>589.532</ele>
    </trkpt>
    <trkpt lat="67.55944" lon="17.20459">
      <ele>589.532</ele>
    </trkpt>
    <trkpt lat="67.55954" lon="17.20307">
      <ele>589.982</ele>
    </trkpt>
    <trkpt lat="67.55953" lon="17.20235">
      <ele>589.692</ele>
    </trkpt>
    <trkpt lat="67.55954" lon="17.20181">
      <ele>589.656</ele>
    </trkpt>
    <trkpt lat="67.55951" lon="17.20153">
      <ele>589.764</ele>
    </trkpt>
    <trkpt lat="67.55953" lon="17.20106">
      <ele>589.565</ele>
    </trkpt>
    <trkpt lat="67.55961" lon="17.20079">
      <ele>589.0</ele>
    </trkpt>
    <trkpt lat="67.55961" lon="17.20042">
      <ele>589.0</ele>
    </trkpt>
    <trkpt lat="67.55935" lon="17.19927">
      <ele>587.032</ele>
    </trkpt>
    <trkpt lat="67.559356748" lon="17.199332714">
      <ele>587.282</ele>
    </trkpt>
    <trkpt lat="67.55935" lon="17.19927">
      <ele>587.032</ele>
    </trkpt>
    <trkpt lat="67.55935" lon="17.19927">
      <ele>587.032</ele>
    </trkpt>
    <trkpt lat="67.55935" lon="17.19927">
      <ele>587.032</ele>
    </trkpt>
    <trkpt lat="67.55961" lon="17.20042">
      <ele>589.0</ele>
    </trkpt>
    <trkpt lat="67.55961" lon="17.20079">
      <ele>589.0</ele>
    </trkpt>
    <trkpt lat="67.55953" lon="17.20106">
      <ele>589.565</ele>
    </trkpt>
    <trkpt lat="67.55951" lon="17.20153">
      <ele>589.764</ele>
    </trkpt>
    <trkpt lat="67.55954" lon="17.20181">
      <ele>589.656</ele>
    </trkpt>
    <trkpt lat="67.55953" lon="17.20235">
      <ele>589.692</ele>
    </trkpt>
    <trkpt lat="67.55954" lon="17.20307">
      <ele>589.982</ele>
    </trkpt>
    <trkpt lat="67.55944" lon="17.20459">
      <ele>589.532</ele>
    </trkpt>
    <trkpt lat="67.55944" lon="17.20459">
      <ele>589.532</ele>
    </trkpt>
    <trkpt lat="67.55948" lon="17.20521">
      <ele>590.531</ele>
    </trkpt>
    <trkpt lat="67.55961" lon="17.20555">
      <ele>590.392</ele>
    </trkpt>
    <trkpt lat="67.55983" lon="17.20594">
      <ele>589.608</ele>
    </trkpt>
    <trkpt lat="67.5599" lon="17.20644">
      <ele>590.72</ele>
    </trkpt>
    <trkpt lat="67.55995" lon="17.20689">
      <ele>590.215</ele>
    </trkpt>
    <trkpt lat="67.56007" lon="17.20746">
      <ele>589.712</ele>
    </trkpt>
    <trkpt lat="67.56005" lon="17.20794">
      <ele>590.105</ele>
    </trkpt>
    <trkpt lat="67.55997" lon="17.20854">
      <ele>591.664</ele>
    </trkpt>
    <trkpt lat="67.56" lon="17.20941">
      <ele>592.0</ele>
    </trkpt>
    <trkpt lat="67.56" lon="17.21014">
      <ele>593.0</ele>
    </trkpt>
    <trkpt lat="67.55991" lon="17.21062">
      <ele>593.075</ele>
    </trkpt>
    <trkpt lat="67.55986" lon="17.21095">
      <ele>593.504</ele>
    </trkpt>
    <trkpt lat="67.55986" lon="17.21152">
      <ele>593.504</ele>
    </trkpt>
    <trkpt lat="67.55988" lon="17.21227">
      <ele>593.432</ele>
    </trkpt>
    <trkpt lat="67.55993" lon="17.21298">
      <ele>593.069</ele>
    </trkpt>
    <trkpt lat="67.55997" lon="17.21407">
      <ele>586.392</ele>
    </trkpt>
    <trkpt lat="67.56013" lon="17.21463">
      <ele>580.464</ele>
    </trkpt>
    <trkpt lat="67.56031" lon="17.2148">
      <ele>579.324</ele>
    </trkpt>
    <trkpt lat="67.56049" lon="17.2149">
      <ele>577.956</ele>
    </trkpt>
    <trkpt lat="67.56062" lon="17.21532">
      <ele>573.464</ele>
    </trkpt>
    <trkpt lat="67.56068" lon="17.21537">
      <ele>572.888</ele>
    </trkpt>
    <trkpt lat="67.56079" lon="17.21557">
      <ele>571.044</ele>
    </trkpt>
    <trkpt lat="67.56089" lon="17.21559">
      <ele>570.344</ele>
    </trkpt>
    <trkpt lat="67.56092" lon="17.21578">
      <ele>568.76</ele>
    </trkpt>
    <trkpt lat="67.56091" lon="17.21593">
      <ele>568.196</ele>
    </trkpt>
    <trkpt lat="67.56091" lon="17.21593">
      <ele>568.196</ele>
    </trkpt>
    <trkpt lat="67.56098" lon="17.21633">
      <ele>568.26</ele>
    </trkpt>
    <trkpt lat="67.56098" lon="17.21633">
      <ele>568.26</ele>
    </trkpt>
    <trkpt lat="67.56105" lon="17.21646">
      <ele>568.732</ele>
    </trkpt>
    <trkpt lat="67.56168" lon="17.21619">
      <ele>568.825</ele>
    </trkpt>
    <trkpt lat="67.56248" lon="17.2165">
      <ele>566.144</ele>
    </trkpt>
    <trkpt lat="67.56248" lon="17.2165">
      <ele>566.144</ele>
    </trkpt>
    <trkpt lat="67.56248" lon="17.2165">
      <ele>566.144</ele>
    </trkpt>
    <trkpt lat="67.56231" lon="17.21716">
      <ele>567.123</ele>
    </trkpt>
    <trkpt lat="67.56205" lon="17.21733">
      <ele>569.86</ele>
    </trkpt>
    <trkpt lat="67.56159" lon="17.2184">
      <ele>576.102</ele>
    </trkpt>
    <trkpt lat="67.56081" lon="17.21913">
      <ele>576.011</ele>
    </trkpt>
    <trkpt lat="67.56005" lon="17.21858">
      <ele>581.664</ele>
    </trkpt>
    <trkpt lat="67.55902" lon="17.21926">
      <ele>588.705</ele>
    </trkpt>
    <trkpt lat="67.55895" lon="17.21944">
      <ele>589.548</ele>
    </trkpt>
    <trkpt lat="67.55895" lon="17.21944">
      <ele>589.548</ele>
    </trkpt>
    <trkpt lat="67.55809" lon="17.22145">
      <ele>592.669</ele>
    </trkpt>
    <trkpt lat="67.55755" lon="17.22304">
      <ele>596.64</ele>
    </trkpt>
    <trkpt lat="67.55706" lon="17.22389">
      <ele>597.99</ele>
    </trkpt>
    <trkpt lat="67.55625" lon="17.2245">
      <ele>595.7</ele>
    </trkpt>
    <trkpt lat="67.55597" lon="17.22514">
      <ele>595.512</ele>
    </trkpt>
    <trkpt lat="67.55553" lon="17.22656">
      <ele>596.184</ele>
    </trkpt>
    <trkpt lat="67.55553" lon="17.22656">
      <ele>596.184</ele>
    </trkpt>
    <trkpt lat="67.55532" lon="17.22724">
      <ele>597.544</ele>
    </trkpt>
    <trkpt lat="67.55452" lon="17.22802">
      <ele>599.728</ele>
    </trkpt>
    <trkpt lat="67.55402" lon="17.23021">
      <ele>601.756</ele>
    </trkpt>
    <trkpt lat="67.55317" lon="17.23243">
      <ele>605.0</ele>
    </trkpt>
    <trkpt lat="67.5526" lon="17.23428">
      <ele>607.0</ele>
    </trkpt>
    <trkpt lat="67.55239" lon="17.23548">
      <ele>608.0</ele>
    </trkpt>
    <trkpt lat="67.5517" lon="17.23685">
      <ele>609.88</ele>
    </trkpt>
    <trkpt lat="67.5508" lon="17.23788">
      <ele>612.12</ele>
    </trkpt>
    <trkpt lat="67.55056" lon="17.23841">
      <ele>612.984</ele>
    </trkpt>
    <trkpt lat="67.55056" lon="17.23841">
      <ele>612.984</ele>
    </trkpt>
    <trkpt lat="67.54998" lon="17.24128">
      <ele>618.144</ele>
    </trkpt>
    <trkpt lat="67.54953" lon="17.24368">
      <ele>625.496</ele>
    </trkpt>
    <trkpt lat="67.54953" lon="17.24449">
      <ele>628.932</ele>
    </trkpt>
    <trkpt lat="67.54859" lon="17.24854">
      <ele>635.332</ele>
    </trkpt>
    <trkpt lat="67.54859" lon="17.24854">
      <ele>635.332</ele>
    </trkpt>
    <trkpt lat="67.5485" lon="17.24891">
      <ele>634.8</ele>
    </trkpt>
    <trkpt lat="67.54778" lon="17.25029">
      <ele>643.976</ele>
    </trkpt>
    <trkpt lat="67.54739" lon="17.25239">
      <ele>647.98</ele>
    </trkpt>
    <trkpt lat="67.54721" lon="17.25509">
      <ele>650.074</ele>
    </trkpt>
    <trkpt lat="67.54694" lon="17.2575">
      <ele>650.032</ele>
    </trkpt>
    <trkpt lat="67.54644" lon="17.25908">
      <ele>649.001</ele>
    </trkpt>
    <trkpt lat="67.54639" lon="17.2602">
      <ele>648.989</ele>
    </trkpt>
    <trkpt lat="67.5459" lon="17.26243">
      <ele>652.0</ele>
    </trkpt>
    <trkpt lat="67.54576" lon="17.26423">
      <ele>651.696</ele>
    </trkpt>
    <trkpt lat="67.54537" lon="17.26526">
      <ele>654.668</ele>
    </trkpt>
    <trkpt lat="67.54442" lon="17.26887">
      <ele>651.502</ele>
    </trkpt>
    <trkpt lat="67.54427" lon="17.27051">
      <ele>653.14</ele>
    </trkpt>
    <trkpt lat="67.54427" lon="17.27051">
      <ele>653.14</ele>
    </trkpt>
    <trkpt lat="67.54409" lon="17.27235">
      <ele>655.253</ele>
    </trkpt>
    <trkpt lat="67.54349" lon="17.27398">
      <ele>656.544</ele>
    </trkpt>
    <trkpt lat="67.54334" lon="17.27501">
      <ele>655.893</ele>
    </trkpt>
    <trkpt lat="67.54303" lon="17.27814">
      <ele>657.248</ele>
    </trkpt>
    <trkpt lat="67.54316" lon="17.28065">
      <ele>659.964</ele>
    </trkpt>
    <trkpt lat="67.5434" lon="17.28202">
      <ele>662.52</ele>
    </trkpt>
    <trkpt lat="67.54338" lon="17.28397">
      <ele>663.328</ele>
    </trkpt>
    <trkpt lat="67.54342" lon="17.28599">
      <ele>665.452</ele>
    </trkpt>
    <trkpt lat="67.54287" lon="17.29132">
      <ele>670.668</ele>
    </trkpt>
    <trkpt lat="67.54253" lon="17.29248">
      <ele>670.684</ele>
    </trkpt>
    <trkpt lat="67.54253" lon="17.29248">
      <ele>670.684</ele>
    </trkpt>
    <trkpt lat="67.54251" lon="17.29258">
      <ele>670.604</ele>
    </trkpt>
    <trkpt lat="67.54234" lon="17.29385">
      <ele>668.868</ele>
    </trkpt>
    <trkpt lat="67.54217" lon="17.29465">
      <ele>670.376</ele>
    </trkpt>
    <trkpt lat="67.54217" lon="17.29465">
      <ele>670.376</ele>
    </trkpt>
    <trkpt lat="67.54196" lon="17.29561">
      <ele>671.877</ele>
    </trkpt>
    <trkpt lat="67.54117" lon="17.30347">
      <ele>675.788</ele>
    </trkpt>
    <trkpt lat="67.54087" lon="17.30554">
      <ele>676.0</ele>
    </trkpt>
    <trkpt lat="67.54068" lon="17.30795">
      <ele>678.104</ele>
    </trkpt>
    <trkpt lat="67.54036" lon="17.30955">
      <ele>677.592</ele>
    </trkpt>
    <trkpt lat="67.54035" lon="17.31003">
      <ele>677.452</ele>
    </trkpt>
    <trkpt lat="67.54008" lon="17.31211">
      <ele>678.0</ele>
    </trkpt>
    <trkpt lat="67.53994" lon="17.31277">
      <ele>677.216</ele>
    </trkpt>
    <trkpt lat="67.53987" lon="17.31352">
      <ele>677.782</ele>
    </trkpt>
    <trkpt lat="67.5399" lon="17.31445">
      <ele>678.72</ele>
    </trkpt>
    <trkpt lat="67.5399" lon="17.31445">
      <ele>678.72</ele>
    </trkpt>
    <trkpt lat="67.53991" lon="17.31461">
      <ele>678.648</ele>
    </trkpt>
    <trkpt lat="67.53977" lon="17.31577">
      <ele>678.523</ele>
    </trkpt>
    <trkpt lat="67.53984" lon="17.31695">
      <ele>678.728</ele>
    </trkpt>
    <trkpt lat="67.54015" lon="17.31839">
      <ele>678.92</ele>
    </trkpt>
    <trkpt lat="67.54009" lon="17.31917">
      <ele>679.352</ele>
    </trkpt>
    <trkpt lat="67.54008" lon="17.31951">
      <ele>679.424</ele>
    </trkpt>
    <trkpt lat="67.53992" lon="17.32028">
      <ele>679.568</ele>
    </trkpt>
    <trkpt lat="67.53983" lon="17.32097">
      <ele>678.224</ele>
    </trkpt>
    <trkpt lat="67.53978" lon="17.32105">
      <ele>678.584</ele>
    </trkpt>
    <trkpt lat="67.53945" lon="17.32406">
      <ele>684.92</ele>
    </trkpt>
    <trkpt lat="67.53935" lon="17.32549">
      <ele>684.176</ele>
    </trkpt>
    <trkpt lat="67.53912" lon="17.32712">
      <ele>683.23</ele>
    </trkpt>
    <trkpt lat="67.53918" lon="17.32837">
      <ele>682.078</ele>
    </trkpt>
    <trkpt lat="67.53918" lon="17.32878">
      <ele>682.904</ele>
    </trkpt>
    <trkpt lat="67.53922" lon="17.32945">
      <ele>682.808</ele>
    </trkpt>
    <trkpt lat="67.53897" lon="17.33052">
      <ele>684.708</ele>
    </trkpt>
    <trkpt lat="67.53885" lon="17.33139">
      <ele>686.559</ele>
    </trkpt>
    <trkpt lat="67.53886" lon="17.33187">
      <ele>686.312</ele>
    </trkpt>
    <trkpt lat="67.53879" lon="17.33224">
      <ele>687.068</ele>
    </trkpt>
    <trkpt lat="67.53884" lon="17.33422">
      <ele>687.494</ele>
    </trkpt>
    <trkpt lat="67.53879" lon="17.33502">
      <ele>687.666</ele>
    </trkpt>
    <trkpt lat="67.53866" lon="17.33547">
      <ele>688.472</ele>
    </trkpt>
    <trkpt lat="67.53856" lon="17.33643">
      <ele>689.579</ele>
    </trkpt>
    <trkpt lat="67.53856" lon="17.33643">
      <ele>689.579</ele>
    </trkpt>
    <trkpt lat="67.53844" lon="17.33848">
      <ele>691.645</ele>
    </trkpt>
    <trkpt lat="67.53794" lon="17.34019">
      <ele>695.248</ele>
    </trkpt>
    <trkpt lat="67.53793" lon="17.34135">
      <ele>696.293</ele>
    </trkpt>
    <trkpt lat="67.53753" lon="17.34406">
      <ele>698.127</ele>
    </trkpt>
    <trkpt lat="67.53732" lon="17.34736">
      <ele>702.471</ele>
    </trkpt>
    <trkpt lat="67.53753" lon="17.34977">
      <ele>701.72</ele>
    </trkpt>
    <trkpt lat="67.53739" lon="17.35132">
      <ele>700.94</ele>
    </trkpt>
    <trkpt lat="67.53727" lon="17.35376">
      <ele>709.796</ele>
    </trkpt>
    <trkpt lat="67.53711" lon="17.35497">
      <ele>711.0</ele>
    </trkpt>
    <trkpt lat="67.53713" lon="17.35556">
      <ele>712.332</ele>
    </trkpt>
    <trkpt lat="67.53695" lon="17.35638">
      <ele>712.98</ele>
    </trkpt>
    <trkpt lat="67.53693" lon="17.35737">
      <ele>712.52</ele>
    </trkpt>
    <trkpt lat="67.53677" lon="17.3584">
      <ele>711.868</ele>
    </trkpt>
    <trkpt lat="67.53677" lon="17.3584">
      <ele>711.868</ele>
    </trkpt>
    <trkpt lat="67.53676" lon="17.35847">
      <ele>712.156</ele>
    </trkpt>
    <trkpt lat="67.53681" lon="17.35901">
      <ele>713.0</ele>
    </trkpt>
    <trkpt lat="67.53647" lon="17.36082">
      <ele>717.244</ele>
    </trkpt>
    <trkpt lat="67.53646" lon="17.36209">
      <ele>719.646</ele>
    </trkpt>
    <trkpt lat="67.53625" lon="17.36324">
      <ele>721.164</ele>
    </trkpt>
    <trkpt lat="67.53605" lon="17.36369">
      <ele>721.562</ele>
    </trkpt>
    <trkpt lat="67.53597" lon="17.36405">
      <ele>721.548</ele>
    </trkpt>
    <trkpt lat="67.53594" lon="17.36496">
      <ele>723.063</ele>
    </trkpt>
    <trkpt lat="67.53588" lon="17.36534">
      <ele>722.858</ele>
    </trkpt>
    <trkpt lat="67.53561" lon="17.36567">
      <ele>721.804</ele>
    </trkpt>
    <trkpt lat="67.53539" lon="17.36666">
      <ele>725.178</ele>
    </trkpt>
    <trkpt lat="67.53509" lon="17.36716">
      <ele>726.1</ele>
    </trkpt>
    <trkpt lat="67.53496" lon="17.36763">
      <ele>729.147</ele>
    </trkpt>
    <trkpt lat="67.53446" lon="17.36853">
      <ele>738.692</ele>
    </trkpt>
    <trkpt lat="67.5343" lon="17.36947">
      <ele>740.48</ele>
    </trkpt>
    <trkpt lat="67.53377" lon="17.37009">
      <ele>739.387</ele>
    </trkpt>
    <trkpt lat="67.53377" lon="17.37009">
      <ele>739.387</ele>
    </trkpt>
    <trkpt lat="67.53373" lon="17.37014">
      <ele>739.212</ele>
    </trkpt>
    <trkpt lat="67.5335" lon="17.37111">
      <ele>738.804</ele>
    </trkpt>
    <trkpt lat="67.53306" lon="17.37229">
      <ele>739.944</ele>
    </trkpt>
    <trkpt lat="67.53301" lon="17.3732">
      <ele>739.656</ele>
    </trkpt>
    <trkpt lat="67.5331" lon="17.37412">
      <ele>738.72</ele>
    </trkpt>
    <trkpt lat="67.53307" lon="17.37513">
      <ele>738.584</ele>
    </trkpt>
    <trkpt lat="67.53295" lon="17.37586">
      <ele>740.52</ele>
    </trkpt>
    <trkpt lat="67.53243" lon="17.37702">
      <ele>741.476</ele>
    </trkpt>
    <trkpt lat="67.53216" lon="17.37727">
      <ele>739.38</ele>
    </trkpt>
    <trkpt lat="67.53174" lon="17.37717">
      <ele>738.974</ele>
    </trkpt>
    <trkpt lat="67.53168" lon="17.378">
      <ele>737.952</ele>
    </trkpt>
    <trkpt lat="67.5313" lon="17.37873">
      <ele>741.172</ele>
    </trkpt>
    <trkpt lat="67.53109" lon="17.37985">
      <ele>742.152</ele>
    </trkpt>
    <trkpt lat="67.5311" lon="17.3803">
      <ele>742.157</ele>
    </trkpt>
    <trkpt lat="67.53108" lon="17.38037">
      <ele>742.519</ele>
    </trkpt>
    <trkpt lat="67.53108" lon="17.38037">
      <ele>742.519</ele>
    </trkpt>
    <trkpt lat="67.53085" lon="17.38135">
      <ele>744.0</ele>
    </trkpt>
    <trkpt lat="67.53073" lon="17.38169">
      <ele>743.628</ele>
    </trkpt>
    <trkpt lat="67.53007" lon="17.38225">
      <ele>747.244</ele>
    </trkpt>
    <trkpt lat="67.52984" lon="17.38302">
      <ele>751.806</ele>
    </trkpt>
    <trkpt lat="67.52915" lon="17.38397">
      <ele>754.88</ele>
    </trkpt>
    <trkpt lat="67.52892" lon="17.38461">
      <ele>753.112</ele>
    </trkpt>
    <trkpt lat="67.52839" lon="17.38463">
      <ele>749.408</ele>
    </trkpt>
    <trkpt lat="67.528329176" lon="17.384536976">
      <ele>748.995</ele>
    </trkpt>
    <trkpt lat="67.526951037" lon="17.385864258">
      <ele>754.796</ele>
    </trkpt>
    <trkpt lat="67.527024338" lon="17.38602232">
      <ele>753.365</ele>
    </trkpt>
    <trkpt lat="67.52694" lon="17.38629">
      <ele>754.08</ele>
    </trkpt>
    <trkpt lat="67.52688" lon="17.38691">
      <ele>755.16</ele>
    </trkpt>
    <trkpt lat="67.52665" lon="17.38786">
      <ele>757.866</ele>
    </trkpt>
    <trkpt lat="67.52647" lon="17.38829">
      <ele>756.728</ele>
    </trkpt>
    <trkpt lat="67.52601" lon="17.38841">
      <ele>756.812</ele>
    </trkpt>
    <trkpt lat="67.52558" lon="17.38787">
      <ele>762.463</ele>
    </trkpt>
    <trkpt lat="67.52558" lon="17.38787">
      <ele>762.463</ele>
    </trkpt>
    <trkpt lat="67.52537" lon="17.38872">
      <ele>762.874</ele>
    </trkpt>
    <trkpt lat="67.52537" lon="17.38872">
      <ele>762.874</ele>
    </trkpt>
    <trkpt lat="67.52514" lon="17.38966">
      <ele>764.593</ele>
    </trkpt>
    <trkpt lat="67.5251" lon="17.39073">
      <ele>766.962</ele>
    </trkpt>
    <trkpt lat="67.5249" lon="17.39124">
      <ele>769.089</ele>
    </trkpt>
    <trkpt lat="67.52471" lon="17.39149">
      <ele>768.68</ele>
    </trkpt>
    <trkpt lat="67.5244" lon="17.39132">
      <ele>770.616</ele>
    </trkpt>
    <trkpt lat="67.52423" lon="17.39137">
      <ele>770.856</ele>
    </trkpt>
    <trkpt lat="67.52415" lon="17.39162">
      <ele>770.348</ele>
    </trkpt>
    <trkpt lat="67.52348" lon="17.39287">
      <ele>773.224</ele>
    </trkpt>
    <trkpt lat="67.52338" lon="17.39337">
      <ele>772.218</ele>
    </trkpt>
    <trkpt lat="67.52319" lon="17.39374">
      <ele>773.6</ele>
    </trkpt>
    <trkpt lat="67.52294" lon="17.39447">
      <ele>773.21</ele>
    </trkpt>
    <trkpt lat="67.52264" lon="17.39472">
      <ele>775.992</ele>
    </trkpt>
    <trkpt lat="67.52224" lon="17.39522">
      <ele>781.693</ele>
    </trkpt>
    <trkpt lat="67.52192" lon="17.39599">
      <ele>784.612</ele>
    </trkpt>
    <trkpt lat="67.52015" lon="17.39769">
      <ele>789.92</ele>
    </trkpt>
    <trkpt lat="67.51991" lon="17.3987">
      <ele>791.328</ele>
    </trkpt>
    <trkpt lat="67.51976" lon="17.39888">
      <ele>791.76</ele>
    </trkpt>
    <trkpt lat="67.51966" lon="17.39939">
      <ele>792.448</ele>
    </trkpt>
    <trkpt lat="67.51911" lon="17.40049">
      <ele>794.0</ele>
    </trkpt>
    <trkpt lat="67.51898" lon="17.40123">
      <ele>792.244</ele>
    </trkpt>
    <trkpt lat="67.51859" lon="17.40234">
      <ele>792.0</ele>
    </trkpt>
    <trkpt lat="67.51859" lon="17.40234">
      <ele>792.0</ele>
    </trkpt>
    <trkpt lat="67.51843" lon="17.40279">
      <ele>791.652</ele>
    </trkpt>
    <trkpt lat="67.51817" lon="17.40294">
      <ele>791.657</ele>
    </trkpt>
    <trkpt lat="67.51758" lon="17.40352">
      <ele>793.752</ele>
    </trkpt>
    <trkpt lat="67.51697" lon="17.40315">
      <ele>795.121</ele>
    </trkpt>
    <trkpt lat="67.51697" lon="17.40315">
      <ele>795.121</ele>
    </trkpt>
    <trkpt lat="67.51678" lon="17.40313">
      <ele>795.0</ele>
    </trkpt>
    <trkpt lat="67.51654" lon="17.40294">
      <ele>795.912</ele>
    </trkpt>
    <trkpt lat="67.5162" lon="17.40309">
      <ele>798.956</ele>
    </trkpt>
    <trkpt lat="67.51602" lon="17.40341">
      <ele>799.38</ele>
    </trkpt>
    <trkpt lat="67.51567" lon="17.40363">
      <ele>801.696</ele>
    </trkpt>
    <trkpt lat="67.51563" lon="17.40405">
      <ele>801.196</ele>
    </trkpt>
    <trkpt lat="67.51544" lon="17.40413">
      <ele>803.303</ele>
    </trkpt>
    <trkpt lat="67.51515" lon="17.40452">
      <ele>805.255</ele>
    </trkpt>
    <trkpt lat="67.51483" lon="17.40538">
      <ele>805.612</ele>
    </trkpt>
    <trkpt lat="67.51479" lon="17.40589">
      <ele>806.05</ele>
    </trkpt>
    <trkpt lat="67.5146" lon="17.40603">
      <ele>805.688</ele>
    </trkpt>
    <trkpt lat="67.51432" lon="17.40607">
      <ele>804.7</ele>
    </trkpt>
    <trkpt lat="67.51393" lon="17.40693">
      <ele>805.956</ele>
    </trkpt>
    <trkpt lat="67.51351" lon="17.40723">
      <ele>806.382</ele>
    </trkpt>
    <trkpt lat="67.51299" lon="17.4074">
      <ele>807.0</ele>
    </trkpt>
    <trkpt lat="67.5123" lon="17.40775">
      <ele>807.972</ele>
    </trkpt>
    <trkpt lat="67.51186" lon="17.40823">
      <ele>811.236</ele>
    </trkpt>
    <trkpt lat="67.51148" lon="17.4084">
      <ele>812.328</ele>
    </trkpt>
    <trkpt lat="67.51121" lon="17.40863">
      <ele>812.0</ele>
    </trkpt>
    <trkpt lat="67.51094" lon="17.40864">
      <ele>812.0</ele>
    </trkpt>
    <trkpt lat="67.51071" lon="17.4088">
      <ele>812.0</ele>
    </trkpt>
    <trkpt lat="67.51062" lon="17.40876">
      <ele>812.0</ele>
    </trkpt>
    <trkpt lat="67.51045" lon="17.40842">
      <ele>812.261</ele>
    </trkpt>
    <trkpt lat="67.51016" lon="17.40836">
      <ele>812.945</ele>
    </trkpt>
    <trkpt lat="67.51004" lon="17.40816">
      <ele>813.534</ele>
    </trkpt>
    <trkpt lat="67.50966" lon="17.40821">
      <ele>814.224</ele>
    </trkpt>
    <trkpt lat="67.50952" lon="17.40833">
      <ele>814.728</ele>
    </trkpt>
    <trkpt lat="67.50857" lon="17.40884">
      <ele>818.972</ele>
    </trkpt>
    <trkpt lat="67.50857" lon="17.40884">
      <ele>818.972</ele>
    </trkpt>
    <trkpt lat="67.50803" lon="17.40912">
      <ele>821.015</ele>
    </trkpt>
    <trkpt lat="67.50745" lon="17.4091">
      <ele>821.24</ele>
    </trkpt>
    <trkpt lat="67.50715" lon="17.40885">
      <ele>821.776</ele>
    </trkpt>
    <trkpt lat="67.50702" lon="17.40887">
      <ele>821.322</ele>
    </trkpt>
    <trkpt lat="67.50646" lon="17.40869">
      <ele>822.46</ele>
    </trkpt>
    <trkpt lat="67.50576" lon="17.40961">
      <ele>824.353</ele>
    </trkpt>
    <trkpt lat="67.50555" lon="17.40958">
      <ele>827.02</ele>
    </trkpt>
    <trkpt lat="67.50539" lon="17.40923">
      <ele>827.908</ele>
    </trkpt>
    <trkpt lat="67.50533" lon="17.40847">
      <ele>829.508</ele>
    </trkpt>
    <trkpt lat="67.50524" lon="17.40809">
      <ele>829.983</ele>
    </trkpt>
    <trkpt lat="67.50428" lon="17.4068">
      <ele>833.236</ele>
    </trkpt>
    <trkpt lat="67.50396" lon="17.40674">
      <ele>833.472</ele>
    </trkpt>
    <trkpt lat="67.50345" lon="17.40646">
      <ele>835.636</ele>
    </trkpt>
    <trkpt lat="67.5029" lon="17.40657">
      <ele>835.696</ele>
    </trkpt>
    <trkpt lat="67.50253" lon="17.40641">
      <ele>836.848</ele>
    </trkpt>
    <trkpt lat="67.50222" lon="17.40611">
      <ele>836.988</ele>
    </trkpt>
    <trkpt lat="67.50207" lon="17.40491">
      <ele>840.0</ele>
    </trkpt>
    <trkpt lat="67.5016" lon="17.40337">
      <ele>837.28</ele>
    </trkpt>
    <trkpt lat="67.50138" lon="17.40307">
      <ele>835.98</ele>
    </trkpt>
    <trkpt lat="67.50071" lon="17.40315">
      <ele>838.397</ele>
    </trkpt>
    <trkpt lat="67.50023" lon="17.40387">
      <ele>839.412</ele>
    </trkpt>
    <trkpt lat="67.50016" lon="17.40403">
      <ele>839.34</ele>
    </trkpt>
    <trkpt lat="67.50016" lon="17.40403">
      <ele>839.34</ele>
    </trkpt>
    <trkpt lat="67.4991" lon="17.40629">
      <ele>839.836</ele>
    </trkpt>
    <trkpt lat="67.49889" lon="17.40703">
      <ele>838.684</ele>
    </trkpt>
    <trkpt lat="67.49874" lon="17.40719">
      <ele>839.188</ele>
    </trkpt>
    <trkpt lat="67.49841" lon="17.40798">
      <ele>839.523</ele>
    </trkpt>
    <trkpt lat="67.49791" lon="17.40809">
      <ele>841.465</ele>
    </trkpt>
    <trkpt lat="67.49771" lon="17.4071">
      <ele>842.577</ele>
    </trkpt>
    <trkpt lat="67.49707" lon="17.40602">
      <ele>844.548</ele>
    </trkpt>
    <trkpt lat="67.49635" lon="17.40758">
      <ele>845.992</ele>
    </trkpt>
    <trkpt lat="67.49609" lon="17.40845">
      <ele>845.656</ele>
    </trkpt>
    <trkpt lat="67.49549" lon="17.40907">
      <ele>846.472</ele>
    </trkpt>
    <trkpt lat="67.49527" lon="17.40955">
      <ele>848.028</ele>
    </trkpt>
    <trkpt lat="67.49431" lon="17.41083">
      <ele>851.496</ele>
    </trkpt>
    <trkpt lat="67.49353" lon="17.41139">
      <ele>847.0</ele>
    </trkpt>
    <trkpt lat="67.49312" lon="17.41216">
      <ele>847.94</ele>
    </trkpt>
    <trkpt lat="67.49292" lon="17.41215">
      <ele>849.236</ele>
    </trkpt>
    <trkpt lat="67.49252" lon="17.41274">
      <ele>849.928</ele>
    </trkpt>
    <trkpt lat="67.49232" lon="17.41321">
      <ele>849.092</ele>
    </trkpt>
    <trkpt lat="67.49192" lon="17.41372">
      <ele>850.054</ele>
    </trkpt>
    <trkpt lat="67.49175" lon="17.41384">
      <ele>850.123</ele>
    </trkpt>
    <trkpt lat="67.49175" lon="17.41384">
      <ele>850.123</ele>
    </trkpt>
    <trkpt lat="67.49158" lon="17.41398">
      <ele>850.21</ele>
    </trkpt>
    <trkpt lat="67.49045" lon="17.41569">
      <ele>851.46</ele>
    </trkpt>
    <trkpt lat="67.49028" lon="17.416">
      <ele>852.976</ele>
    </trkpt>
    <trkpt lat="67.4901" lon="17.41713">
      <ele>852.612</ele>
    </trkpt>
    <trkpt lat="67.48999" lon="17.41745">
      <ele>852.294</ele>
    </trkpt>
    <trkpt lat="67.48977" lon="17.4176">
      <ele>853.528</ele>
    </trkpt>
    <trkpt lat="67.48905" lon="17.41771">
      <ele>855.386</ele>
    </trkpt>
    <trkpt lat="67.48877" lon="17.41729">
      <ele>857.621</ele>
    </trkpt>
    <trkpt lat="67.48836" lon="17.41735">
      <ele>856.54</ele>
    </trkpt>
    <trkpt lat="67.48822" lon="17.41725">
      <ele>856.9</ele>
    </trkpt>
    <trkpt lat="67.48783" lon="17.41728">
      <ele>856.792</ele>
    </trkpt>
    <trkpt lat="67.48644" lon="17.41834">
      <ele>856.792</ele>
    </trkpt>
    <trkpt lat="67.48594" lon="17.41979">
      <ele>858.766</ele>
    </trkpt>
    <trkpt lat="67.48536" lon="17.42063">
      <ele>863.079</ele>
    </trkpt>
    <trkpt lat="67.48396" lon="17.4229">
      <ele>860.56</ele>
    </trkpt>
    <trkpt lat="67.48334" lon="17.42359">
      <ele>860.978</ele>
    </trkpt>
    <trkpt lat="67.48334" lon="17.42359">
      <ele>860.978</ele>
    </trkpt>
    <trkpt lat="67.48327" lon="17.42367">
      <ele>860.836</ele>
    </trkpt>
    <trkpt lat="67.48302" lon="17.42432">
      <ele>860.256</ele>
    </trkpt>
    <trkpt lat="67.48302" lon="17.42432">
      <ele>860.256</ele>
    </trkpt>
    <trkpt lat="67.4829" lon="17.42463">
      <ele>860.746</ele>
    </trkpt>
    <trkpt lat="67.48241" lon="17.42518">
      <ele>861.676</ele>
    </trkpt>
    <trkpt lat="67.48194" lon="17.42561">
      <ele>862.823</ele>
    </trkpt>
    <trkpt lat="67.48167" lon="17.4262">
      <ele>864.644</ele>
    </trkpt>
    <trkpt lat="67.48153" lon="17.42657">
      <ele>864.995</ele>
    </trkpt>
    <trkpt lat="67.48108" lon="17.42688">
      <ele>865.55</ele>
    </trkpt>
    <trkpt lat="67.48073" lon="17.4266">
      <ele>867.48</ele>
    </trkpt>
    <trkpt lat="67.48023" lon="17.42654">
      <ele>866.456</ele>
    </trkpt>
    <trkpt lat="67.47995" lon="17.427">
      <ele>864.8</ele>
    </trkpt>
    <trkpt lat="67.47934" lon="17.42838">
      <ele>867.376</ele>
    </trkpt>
    <trkpt lat="67.47924" lon="17.42934">
      <ele>866.736</ele>
    </trkpt>
    <trkpt lat="67.47902" lon="17.43008">
      <ele>865.904</ele>
    </trkpt>
    <trkpt lat="67.47869" lon="17.4307">
      <ele>864.852</ele>
    </trkpt>
    <trkpt lat="67.47803" lon="17.43145">
      <ele>864.964</ele>
    </trkpt>
    <trkpt lat="67.47758" lon="17.43237">
      <ele>865.757</ele>
    </trkpt>
    <trkpt lat="67.47721" lon="17.43283">
      <ele>867.088</ele>
    </trkpt>
    <trkpt lat="67.47617" lon="17.43563">
      <ele>870.097</ele>
    </trkpt>
    <trkpt lat="67.47569" lon="17.43647">
      <ele>868.74</ele>
    </trkpt>
    <trkpt lat="67.47535" lon="17.43761">
      <ele>869.824</ele>
    </trkpt>
    <trkpt lat="67.47492" lon="17.43876">
      <ele>872.194</ele>
    </trkpt>
    <trkpt lat="67.47492" lon="17.43876">
      <ele>872.194</ele>
    </trkpt>
    <trkpt lat="67.47416" lon="17.44061">
      <ele>871.828</ele>
    </trkpt>
    <trkpt lat="67.47376" lon="17.44071">
      <ele>872.908</ele>
    </trkpt>
    <trkpt lat="67.47282" lon="17.44144">
      <ele>874.356</ele>
    </trkpt>
    <trkpt lat="67.47282" lon="17.44144">
      <ele>874.356</ele>
    </trkpt>
    <trkpt lat="67.47284" lon="17.44228">
      <ele>873.713</ele>
    </trkpt>
    <trkpt lat="67.47314" lon="17.44305">
      <ele>872.392</ele>
    </trkpt>
    <trkpt lat="67.47326" lon="17.44435">
      <ele>871.306</ele>
    </trkpt>
    <trkpt lat="67.47318" lon="17.44465">
      <ele>871.8</ele>
    </trkpt>
    <trkpt lat="67.47234" lon="17.44629">
      <ele>875.084</ele>
    </trkpt>
    <trkpt lat="67.47234" lon="17.44629">
      <ele>875.084</ele>
    </trkpt>
    <trkpt lat="67.47213" lon="17.44705">
      <ele>875.742</ele>
    </trkpt>
    <trkpt lat="67.4715" lon="17.44864">
      <ele>880.338</ele>
    </trkpt>
    <trkpt lat="67.47139" lon="17.44912">
      <ele>880.156</ele>
    </trkpt>
    <trkpt lat="67.47086" lon="17.45062">
      <ele>884.406</ele>
    </trkpt>
    <trkpt lat="67.47043" lon="17.4516">
      <ele>887.808</ele>
    </trkpt>
    <trkpt lat="67.47032" lon="17.45195">
      <ele>889.223</ele>
    </trkpt>
    <trkpt lat="67.47019" lon="17.45206">
      <ele>890.347</ele>
    </trkpt>
    <trkpt lat="67.46856" lon="17.45679">
      <ele>899.552</ele>
    </trkpt>
    <trkpt lat="67.46836" lon="17.4574">
      <ele>901.616</ele>
    </trkpt>
    <trkpt lat="67.46817" lon="17.4579">
      <ele>902.764</ele>
    </trkpt>
    <trkpt lat="67.46794" lon="17.4588">
      <ele>904.435</ele>
    </trkpt>
    <trkpt lat="67.4675" lon="17.46018">
      <ele>904.352</ele>
    </trkpt>
    <trkpt lat="67.4671" lon="17.46106">
      <ele>902.624</ele>
    </trkpt>
    <trkpt lat="67.46694" lon="17.46187">
      <ele>903.0</ele>
    </trkpt>
    <trkpt lat="67.46664" lon="17.46248">
      <ele>903.935</ele>
    </trkpt>
    <trkpt lat="67.4665" lon="17.46297">
      <ele>904.415</ele>
    </trkpt>
    <trkpt lat="67.4665" lon="17.46297">
      <ele>904.415</ele>
    </trkpt>
    <trkpt lat="67.46629" lon="17.46372">
      <ele>905.356</ele>
    </trkpt>
    <trkpt lat="67.46614" lon="17.46412">
      <ele>905.896</ele>
    </trkpt>
    <trkpt lat="67.46572" lon="17.46566">
      <ele>907.0</ele>
    </trkpt>
    <trkpt lat="67.465198806" lon="17.467106131">
      <ele>909.0</ele>
    </trkpt>
    <trkpt lat="67.465204492" lon="17.467124462">
      <ele>909.0</ele>
    </trkpt>
    <trkpt lat="67.465154825" lon="17.46723175">
      <ele>908.981</ele>
    </trkpt>
    <trkpt lat="67.46515414" lon="17.467230068">
      <ele>908.984</ele>
    </trkpt>
    <trkpt lat="67.46501" lon="17.46763">
      <ele>908.496</ele>
    </trkpt>
    <trkpt lat="67.46454" lon="17.46826">
      <ele>907.656</ele>
    </trkpt>
    <trkpt lat="67.46454" lon="17.46826">
      <ele>907.656</ele>
    </trkpt>
    <trkpt lat="67.46414" lon="17.46903">
      <ele>908.096</ele>
    </trkpt>
    <trkpt lat="67.46356" lon="17.47088">
      <ele>907.863</ele>
    </trkpt>
    <trkpt lat="67.46342" lon="17.47173">
      <ele>906.688</ele>
    </trkpt>
    <trkpt lat="67.46319" lon="17.47232">
      <ele>907.164</ele>
    </trkpt>
    <trkpt lat="67.46299" lon="17.47334">
      <ele>906.218</ele>
    </trkpt>
    <trkpt lat="67.46256" lon="17.47438">
      <ele>906.618</ele>
    </trkpt>
    <trkpt lat="67.46208" lon="17.47603">
      <ele>907.198</ele>
    </trkpt>
    <trkpt lat="67.46138" lon="17.47999">
      <ele>908.13</ele>
    </trkpt>
    <trkpt lat="67.46049" lon="17.48298">
      <ele>910.744</ele>
    </trkpt>
    <trkpt lat="67.45949" lon="17.48407">
      <ele>912.02</ele>
    </trkpt>
    <trkpt lat="67.45902" lon="17.48486">
      <ele>910.064</ele>
    </trkpt>
    <trkpt lat="67.45855" lon="17.48596">
      <ele>909.204</ele>
    </trkpt>
    <trkpt lat="67.45808" lon="17.48651">
      <ele>909.952</ele>
    </trkpt>
    <trkpt lat="67.45808" lon="17.48651">
      <ele>909.952</ele>
    </trkpt>
    <trkpt lat="67.45788" lon="17.48675">
      <ele>910.928</ele>
    </trkpt>
    <trkpt lat="67.45727" lon="17.488">
      <ele>909.684</ele>
    </trkpt>
    <trkpt lat="67.45705" lon="17.48876">
      <ele>909.656</ele>
    </trkpt>
    <trkpt lat="67.4567" lon="17.49023">
      <ele>911.64</ele>
    </trkpt>
    <trkpt lat="67.4567" lon="17.49023">
      <ele>911.64</ele>
    </trkpt>
    <trkpt lat="67.45622" lon="17.4922">
      <ele>911.688</ele>
    </trkpt>
    <trkpt lat="67.45601" lon="17.49279">
      <ele>911.0</ele>
    </trkpt>
    <trkpt lat="67.45588" lon="17.49356">
      <ele>910.153</ele>
    </trkpt>
    <trkpt lat="67.45577" lon="17.49377">
      <ele>910.0</ele>
    </trkpt>
    <trkpt lat="67.45562" lon="17.49385">
      <ele>910.0</ele>
    </trkpt>
    <trkpt lat="67.45483" lon="17.49607">
      <ele>908.0</ele>
    </trkpt>
    <trkpt lat="67.45435" lon="17.49716">
      <ele>908.564</ele>
    </trkpt>
    <trkpt lat="67.45399" lon="17.4981">
      <ele>909.17</ele>
    </trkpt>
    <trkpt lat="67.45386" lon="17.49862">
      <ele>909.072</ele>
    </trkpt>
    <trkpt lat="67.4534" lon="17.4999">
      <ele>908.76</ele>
    </trkpt>
    <trkpt lat="67.45299" lon="17.50138">
      <ele>908.236</ele>
    </trkpt>
    <trkpt lat="67.45277" lon="17.50229">
      <ele>908.763</ele>
    </trkpt>
    <trkpt lat="67.4525" lon="17.50314">
      <ele>909.304</ele>
    </trkpt>
    <trkpt lat="67.45236" lon="17.50382">
      <ele>910.0</ele>
    </trkpt>
    <trkpt lat="67.45206" lon="17.50496">
      <ele>909.0</ele>
    </trkpt>
    <trkpt lat="67.45146" lon="17.50686">
      <ele>905.304</ele>
    </trkpt>
    <trkpt lat="67.45041" lon="17.51132">
      <ele>902.118</ele>
    </trkpt>
    <trkpt lat="67.45017" lon="17.51221">
      <ele>902.0</ele>
    </trkpt>
    <trkpt lat="67.45017" lon="17.51221">
      <ele>902.0</ele>
    </trkpt>
    <trkpt lat="67.45006" lon="17.51258">
      <ele>900.938</ele>
    </trkpt>
    <trkpt lat="67.44966" lon="17.51356">
      <ele>899.0</ele>
    </trkpt>
    <trkpt lat="67.44966" lon="17.51356">
      <ele>899.0</ele>
    </trkpt>
    <trkpt lat="67.44948" lon="17.51398">
      <ele>899.0</ele>
    </trkpt>
    <trkpt lat="67.4489" lon="17.51657">
      <ele>898.04</ele>
    </trkpt>
    <trkpt lat="67.44881" lon="17.51657">
      <ele>897.432</ele>
    </trkpt>
    <trkpt lat="67.4487" lon="17.51753">
      <ele>896.32</ele>
    </trkpt>
    <trkpt lat="67.44785" lon="17.51951">
      <ele>893.0</ele>
    </trkpt>
    <trkpt lat="67.44765" lon="17.51948">
      <ele>893.0</ele>
    </trkpt>
    <trkpt lat="67.44688" lon="17.52127">
      <ele>893.0</ele>
    </trkpt>
    <trkpt lat="67.44687" lon="17.5221">
      <ele>892.85</ele>
    </trkpt>
    <trkpt lat="67.44636" lon="17.52354">
      <ele>891.229</ele>
    </trkpt>
    <trkpt lat="67.44592" lon="17.52363">
      <ele>891.0</ele>
    </trkpt>
    <trkpt lat="67.44582" lon="17.52281">
      <ele>892.0</ele>
    </trkpt>
    <trkpt lat="67.44566" lon="17.52286">
      <ele>892.0</ele>
    </trkpt>
    <trkpt lat="67.44541" lon="17.52356">
      <ele>892.0</ele>
    </trkpt>
    <trkpt lat="67.44528" lon="17.52433">
      <ele>891.992</ele>
    </trkpt>
    <trkpt lat="67.44524" lon="17.52479">
      <ele>891.136</ele>
    </trkpt>
    <trkpt lat="67.4445" lon="17.52484">
      <ele>892.0</ele>
    </trkpt>
    <trkpt lat="67.44434" lon="17.5255">
      <ele>892.075</ele>
    </trkpt>
    <trkpt lat="67.44432" lon="17.52619">
      <ele>891.843</ele>
    </trkpt>
    <trkpt lat="67.44438" lon="17.52686">
      <ele>891.0</ele>
    </trkpt>
    <trkpt lat="67.44399" lon="17.52775">
      <ele>889.736</ele>
    </trkpt>
    <trkpt lat="67.4437" lon="17.52926">
      <ele>888.132</ele>
    </trkpt>
    <trkpt lat="67.44325" lon="17.53009">
      <ele>889.976</ele>
    </trkpt>
    <trkpt lat="67.44273" lon="17.53215">
      <ele>890.344</ele>
    </trkpt>
    <trkpt lat="67.44228" lon="17.53418">
      <ele>889.536</ele>
    </trkpt>
    <trkpt lat="67.44228" lon="17.53418">
      <ele>889.536</ele>
    </trkpt>
    <trkpt lat="67.4418" lon="17.53692">
      <ele>890.52</ele>
    </trkpt>
    <trkpt lat="67.44159" lon="17.53942">
      <ele>883.276</ele>
    </trkpt>
    <trkpt lat="67.44143" lon="17.54003">
      <ele>881.852</ele>
    </trkpt>
    <trkpt lat="67.44123" lon="17.54041">
      <ele>882.096</ele>
    </trkpt>
    <trkpt lat="67.44123" lon="17.54041">
      <ele>882.096</ele>
    </trkpt>
    <trkpt lat="67.44108" lon="17.54069">
      <ele>881.74</ele>
    </trkpt>
    <trkpt lat="67.44087" lon="17.54148">
      <ele>880.825</ele>
    </trkpt>
    <trkpt lat="67.4405" lon="17.54206">
      <ele>880.984</ele>
    </trkpt>
    <trkpt lat="67.44035" lon="17.54261">
      <ele>880.084</ele>
    </trkpt>
    <trkpt lat="67.44025" lon="17.54289">
      <ele>880.3</ele>
    </trkpt>
    <trkpt lat="67.44011" lon="17.54346">
      <ele>881.027</ele>
    </trkpt>
    <trkpt lat="67.4398" lon="17.54413">
      <ele>883.255</ele>
    </trkpt>
    <trkpt lat="67.43919" lon="17.54602">
      <ele>883.46</ele>
    </trkpt>
    <trkpt lat="67.43884" lon="17.54669">
      <ele>883.268</ele>
    </trkpt>
    <trkpt lat="67.43861" lon="17.54751">
      <ele>882.976</ele>
    </trkpt>
    <trkpt lat="67.43847" lon="17.54785">
      <ele>883.264</ele>
    </trkpt>
    <trkpt lat="67.43828" lon="17.54853">
      <ele>882.868</ele>
    </trkpt>
    <trkpt lat="67.43815" lon="17.54882">
      <ele>883.98</ele>
    </trkpt>
    <trkpt lat="67.43792" lon="17.54965">
      <ele>883.724</ele>
    </trkpt>
    <trkpt lat="67.43776" lon="17.55048">
      <ele>883.464</ele>
    </trkpt>
    <trkpt lat="67.43751" lon="17.55139">
      <ele>883.852</ele>
    </trkpt>
    <trkpt lat="67.43725" lon="17.55262">
      <ele>884.168</ele>
    </trkpt>
    <trkpt lat="67.43701" lon="17.55285">
      <ele>885.268</ele>
    </trkpt>
    <trkpt lat="67.43689" lon="17.55365">
      <ele>884.644</ele>
    </trkpt>
    <trkpt lat="67.43675" lon="17.5541">
      <ele>885.8</ele>
    </trkpt>
    <trkpt lat="67.43669" lon="17.55463">
      <ele>885.968</ele>
    </trkpt>
    <trkpt lat="67.43641" lon="17.5559">
      <ele>884.608</ele>
    </trkpt>
    <trkpt lat="67.43625" lon="17.55615">
      <ele>884.93</ele>
    </trkpt>
    <trkpt lat="67.43625" lon="17.55615">
      <ele>884.93</ele>
    </trkpt>
    <trkpt lat="67.4362" lon="17.55624">
      <ele>885.212</ele>
    </trkpt>
    <trkpt lat="67.4361" lon="17.5567">
      <ele>885.115</ele>
    </trkpt>
    <trkpt lat="67.43616" lon="17.5573">
      <ele>883.192</ele>
    </trkpt>
    <trkpt lat="67.43617" lon="17.55837">
      <ele>879.232</ele>
    </trkpt>
    <trkpt lat="67.43614" lon="17.55885">
      <ele>877.917</ele>
    </trkpt>
    <trkpt lat="67.43584" lon="17.55966">
      <ele>877.957</ele>
    </trkpt>
    <trkpt lat="67.43513" lon="17.56189">
      <ele>877.792</ele>
    </trkpt>
    <trkpt lat="67.43473" lon="17.56328">
      <ele>877.944</ele>
    </trkpt>
    <trkpt lat="67.43452" lon="17.56363">
      <ele>878.406</ele>
    </trkpt>
    <trkpt lat="67.43416" lon="17.56486">
      <ele>878.564</ele>
    </trkpt>
    <trkpt lat="67.43392" lon="17.56522">
      <ele>879.961</ele>
    </trkpt>
    <trkpt lat="67.43379" lon="17.56563">
      <ele>880.512</ele>
    </trkpt>
    <trkpt lat="67.43356" lon="17.56601">
      <ele>883.1</ele>
    </trkpt>
    <trkpt lat="67.4328" lon="17.56844">
      <ele>885.376</ele>
    </trkpt>
    <trkpt lat="67.4328" lon="17.56844">
      <ele>885.376</ele>
    </trkpt>
    <trkpt lat="67.43215" lon="17.57051">
      <ele>886.464</ele>
    </trkpt>
    <trkpt lat="67.43195" lon="17.5714">
      <ele>886.86</ele>
    </trkpt>
    <trkpt lat="67.4317" lon="17.57209">
      <ele>888.876</ele>
    </trkpt>
    <trkpt lat="67.43145" lon="17.57259">
      <ele>890.576</ele>
    </trkpt>
    <trkpt lat="67.43137" lon="17.57303">
      <ele>890.432</ele>
    </trkpt>
    <trkpt lat="67.43121" lon="17.5734">
      <ele>890.98</ele>
    </trkpt>
    <trkpt lat="67.43115" lon="17.57375">
      <ele>890.8</ele>
    </trkpt>
    <trkpt lat="67.43099" lon="17.57418">
      <ele>892.105</ele>
    </trkpt>
    <trkpt lat="67.4308" lon="17.57449">
      <ele>894.172</ele>
    </trkpt>
    <trkpt lat="67.43065" lon="17.57501">
      <ele>894.24</ele>
    </trkpt>
    <trkpt lat="67.43057" lon="17.57539">
      <ele>893.388</ele>
    </trkpt>
    <trkpt lat="67.43009" lon="17.57627">
      <ele>894.947</ele>
    </trkpt>
    <trkpt lat="67.42996" lon="17.57723">
      <ele>892.692</ele>
    </trkpt>
    <trkpt lat="67.42958" lon="17.57812">
      <ele>894.721</ele>
    </trkpt>
    <trkpt lat="67.42958" lon="17.57812">
      <ele>894.721</ele>
    </trkpt>
    <trkpt lat="67.42922" lon="17.5792">
      <ele>895.728</ele>
    </trkpt>
    <trkpt lat="67.42907" lon="17.5799">
      <ele>895.46</ele>
    </trkpt>
    <trkpt lat="67.4287" lon="17.58069">
      <ele>895.597</ele>
    </trkpt>
    <trkpt lat="67.42867" lon="17.58103">
      <ele>893.524</ele>
    </trkpt>
    <trkpt lat="67.42851" lon="17.58159">
      <ele>892.832</ele>
    </trkpt>
    <trkpt lat="67.42837" lon="17.58189">
      <ele>893.562</ele>
    </trkpt>
    <trkpt lat="67.42825" lon="17.58227">
      <ele>893.156</ele>
    </trkpt>
    <trkpt lat="67.42678" lon="17.5856">
      <ele>896.64</ele>
    </trkpt>
    <trkpt lat="67.4258" lon="17.58839">
      <ele>894.856</ele>
    </trkpt>
    <trkpt lat="67.42449" lon="17.59054">
      <ele>898.62</ele>
    </trkpt>
    <trkpt lat="67.42436" lon="17.59084">
      <ele>898.175</ele>
    </trkpt>
    <trkpt lat="67.42436" lon="17.59084">
      <ele>898.175</ele>
    </trkpt>
    <trkpt lat="67.42372" lon="17.59235">
      <ele>895.688</ele>
    </trkpt>
    <trkpt lat="67.42284" lon="17.59407">
      <ele>891.17</ele>
    </trkpt>
    <trkpt lat="67.42228" lon="17.59538">
      <ele>891.931</ele>
    </trkpt>
    <trkpt lat="67.42169" lon="17.59602">
      <ele>891.488</ele>
    </trkpt>
    <trkpt lat="67.42119" lon="17.59622">
      <ele>893.648</ele>
    </trkpt>
    <trkpt lat="67.42081" lon="17.59666">
      <ele>893.108</ele>
    </trkpt>
    <trkpt lat="67.42035" lon="17.59728">
      <ele>891.532</ele>
    </trkpt>
    <trkpt lat="67.42004" lon="17.59804">
      <ele>888.968</ele>
    </trkpt>
    <trkpt lat="67.41941" lon="17.59884">
      <ele>889.322</ele>
    </trkpt>
    <trkpt lat="67.41815" lon="17.6001">
      <ele>885.64</ele>
    </trkpt>
    <trkpt lat="67.41815" lon="17.6001">
      <ele>885.64</ele>
    </trkpt>
    <trkpt lat="67.41686" lon="17.60109">
      <ele>885.357</ele>
    </trkpt>
    <trkpt lat="67.41641" lon="17.60166">
      <ele>884.926</ele>
    </trkpt>
    <trkpt lat="67.41593" lon="17.60216">
      <ele>884.1</ele>
    </trkpt>
    <trkpt lat="67.41593" lon="17.60216">
      <ele>884.1</ele>
    </trkpt>
    <trkpt lat="67.41508" lon="17.60304">
      <ele>883.496</ele>
    </trkpt>
    <trkpt lat="67.41407" lon="17.60434">
      <ele>879.969</ele>
    </trkpt>
    <trkpt lat="67.41281" lon="17.60606">
      <ele>877.115</ele>
    </trkpt>
    <trkpt lat="67.41227" lon="17.60706">
      <ele>877.412</ele>
    </trkpt>
    <trkpt lat="67.41186" lon="17.60761">
      <ele>876.604</ele>
    </trkpt>
    <trkpt lat="67.41133" lon="17.6082">
      <ele>873.89</ele>
    </trkpt>
    <trkpt lat="67.41102" lon="17.60873">
      <ele>871.244</ele>
    </trkpt>
    <trkpt lat="67.41067" lon="17.60946">
      <ele>868.412</ele>
    </trkpt>
    <trkpt lat="67.41036" lon="17.60979">
      <ele>867.224</ele>
    </trkpt>
    <trkpt lat="67.40959" lon="17.61073">
      <ele>863.701</ele>
    </trkpt>
    <trkpt lat="67.40925" lon="17.61082">
      <ele>863.048</ele>
    </trkpt>
    <trkpt lat="67.40803" lon="17.61135">
      <ele>864.153</ele>
    </trkpt>
    <trkpt lat="67.40749" lon="17.61151">
      <ele>864.564</ele>
    </trkpt>
    <trkpt lat="67.40749" lon="17.61151">
      <ele>864.564</ele>
    </trkpt>
    <trkpt lat="67.40741" lon="17.61153">
      <ele>864.492</ele>
    </trkpt>
    <trkpt lat="67.40719" lon="17.61182">
      <ele>863.512</ele>
    </trkpt>
    <trkpt lat="67.40693" lon="17.61201">
      <ele>863.764</ele>
    </trkpt>
    <trkpt lat="67.40655" lon="17.61238">
      <ele>862.852</ele>
    </trkpt>
    <trkpt lat="67.40612" lon="17.61254">
      <ele>863.824</ele>
    </trkpt>
    <trkpt lat="67.40571" lon="17.61326">
      <ele>863.152</ele>
    </trkpt>
    <trkpt lat="67.40471" lon="17.61413">
      <ele>863.0</ele>
    </trkpt>
    <trkpt lat="67.40305" lon="17.61586">
      <ele>861.906</ele>
    </trkpt>
    <trkpt lat="67.40167" lon="17.61704">
      <ele>858.008</ele>
    </trkpt>
    <trkpt lat="67.40043" lon="17.61896">
      <ele>860.0</ele>
    </trkpt>
    <trkpt lat="67.39904" lon="17.62004">
      <ele>855.466</ele>
    </trkpt>
    <trkpt lat="67.39904" lon="17.62004">
      <ele>855.466</ele>
    </trkpt>
    <trkpt lat="67.39888" lon="17.62017">
      <ele>855.012</ele>
    </trkpt>
    <trkpt lat="67.39868" lon="17.62043">
      <ele>854.864</ele>
    </trkpt>
    <trkpt lat="67.39815" lon="17.62087">
      <ele>855.0</ele>
    </trkpt>
    <trkpt lat="67.39782" lon="17.62152">
      <ele>853.6</ele>
    </trkpt>
    <trkpt lat="67.39763" lon="17.62207">
      <ele>853.0</ele>
    </trkpt>
    <trkpt lat="67.39763" lon="17.62207">
      <ele>853.0</ele>
    </trkpt>
    <trkpt lat="67.39752" lon="17.62236">
      <ele>853.0</ele>
    </trkpt>
    <trkpt lat="67.39717" lon="17.62309">
      <ele>854.188</ele>
    </trkpt>
    <trkpt lat="67.3968" lon="17.62408">
      <ele>855.52</ele>
    </trkpt>
    <trkpt lat="67.39651" lon="17.62474">
      <ele>856.0</ele>
    </trkpt>
    <trkpt lat="67.39602" lon="17.62533">
      <ele>856.874</ele>
    </trkpt>
    <trkpt lat="67.39549" lon="17.62585">
      <ele>854.292</ele>
    </trkpt>
    <trkpt lat="67.39458" lon="17.62617">
      <ele>850.512</ele>
    </trkpt>
    <trkpt lat="67.39415" lon="17.62674">
      <ele>850.94</ele>
    </trkpt>
    <trkpt lat="67.39373" lon="17.62703">
      <ele>850.0</ele>
    </trkpt>
    <trkpt lat="67.3936" lon="17.62707">
      <ele>849.96</ele>
    </trkpt>
    <trkpt lat="67.39329" lon="17.62706">
      <ele>848.844</ele>
    </trkpt>
    <trkpt lat="67.39316" lon="17.62665">
      <ele>848.413</ele>
    </trkpt>
    <trkpt lat="67.39303" lon="17.62657">
      <ele>848.408</ele>
    </trkpt>
    <trkpt lat="67.39292" lon="17.62682">
      <ele>848.488</ele>
    </trkpt>
    <trkpt lat="67.39286" lon="17.62732">
      <ele>848.352</ele>
    </trkpt>
    <trkpt lat="67.3926" lon="17.62732">
      <ele>849.928</ele>
    </trkpt>
    <trkpt lat="67.39224" lon="17.62723">
      <ele>849.1</ele>
    </trkpt>
    <trkpt lat="67.39208" lon="17.62703">
      <ele>848.488</ele>
    </trkpt>
    <trkpt lat="67.39162" lon="17.62712">
      <ele>847.368</ele>
    </trkpt>
    <trkpt lat="67.39124" lon="17.62689">
      <ele>848.105</ele>
    </trkpt>
    <trkpt lat="67.39082" lon="17.62706">
      <ele>847.564</ele>
    </trkpt>
    <trkpt lat="67.3906" lon="17.62712">
      <ele>846.837</ele>
    </trkpt>
    <trkpt lat="67.3906" lon="17.62712">
      <ele>846.837</ele>
    </trkpt>
    <trkpt lat="67.39033" lon="17.62719">
      <ele>846.95</ele>
    </trkpt>
    <trkpt lat="67.38994" lon="17.62749">
      <ele>846.28</ele>
    </trkpt>
    <trkpt lat="67.38919" lon="17.62813">
      <ele>843.793</ele>
    </trkpt>
    <trkpt lat="67.38878" lon="17.62894">
      <ele>839.816</ele>
    </trkpt>
    <trkpt lat="67.38822" lon="17.63022">
      <ele>835.616</ele>
    </trkpt>
    <trkpt lat="67.38736" lon="17.63157">
      <ele>832.852</ele>
    </trkpt>
    <trkpt lat="67.38676" lon="17.63296">
      <ele>830.116</ele>
    </trkpt>
    <trkpt lat="67.38642" lon="17.63332">
      <ele>828.16</ele>
    </trkpt>
    <trkpt lat="67.38616" lon="17.63365">
      <ele>827.176</ele>
    </trkpt>
    <trkpt lat="67.38584" lon="17.6339">
      <ele>826.024</ele>
    </trkpt>
    <trkpt lat="67.3855" lon="17.63403">
      <ele>824.898</ele>
    </trkpt>
    <trkpt lat="67.38533" lon="17.63413">
      <ele>824.295</ele>
    </trkpt>
    <trkpt lat="67.38519" lon="17.63435">
      <ele>823.233</ele>
    </trkpt>
    <trkpt lat="67.3846" lon="17.63516">
      <ele>820.747</ele>
    </trkpt>
    <trkpt lat="67.38398" lon="17.63629">
      <ele>817.567</ele>
    </trkpt>
    <trkpt lat="67.38352" lon="17.63668">
      <ele>817.312</ele>
    </trkpt>
    <trkpt lat="67.38306" lon="17.63755">
      <ele>815.807</ele>
    </trkpt>
    <trkpt lat="67.38246" lon="17.63847">
      <ele>812.929</ele>
    </trkpt>
    <trkpt lat="67.38222" lon="17.63882">
      <ele>811.248</ele>
    </trkpt>
    <trkpt lat="67.38215" lon="17.63887">
      <ele>811.068</ele>
    </trkpt>
    <trkpt lat="67.38215" lon="17.63887">
      <ele>811.068</ele>
    </trkpt>
    <trkpt lat="67.38168" lon="17.63925">
      <ele>810.034</ele>
    </trkpt>
    <trkpt lat="67.38125" lon="17.63952">
      <ele>809.728</ele>
    </trkpt>
    <trkpt lat="67.381" lon="17.63974">
      <ele>809.336</ele>
    </trkpt>
    <trkpt lat="67.38033" lon="17.63995">
      <ele>809.992</ele>
    </trkpt>
    <trkpt lat="67.37983" lon="17.64069">
      <ele>806.644</ele>
    </trkpt>
    <trkpt lat="67.37928" lon="17.64156">
      <ele>805.611</ele>
    </trkpt>
    <trkpt lat="67.3789" lon="17.64236">
      <ele>803.464</ele>
    </trkpt>
    <trkpt lat="67.37873" lon="17.64297">
      <ele>801.88</ele>
    </trkpt>
    <trkpt lat="67.37851" lon="17.64346">
      <ele>801.198</ele>
    </trkpt>
    <trkpt lat="67.37829" lon="17.6438">
      <ele>800.476</ele>
    </trkpt>
    <trkpt lat="67.37816" lon="17.64377">
      <ele>801.052</ele>
    </trkpt>
    <trkpt lat="67.37792" lon="17.64404">
      <ele>801.488</ele>
    </trkpt>
    <trkpt lat="67.37792" lon="17.64404">
      <ele>801.488</ele>
    </trkpt>
    <trkpt lat="67.37779" lon="17.64418">
      <ele>801.908</ele>
    </trkpt>
    <trkpt lat="67.37752" lon="17.64437">
      <ele>800.091</ele>
    </trkpt>
    <trkpt lat="67.37739" lon="17.64488">
      <ele>798.245</ele>
    </trkpt>
    <trkpt lat="67.377053165" lon="17.645424119">
      <ele>793.566</ele>
    </trkpt>
    <trkpt lat="67.377165053" lon="17.644042969">
      <ele>793.096</ele>
    </trkpt>
    <trkpt lat="67.377189861" lon="17.644046536">
      <ele>793.667</ele>
    </trkpt>
    <trkpt lat="67.37718" lon="17.64451">
      <ele>794.124</ele>
    </trkpt>
    <trkpt lat="67.37712" lon="17.64499">
      <ele>794.124</ele>
    </trkpt>
    <trkpt lat="67.37699" lon="17.6453">
      <ele>792.656</ele>
    </trkpt>
    <trkpt lat="67.377" lon="17.64551">
      <ele>792.8</ele>
    </trkpt>
    <trkpt lat="67.377" lon="17.64551">
      <ele>792.8</ele>
    </trkpt>
    <trkpt lat="67.377" lon="17.64551">
      <ele>792.8</ele>
    </trkpt>
    <trkpt lat="67.37692" lon="17.64576">
      <ele>792.153</ele>
    </trkpt>
    <trkpt lat="67.37692" lon="17.64576">
      <ele>792.153</ele>
    </trkpt>
    <trkpt lat="67.37678" lon="17.64605">
      <ele>793.502</ele>
    </trkpt>
    <trkpt lat="67.37678" lon="17.64605">
      <ele>793.502</ele>
    </trkpt>
    <trkpt lat="67.37641" lon="17.64686">
      <ele>797.62</ele>
    </trkpt>
    <trkpt lat="67.37631" lon="17.64735">
      <ele>798.329</ele>
    </trkpt>
    <trkpt lat="67.37609" lon="17.64871">
      <ele>798.875</ele>
    </trkpt>
    <trkpt lat="67.37572" lon="17.65036">
      <ele>798.592</ele>
    </trkpt>
    <trkpt lat="67.37555" lon="17.65086">
      <ele>798.92</ele>
    </trkpt>
    <trkpt lat="67.37533" lon="17.65141">
      <ele>795.626</ele>
    </trkpt>
    <trkpt lat="67.37479" lon="17.65319">
      <ele>793.244</ele>
    </trkpt>
    <trkpt lat="67.37463" lon="17.65418">
      <ele>793.716</ele>
    </trkpt>
    <trkpt lat="67.37442" lon="17.6552">
      <ele>794.912</ele>
    </trkpt>
    <trkpt lat="67.37405" lon="17.65619">
      <ele>795.165</ele>
    </trkpt>
    <trkpt lat="67.37382" lon="17.65721">
      <ele>795.741</ele>
    </trkpt>
    <trkpt lat="67.3737" lon="17.65747">
      <ele>795.32</ele>
    </trkpt>
    <trkpt lat="67.3737" lon="17.65747">
      <ele>795.32</ele>
    </trkpt>
    <trkpt lat="67.37258" lon="17.65974">
      <ele>790.558</ele>
    </trkpt>
    <trkpt lat="67.37198" lon="17.66122">
      <ele>788.128</ele>
    </trkpt>
    <trkpt lat="67.37166" lon="17.6623">
      <ele>787.952</ele>
    </trkpt>
    <trkpt lat="67.37101" lon="17.66411">
      <ele>783.272</ele>
    </trkpt>
    <trkpt lat="67.37008" lon="17.66583">
      <ele>773.428</ele>
    </trkpt>
    <trkpt lat="67.36995" lon="17.66602">
      <ele>772.132</ele>
    </trkpt>
    <trkpt lat="67.36995" lon="17.66602">
      <ele>772.132</ele>
    </trkpt>
    <trkpt lat="67.36972" lon="17.66635">
      <ele>770.844</ele>
    </trkpt>
    <trkpt lat="67.36952" lon="17.667">
      <ele>771.744</ele>
    </trkpt>
    <trkpt lat="67.36925" lon="17.66936">
      <ele>771.896</ele>
    </trkpt>
    <trkpt lat="67.369" lon="17.67144">
      <ele>772.274</ele>
    </trkpt>
    <trkpt lat="67.36867" lon="17.67264">
      <ele>770.247</ele>
    </trkpt>
    <trkpt lat="67.36848" lon="17.67441">
      <ele>776.507</ele>
    </trkpt>
    <trkpt lat="67.36838" lon="17.67588">
      <ele>781.316</ele>
    </trkpt>
    <trkpt lat="67.36846" lon="17.67705">
      <ele>787.943</ele>
    </trkpt>
    <trkpt lat="67.36776" lon="17.6788">
      <ele>788.656</ele>
    </trkpt>
    <trkpt lat="67.36776" lon="17.6788">
      <ele>788.656</ele>
    </trkpt>
    <trkpt lat="67.36676" lon="17.6822">
      <ele>789.2</ele>
    </trkpt>
    <trkpt lat="67.36641" lon="17.68379">
      <ele>788.972</ele>
    </trkpt>
    <trkpt lat="67.3662" lon="17.68522">
      <ele>792.397</ele>
    </trkpt>
    <trkpt lat="67.36603" lon="17.68604">
      <ele>793.152</ele>
    </trkpt>
    <trkpt lat="67.36579" lon="17.68733">
      <ele>795.045</ele>
    </trkpt>
    <trkpt lat="67.36563" lon="17.68799">
      <ele>794.113</ele>
    </trkpt>
    <trkpt lat="67.36563" lon="17.68799">
      <ele>794.113</ele>
    </trkpt>
    <trkpt lat="67.36524" lon="17.68953">
      <ele>792.356</ele>
    </trkpt>
    <trkpt lat="67.36524" lon="17.68953">
      <ele>792.356</ele>
    </trkpt>
    <trkpt lat="67.36513" lon="17.68998">
      <ele>791.204</ele>
    </trkpt>
    <trkpt lat="67.3651" lon="17.69105">
      <ele>795.3</ele>
    </trkpt>
    <trkpt lat="67.36397" lon="17.69475">
      <ele>786.876</ele>
    </trkpt>
    <trkpt lat="67.36309" lon="17.69714">
      <ele>780.989</ele>
    </trkpt>
    <trkpt lat="67.36276" lon="17.69807">
      <ele>779.924</ele>
    </trkpt>
    <trkpt lat="67.36225" lon="17.69984">
      <ele>780.042</ele>
    </trkpt>
    <trkpt lat="67.36135" lon="17.70355">
      <ele>778.72</ele>
    </trkpt>
    <trkpt lat="67.36095" lon="17.70546">
      <ele>779.116</ele>
    </trkpt>
    <trkpt lat="67.36019" lon="17.70803">
      <ele>783.247</ele>
    </trkpt>
    <trkpt lat="67.35955" lon="17.70966">
      <ele>783.296</ele>
    </trkpt>
    <trkpt lat="67.35948" lon="17.70996">
      <ele>783.258</ele>
    </trkpt>
    <trkpt lat="67.35948" lon="17.70996">
      <ele>783.258</ele>
    </trkpt>
    <trkpt lat="67.35897" lon="17.71212">
      <ele>783.739</ele>
    </trkpt>
    <trkpt lat="67.35836" lon="17.71316">
      <ele>782.096</ele>
    </trkpt>
    <trkpt lat="67.35811" lon="17.7139">
      <ele>782.196</ele>
    </trkpt>
    <trkpt lat="67.35749" lon="17.71597">
      <ele>781.946</ele>
    </trkpt>
    <trkpt lat="67.3571" lon="17.71694">
      <ele>781.12</ele>
    </trkpt>
    <trkpt lat="67.35679" lon="17.71841">
      <ele>780.164</ele>
    </trkpt>
    <trkpt lat="67.35679" lon="17.71841">
      <ele>780.164</ele>
    </trkpt>
    <trkpt lat="67.35675" lon="17.71857">
      <ele>780.452</ele>
    </trkpt>
    <trkpt lat="67.35675" lon="17.71857">
      <ele>780.452</ele>
    </trkpt>
    <trkpt lat="67.35651" lon="17.71983">
      <ele>779.308</ele>
    </trkpt>
    <trkpt lat="67.35679" lon="17.72068">
      <ele>784.137</ele>
    </trkpt>
    <trkpt lat="67.35679" lon="17.72068">
      <ele>784.137</ele>
    </trkpt>
    <trkpt lat="67.35689" lon="17.72099">
      <ele>785.257</ele>
    </trkpt>
    <trkpt lat="67.35679" lon="17.72137">
      <ele>785.406</ele>
    </trkpt>
    <trkpt lat="67.35679" lon="17.72137">
      <ele>785.406</ele>
    </trkpt>
    <trkpt lat="67.356463836" lon="17.722616673">
      <ele>784.96</ele>
    </trkpt>
    <trkpt lat="67.35646" lon="17.72261">
      <ele>784.908</ele>
    </trkpt>
    <trkpt lat="67.35663" lon="17.72394">
      <ele>789.92</ele>
    </trkpt>
    <trkpt lat="67.35648" lon="17.72523">
      <ele>793.812</ele>
    </trkpt>
    <trkpt lat="67.35583" lon="17.72824">
      <ele>795.28</ele>
    </trkpt>
    <trkpt lat="67.35479" lon="17.73193">
      <ele>796.449</ele>
    </trkpt>
    <trkpt lat="67.35479" lon="17.73193">
      <ele>796.449</ele>
    </trkpt>
    <trkpt lat="67.35403" lon="17.7351">
      <ele>796.067</ele>
    </trkpt>
    <trkpt lat="67.35282" lon="17.73838">
      <ele>795.776</ele>
    </trkpt>
    <trkpt lat="67.35169" lon="17.74139">
      <ele>794.26</ele>
    </trkpt>
    <trkpt lat="67.34941" lon="17.74875">
      <ele>794.0</ele>
    </trkpt>
    <trkpt lat="67.34863" lon="17.75347">
      <ele>794.068</ele>
    </trkpt>
    <trkpt lat="67.34854" lon="17.75391">
      <ele>793.801</ele>
    </trkpt>
    <trkpt lat="67.34854" lon="17.75391">
      <ele>793.801</ele>
    </trkpt>
    <trkpt lat="67.34832" lon="17.75496">
      <ele>793.952</ele>
    </trkpt>
    <trkpt lat="67.34832" lon="17.75496">
      <ele>793.952</ele>
    </trkpt>
    <trkpt lat="67.34797" lon="17.75671">
      <ele>795.432</ele>
    </trkpt>
    <trkpt lat="67.34751" lon="17.75866">
      <ele>796.036</ele>
    </trkpt>
    <trkpt lat="67.34691" lon="17.76098">
      <ele>797.463</ele>
    </trkpt>
    <trkpt lat="67.346704307" lon="17.761686211">
      <ele>797.136</ele>
    </trkpt>
    <trkpt lat="67.346606269" lon="17.763175964">
      <ele>797.0</ele>
    </trkpt>
    <trkpt lat="67.346606269" lon="17.763690948">
      <ele>797.225</ele>
    </trkpt>
    <trkpt lat="67.346540152" lon="17.764205933">
      <ele>797.545</ele>
    </trkpt>
    <trkpt lat="67.346540152" lon="17.764720917">
      <ele>797.545</ele>
    </trkpt>
    <trkpt lat="67.346606269" lon="17.765235901">
      <ele>797.783</ele>
    </trkpt>
    <trkpt lat="67.346606269" lon="17.765922546">
      <ele>797.531</ele>
    </trkpt>
    <trkpt lat="67.346672385" lon="17.766437531">
      <ele>797.192</ele>
    </trkpt>
    <trkpt lat="67.346738501" lon="17.766952515">
      <ele>798.008</ele>
    </trkpt>
    <trkpt lat="67.346804617" lon="17.767467499">
      <ele>798.497</ele>
    </trkpt>
    <trkpt lat="67.346936848" lon="17.767982483">
      <ele>800.71</ele>
    </trkpt>
    <trkpt lat="67.347002963" lon="17.768497467">
      <ele>802.888</ele>
    </trkpt>
    <trkpt lat="67.347135193" lon="17.76884079">
      <ele>803.946</ele>
    </trkpt>
    <trkpt lat="67.347135193" lon="17.769355774">
      <ele>803.319</ele>
    </trkpt>
    <trkpt lat="67.347201308" lon="17.769870758">
      <ele>802.0</ele>
    </trkpt>
    <trkpt lat="67.347333537" lon="17.770214081">
      <ele>801.229</ele>
    </trkpt>
    <trkpt lat="67.347333537" lon="17.770729065">
      <ele>800.401</ele>
    </trkpt>
    <trkpt lat="67.347465765" lon="17.771072388">
      <ele>800.016</ele>
    </trkpt>
    <trkpt lat="67.347531879" lon="17.771587372">
      <ele>801.092</ele>
    </trkpt>
    <trkpt lat="67.347597993" lon="17.772102356">
      <ele>802.426</ele>
    </trkpt>
    <trkpt lat="67.347597993" lon="17.77261734">
      <ele>802.706</ele>
    </trkpt>
    <trkpt lat="67.347597993" lon="17.773132324">
      <ele>802.706</ele>
    </trkpt>
    <trkpt lat="67.347664106" lon="17.773647308">
      <ele>802.537</ele>
    </trkpt>
    <trkpt lat="67.347664106" lon="17.774162292">
      <ele>801.6</ele>
    </trkpt>
    <trkpt lat="67.347664106" lon="17.774677277">
      <ele>800.248</ele>
    </trkpt>
    <trkpt lat="67.347664106" lon="17.775192261">
      <ele>799.874</ele>
    </trkpt>
    <trkpt lat="67.34773022" lon="17.775707245">
      <ele>800.0</ele>
    </trkpt>
    <trkpt lat="67.347796333" lon="17.776222229">
      <ele>800.2</ele>
    </trkpt>
    <trkpt lat="67.347862446" lon="17.776737213">
      <ele>801.219</ele>
    </trkpt>
    <trkpt lat="67.347928558" lon="17.777252197">
      <ele>802.171</ele>
    </trkpt>
    <trkpt lat="67.347928558" lon="17.777767181">
      <ele>802.171</ele>
    </trkpt>
    <trkpt lat="67.347928558" lon="17.778282166">
      <ele>802.714</ele>
    </trkpt>
    <trkpt lat="67.347928558" lon="17.778968811">
      <ele>803.714</ele>
    </trkpt>
    <trkpt lat="67.347928558" lon="17.779483795">
      <ele>803.791</ele>
    </trkpt>
    <trkpt lat="67.347928558" lon="17.779998779">
      <ele>804.797</ele>
    </trkpt>
    <trkpt lat="67.347928558" lon="17.780513763">
      <ele>805.718</ele>
    </trkpt>
    <trkpt lat="67.347928558" lon="17.781028748">
      <ele>806.503</ele>
    </trkpt>
    <trkpt lat="67.347928558" lon="17.781543732">
      <ele>807.055</ele>
    </trkpt>
    <trkpt lat="67.347928558" lon="17.782058716">
      <ele>807.445</ele>
    </trkpt>
    <trkpt lat="67.347928558" lon="17.7825737">
      <ele>807.835</ele>
    </trkpt>
    <trkpt lat="67.347862446" lon="17.783088684">
      <ele>807.136</ele>
    </trkpt>
    <trkpt lat="67.347862446" lon="17.783603668">
      <ele>806.524</ele>
    </trkpt>
    <trkpt lat="67.347796333" lon="17.784290314">
      <ele>804.749</ele>
    </trkpt>
    <trkpt lat="67.347796333" lon="17.784976959">
      <ele>805.334</ele>
    </trkpt>
    <trkpt lat="67.347796333" lon="17.785491943">
      <ele>806.267</ele>
    </trkpt>
    <trkpt lat="67.347796333" lon="17.786006927">
      <ele>806.334</ele>
    </trkpt>
    <trkpt lat="67.347796333" lon="17.786521912">
      <ele>806.401</ele>
    </trkpt>
    <trkpt lat="67.347796333" lon="17.787036896">
      <ele>806.401</ele>
    </trkpt>
    <trkpt lat="67.347796333" lon="17.78755188">
      <ele>806.388</ele>
    </trkpt>
    <trkpt lat="67.34773022" lon="17.788066864">
      <ele>805.446</ele>
    </trkpt>
    <trkpt lat="67.34773022" lon="17.788581848">
      <ele>804.486</ele>
    </trkpt>
    <trkpt lat="67.34773022" lon="17.789096832">
      <ele>803.658</ele>
    </trkpt>
    <trkpt lat="67.34773022" lon="17.789611816">
      <ele>804.486</ele>
    </trkpt>
    <trkpt lat="67.34773022" lon="17.790126801">
      <ele>805.036</ele>
    </trkpt>
    <trkpt lat="67.34773022" lon="17.790641785">
      <ele>805.968</ele>
    </trkpt>
    <trkpt lat="67.34773022" lon="17.791156769">
      <ele>807.629</ele>
    </trkpt>
    <trkpt lat="67.34773022" lon="17.791671753">
      <ele>807.486</ele>
    </trkpt>
    <trkpt lat="67.34773022" lon="17.792186737">
      <ele>806.614</ele>
    </trkpt>
    <trkpt lat="67.34773022" lon="17.792701721">
      <ele>807.486</ele>
    </trkpt>
    <trkpt lat="67.34773022" lon="17.793216705">
      <ele>808.486</ele>
    </trkpt>
    <trkpt lat="67.34773022" lon="17.793731689">
      <ele>808.486</ele>
    </trkpt>
    <trkpt lat="67.34773022" lon="17.794246674">
      <ele>808.486</ele>
    </trkpt>
    <trkpt lat="67.34773022" lon="17.794761658">
      <ele>807.682</ele>
    </trkpt>
    <trkpt lat="67.34773022" lon="17.795276642">
      <ele>807.829</ele>
    </trkpt>
    <trkpt lat="67.347796333" lon="17.795791626">
      <ele>807.217</ele>
    </trkpt>
    <trkpt lat="67.347796333" lon="17.79630661">
      <ele>807.02</ele>
    </trkpt>
    <trkpt lat="67.347862446" lon="17.796821594">
      <ele>806.612</ele>
    </trkpt>
    <trkpt lat="67.347862446" lon="17.797336578">
      <ele>806.305</ele>
    </trkpt>
    <trkpt lat="67.347796333" lon="17.797851563">
      <ele>806.067</ele>
    </trkpt>
    <trkpt lat="67.347796333" lon="17.798366547">
      <ele>805.955</ele>
    </trkpt>
    <trkpt lat="67.34773022" lon="17.798881531">
      <ele>804.829</ele>
    </trkpt>
    <trkpt lat="67.34773022" lon="17.799396515">
      <ele>804.687</ele>
    </trkpt>
    <trkpt lat="67.34773022" lon="17.799911499">
      <ele>804.658</ele>
    </trkpt>
    <trkpt lat="67.347796333" lon="17.800426483">
      <ele>805.103</ele>
    </trkpt>
    <trkpt lat="67.347796333" lon="17.800941467">
      <ele>805.523</ele>
    </trkpt>
    <trkpt lat="67.347796333" lon="17.801628113">
      <ele>806.191</ele>
    </trkpt>
    <trkpt lat="67.347862446" lon="17.802143097">
      <ele>806.914</ele>
    </trkpt>
    <trkpt lat="67.347862446" lon="17.802658081">
      <ele>806.914</ele>
    </trkpt>
    <trkpt lat="67.347928558" lon="17.803173065">
      <ele>806.892</ele>
    </trkpt>
    <trkpt lat="67.347994671" lon="17.803688049">
      <ele>806.501</ele>
    </trkpt>
    <trkpt lat="67.348060783" lon="17.804203033">
      <ele>806.038</ele>
    </trkpt>
    <trkpt lat="67.348193008" lon="17.804546356">
      <ele>806.99</ele>
    </trkpt>
    <trkpt lat="67.348325231" lon="17.804889679">
      <ele>807.942</ele>
    </trkpt>
    <trkpt lat="67.348391343" lon="17.805404663">
      <ele>808.209</ele>
    </trkpt>
    <trkpt lat="67.348523565" lon="17.805919647">
      <ele>808.783</ele>
    </trkpt>
    <trkpt lat="67.348655787" lon="17.806434631">
      <ele>809.299</ele>
    </trkpt>
    <trkpt lat="67.348788008" lon="17.806777954">
      <ele>810.0</ele>
    </trkpt>
    <trkpt lat="67.348920228" lon="17.807292938">
      <ele>809.661</ele>
    </trkpt>
    <trkpt lat="67.349052447" lon="17.807807922">
      <ele>808.367</ele>
    </trkpt>
    <trkpt lat="67.349118557" lon="17.808322906">
      <ele>807.038</ele>
    </trkpt>
    <trkpt lat="67.349184666" lon="17.808837891">
      <ele>807.065</ele>
    </trkpt>
    <trkpt lat="67.349250775" lon="17.809352875">
      <ele>806.303</ele>
    </trkpt>
    <trkpt lat="67.349316884" lon="17.809867859">
      <ele>805.759</ele>
    </trkpt>
    <trkpt lat="67.349382993" lon="17.810382843">
      <ele>804.916</ele>
    </trkpt>
    <trkpt lat="67.349449101" lon="17.810897827">
      <ele>803.801</ele>
    </trkpt>
    <trkpt lat="67.34951521" lon="17.811412811">
      <ele>803.255</ele>
    </trkpt>
    <trkpt lat="67.349647426" lon="17.811927795">
      <ele>803.044</ele>
    </trkpt>
    <trkpt lat="67.349647426" lon="17.81244278">
      <ele>802.731</ele>
    </trkpt>
    <trkpt lat="67.349713534" lon="17.813129425">
      <ele>802.0</ele>
    </trkpt>
    <trkpt lat="67.349779641" lon="17.813644409">
      <ele>802.327</ele>
    </trkpt>
    <trkpt lat="67.349779641" lon="17.814159393">
      <ele>803.207</ele>
    </trkpt>
    <trkpt lat="67.349779641" lon="17.814674377">
      <ele>804.07</ele>
    </trkpt>
    <trkpt lat="67.349845749" lon="17.815189362">
      <ele>804.445</ele>
    </trkpt>
    <trkpt lat="67.349845749" lon="17.815704346">
      <ele>804.889</ele>
    </trkpt>
    <trkpt lat="67.349845749" lon="17.816390991">
      <ele>804.885</ele>
    </trkpt>
    <trkpt lat="67.349911856" lon="17.816905975">
      <ele>804.46</ele>
    </trkpt>
    <trkpt lat="67.349911856" lon="17.817420959">
      <ele>804.365</ele>
    </trkpt>
    <trkpt lat="67.349911856" lon="17.817935944">
      <ele>804.683</ele>
    </trkpt>
    <trkpt lat="67.349911856" lon="17.818450928">
      <ele>804.683</ele>
    </trkpt>
    <trkpt lat="67.349977963" lon="17.818965912">
      <ele>805.0</ele>
    </trkpt>
    <trkpt lat="67.350110177" lon="17.819309235">
      <ele>805.0</ele>
    </trkpt>
    <trkpt lat="67.350110177" lon="17.819824219">
      <ele>805.0</ele>
    </trkpt>
    <trkpt lat="67.350176283" lon="17.820339203">
      <ele>804.0</ele>
    </trkpt>
    <trkpt lat="67.350308496" lon="17.820682526">
      <ele>804.06</ele>
    </trkpt>
    <trkpt lat="67.350374602" lon="17.82119751">
      <ele>803.038</ele>
    </trkpt>
    <trkpt lat="67.350506813" lon="17.821540833">
      <ele>802.825</ele>
    </trkpt>
    <trkpt lat="67.350572919" lon="17.821540833">
      <ele>803.028</ele>
    </trkpt>
    <trkpt lat="67.350705129" lon="17.822055817">
      <ele>803.0</ele>
    </trkpt>
    <trkpt lat="67.350843361" lon="17.822742462">
      <ele>803.036</ele>
    </trkpt>
    <trkpt lat="67.350975569" lon="17.823085785">
      <ele>802.947</ele>
    </trkpt>
    <trkpt lat="67.351173881" lon="17.823085785">
      <ele>802.975</ele>
    </trkpt>
    <trkpt lat="67.351372192" lon="17.823257446">
      <ele>802.317</ele>
    </trkpt>
    <trkpt lat="67.351636603" lon="17.823257446">
      <ele>802.03</ele>
    </trkpt>
    <trkpt lat="67.351834909" lon="17.823085785">
      <ele>801.934</ele>
    </trkpt>
    <trkpt lat="67.352033214" lon="17.823085785">
      <ele>801.606</ele>
    </trkpt>
    <trkpt lat="67.352231517" lon="17.823085785">
      <ele>800.967</ele>
    </trkpt>
    <trkpt lat="67.352429818" lon="17.822914124">
      <ele>800.633</ele>
    </trkpt>
    <trkpt lat="67.352628118" lon="17.822914124">
      <ele>800.97</ele>
    </trkpt>
    <trkpt lat="67.352892516" lon="17.822914124">
      <ele>802.133</ele>
    </trkpt>
    <trkpt lat="67.353090812" lon="17.822742462">
      <ele>804.254</ele>
    </trkpt>
    <trkpt lat="67.353289106" lon="17.822570801">
      <ele>805.586</ele>
    </trkpt>
    <trkpt lat="67.353553496" lon="17.822570801">
      <ele>805.745</ele>
    </trkpt>
    <trkpt lat="67.353751786" lon="17.822570801">
      <ele>805.239</ele>
    </trkpt>
    <trkpt lat="67.353950075" lon="17.822570801">
      <ele>804.745</ele>
    </trkpt>
    <trkpt lat="67.354148362" lon="17.822570801">
      <ele>804.745</ele>
    </trkpt>
    <trkpt lat="67.354412743" lon="17.822570801">
      <ele>805.631</ele>
    </trkpt>
    <trkpt lat="67.354611026" lon="17.822570801">
      <ele>806.792</ele>
    </trkpt>
    <trkpt lat="67.354809308" lon="17.822570801">
      <ele>808.431</ele>
    </trkpt>
    <trkpt lat="67.355007588" lon="17.822570801">
      <ele>810.572</ele>
    </trkpt>
    <trkpt lat="67.355271959" lon="17.822742462">
      <ele>812.191</ele>
    </trkpt>
    <trkpt lat="67.355470235" lon="17.822914124">
      <ele>812.404</ele>
    </trkpt>
    <trkpt lat="67.35566851" lon="17.823085785">
      <ele>813.002</ele>
    </trkpt>
    <trkpt lat="67.355932873" lon="17.823257446">
      <ele>814.719</ele>
    </trkpt>
    <trkpt lat="67.356131144" lon="17.823429108">
      <ele>815.502</ele>
    </trkpt>
    <trkpt lat="67.356329413" lon="17.82377243">
      <ele>814.286</ele>
    </trkpt>
    <trkpt lat="67.356527681" lon="17.823944092">
      <ele>815.002</ele>
    </trkpt>
    <trkpt lat="67.356659858" lon="17.824287415">
      <ele>813.071</ele>
    </trkpt>
    <trkpt lat="67.356858123" lon="17.824630737">
      <ele>811.367</ele>
    </trkpt>
    <trkpt lat="67.357056386" lon="17.82497406">
      <ele>810.03</ele>
    </trkpt>
    <trkpt lat="67.357188561" lon="17.825317383">
      <ele>808.347</ele>
    </trkpt>
    <trkpt lat="67.357320734" lon="17.825832367">
      <ele>804.716</ele>
    </trkpt>
    <trkpt lat="67.357452907" lon="17.82617569">
      <ele>803.468</ele>
    </trkpt>
    <trkpt lat="67.357651166" lon="17.826347351">
      <ele>803.694</ele>
    </trkpt>
    <trkpt lat="67.357783337" lon="17.826690674">
      <ele>801.954</ele>
    </trkpt>
    <trkpt lat="67.357981592" lon="17.826690674">
      <ele>803.381</ele>
    </trkpt>
    <trkpt lat="67.358179846" lon="17.826862335">
      <ele>803.875</ele>
    </trkpt>
    <trkpt lat="67.358378098" lon="17.826862335">
      <ele>804.961</ele>
    </trkpt>
    <trkpt lat="67.358576349" lon="17.826862335">
      <ele>806.599</ele>
    </trkpt>
    <trkpt lat="67.358774597" lon="17.827033997">
      <ele>806.931</ele>
    </trkpt>
    <trkpt lat="67.358972845" lon="17.827033997">
      <ele>808.842</ele>
    </trkpt>
    <trkpt lat="67.35917109" lon="17.827033997">
      <ele>810.774</ele>
    </trkpt>
    <trkpt lat="67.359369334" lon="17.827033997">
      <ele>813.629</ele>
    </trkpt>
    <trkpt lat="67.359633657" lon="17.827205658">
      <ele>814.323</ele>
    </trkpt>
    <trkpt lat="67.359897977" lon="17.827377319">
      <ele>814.311</ele>
    </trkpt>
    <trkpt lat="67.360096214" lon="17.827377319">
      <ele>815.901</ele>
    </trkpt>
    <trkpt lat="67.360294451" lon="17.827720642">
      <ele>812.003</ele>
    </trkpt>
    <trkpt lat="67.360492685" lon="17.827720642">
      <ele>814.144</ele>
    </trkpt>
    <trkpt lat="67.360690918" lon="17.827892303">
      <ele>813.612</ele>
    </trkpt>
    <trkpt lat="67.36088915" lon="17.828235626">
      <ele>809.809</ele>
    </trkpt>
    <trkpt lat="67.361087379" lon="17.828407288">
      <ele>808.764</ele>
    </trkpt>
    <trkpt lat="67.361285607" lon="17.828578949">
      <ele>808.275</ele>
    </trkpt>
    <trkpt lat="67.361549909" lon="17.82875061">
      <ele>808.944</ele>
    </trkpt>
    <trkpt lat="67.361748133" lon="17.828922272">
      <ele>809.346</ele>
    </trkpt>
    <trkpt lat="67.362078503" lon="17.829265594">
      <ele>809.437</ele>
    </trkpt>
    <trkpt lat="67.362276723" lon="17.829437256">
      <ele>809.64</ele>
    </trkpt>
    <trkpt lat="67.362474941" lon="17.829608917">
      <ele>810.06</ele>
    </trkpt>
    <trkpt lat="67.362607085" lon="17.82995224">
      <ele>807.796</ele>
    </trkpt>
    <trkpt lat="67.362805301" lon="17.82995224">
      <ele>808.813</ele>
    </trkpt>
    <trkpt lat="67.363003515" lon="17.830123901">
      <ele>809.546</ele>
    </trkpt>
    <trkpt lat="67.363201727" lon="17.830123901">
      <ele>811.687</ele>
    </trkpt>
    <trkpt lat="67.363466007" lon="17.830295563">
      <ele>813.305</ele>
    </trkpt>
    <trkpt lat="67.363664215" lon="17.830467224">
      <ele>814.21</ele>
    </trkpt>
    <trkpt lat="67.36392849" lon="17.830982208">
      <ele>813.356</ele>
    </trkpt>
    <trkpt lat="67.364126695" lon="17.831325531">
      <ele>813.685</ele>
    </trkpt>
    <trkpt lat="67.364324898" lon="17.831497192">
      <ele>814.359</ele>
    </trkpt>
    <trkpt lat="67.364523099" lon="17.831668854">
      <ele>814.267</ele>
    </trkpt>
    <trkpt lat="67.364721298" lon="17.831840515">
      <ele>813.745</ele>
    </trkpt>
    <trkpt lat="67.364985562" lon="17.832183838">
      <ele>812.224</ele>
    </trkpt>
    <trkpt lat="67.365183757" lon="17.832355499">
      <ele>812.363</ele>
    </trkpt>
    <trkpt lat="67.365381951" lon="17.832698822">
      <ele>811.319</ele>
    </trkpt>
    <trkpt lat="67.365580144" lon="17.832870483">
      <ele>811.451</ele>
    </trkpt>
    <trkpt lat="67.365778335" lon="17.833042145">
      <ele>811.662</ele>
    </trkpt>
    <trkpt lat="67.365976524" lon="17.833213806">
      <ele>811.376</ele>
    </trkpt>
    <trkpt lat="67.366174711" lon="17.833385468">
      <ele>811.227</ele>
    </trkpt>
    <trkpt lat="67.366306835" lon="17.83372879">
      <ele>810.156</ele>
    </trkpt>
    <trkpt lat="67.36650502" lon="17.833900452">
      <ele>810.777</ele>
    </trkpt>
    <trkpt lat="67.366703203" lon="17.834072113">
      <ele>810.899</ele>
    </trkpt>
    <trkpt lat="67.366901384" lon="17.834415436">
      <ele>810.794</ele>
    </trkpt>
    <trkpt lat="67.366967445" lon="17.834415436">
      <ele>811.113</ele>
    </trkpt>
    <trkpt lat="67.367826209" lon="17.835617065">
      <ele>808.127</ele>
    </trkpt>
    <trkpt lat="67.368024382" lon="17.835788727">
      <ele>808.936</ele>
    </trkpt>
    <trkpt lat="67.368222552" lon="17.835960388">
      <ele>808.961</ele>
    </trkpt>
    <trkpt lat="67.368420721" lon="17.83613205">
      <ele>809.164</ele>
    </trkpt>
    <trkpt lat="67.368552832" lon="17.836475372">
      <ele>807.414</ele>
    </trkpt>
    <trkpt lat="67.368750999" lon="17.836818695">
      <ele>806.956</ele>
    </trkpt>
    <trkpt lat="67.368883108" lon="17.837162018">
      <ele>806.196</ele>
    </trkpt>
    <trkpt lat="67.369081272" lon="17.837505341">
      <ele>806.366</ele>
    </trkpt>
    <trkpt lat="67.369279433" lon="17.837848663">
      <ele>806.151</ele>
    </trkpt>
    <trkpt lat="67.36941154" lon="17.838191986">
      <ele>805.39</ele>
    </trkpt>
    <trkpt lat="67.369543646" lon="17.83870697">
      <ele>805.369</ele>
    </trkpt>
    <trkpt lat="67.369741804" lon="17.839050293">
      <ele>806.171</ele>
    </trkpt>
    <trkpt lat="67.369873909" lon="17.839393616">
      <ele>806.721</ele>
    </trkpt>
    <trkpt lat="67.370006012" lon="17.839736938">
      <ele>807.012</ele>
    </trkpt>
    <trkpt lat="67.370138115" lon="17.840080261">
      <ele>807.203</ele>
    </trkpt>
    <trkpt lat="67.370270217" lon="17.840423584">
      <ele>807.408</ele>
    </trkpt>
    <trkpt lat="67.370402319" lon="17.840766907">
      <ele>808.004</ele>
    </trkpt>
    <trkpt lat="67.370534419" lon="17.841110229">
      <ele>807.851</ele>
    </trkpt>
    <trkpt lat="67.370732569" lon="17.841453552">
      <ele>808.042</ele>
    </trkpt>
    <trkpt lat="67.370930717" lon="17.841796875">
      <ele>808.232</ele>
    </trkpt>
    <trkpt lat="67.371128863" lon="17.841968536">
      <ele>808.954</ele>
    </trkpt>
    <trkpt lat="67.37126096" lon="17.842483521">
      <ele>807.138</ele>
    </trkpt>
    <trkpt lat="67.371393056" lon="17.842826843">
      <ele>805.868</ele>
    </trkpt>
    <trkpt lat="67.371591199" lon="17.843341827">
      <ele>806.426</ele>
    </trkpt>
    <trkpt lat="67.371723293" lon="17.843856812">
      <ele>806.431</ele>
    </trkpt>
    <trkpt lat="67.371789339" lon="17.844371796">
      <ele>805.883</ele>
    </trkpt>
    <trkpt lat="67.371921432" lon="17.84488678">
      <ele>805.868</ele>
    </trkpt>
    <trkpt lat="67.372053525" lon="17.845401764">
      <ele>806.122</ele>
    </trkpt>
    <trkpt lat="67.372185616" lon="17.845745087">
      <ele>806.736</ele>
    </trkpt>
    <trkpt lat="67.372317707" lon="17.846260071">
      <ele>806.687</ele>
    </trkpt>
    <trkpt lat="67.372449797" lon="17.846603394">
      <ele>806.866</ele>
    </trkpt>
    <trkpt lat="67.372647931" lon="17.847290039">
      <ele>806.935</ele>
    </trkpt>
    <trkpt lat="67.372780019" lon="17.847805023">
      <ele>806.911</ele>
    </trkpt>
    <trkpt lat="67.372912107" lon="17.848148346">
      <ele>806.806</ele>
    </trkpt>
    <trkpt lat="67.373044193" lon="17.848491669">
      <ele>806.959</ele>
    </trkpt>
    <trkpt lat="67.37317628" lon="17.848834991">
      <ele>807.435</ele>
    </trkpt>
    <trkpt lat="67.373308365" lon="17.849178314">
      <ele>806.872</ele>
    </trkpt>
    <trkpt lat="67.37344045" lon="17.849521637">
      <ele>806.278</ele>
    </trkpt>
    <trkpt lat="67.373572533" lon="17.84986496">
      <ele>805.929</ele>
    </trkpt>
    <trkpt lat="67.373704617" lon="17.850208282">
      <ele>805.839</ele>
    </trkpt>
    <trkpt lat="67.37390274" lon="17.850551605">
      <ele>806.113</ele>
    </trkpt>
    <trkpt lat="67.374100862" lon="17.850894928">
      <ele>806.763</ele>
    </trkpt>
    <trkpt lat="67.374232942" lon="17.851238251">
      <ele>807.239</ele>
    </trkpt>
    <trkpt lat="67.374365021" lon="17.851581573">
      <ele>807.714</ele>
    </trkpt>
    <trkpt lat="67.3744971" lon="17.851924896">
      <ele>807.26</ele>
    </trkpt>
    <trkpt lat="67.374563139" lon="17.85243988">
      <ele>807.427</ele>
    </trkpt>
    <trkpt lat="67.374695217" lon="17.852783203">
      <ele>806.903</ele>
    </trkpt>
    <trkpt lat="67.374827294" lon="17.853126526">
      <ele>807.123</ele>
    </trkpt>
    <trkpt lat="67.37495937" lon="17.853469849">
      <ele>806.854</ele>
    </trkpt>
    <trkpt lat="67.375091445" lon="17.853813171">
      <ele>806.602</ele>
    </trkpt>
    <trkpt lat="67.37522352" lon="17.854156494">
      <ele>806.805</ele>
    </trkpt>
    <trkpt lat="67.375355594" lon="17.854499817">
      <ele>806.137</ele>
    </trkpt>
    <trkpt lat="67.375553704" lon="17.85484314">
      <ele>806.554</ele>
    </trkpt>
    <trkpt lat="67.375685776" lon="17.855186462">
      <ele>805.798</ele>
    </trkpt>
    <trkpt lat="67.375817847" lon="17.855701447">
      <ele>805.419</ele>
    </trkpt>
    <trkpt lat="67.375949918" lon="17.856044769">
      <ele>805.1</ele>
    </trkpt>
    <trkpt lat="67.376081988" lon="17.856559753">
      <ele>804.345</ele>
    </trkpt>
    <trkpt lat="67.376214057" lon="17.857074738">
      <ele>803.705</ele>
    </trkpt>
    <trkpt lat="67.376280092" lon="17.857589722">
      <ele>803.0</ele>
    </trkpt>
    <trkpt lat="67.37641216" lon="17.857933044">
      <ele>802.525</ele>
    </trkpt>
    <trkpt lat="67.376544227" lon="17.858448029">
      <ele>802.146</ele>
    </trkpt>
    <trkpt lat="67.376676294" lon="17.858963013">
      <ele>801.802</ele>
    </trkpt>
    <trkpt lat="67.37680836" lon="17.859306335">
      <ele>802.02</ele>
    </trkpt>
    <trkpt lat="67.376940425" lon="17.85982132">
      <ele>801.98</ele>
    </trkpt>
    <trkpt lat="67.377138522" lon="17.860164642">
      <ele>804.381</ele>
    </trkpt>
    <trkpt lat="67.377270585" lon="17.860679626">
      <ele>804.805</ele>
    </trkpt>
    <trkpt lat="67.377336617" lon="17.861194611">
      <ele>804.412</ele>
    </trkpt>
    <trkpt lat="67.377468679" lon="17.861881256">
      <ele>804.887</ele>
    </trkpt>
    <trkpt lat="67.377600741" lon="17.86239624">
      <ele>805.0</ele>
    </trkpt>
    <trkpt lat="67.377666771" lon="17.862911224">
      <ele>803.712</ele>
    </trkpt>
    <trkpt lat="67.377666771" lon="17.863426208">
      <ele>802.4</ele>
    </trkpt>
    <trkpt lat="67.377666771" lon="17.863941193">
      <ele>801.887</ele>
    </trkpt>
    <trkpt lat="67.377732802" lon="17.864456177">
      <ele>801.0</ele>
    </trkpt>
    <trkpt lat="67.377798832" lon="17.864971161">
      <ele>801.972</ele>
    </trkpt>
    <trkpt lat="67.377798832" lon="17.865486145">
      <ele>802.076</ele>
    </trkpt>
    <trkpt lat="67.377930891" lon="17.866172791">
      <ele>803.551</ele>
    </trkpt>
    <trkpt lat="67.377996921" lon="17.866859436">
      <ele>804.724</ele>
    </trkpt>
    <trkpt lat="67.378062951" lon="17.867546082">
      <ele>805.027</ele>
    </trkpt>
    <trkpt lat="67.378195009" lon="17.868061066">
      <ele>805.502</ele>
    </trkpt>
    <trkpt lat="67.378261038" lon="17.86857605">
      <ele>805.74</ele>
    </trkpt>
    <trkpt lat="67.378393095" lon="17.869434357">
      <ele>807.215</ele>
    </trkpt>
    <trkpt lat="67.378459123" lon="17.870292664">
      <ele>808.453</ele>
    </trkpt>
    <trkpt lat="67.378525151" lon="17.870807648">
      <ele>808.971</ele>
    </trkpt>
    <trkpt lat="67.378657207" lon="17.87115097">
      <ele>808.976</ele>
    </trkpt>
    <trkpt lat="67.378723235" lon="17.871665955">
      <ele>809.191</ele>
    </trkpt>
    <trkpt lat="67.378855289" lon="17.872009277">
      <ele>807.767</ele>
    </trkpt>
    <trkpt lat="67.378987343" lon="17.872524261">
      <ele>806.323</ele>
    </trkpt>
    <trkpt lat="67.379185423" lon="17.873039246">
      <ele>806.068</ele>
    </trkpt>
    <trkpt lat="67.379317475" lon="17.87355423">
      <ele>805.543</ele>
    </trkpt>
    <trkpt lat="67.379449526" lon="17.873897552">
      <ele>805.036</ele>
    </trkpt>
    <trkpt lat="67.379515552" lon="17.874412537">
      <ele>805.256</ele>
    </trkpt>
    <trkpt lat="67.379647602" lon="17.874755859">
      <ele>805.463</ele>
    </trkpt>
    <trkpt lat="67.379713627" lon="17.875270844">
      <ele>804.993</ele>
    </trkpt>
    <trkpt lat="67.379713627" lon="17.875785828">
      <ele>804.938</ele>
    </trkpt>
    <trkpt lat="67.379845676" lon="17.876300812">
      <ele>805.333</ele>
    </trkpt>
    <trkpt lat="67.3799117" lon="17.876815796">
      <ele>805.509</ele>
    </trkpt>
    <trkpt lat="67.380043748" lon="17.877159119">
      <ele>806.315</ele>
    </trkpt>
    <trkpt lat="67.380109772" lon="17.877674103">
      <ele>805.543</ele>
    </trkpt>
    <trkpt lat="67.380175796" lon="17.878189087">
      <ele>804.785</ele>
    </trkpt>
    <trkpt lat="67.380241819" lon="17.878704071">
      <ele>803.827</ele>
    </trkpt>
    <trkpt lat="67.380373865" lon="17.879219055">
      <ele>803.346</ele>
    </trkpt>
    <trkpt lat="67.380505911" lon="17.879734039">
      <ele>802.821</ele>
    </trkpt>
    <trkpt lat="67.380571933" lon="17.880249023">
      <ele>802.221</ele>
    </trkpt>
    <trkpt lat="67.380703978" lon="17.880592346">
      <ele>802.998</ele>
    </trkpt>
    <trkpt lat="67.38077" lon="17.88110733">
      <ele>802.547</ele>
    </trkpt>
    <trkpt lat="67.38077" lon="17.881965637">
      <ele>801.772</ele>
    </trkpt>
    <trkpt lat="67.380836022" lon="17.882480621">
      <ele>802.01</ele>
    </trkpt>
    <trkpt lat="67.380836022" lon="17.882995605">
      <ele>801.012</ele>
    </trkpt>
    <trkpt lat="67.380836022" lon="17.883682251">
      <ele>800.017</ele>
    </trkpt>
    <trkpt lat="67.380902043" lon="17.884540558">
      <ele>799.987</ele>
    </trkpt>
    <trkpt lat="67.380902043" lon="17.885055542">
      <ele>799.445</ele>
    </trkpt>
    <trkpt lat="67.380902043" lon="17.885570526">
      <ele>799.247</ele>
    </trkpt>
    <trkpt lat="67.380968065" lon="17.88608551">
      <ele>799.485</ele>
    </trkpt>
    <trkpt lat="67.380968065" lon="17.886600494">
      <ele>799.855</ele>
    </trkpt>
    <trkpt lat="67.380968065" lon="17.887115479">
      <ele>800.586</ele>
    </trkpt>
    <trkpt lat="67.380968065" lon="17.887802124">
      <ele>803.1</ele>
    </trkpt>
    <trkpt lat="67.380968065" lon="17.888317108">
      <ele>805.397</ele>
    </trkpt>
    <trkpt lat="67.380968065" lon="17.888832092">
      <ele>806.865</ele>
    </trkpt>
    <trkpt lat="67.380968065" lon="17.889347076">
      <ele>808.105</ele>
    </trkpt>
    <trkpt lat="67.380902043" lon="17.890033722">
      <ele>807.833</ele>
    </trkpt>
    <trkpt lat="67.380902043" lon="17.890720367">
      <ele>808.247</ele>
    </trkpt>
    <trkpt lat="67.380902043" lon="17.891407013">
      <ele>808.247</ele>
    </trkpt>
    <trkpt lat="67.380902043" lon="17.892093658">
      <ele>807.362</ele>
    </trkpt>
    <trkpt lat="67.380902043" lon="17.892780304">
      <ele>807.241</ele>
    </trkpt>
    <trkpt lat="67.380836022" lon="17.893638611">
      <ele>806.01</ele>
    </trkpt>
    <trkpt lat="67.380836022" lon="17.894668579">
      <ele>803.203</ele>
    </trkpt>
    <trkpt lat="67.38077" lon="17.895183563">
      <ele>801.111</ele>
    </trkpt>
    <trkpt lat="67.38077" lon="17.895698547">
      <ele>800.772</ele>
    </trkpt>
    <trkpt lat="67.38077" lon="17.896728516">
      <ele>800.172</ele>
    </trkpt>
    <trkpt lat="67.38077" lon="17.8972435">
      <ele>801.0</ele>
    </trkpt>
    <trkpt lat="67.38077" lon="17.897930145">
      <ele>802.423</ele>
    </trkpt>
    <trkpt lat="67.38077" lon="17.898616791">
      <ele>804.788</ele>
    </trkpt>
    <trkpt lat="67.38077" lon="17.899131775">
      <ele>806.418</ele>
    </trkpt>
    <trkpt lat="67.38077" lon="17.899646759">
      <ele>808.106</ele>
    </trkpt>
    <trkpt lat="67.38077" lon="17.900161743">
      <ele>808.544</ele>
    </trkpt>
    <trkpt lat="67.38077" lon="17.900676727">
      <ele>808.772</ele>
    </trkpt>
    <trkpt lat="67.38077" lon="17.901191711">
      <ele>808.772</ele>
    </trkpt>
    <trkpt lat="67.38077" lon="17.901706696">
      <ele>807.772</ele>
    </trkpt>
    <trkpt lat="67.38077" lon="17.90222168">
      <ele>807.002</ele>
    </trkpt>
    <trkpt lat="67.380703978" lon="17.902908325">
      <ele>806.534</ele>
    </trkpt>
    <trkpt lat="67.380703978" lon="17.903423309">
      <ele>806.534</ele>
    </trkpt>
    <trkpt lat="67.380703978" lon="17.903938293">
      <ele>805.534</ele>
    </trkpt>
    <trkpt lat="67.380703978" lon="17.904453278">
      <ele>804.534</ele>
    </trkpt>
    <trkpt lat="67.380637956" lon="17.905139923">
      <ele>804.446</ele>
    </trkpt>
    <trkpt lat="67.380637956" lon="17.905654907">
      <ele>804.845</ele>
    </trkpt>
    <trkpt lat="67.380637956" lon="17.906169891">
      <ele>805.742</ele>
    </trkpt>
    <trkpt lat="67.380571933" lon="17.906684875">
      <ele>806.18</ele>
    </trkpt>
    <trkpt lat="67.380571933" lon="17.90719986">
      <ele>807.059</ele>
    </trkpt>
    <trkpt lat="67.380571933" lon="17.907714844">
      <ele>807.118</ele>
    </trkpt>
    <trkpt lat="67.380571933" lon="17.908401489">
      <ele>807.118</ele>
    </trkpt>
    <trkpt lat="67.380571933" lon="17.908916473">
      <ele>807.024</ele>
    </trkpt>
    <trkpt lat="67.380571933" lon="17.909603119">
      <ele>806.714</ele>
    </trkpt>
    <trkpt lat="67.380571933" lon="17.910118103">
      <ele>807.177</ele>
    </trkpt>
    <trkpt lat="67.380571933" lon="17.910804749">
      <ele>807.177</ele>
    </trkpt>
    <trkpt lat="67.380571933" lon="17.91217804">
      <ele>807.236</ele>
    </trkpt>
    <trkpt lat="67.380571933" lon="17.913036346">
      <ele>807.24</ele>
    </trkpt>
    <trkpt lat="67.380571933" lon="17.913551331">
      <ele>806.451</ele>
    </trkpt>
    <trkpt lat="67.380637956" lon="17.914237976">
      <ele>806.633</ele>
    </trkpt>
    <trkpt lat="67.380637956" lon="17.91475296">
      <ele>805.857</ele>
    </trkpt>
    <trkpt lat="67.380637956" lon="17.915267944">
      <ele>805.593</ele>
    </trkpt>
    <trkpt lat="67.380703978" lon="17.91595459">
      <ele>807.069</ele>
    </trkpt>
    <trkpt lat="67.380703978" lon="17.916469574">
      <ele>807.359</ele>
    </trkpt>
    <trkpt lat="67.380703978" lon="17.916984558">
      <ele>808.069</ele>
    </trkpt>
    <trkpt lat="67.38077" lon="17.917499542">
      <ele>809.315</ele>
    </trkpt>
    <trkpt lat="67.380836022" lon="17.918014526">
      <ele>810.873</ele>
    </trkpt>
    <trkpt lat="67.380836022" lon="17.91852951">
      <ele>811.719</ele>
    </trkpt>
    <trkpt lat="67.380902043" lon="17.919044495">
      <ele>812.495</ele>
    </trkpt>
    <trkpt lat="67.380968065" lon="17.91973114">
      <ele>813.485</ele>
    </trkpt>
    <trkpt lat="67.381034086" lon="17.920246124">
      <ele>813.477</ele>
    </trkpt>
    <trkpt lat="67.381034086" lon="17.920761108">
      <ele>813.445</ele>
    </trkpt>
    <trkpt lat="67.381100107" lon="17.921276093">
      <ele>813.897</ele>
    </trkpt>
    <trkpt lat="67.381100107" lon="17.921791077">
      <ele>813.881</ele>
    </trkpt>
    <trkpt lat="67.381166128" lon="17.922477722">
      <ele>813.476</ele>
    </trkpt>
    <trkpt lat="67.381166128" lon="17.922992706">
      <ele>812.594</ele>
    </trkpt>
    <trkpt lat="67.381166128" lon="17.92350769">
      <ele>811.668</ele>
    </trkpt>
    <trkpt lat="67.381166128" lon="17.924194336">
      <ele>811.514</ele>
    </trkpt>
    <trkpt lat="67.381232148" lon="17.92470932">
      <ele>811.327</ele>
    </trkpt>
    <trkpt lat="67.381298169" lon="17.925224304">
      <ele>811.476</ele>
    </trkpt>
    <trkpt lat="67.381364189" lon="17.925739288">
      <ele>811.161</ele>
    </trkpt>
    <trkpt lat="67.381364189" lon="17.926254272">
      <ele>809.307</ele>
    </trkpt>
    <trkpt lat="67.381430209" lon="17.926769257">
      <ele>807.928</ele>
    </trkpt>
    <trkpt lat="67.381496229" lon="17.927284241">
      <ele>807.773</ele>
    </trkpt>
    <trkpt lat="67.381562249" lon="17.927799225">
      <ele>807.872</ele>
    </trkpt>
    <trkpt lat="67.381562249" lon="17.928314209">
      <ele>807.872</ele>
    </trkpt>
    <trkpt lat="67.381628268" lon="17.928829193">
      <ele>808.585</ele>
    </trkpt>
    <trkpt lat="67.381694288" lon="17.929344177">
      <ele>809.398</ele>
    </trkpt>
    <trkpt lat="67.381694288" lon="17.929859161">
      <ele>809.298</ele>
    </trkpt>
    <trkpt lat="67.381694288" lon="17.930545807">
      <ele>809.298</ele>
    </trkpt>
    <trkpt lat="67.381694288" lon="17.931060791">
      <ele>808.479</ele>
    </trkpt>
    <trkpt lat="67.381826326" lon="17.931404114">
      <ele>809.724</ele>
    </trkpt>
    <trkpt lat="67.381826326" lon="17.931919098">
      <ele>810.633</ele>
    </trkpt>
    <trkpt lat="67.381826326" lon="17.932434082">
      <ele>811.163</ele>
    </trkpt>
    <trkpt lat="67.381826326" lon="17.932949066">
      <ele>811.299</ele>
    </trkpt>
    <trkpt lat="67.381826326" lon="17.933635712">
      <ele>811.15</ele>
    </trkpt>
    <trkpt lat="67.381826326" lon="17.934150696">
      <ele>811.15</ele>
    </trkpt>
    <trkpt lat="67.381826326" lon="17.934837341">
      <ele>810.724</ele>
    </trkpt>
    <trkpt lat="67.381826326" lon="17.935352325">
      <ele>809.456</ele>
    </trkpt>
    <trkpt lat="67.381826326" lon="17.936210632">
      <ele>807.518</ele>
    </trkpt>
    <trkpt lat="67.381892345" lon="17.936897278">
      <ele>806.763</ele>
    </trkpt>
    <trkpt lat="67.381958364" lon="17.937583923">
      <ele>806.115</ele>
    </trkpt>
    <trkpt lat="67.381958364" lon="17.938098907">
      <ele>806.299</ele>
    </trkpt>
    <trkpt lat="67.381958364" lon="17.938613892">
      <ele>807.15</ele>
    </trkpt>
    <trkpt lat="67.381958364" lon="17.939128876">
      <ele>807.15</ele>
    </trkpt>
    <trkpt lat="67.382024382" lon="17.93964386">
      <ele>808.151</ele>
    </trkpt>
    <trkpt lat="67.382024382" lon="17.940330505">
      <ele>807.151</ele>
    </trkpt>
    <trkpt lat="67.382024382" lon="17.941017151">
      <ele>806.151</ele>
    </trkpt>
    <trkpt lat="67.3820904" lon="17.941532135">
      <ele>807.102</ele>
    </trkpt>
    <trkpt lat="67.3820904" lon="17.942218781">
      <ele>807.102</ele>
    </trkpt>
    <trkpt lat="67.382156418" lon="17.942905426">
      <ele>807.702</ele>
    </trkpt>
    <trkpt lat="67.382222436" lon="17.943592072">
      <ele>808.002</ele>
    </trkpt>
    <trkpt lat="67.382288454" lon="17.944450378">
      <ele>807.477</ele>
    </trkpt>
    <trkpt lat="67.382288454" lon="17.944965363">
      <ele>807.477</ele>
    </trkpt>
    <trkpt lat="67.382354472" lon="17.945480347">
      <ele>807.952</ele>
    </trkpt>
    <trkpt lat="67.382354472" lon="17.945995331">
      <ele>808.428</ele>
    </trkpt>
    <trkpt lat="67.382354472" lon="17.946510315">
      <ele>808.952</ele>
    </trkpt>
    <trkpt lat="67.382486506" lon="17.946853638">
      <ele>809.903</ele>
    </trkpt>
    <trkpt lat="67.382552523" lon="17.947368622">
      <ele>810.468</ele>
    </trkpt>
    <trkpt lat="67.382684557" lon="17.947711945">
      <ele>811.329</ele>
    </trkpt>
    <trkpt lat="67.382684557" lon="17.948226929">
      <ele>811.122</ele>
    </trkpt>
    <trkpt lat="67.382684557" lon="17.94839859">
      <ele>810.993</ele>
    </trkpt>
    <trkpt lat="67.382882606" lon="17.950115204">
      <ele>815.924</ele>
    </trkpt>
    <trkpt lat="67.382948622" lon="17.950630188">
      <ele>817.729</ele>
    </trkpt>
    <trkpt lat="67.383014637" lon="17.951145172">
      <ele>819.681</ele>
    </trkpt>
    <trkpt lat="67.383080653" lon="17.951660156">
      <ele>821.092</ele>
    </trkpt>
    <trkpt lat="67.383080653" lon="17.95217514">
      <ele>820.26</ele>
    </trkpt>
    <trkpt lat="67.383080653" lon="17.952690125">
      <ele>819.406</ele>
    </trkpt>
    <trkpt lat="67.383146668" lon="17.953205109">
      <ele>817.79</ele>
    </trkpt>
    <trkpt lat="67.383146668" lon="17.953720093">
      <ele>816.527</ele>
    </trkpt>
    <trkpt lat="67.383212683" lon="17.954235077">
      <ele>815.319</ele>
    </trkpt>
    <trkpt lat="67.383278698" lon="17.954750061">
      <ele>813.703</ele>
    </trkpt>
    <trkpt lat="67.383278698" lon="17.955265045">
      <ele>811.661</ele>
    </trkpt>
    <trkpt lat="67.383344713" lon="17.955780029">
      <ele>810.315</ele>
    </trkpt>
    <trkpt lat="67.383344713" lon="17.956295013">
      <ele>808.461</ele>
    </trkpt>
    <trkpt lat="67.383410728" lon="17.956809998">
      <ele>806.804</ele>
    </trkpt>
    <trkpt lat="67.383542757" lon="17.95715332">
      <ele>806.51</ele>
    </trkpt>
    <trkpt lat="67.383608771" lon="17.957839966">
      <ele>804.753</ele>
    </trkpt>
    <trkpt lat="67.383740798" lon="17.958698273">
      <ele>803.62</ele>
    </trkpt>
    <trkpt lat="67.383740798" lon="17.959213257">
      <ele>802.766</ele>
    </trkpt>
    <trkpt lat="67.383872825" lon="17.95955658">
      <ele>802.481</ele>
    </trkpt>
    <trkpt lat="67.383938838" lon="17.960071564">
      <ele>801.056</ele>
    </trkpt>
    <trkpt lat="67.384004851" lon="17.960586548">
      <ele>799.241</ele>
    </trkpt>
    <trkpt lat="67.384136877" lon="17.960929871">
      <ele>798.438</ele>
    </trkpt>
    <trkpt lat="67.384268901" lon="17.961273193">
      <ele>797.938</ele>
    </trkpt>
    <trkpt lat="67.384400925" lon="17.961616516">
      <ele>797.024</ele>
    </trkpt>
    <trkpt lat="67.38459896" lon="17.961959839">
      <ele>796.501</ele>
    </trkpt>
    <trkpt lat="67.384796993" lon="17.9621315">
      <ele>796.596</ele>
    </trkpt>
    <trkpt lat="67.384995024" lon="17.962303162">
      <ele>796.399</ele>
    </trkpt>
    <trkpt lat="67.385193054" lon="17.962303162">
      <ele>796.62</ele>
    </trkpt>
    <trkpt lat="67.385391082" lon="17.961959839">
      <ele>798.504</ele>
    </trkpt>
    <trkpt lat="67.385589108" lon="17.961788177">
      <ele>799.004</ele>
    </trkpt>
    <trkpt lat="67.385721125" lon="17.961444855">
      <ele>801.001</ele>
    </trkpt>
    <trkpt lat="67.385919149" lon="17.961273193">
      <ele>800.49</ele>
    </trkpt>
    <trkpt lat="67.386117171" lon="17.961101532">
      <ele>798.969</ele>
    </trkpt>
    <trkpt lat="67.386315191" lon="17.960758209">
      <ele>798.066</ele>
    </trkpt>
    <trkpt lat="67.386447204" lon="17.960414886">
      <ele>797.877</ele>
    </trkpt>
    <trkpt lat="67.386579216" lon="17.960071564">
      <ele>797.178</ele>
    </trkpt>
    <trkpt lat="67.386579216" lon="17.95955658">
      <ele>799.541</ele>
    </trkpt>
    <trkpt lat="67.386645221" lon="17.959041595">
      <ele>800.682</ele>
    </trkpt>
    <trkpt lat="67.386711227" lon="17.95835495">
      <ele>803.055</ele>
    </trkpt>
    <trkpt lat="67.386843237" lon="17.958011627">
      <ele>802.616</ele>
    </trkpt>
    <trkpt lat="67.386975247" lon="17.957496643">
      <ele>802.578</ele>
    </trkpt>
    <trkpt lat="67.387107256" lon="17.95715332">
      <ele>801.731</ele>
    </trkpt>
    <trkpt lat="67.387239264" lon="17.956638336">
      <ele>800.673</ele>
    </trkpt>
    <trkpt lat="67.387371272" lon="17.956123352">
      <ele>799.2</ele>
    </trkpt>
    <trkpt lat="67.387437276" lon="17.955608368">
      <ele>799.391</ele>
    </trkpt>
    <trkpt lat="67.387569282" lon="17.955265045">
      <ele>797.504</ele>
    </trkpt>
    <trkpt lat="67.387635285" lon="17.954750061">
      <ele>796.978</ele>
    </trkpt>
    <trkpt lat="67.38776729" lon="17.954235077">
      <ele>795.255</ele>
    </trkpt>
    <trkpt lat="67.387899295" lon="17.953891754">
      <ele>793.246</ele>
    </trkpt>
    <trkpt lat="67.387965297" lon="17.95337677">
      <ele>792.625</ele>
    </trkpt>
    <trkpt lat="67.388097301" lon="17.953033447">
      <ele>791.399</ele>
    </trkpt>
    <trkpt lat="67.388229303" lon="17.952690125">
      <ele>789.616</ele>
    </trkpt>
    <trkpt lat="67.388295304" lon="17.95217514">
      <ele>789.708</ele>
    </trkpt>
    <trkpt lat="67.388427306" lon="17.951831818">
      <ele>788.93</ele>
    </trkpt>
    <trkpt lat="67.388559307" lon="17.951488495">
      <ele>789.014</ele>
    </trkpt>
    <trkpt lat="67.388691307" lon="17.951145172">
      <ele>788.711</ele>
    </trkpt>
    <trkpt lat="67.388823307" lon="17.950630188">
      <ele>788.409</ele>
    </trkpt>
    <trkpt lat="67.388955306" lon="17.950115204">
      <ele>788.0</ele>
    </trkpt>
    <trkpt lat="67.389021305" lon="17.94960022">
      <ele>788.753</ele>
    </trkpt>
    <trkpt lat="67.389153303" lon="17.949256897">
      <ele>788.771</ele>
    </trkpt>
    <trkpt lat="67.389285299" lon="17.948570251">
      <ele>790.231</ele>
    </trkpt>
    <trkpt lat="67.389483294" lon="17.948226929">
      <ele>791.19</ele>
    </trkpt>
    <trkpt lat="67.389615289" lon="17.947883606">
      <ele>791.389</ele>
    </trkpt>
    <trkpt lat="67.389747283" lon="17.947540283">
      <ele>791.765</ele>
    </trkpt>
    <trkpt lat="67.389879277" lon="17.94719696">
      <ele>793.565</ele>
    </trkpt>
    <trkpt lat="67.390077266" lon="17.946853638">
      <ele>794.049</ele>
    </trkpt>
    <trkpt lat="67.390275253" lon="17.946510315">
      <ele>794.577</ele>
    </trkpt>
    <trkpt lat="67.390473239" lon="17.946338654">
      <ele>795.362</ele>
    </trkpt>
    <trkpt lat="67.390605229" lon="17.945995331">
      <ele>797.417</ele>
    </trkpt>
    <trkpt lat="67.390803212" lon="17.945652008">
      <ele>798.653</ele>
    </trkpt>
    <trkpt lat="67.3909352" lon="17.945308685">
      <ele>800.777</ele>
    </trkpt>
    <trkpt lat="67.391067187" lon="17.944965363">
      <ele>803.144</ele>
    </trkpt>
    <trkpt lat="67.391265166" lon="17.94462204">
      <ele>804.167</ele>
    </trkpt>
    <trkpt lat="67.391397152" lon="17.944278717">
      <ele>805.537</ele>
    </trkpt>
    <trkpt lat="67.391529136" lon="17.943935394">
      <ele>805.823</ele>
    </trkpt>
    <trkpt lat="67.391727112" lon="17.943592072">
      <ele>805.851</ele>
    </trkpt>
    <trkpt lat="67.391793103" lon="17.94342041">
      <ele>806.231</ele>
    </trkpt>
    <trkpt lat="67.391793103" lon="17.94342041">
      <ele>806.231</ele>
    </trkpt>
    <trkpt lat="67.392518997" lon="17.942390442">
      <ele>807.285</ele>
    </trkpt>
    <trkpt lat="67.392584986" lon="17.941875458">
      <ele>809.712</ele>
    </trkpt>
    <trkpt lat="67.392782953" lon="17.941360474">
      <ele>812.048</ele>
    </trkpt>
    <trkpt lat="67.39291493" lon="17.941017151">
      <ele>812.689</ele>
    </trkpt>
    <trkpt lat="67.393046906" lon="17.940502167">
      <ele>814.441</ele>
    </trkpt>
    <trkpt lat="67.393244869" lon="17.939815521">
      <ele>816.301</ele>
    </trkpt>
    <trkpt lat="67.393376843" lon="17.939300537">
      <ele>817.205</ele>
    </trkpt>
    <trkpt lat="67.393508817" lon="17.938957214">
      <ele>817.491</ele>
    </trkpt>
    <trkpt lat="67.39364079" lon="17.93844223">
      <ele>819.352</ele>
    </trkpt>
    <trkpt lat="67.393772762" lon="17.938098907">
      <ele>820.033</ele>
    </trkpt>
    <trkpt lat="67.393904733" lon="17.937583923">
      <ele>821.527</ele>
    </trkpt>
    <trkpt lat="67.393970719" lon="17.937068939">
      <ele>823.22</ele>
    </trkpt>
    <trkpt lat="67.394234659" lon="17.936553955">
      <ele>822.526</ele>
    </trkpt>
    <trkpt lat="67.394366627" lon="17.936038971">
      <ele>823.1</ele>
    </trkpt>
    <trkpt lat="67.394564579" lon="17.935695648">
      <ele>821.766</ele>
    </trkpt>
    <trkpt lat="67.39476253" lon="17.935352325">
      <ele>820.922</ele>
    </trkpt>
    <trkpt lat="67.394894496" lon="17.935009003">
      <ele>820.487</ele>
    </trkpt>
    <trkpt lat="67.395092443" lon="17.934837341">
      <ele>818.392</ele>
    </trkpt>
    <trkpt lat="67.395224407" lon="17.934494019">
      <ele>817.59</ele>
    </trkpt>
    <trkpt lat="67.395356371" lon="17.934150696">
      <ele>817.492</ele>
    </trkpt>
    <trkpt lat="67.395554314" lon="17.933807373">
      <ele>817.304</ele>
    </trkpt>
    <trkpt lat="67.395686276" lon="17.93346405">
      <ele>817.118</ele>
    </trkpt>
    <trkpt lat="67.395950197" lon="17.933120728">
      <ele>815.924</ele>
    </trkpt>
    <trkpt lat="67.396148136" lon="17.932949066">
      <ele>815.25</ele>
    </trkpt>
    <trkpt lat="67.396280094" lon="17.932605743">
      <ele>816.011</ele>
    </trkpt>
    <trkpt lat="67.39647803" lon="17.932434082">
      <ele>816.558</ele>
    </trkpt>
    <trkpt lat="67.396609986" lon="17.932090759">
      <ele>818.269</ele>
    </trkpt>
    <trkpt lat="67.396873897" lon="17.931919098">
      <ele>818.413</ele>
    </trkpt>
    <trkpt lat="67.397071828" lon="17.931747437">
      <ele>819.093</ele>
    </trkpt>
    <trkpt lat="67.397269758" lon="17.931575775">
      <ele>819.77</ele>
    </trkpt>
    <trkpt lat="67.397467685" lon="17.931575775">
      <ele>820.249</ele>
    </trkpt>
    <trkpt lat="67.397665612" lon="17.931404114">
      <ele>821.541</ele>
    </trkpt>
    <trkpt lat="67.397863536" lon="17.931404114">
      <ele>822.254</ele>
    </trkpt>
    <trkpt lat="67.398061459" lon="17.931232452">
      <ele>823.563</ele>
    </trkpt>
    <trkpt lat="67.39825938" lon="17.931232452">
      <ele>823.563</ele>
    </trkpt>
    <trkpt lat="67.3984573" lon="17.931060791">
      <ele>824.1</ele>
    </trkpt>
    <trkpt lat="67.398655218" lon="17.931232452">
      <ele>823.404</ele>
    </trkpt>
    <trkpt lat="67.398853134" lon="17.931232452">
      <ele>822.692</ele>
    </trkpt>
    <trkpt lat="67.399051049" lon="17.931232452">
      <ele>822.563</ele>
    </trkpt>
    <trkpt lat="67.399248962" lon="17.931404114">
      <ele>822.296</ele>
    </trkpt>
    <trkpt lat="67.399446873" lon="17.931404114">
      <ele>823.009</ele>
    </trkpt>
    <trkpt lat="67.399644783" lon="17.931575775">
      <ele>823.721</ele>
    </trkpt>
    <trkpt lat="67.399842691" lon="17.931747437">
      <ele>824.434</ele>
    </trkpt>
    <trkpt lat="67.399974629" lon="17.932090759">
      <ele>824.909</ele>
    </trkpt>
    <trkpt lat="67.400106566" lon="17.932434082">
      <ele>824.53</ele>
    </trkpt>
    <trkpt lat="67.40030447" lon="17.932777405">
      <ele>824.097</ele>
    </trkpt>
    <trkpt lat="67.400502373" lon="17.933120728">
      <ele>824.809</ele>
    </trkpt>
    <trkpt lat="67.400700274" lon="17.933292389">
      <ele>825.521</ele>
    </trkpt>
    <trkpt lat="67.400898174" lon="17.933635712">
      <ele>826.233</ele>
    </trkpt>
    <trkpt lat="67.401096071" lon="17.933979034">
      <ele>826.946</ele>
    </trkpt>
    <trkpt lat="67.401228002" lon="17.934322357">
      <ele>827.842</ele>
    </trkpt>
    <trkpt lat="67.401359932" lon="17.93466568">
      <ele>828.792</ele>
    </trkpt>
    <trkpt lat="67.401557826" lon="17.935352325">
      <ele>830.216</ele>
    </trkpt>
    <trkpt lat="67.401689755" lon="17.93586731">
      <ele>832.083</ele>
    </trkpt>
    <trkpt lat="67.401821682" lon="17.936210632">
      <ele>832.558</ele>
    </trkpt>
    <trkpt lat="67.401953609" lon="17.936725616">
      <ele>832.026</ele>
    </trkpt>
    <trkpt lat="67.402085535" lon="17.937068939">
      <ele>831.779</ele>
    </trkpt>
    <trkpt lat="67.402217461" lon="17.937412262">
      <ele>831.31</ele>
    </trkpt>
    <trkpt lat="67.402349385" lon="17.937927246">
      <ele>829.462</ele>
    </trkpt>
    <trkpt lat="67.402547271" lon="17.938270569">
      <ele>828.056</ele>
    </trkpt>
    <trkpt lat="67.402745155" lon="17.938613892">
      <ele>826.99</ele>
    </trkpt>
    <trkpt lat="67.402943037" lon="17.938613892">
      <ele>826.395</ele>
    </trkpt>
    <trkpt lat="67.403074958" lon="17.938957214">
      <ele>824.93</ele>
    </trkpt>
    <trkpt lat="67.403272838" lon="17.939128876">
      <ele>824.218</ele>
    </trkpt>
    <trkpt lat="67.403404757" lon="17.939472198">
      <ele>823.974</ele>
    </trkpt>
    <trkpt lat="67.403536675" lon="17.939815521">
      <ele>823.268</ele>
    </trkpt>
    <trkpt lat="67.403734551" lon="17.939987183">
      <ele>822.576</ele>
    </trkpt>
    <trkpt lat="67.403932425" lon="17.940158844">
      <ele>822.0</ele>
    </trkpt>
    <trkpt lat="67.40406434" lon="17.940502167">
      <ele>821.49</ele>
    </trkpt>
    <trkpt lat="67.404262211" lon="17.94084549">
      <ele>820.985</ele>
    </trkpt>
    <trkpt lat="67.404460081" lon="17.941017151">
      <ele>820.282</ele>
    </trkpt>
    <trkpt lat="67.404657949" lon="17.941360474">
      <ele>819.231</ele>
    </trkpt>
    <trkpt lat="67.404855816" lon="17.941703796">
      <ele>817.455</ele>
    </trkpt>
    <trkpt lat="67.404987726" lon="17.942047119">
      <ele>816.072</ele>
    </trkpt>
    <trkpt lat="67.405119635" lon="17.942562103">
      <ele>815.0</ele>
    </trkpt>
    <trkpt lat="67.405251544" lon="17.942905426">
      <ele>815.0</ele>
    </trkpt>
    <trkpt lat="67.405383452" lon="17.94342041">
      <ele>814.261</ele>
    </trkpt>
    <trkpt lat="67.405515359" lon="17.943935394">
      <ele>813.976</ele>
    </trkpt>
    <trkpt lat="67.405647266" lon="17.944278717">
      <ele>813.73</ele>
    </trkpt>
    <trkpt lat="67.405779171" lon="17.94462204">
      <ele>813.805</ele>
    </trkpt>
    <trkpt lat="67.405845124" lon="17.945137024">
      <ele>813.507</ele>
    </trkpt>
    <trkpt lat="67.405977028" lon="17.945480347">
      <ele>812.648</ele>
    </trkpt>
    <trkpt lat="67.406108932" lon="17.945823669">
      <ele>812.035</ele>
    </trkpt>
    <trkpt lat="67.406174884" lon="17.946338654">
      <ele>811.23</ele>
    </trkpt>
    <trkpt lat="67.406240836" lon="17.946853638">
      <ele>810.794</ele>
    </trkpt>
    <trkpt lat="67.406372738" lon="17.947368622">
      <ele>810.942</ele>
    </trkpt>
    <trkpt lat="67.406438689" lon="17.947883606">
      <ele>811.179</ele>
    </trkpt>
    <trkpt lat="67.406636541" lon="17.948226929">
      <ele>811.892</ele>
    </trkpt>
    <trkpt lat="67.406768441" lon="17.948570251">
      <ele>812.366</ele>
    </trkpt>
    <trkpt lat="67.40690034" lon="17.948913574">
      <ele>812.841</ele>
    </trkpt>
    <trkpt lat="67.407032239" lon="17.949428558">
      <ele>813.614</ele>
    </trkpt>
    <trkpt lat="67.407098188" lon="17.949943542">
      <ele>814.463</ele>
    </trkpt>
    <trkpt lat="67.407230086" lon="17.950286865">
      <ele>815.089</ele>
    </trkpt>
    <trkpt lat="67.407296035" lon="17.950801849">
      <ele>816.531</ele>
    </trkpt>
    <trkpt lat="67.407427931" lon="17.951145172">
      <ele>818.253</ele>
    </trkpt>
    <trkpt lat="67.407559827" lon="17.951660156">
      <ele>820.838</ele>
    </trkpt>
    <trkpt lat="67.407625775" lon="17.95217514">
      <ele>823.187</ele>
    </trkpt>
    <trkpt lat="67.40775767" lon="17.952690125">
      <ele>828.322</ele>
    </trkpt>
    <trkpt lat="67.407823617" lon="17.953205109">
      <ele>832.067</ele>
    </trkpt>
    <trkpt lat="67.40795551" lon="17.953548431">
      <ele>836.613</ele>
    </trkpt>
    <trkpt lat="67.408087403" lon="17.953891754">
      <ele>841.937</ele>
    </trkpt>
    <trkpt lat="67.408219296" lon="17.954406738">
      <ele>848.855</ele>
    </trkpt>
    <trkpt lat="67.408285241" lon="17.954921722">
      <ele>851.788</ele>
    </trkpt>
    <trkpt lat="67.408417132" lon="17.955265045">
      <ele>855.112</ele>
    </trkpt>
    <trkpt lat="67.408549023" lon="17.955608368">
      <ele>858.393</ele>
    </trkpt>
    <trkpt lat="67.408614968" lon="17.956123352">
      <ele>860.125</ele>
    </trkpt>
    <trkpt lat="67.408746857" lon="17.956466675">
      <ele>864.255</ele>
    </trkpt>
    <trkpt lat="67.408878746" lon="17.956981659">
      <ele>867.666</ele>
    </trkpt>
    <trkpt lat="67.40894469" lon="17.957496643">
      <ele>868.82</ele>
    </trkpt>
    <trkpt lat="67.409010634" lon="17.958011627">
      <ele>870.103</ele>
    </trkpt>
    <trkpt lat="67.409076577" lon="17.958526611">
      <ele>872.551</ele>
    </trkpt>
    <trkpt lat="67.409208464" lon="17.959041595">
      <ele>878.122</ele>
    </trkpt>
    <trkpt lat="67.409274407" lon="17.95955658">
      <ele>880.722</ele>
    </trkpt>
    <trkpt lat="67.40934035" lon="17.960071564">
      <ele>881.906</ele>
    </trkpt>
    <trkpt lat="67.409406293" lon="17.960586548">
      <ele>882.774</ele>
    </trkpt>
    <trkpt lat="67.409472235" lon="17.961101532">
      <ele>881.966</ele>
    </trkpt>
    <trkpt lat="67.40960412" lon="17.961616516">
      <ele>884.58</ele>
    </trkpt>
    <trkpt lat="67.40960412" lon="17.9621315">
      <ele>884.135</ele>
    </trkpt>
    <trkpt lat="67.409670062" lon="17.962646484">
      <ele>886.934</ele>
    </trkpt>
    <trkpt lat="67.409736004" lon="17.963161469">
      <ele>890.664</ele>
    </trkpt>
    <trkpt lat="67.409867887" lon="17.963676453">
      <ele>897.94</ele>
    </trkpt>
    <trkpt lat="67.409867887" lon="17.964191437">
      <ele>898.341</ele>
    </trkpt>
    <trkpt lat="67.409933828" lon="17.964706421">
      <ele>901.665</ele>
    </trkpt>
    <trkpt lat="67.409999769" lon="17.965221405">
      <ele>904.988</ele>
    </trkpt>
    <trkpt lat="67.41006571" lon="17.965736389">
      <ele>903.881</ele>
    </trkpt>
    <trkpt lat="67.41006571" lon="17.966423035">
      <ele>900.06</ele>
    </trkpt>
    <trkpt lat="67.410131651" lon="17.96710968">
      <ele>897.462</ele>
    </trkpt>
    <trkpt lat="67.410197591" lon="17.967796326">
      <ele>895.557</ele>
    </trkpt>
    <trkpt lat="67.410197591" lon="17.968482971">
      <ele>896.423</ele>
    </trkpt>
    <trkpt lat="67.410263532" lon="17.969341278">
      <ele>898.34</ele>
    </trkpt>
    <trkpt lat="67.410263532" lon="17.969856262">
      <ele>898.744</ele>
    </trkpt>
    <trkpt lat="67.410329472" lon="17.970714569">
      <ele>902.689</ele>
    </trkpt>
    <trkpt lat="67.410329472" lon="17.971229553">
      <ele>904.729</ele>
    </trkpt>
    <trkpt lat="67.410395412" lon="17.971916199">
      <ele>907.863</ele>
    </trkpt>
    <trkpt lat="67.410395412" lon="17.972431183">
      <ele>908.717</ele>
    </trkpt>
    <trkpt lat="67.410461352" lon="17.972946167">
      <ele>911.493</ele>
    </trkpt>
    <trkpt lat="67.410527291" lon="17.973461151">
      <ele>914.646</ele>
    </trkpt>
    <trkpt lat="67.410593231" lon="17.973976135">
      <ele>917.357</ele>
    </trkpt>
    <trkpt lat="67.41065917" lon="17.974491119">
      <ele>920.779</ele>
    </trkpt>
    <trkpt lat="67.410791048" lon="17.975177765">
      <ele>925.88</ele>
    </trkpt>
    <trkpt lat="67.410791048" lon="17.975692749">
      <ele>927.428</ele>
    </trkpt>
    <trkpt lat="67.410791048" lon="17.976207733">
      <ele>928.987</ele>
    </trkpt>
    <trkpt lat="67.410856987" lon="17.976722717">
      <ele>931.781</ele>
    </trkpt>
    <trkpt lat="67.410856987" lon="17.977237701">
      <ele>933.516</ele>
    </trkpt>
    <trkpt lat="67.410856987" lon="17.977924347">
      <ele>935.039</ele>
    </trkpt>
    <trkpt lat="67.410922925" lon="17.978439331">
      <ele>938.317</ele>
    </trkpt>
    <trkpt lat="67.410922925" lon="17.979125977">
      <ele>941.064</ele>
    </trkpt>
    <trkpt lat="67.410988864" lon="17.979812622">
      <ele>945.388</ele>
    </trkpt>
    <trkpt lat="67.411054802" lon="17.980327606">
      <ele>948.963</ele>
    </trkpt>
    <trkpt lat="67.411054802" lon="17.98084259">
      <ele>951.046</ele>
    </trkpt>
    <trkpt lat="67.41112074" lon="17.981357574">
      <ele>955.126</ele>
    </trkpt>
    <trkpt lat="67.41112074" lon="17.981872559">
      <ele>957.975</ele>
    </trkpt>
    <trkpt lat="67.411186678" lon="17.982387543">
      <ele>962.933</ele>
    </trkpt>
    <trkpt lat="67.411186678" lon="17.982902527">
      <ele>965.802</ele>
    </trkpt>
    <trkpt lat="67.411186678" lon="17.983417511">
      <ele>968.7</ele>
    </trkpt>
    <trkpt lat="67.411252615" lon="17.984104156">
      <ele>974.625</ele>
    </trkpt>
    <trkpt lat="67.411252615" lon="17.984619141">
      <ele>977.824</ele>
    </trkpt>
    <trkpt lat="67.411318553" lon="17.985305786">
      <ele>984.429</ele>
    </trkpt>
    <trkpt lat="67.411318553" lon="17.98582077">
      <ele>987.424</ele>
    </trkpt>
    <trkpt lat="67.41138449" lon="17.986507416">
      <ele>993.338</ele>
    </trkpt>
    <trkpt lat="67.41138449" lon="17.9870224">
      <ele>992.665</ele>
    </trkpt>
    <trkpt lat="67.41138449" lon="17.987537384">
      <ele>990.865</ele>
    </trkpt>
    <trkpt lat="67.41138449" lon="17.98822403">
      <ele>985.793</ele>
    </trkpt>
    <trkpt lat="67.41138449" lon="17.988739014">
      <ele>980.642</ele>
    </trkpt>
    <trkpt lat="67.41138449" lon="17.989768982">
      <ele>970.513</ele>
    </trkpt>
    <trkpt lat="67.41138449" lon="17.990283966">
      <ele>965.971</ele>
    </trkpt>
    <trkpt lat="67.41138449" lon="17.99079895">
      <ele>962.234</ele>
    </trkpt>
    <trkpt lat="67.411450427" lon="17.991485596">
      <ele>959.79</ele>
    </trkpt>
    <trkpt lat="67.411450427" lon="17.992172241">
      <ele>955.575</ele>
    </trkpt>
    <trkpt lat="67.411516364" lon="17.992687225">
      <ele>953.567</ele>
    </trkpt>
    <trkpt lat="67.411516364" lon="17.993373871">
      <ele>946.61</ele>
    </trkpt>
    <trkpt lat="67.411582301" lon="17.994060516">
      <ele>942.727</ele>
    </trkpt>
    <trkpt lat="67.411582301" lon="17.9945755">
      <ele>938.18</ele>
    </trkpt>
    <trkpt lat="67.411582301" lon="17.995090485">
      <ele>934.085</ele>
    </trkpt>
    <trkpt lat="67.411648237" lon="17.995605469">
      <ele>932.044</ele>
    </trkpt>
    <trkpt lat="67.411648237" lon="17.996120453">
      <ele>927.371</ele>
    </trkpt>
    <trkpt lat="67.411648237" lon="17.996635437">
      <ele>922.702</ele>
    </trkpt>
    <trkpt lat="67.411714174" lon="17.997150421">
      <ele>919.657</ele>
    </trkpt>
    <trkpt lat="67.411714174" lon="17.997665405">
      <ele>914.589</ele>
    </trkpt>
    <trkpt lat="67.411714174" lon="17.998180389">
      <ele>909.439</ele>
    </trkpt>
    <trkpt lat="67.41178011" lon="17.998695374">
      <ele>907.886</ele>
    </trkpt>
    <trkpt lat="67.41178011" lon="17.999210358">
      <ele>904.178</ele>
    </trkpt>
    <trkpt lat="67.41178011" lon="17.999725342">
      <ele>900.061</ele>
    </trkpt>
    <trkpt lat="67.41178011" lon="18.000240326">
      <ele>896.354</ele>
    </trkpt>
    <trkpt lat="67.41178011" lon="18.000926971">
      <ele>891.001</ele>
    </trkpt>
    <trkpt lat="67.411714174" lon="18.001441956">
      <ele>885.157</ele>
    </trkpt>
    <trkpt lat="67.411714174" lon="18.00195694">
      <ele>881.442</ele>
    </trkpt>
    <trkpt lat="67.411714174" lon="18.002471924">
      <ele>876.825</ele>
    </trkpt>
    <trkpt lat="67.411648237" lon="18.002986908">
      <ele>871.212</ele>
    </trkpt>
    <trkpt lat="67.411648237" lon="18.003501892">
      <ele>868.128</ele>
    </trkpt>
    <trkpt lat="67.411648237" lon="18.004016876">
      <ele>865.31</ele>
    </trkpt>
    <trkpt lat="67.411648237" lon="18.00453186">
      <ele>863.42</ele>
    </trkpt>
    <trkpt lat="67.411714174" lon="18.005046844">
      <ele>862.658</ele>
    </trkpt>
    <trkpt lat="67.411714174" lon="18.005561829">
      <ele>859.833</ele>
    </trkpt>
    <trkpt lat="67.411648237" lon="18.006076813">
      <ele>855.973</ele>
    </trkpt>
    <trkpt lat="67.411648237" lon="18.006591797">
      <ele>853.938</ele>
    </trkpt>
    <trkpt lat="67.411648237" lon="18.007106781">
      <ele>851.084</ele>
    </trkpt>
    <trkpt lat="67.411714174" lon="18.007621765">
      <ele>850.224</ele>
    </trkpt>
    <trkpt lat="67.411714174" lon="18.008308411">
      <ele>847.116</ele>
    </trkpt>
    <trkpt lat="67.411714174" lon="18.008823395">
      <ele>845.091</ele>
    </trkpt>
    <trkpt lat="67.41178011" lon="18.009338379">
      <ele>844.424</ele>
    </trkpt>
    <trkpt lat="67.41178011" lon="18.009853363">
      <ele>842.161</ele>
    </trkpt>
    <trkpt lat="67.41178011" lon="18.010368347">
      <ele>840.174</ele>
    </trkpt>
    <trkpt lat="67.411846046" lon="18.010883331">
      <ele>838.403</ele>
    </trkpt>
    <trkpt lat="67.411846046" lon="18.011398315">
      <ele>836.549</ele>
    </trkpt>
    <trkpt lat="67.411911982" lon="18.0119133">
      <ele>835.645</ele>
    </trkpt>
    <trkpt lat="67.411911982" lon="18.012428284">
      <ele>833.877</ele>
    </trkpt>
    <trkpt lat="67.411911982" lon="18.012943268">
      <ele>833.006</ele>
    </trkpt>
    <trkpt lat="67.411977917" lon="18.013458252">
      <ele>832.428</ele>
    </trkpt>
    <trkpt lat="67.411977917" lon="18.014144897">
      <ele>830.44</ele>
    </trkpt>
    <trkpt lat="67.412043853" lon="18.014659882">
      <ele>829.298</ele>
    </trkpt>
    <trkpt lat="67.412043853" lon="18.015174866">
      <ele>828.312</ele>
    </trkpt>
    <trkpt lat="67.412109788" lon="18.015861511">
      <ele>826.725</ele>
    </trkpt>
    <trkpt lat="67.412175723" lon="18.016376495">
      <ele>825.71</ele>
    </trkpt>
    <trkpt lat="67.412241658" lon="18.016891479">
      <ele>825.597</ele>
    </trkpt>
    <trkpt lat="67.412307593" lon="18.017406464">
      <ele>826.844</ele>
    </trkpt>
    <trkpt lat="67.412307593" lon="18.017921448">
      <ele>826.537</ele>
    </trkpt>
    <trkpt lat="67.412373527" lon="18.018436432">
      <ele>826.808</ele>
    </trkpt>
    <trkpt lat="67.412439461" lon="18.018951416">
      <ele>825.903</ele>
    </trkpt>
    <trkpt lat="67.412439461" lon="18.0194664">
      <ele>824.128</ele>
    </trkpt>
    <trkpt lat="67.412505396" lon="18.019981384">
      <ele>824.163</ele>
    </trkpt>
    <trkpt lat="67.412505396" lon="18.02066803">
      <ele>823.681</ele>
    </trkpt>
    <trkpt lat="67.412637263" lon="18.021011353">
      <ele>824.83</ele>
    </trkpt>
    <trkpt lat="67.412703197" lon="18.021869659">
      <ele>823.658</ele>
    </trkpt>
    <trkpt lat="67.41276913" lon="18.022384644">
      <ele>823.26</ele>
    </trkpt>
    <trkpt lat="67.412835064" lon="18.022899628">
      <ele>823.592</ele>
    </trkpt>
    <trkpt lat="67.41296693" lon="18.023414612">
      <ele>824.112</ele>
    </trkpt>
    <trkpt lat="67.413032862" lon="18.024101257">
      <ele>823.611</ele>
    </trkpt>
    <trkpt lat="67.413098795" lon="18.024616241">
      <ele>823.256</ele>
    </trkpt>
    <trkpt lat="67.413164727" lon="18.025131226">
      <ele>823.493</ele>
    </trkpt>
    <trkpt lat="67.413164727" lon="18.02564621">
      <ele>822.23</ele>
    </trkpt>
    <trkpt lat="67.413230659" lon="18.026504517">
      <ele>821.52</ele>
    </trkpt>
    <trkpt lat="67.413296591" lon="18.027019501">
      <ele>822.339</ele>
    </trkpt>
    <trkpt lat="67.413362523" lon="18.027534485">
      <ele>823.401</ele>
    </trkpt>
    <trkpt lat="67.413428455" lon="18.028049469">
      <ele>822.734</ele>
    </trkpt>
    <trkpt lat="67.413494386" lon="18.028564453">
      <ele>822.067</ele>
    </trkpt>
    <trkpt lat="67.413494386" lon="18.029079437">
      <ele>821.081</ele>
    </trkpt>
    <trkpt lat="67.413560317" lon="18.029937744">
      <ele>820.903</ele>
    </trkpt>
    <trkpt lat="67.413626248" lon="18.030452728">
      <ele>821.381</ele>
    </trkpt>
    <trkpt lat="67.41375811" lon="18.031997681">
      <ele>822.646</ele>
    </trkpt>
    <trkpt lat="67.41375811" lon="18.032512665">
      <ele>821.667</ele>
    </trkpt>
    <trkpt lat="67.413824041" lon="18.03319931">
      <ele>823.066</ele>
    </trkpt>
    <trkpt lat="67.413824041" lon="18.033714294">
      <ele>823.351</ele>
    </trkpt>
    <trkpt lat="67.413955901" lon="18.034229279">
      <ele>826.377</ele>
    </trkpt>
    <trkpt lat="67.414021831" lon="18.034915924">
      <ele>828.393</ele>
    </trkpt>
    <trkpt lat="67.414021831" lon="18.035430908">
      <ele>828.393</ele>
    </trkpt>
    <trkpt lat="67.414087761" lon="18.036117554">
      <ele>828.864</ele>
    </trkpt>
    <trkpt lat="67.41415369" lon="18.036632538">
      <ele>828.936</ele>
    </trkpt>
    <trkpt lat="67.41415369" lon="18.037319183">
      <ele>827.511</ele>
    </trkpt>
    <trkpt lat="67.41421962" lon="18.038005829">
      <ele>826.907</ele>
    </trkpt>
    <trkpt lat="67.41421962" lon="18.038520813">
      <ele>825.634</ele>
    </trkpt>
    <trkpt lat="67.41415369" lon="18.039550781">
      <ele>822.86</ele>
    </trkpt>
    <trkpt lat="67.41415369" lon="18.040065765">
      <ele>822.623</ele>
    </trkpt>
    <trkpt lat="67.41421962" lon="18.040752411">
      <ele>821.863</ele>
    </trkpt>
    <trkpt lat="67.41421962" lon="18.041439056">
      <ele>820.582</ele>
    </trkpt>
    <trkpt lat="67.41421962" lon="18.041954041">
      <ele>819.763</ele>
    </trkpt>
    <trkpt lat="67.41421962" lon="18.042640686">
      <ele>819.763</ele>
    </trkpt>
    <trkpt lat="67.41421962" lon="18.04315567">
      <ele>819.572</ele>
    </trkpt>
    <trkpt lat="67.41421962" lon="18.044013977">
      <ele>818.122</ele>
    </trkpt>
    <trkpt lat="67.414285549" lon="18.044700623">
      <ele>817.317</ele>
    </trkpt>
    <trkpt lat="67.41421962" lon="18.045387268">
      <ele>814.687</ele>
    </trkpt>
    <trkpt lat="67.41421962" lon="18.046073914">
      <ele>814.407</ele>
    </trkpt>
    <trkpt lat="67.41415369" lon="18.046760559">
      <ele>812.522</ele>
    </trkpt>
    <trkpt lat="67.41415369" lon="18.047275543">
      <ele>810.677</ele>
    </trkpt>
    <trkpt lat="67.41415369" lon="18.047790527">
      <ele>808.863</ele>
    </trkpt>
    <trkpt lat="67.41415369" lon="18.048305511">
      <ele>807.053</ele>
    </trkpt>
    <trkpt lat="67.413955901" lon="18.04933548">
      <ele>803.78</ele>
    </trkpt>
    <trkpt lat="67.413955901" lon="18.050022125">
      <ele>802.241</ele>
    </trkpt>
    <trkpt lat="67.413955901" lon="18.050537109">
      <ele>801.533</ele>
    </trkpt>
    <trkpt lat="67.413889971" lon="18.051052094">
      <ele>801.004</ele>
    </trkpt>
    <trkpt lat="67.413824041" lon="18.051567078">
      <ele>799.533</ele>
    </trkpt>
    <trkpt lat="67.413692179" lon="18.052082062">
      <ele>798.292</ele>
    </trkpt>
    <trkpt lat="67.413560317" lon="18.052597046">
      <ele>798.119</ele>
    </trkpt>
    <trkpt lat="67.413494386" lon="18.053283691">
      <ele>798.0</ele>
    </trkpt>
    <trkpt lat="67.413362523" lon="18.053798676">
      <ele>797.0</ele>
    </trkpt>
    <trkpt lat="67.413230659" lon="18.054485321">
      <ele>794.63</ele>
    </trkpt>
    <trkpt lat="67.413164727" lon="18.055000305">
      <ele>793.393</ele>
    </trkpt>
    <trkpt lat="67.413032862" lon="18.055515289">
      <ele>792.063</ele>
    </trkpt>
    <trkpt lat="67.412900997" lon="18.055858612">
      <ele>791.444</ele>
    </trkpt>
    <trkpt lat="67.412835064" lon="18.056373596">
      <ele>791.206</ele>
    </trkpt>
    <trkpt lat="67.412637263" lon="18.057231903">
      <ele>789.982</ele>
    </trkpt>
    <trkpt lat="67.41257133" lon="18.057746887">
      <ele>788.368</ele>
    </trkpt>
    <trkpt lat="67.412439461" lon="18.05809021">
      <ele>787.782</ele>
    </trkpt>
    <trkpt lat="67.412241658" lon="18.058948517">
      <ele>786.785</ele>
    </trkpt>
    <trkpt lat="67.412043853" lon="18.059635162">
      <ele>785.559</ele>
    </trkpt>
    <trkpt lat="67.411977917" lon="18.060150146">
      <ele>785.0</ele>
    </trkpt>
    <trkpt lat="67.411846046" lon="18.060493469">
      <ele>784.144</ele>
    </trkpt>
    <trkpt lat="67.411714174" lon="18.061008453">
      <ele>783.063</ele>
    </trkpt>
    <trkpt lat="67.411648237" lon="18.061523438">
      <ele>781.968</ele>
    </trkpt>
    <trkpt lat="67.411582301" lon="18.061523438">
      <ele>781.853</ele>
    </trkpt>
    <trkpt lat="67.411252615" lon="18.062896729">
      <ele>779.509</ele>
    </trkpt>
    <trkpt lat="67.41112074" lon="18.063411713">
      <ele>779.035</ele>
    </trkpt>
    <trkpt lat="67.411054802" lon="18.063926697">
      <ele>778.825</ele>
    </trkpt>
    <trkpt lat="67.410922925" lon="18.064441681">
      <ele>778.681</ele>
    </trkpt>
    <trkpt lat="67.410791048" lon="18.064956665">
      <ele>777.98</ele>
    </trkpt>
    <trkpt lat="67.410725109" lon="18.065471649">
      <ele>777.184</ele>
    </trkpt>
    <trkpt lat="67.41065917" lon="18.065986633">
      <ele>776.448</ele>
    </trkpt>
    <trkpt lat="67.410593231" lon="18.066501617">
      <ele>775.081</ele>
    </trkpt>
    <trkpt lat="67.410527291" lon="18.067016602">
      <ele>774.0</ele>
    </trkpt>
    <trkpt lat="67.410527291" lon="18.067531586">
      <ele>774.0</ele>
    </trkpt>
    <trkpt lat="67.410461352" lon="18.06804657">
      <ele>773.672</ele>
    </trkpt>
    <trkpt lat="67.410461352" lon="18.068561554">
      <ele>773.0</ele>
    </trkpt>
    <trkpt lat="67.410461352" lon="18.069076538">
      <ele>773.0</ele>
    </trkpt>
    <trkpt lat="67.410461352" lon="18.069591522">
      <ele>772.0</ele>
    </trkpt>
    <trkpt lat="67.410461352" lon="18.070106506">
      <ele>772.0</ele>
    </trkpt>
    <trkpt lat="67.410461352" lon="18.07062149">
      <ele>772.0</ele>
    </trkpt>
    <trkpt lat="67.410461352" lon="18.071136475">
      <ele>772.0</ele>
    </trkpt>
    <trkpt lat="67.410461352" lon="18.071651459">
      <ele>772.0</ele>
    </trkpt>
    <trkpt lat="67.410461352" lon="18.072166443">
      <ele>771.661</ele>
    </trkpt>
    <trkpt lat="67.410461352" lon="18.072681427">
      <ele>771.661</ele>
    </trkpt>
    <trkpt lat="67.410527291" lon="18.073196411">
      <ele>771.898</ele>
    </trkpt>
    <trkpt lat="67.410527291" lon="18.073711395">
      <ele>771.0</ele>
    </trkpt>
    <trkpt lat="67.410527291" lon="18.074226379">
      <ele>770.978</ele>
    </trkpt>
    <trkpt lat="67.410527291" lon="18.074913025">
      <ele>770.898</ele>
    </trkpt>
    <trkpt lat="67.410593231" lon="18.075428009">
      <ele>771.136</ele>
    </trkpt>
    <trkpt lat="67.41065917" lon="18.075942993">
      <ele>771.125</ele>
    </trkpt>
    <trkpt lat="67.410725109" lon="18.076457977">
      <ele>771.221</ele>
    </trkpt>
    <trkpt lat="67.410791048" lon="18.076972961">
      <ele>771.696</ele>
    </trkpt>
    <trkpt lat="67.410922925" lon="18.077316284">
      <ele>772.645</ele>
    </trkpt>
    <trkpt lat="67.410988864" lon="18.07800293">
      <ele>772.666</ele>
    </trkpt>
    <trkpt lat="67.411054802" lon="18.078517914">
      <ele>772.663</ele>
    </trkpt>
    <trkpt lat="67.411186678" lon="18.078861237">
      <ele>773.299</ele>
    </trkpt>
    <trkpt lat="67.411318553" lon="18.079204559">
      <ele>773.712</ele>
    </trkpt>
    <trkpt lat="67.411450427" lon="18.079547882">
      <ele>774.443</ele>
    </trkpt>
    <trkpt lat="67.411582301" lon="18.079891205">
      <ele>775.393</ele>
    </trkpt>
    <trkpt lat="67.411648237" lon="18.080406189">
      <ele>774.903</ele>
    </trkpt>
    <trkpt lat="67.411714174" lon="18.080921173">
      <ele>774.342</ele>
    </trkpt>
    <trkpt lat="67.411846046" lon="18.081436157">
      <ele>775.292</ele>
    </trkpt>
    <trkpt lat="67.411911982" lon="18.081951141">
      <ele>775.766</ele>
    </trkpt>
    <trkpt lat="67.411977917" lon="18.082466125">
      <ele>776.241</ele>
    </trkpt>
    <trkpt lat="67.412109788" lon="18.08298111">
      <ele>777.626</ele>
    </trkpt>
    <trkpt lat="67.412241658" lon="18.083496094">
      <ele>779.796</ele>
    </trkpt>
    <trkpt lat="67.412373527" lon="18.083839417">
      <ele>781.634</ele>
    </trkpt>
    <trkpt lat="67.412439461" lon="18.084354401">
      <ele>782.564</ele>
    </trkpt>
    <trkpt lat="67.41257133" lon="18.084697723">
      <ele>783.514</ele>
    </trkpt>
    <trkpt lat="67.412703197" lon="18.085041046">
      <ele>783.692</ele>
    </trkpt>
    <trkpt lat="67.412835064" lon="18.08555603">
      <ele>783.412</ele>
    </trkpt>
    <trkpt lat="67.41296693" lon="18.085899353">
      <ele>784.286</ele>
    </trkpt>
    <trkpt lat="67.413098795" lon="18.086414337">
      <ele>784.078</ele>
    </trkpt>
    <trkpt lat="67.413230659" lon="18.08675766">
      <ele>783.812</ele>
    </trkpt>
    <trkpt lat="67.413362523" lon="18.087100983">
      <ele>783.811</ele>
    </trkpt>
    <trkpt lat="67.413494386" lon="18.087444305">
      <ele>784.856</ele>
    </trkpt>
    <trkpt lat="67.413626248" lon="18.087787628">
      <ele>786.163</ele>
    </trkpt>
    <trkpt lat="67.41375811" lon="18.088302612">
      <ele>787.588</ele>
    </trkpt>
    <trkpt lat="67.413889971" lon="18.088817596">
      <ele>789.012</ele>
    </trkpt>
    <trkpt lat="67.414021831" lon="18.089332581">
      <ele>790.436</ele>
    </trkpt>
    <trkpt lat="67.414087761" lon="18.089847565">
      <ele>791.599</ele>
    </trkpt>
    <trkpt lat="67.41421962" lon="18.090190887">
      <ele>793.703</ele>
    </trkpt>
    <trkpt lat="67.414351478" lon="18.09053421">
      <ele>795.97</ele>
    </trkpt>
    <trkpt lat="67.414549264" lon="18.090705872">
      <ele>798.296</ele>
    </trkpt>
    <trkpt lat="67.414681121" lon="18.091220856">
      <ele>799.704</ele>
    </trkpt>
    <trkpt lat="67.414812976" lon="18.091564178">
      <ele>800.86</ele>
    </trkpt>
    <trkpt lat="67.414944831" lon="18.091907501">
      <ele>802.576</ele>
    </trkpt>
    <trkpt lat="67.415142613" lon="18.092422485">
      <ele>804.891</ele>
    </trkpt>
    <trkpt lat="67.415274466" lon="18.092765808">
      <ele>805.976</ele>
    </trkpt>
    <trkpt lat="67.415406318" lon="18.093280792">
      <ele>808.199</ele>
    </trkpt>
    <trkpt lat="67.41553817" lon="18.093795776">
      <ele>809.812</ele>
    </trkpt>
    <trkpt lat="67.415604096" lon="18.09431076">
      <ele>810.608</ele>
    </trkpt>
    <trkpt lat="67.415735946" lon="18.094654083">
      <ele>811.948</ele>
    </trkpt>
    <trkpt lat="67.415867796" lon="18.094997406">
      <ele>813.373</ele>
    </trkpt>
    <trkpt lat="67.415999645" lon="18.09551239">
      <ele>813.859</ele>
    </trkpt>
    <trkpt lat="67.416131494" lon="18.095855713">
      <ele>814.286</ele>
    </trkpt>
    <trkpt lat="67.416263341" lon="18.096370697">
      <ele>815.74</ele>
    </trkpt>
    <trkpt lat="67.416329265" lon="18.096885681">
      <ele>815.927</ele>
    </trkpt>
    <trkpt lat="67.416395188" lon="18.097400665">
      <ele>815.494</ele>
    </trkpt>
    <trkpt lat="67.416527035" lon="18.097915649">
      <ele>815.985</ele>
    </trkpt>
    <trkpt lat="67.41665888" lon="18.098602295">
      <ele>817.86</ele>
    </trkpt>
    <trkpt lat="67.416724803" lon="18.099117279">
      <ele>818.874</ele>
    </trkpt>
    <trkpt lat="67.416790725" lon="18.099632263">
      <ele>819.34</ele>
    </trkpt>
    <trkpt lat="67.416922569" lon="18.100147247">
      <ele>819.842</ele>
    </trkpt>
    <trkpt lat="67.416988491" lon="18.100662231">
      <ele>819.317</ele>
    </trkpt>
    <trkpt lat="67.417120334" lon="18.101177216">
      <ele>819.266</ele>
    </trkpt>
    <trkpt lat="67.417120334" lon="18.1016922">
      <ele>818.633</ele>
    </trkpt>
    <trkpt lat="67.417252176" lon="18.102207184">
      <ele>820.269</ele>
    </trkpt>
    <trkpt lat="67.417318097" lon="18.102722168">
      <ele>821.311</ele>
    </trkpt>
    <trkpt lat="67.417384018" lon="18.103237152">
      <ele>823.128</ele>
    </trkpt>
    <trkpt lat="67.417384018" lon="18.103752136">
      <ele>824.626</ele>
    </trkpt>
    <trkpt lat="67.417449938" lon="18.10426712">
      <ele>826.034</ele>
    </trkpt>
    <trkpt lat="67.417581779" lon="18.104782104">
      <ele>827.614</ele>
    </trkpt>
    <trkpt lat="67.417647698" lon="18.10546875">
      <ele>827.669</ele>
    </trkpt>
    <trkpt lat="67.417779538" lon="18.105983734">
      <ele>827.493</ele>
    </trkpt>
    <trkpt lat="67.417845457" lon="18.106498718">
      <ele>825.671</ele>
    </trkpt>
    <trkpt lat="67.417911376" lon="18.107013702">
      <ele>824.036</ele>
    </trkpt>
    <trkpt lat="67.417911376" lon="18.107528687">
      <ele>820.874</ele>
    </trkpt>
    <trkpt lat="67.417977295" lon="18.108043671">
      <ele>822.112</ele>
    </trkpt>
    <trkpt lat="67.417977295" lon="18.108558655">
      <ele>823.737</ele>
    </trkpt>
    <trkpt lat="67.418043214" lon="18.109073639">
      <ele>825.157</ele>
    </trkpt>
    <trkpt lat="67.418109133" lon="18.109760284">
      <ele>821.863</ele>
    </trkpt>
    <trkpt lat="67.418109133" lon="18.110275269">
      <ele>820.009</ele>
    </trkpt>
    <trkpt lat="67.418109133" lon="18.110790253">
      <ele>819.155</ele>
    </trkpt>
    <trkpt lat="67.418175051" lon="18.111476898">
      <ele>818.294</ele>
    </trkpt>
    <trkpt lat="67.41824097" lon="18.111991882">
      <ele>817.553</ele>
    </trkpt>
    <trkpt lat="67.418306888" lon="18.112506866">
      <ele>816.88</ele>
    </trkpt>
    <trkpt lat="67.418372806" lon="18.113021851">
      <ele>815.263</ele>
    </trkpt>
    <trkpt lat="67.418438723" lon="18.113536835">
      <ele>814.647</ele>
    </trkpt>
    <trkpt lat="67.418570558" lon="18.11422348">
      <ele>812.679</ele>
    </trkpt>
    <trkpt lat="67.418636476" lon="18.114738464">
      <ele>811.792</ele>
    </trkpt>
    <trkpt lat="67.418702393" lon="18.115253448">
      <ele>807.847</ele>
    </trkpt>
    <trkpt lat="67.41876831" lon="18.115940094">
      <ele>802.665</ele>
    </trkpt>
    <trkpt lat="67.418834226" lon="18.11662674">
      <ele>798.172</ele>
    </trkpt>
    <trkpt lat="67.418834226" lon="18.117141724">
      <ele>795.29</ele>
    </trkpt>
    <trkpt lat="67.418900143" lon="18.117656708">
      <ele>794.041</ele>
    </trkpt>
    <trkpt lat="67.418900143" lon="18.118515015">
      <ele>794.026</ele>
    </trkpt>
    <trkpt lat="67.418966059" lon="18.119029999">
      <ele>795.0</ele>
    </trkpt>
    <trkpt lat="67.419097891" lon="18.119544983">
      <ele>795.752</ele>
    </trkpt>
    <trkpt lat="67.419097891" lon="18.120231628">
      <ele>795.0</ele>
    </trkpt>
    <trkpt lat="67.419229722" lon="18.120918274">
      <ele>795.227</ele>
    </trkpt>
    <trkpt lat="67.419295638" lon="18.121433258">
      <ele>795.464</ele>
    </trkpt>
    <trkpt lat="67.419361553" lon="18.121948242">
      <ele>795.996</ele>
    </trkpt>
    <trkpt lat="67.419493383" lon="18.122634888">
      <ele>795.176</ele>
    </trkpt>
    <trkpt lat="67.419559297" lon="18.123149872">
      <ele>795.413</ele>
    </trkpt>
    <trkpt lat="67.419691126" lon="18.123664856">
      <ele>795.888</ele>
    </trkpt>
    <trkpt lat="67.41975704" lon="18.12417984">
      <ele>796.125</ele>
    </trkpt>
    <trkpt lat="67.419888868" lon="18.124694824">
      <ele>795.699</ele>
    </trkpt>
    <trkpt lat="67.420020695" lon="18.125209808">
      <ele>794.245</ele>
    </trkpt>
    <trkpt lat="67.420086608" lon="18.125724792">
      <ele>793.269</ele>
    </trkpt>
    <trkpt lat="67.420218434" lon="18.126068115">
      <ele>793.0</ele>
    </trkpt>
    <trkpt lat="67.420350259" lon="18.126411438">
      <ele>793.282</ele>
    </trkpt>
    <trkpt lat="67.420482083" lon="18.126754761">
      <ele>794.555</ele>
    </trkpt>
    <trkpt lat="67.420613907" lon="18.127098083">
      <ele>795.973</ele>
    </trkpt>
    <trkpt lat="67.420811641" lon="18.127269745">
      <ele>797.844</ele>
    </trkpt>
    <trkpt lat="67.420943463" lon="18.127613068">
      <ele>798.642</ele>
    </trkpt>
    <trkpt lat="67.421141194" lon="18.12795639">
      <ele>799.682</ele>
    </trkpt>
    <trkpt lat="67.421273014" lon="18.128299713">
      <ele>800.0</ele>
    </trkpt>
    <trkpt lat="67.421470743" lon="18.128643036">
      <ele>800.0</ele>
    </trkpt>
    <trkpt lat="67.42166847" lon="18.128986359">
      <ele>800.006</ele>
    </trkpt>
    <trkpt lat="67.421800287" lon="18.129501343">
      <ele>800.481</ele>
    </trkpt>
    <trkpt lat="67.421998011" lon="18.129844666">
      <ele>801.193</ele>
    </trkpt>
    <trkpt lat="67.422129827" lon="18.130187988">
      <ele>801.667</ele>
    </trkpt>
    <trkpt lat="67.422261641" lon="18.130531311">
      <ele>802.142</ele>
    </trkpt>
    <trkpt lat="67.422459361" lon="18.130702972">
      <ele>802.854</ele>
    </trkpt>
    <trkpt lat="67.42265708" lon="18.131046295">
      <ele>803.0</ele>
    </trkpt>
    <trkpt lat="67.422854797" lon="18.131389618">
      <ele>803.277</ele>
    </trkpt>
    <trkpt lat="67.423052513" lon="18.131732941">
      <ele>803.992</ele>
    </trkpt>
    <trkpt lat="67.423184322" lon="18.132076263">
      <ele>804.464</ele>
    </trkpt>
    <trkpt lat="67.423382035" lon="18.132419586">
      <ele>805.175</ele>
    </trkpt>
    <trkpt lat="67.423579746" lon="18.132762909">
      <ele>805.887</ele>
    </trkpt>
    <trkpt lat="67.423777456" lon="18.133106232">
      <ele>807.599</ele>
    </trkpt>
    <trkpt lat="67.423909261" lon="18.133449554">
      <ele>808.0</ele>
    </trkpt>
    <trkpt lat="67.424106968" lon="18.133621216">
      <ele>808.0</ele>
    </trkpt>
    <trkpt lat="67.424304673" lon="18.133964539">
      <ele>807.503</ele>
    </trkpt>
    <trkpt lat="67.424502377" lon="18.1341362">
      <ele>806.583</ele>
    </trkpt>
    <trkpt lat="67.424765979" lon="18.134307861">
      <ele>805.315</ele>
    </trkpt>
    <trkpt lat="67.424963678" lon="18.134479523">
      <ele>806.738</ele>
    </trkpt>
    <trkpt lat="67.425161376" lon="18.134651184">
      <ele>808.594</ele>
    </trkpt>
    <trkpt lat="67.425293174" lon="18.134994507">
      <ele>810.111</ele>
    </trkpt>
    <trkpt lat="67.425490869" lon="18.135166168">
      <ele>811.993</ele>
    </trkpt>
    <trkpt lat="67.425688563" lon="18.13533783">
      <ele>813.479</ele>
    </trkpt>
    <trkpt lat="67.425952152" lon="18.135681152">
      <ele>814.234</ele>
    </trkpt>
    <trkpt lat="67.426149842" lon="18.135681152">
      <ele>814.471</ele>
    </trkpt>
    <trkpt lat="67.426281634" lon="18.136024475">
      <ele>813.578</ele>
    </trkpt>
    <trkpt lat="67.426479321" lon="18.136196136">
      <ele>813.0</ele>
    </trkpt>
    <trkpt lat="67.426611111" lon="18.136539459">
      <ele>812.892</ele>
    </trkpt>
    <trkpt lat="67.426808796" lon="18.136539459">
      <ele>813.512</ele>
    </trkpt>
    <trkpt lat="67.427006479" lon="18.136882782">
      <ele>814.05</ele>
    </trkpt>
    <trkpt lat="67.42720416" lon="18.137226105">
      <ele>813.922</ele>
    </trkpt>
    <trkpt lat="67.427401839" lon="18.137397766">
      <ele>813.777</ele>
    </trkpt>
    <trkpt lat="67.427533624" lon="18.137741089">
      <ele>813.358</ele>
    </trkpt>
    <trkpt lat="67.427731301" lon="18.138084412">
      <ele>813.833</ele>
    </trkpt>
    <trkpt lat="67.427928976" lon="18.138427734">
      <ele>814.359</ele>
    </trkpt>
    <trkpt lat="67.428126649" lon="18.138771057">
      <ele>814.109</ele>
    </trkpt>
    <trkpt lat="67.428324321" lon="18.13911438">
      <ele>813.974</ele>
    </trkpt>
    <trkpt lat="67.428521991" lon="18.139457703">
      <ele>813.647</ele>
    </trkpt>
    <trkpt lat="67.42865377" lon="18.139972687">
      <ele>813.015</ele>
    </trkpt>
    <trkpt lat="67.428785549" lon="18.140487671">
      <ele>812.153</ele>
    </trkpt>
    <trkpt lat="67.428851438" lon="18.141002655">
      <ele>812.0</ele>
    </trkpt>
    <trkpt lat="67.428983215" lon="18.141517639">
      <ele>812.0</ele>
    </trkpt>
    <trkpt lat="67.429114992" lon="18.142032623">
      <ele>811.683</ele>
    </trkpt>
    <trkpt lat="67.42918088" lon="18.142547607">
      <ele>810.0</ele>
    </trkpt>
    <trkpt lat="67.429312655" lon="18.143062592">
      <ele>809.512</ele>
    </trkpt>
    <trkpt lat="67.429312655" lon="18.143577576">
      <ele>808.538</ele>
    </trkpt>
    <trkpt lat="67.429378543" lon="18.14409256">
      <ele>807.441</ele>
    </trkpt>
    <trkpt lat="67.429378543" lon="18.144607544">
      <ele>807.098</ele>
    </trkpt>
    <trkpt lat="67.42944443" lon="18.145294189">
      <ele>807.0</ele>
    </trkpt>
    <trkpt lat="67.42944443" lon="18.145980835">
      <ele>806.469</ele>
    </trkpt>
    <trkpt lat="67.42944443" lon="18.146495819">
      <ele>806.0</ele>
    </trkpt>
    <trkpt lat="67.429510317" lon="18.147010803">
      <ele>805.945</ele>
    </trkpt>
    <trkpt lat="67.429510317" lon="18.147525787">
      <ele>806.619</ele>
    </trkpt>
    <trkpt lat="67.429510317" lon="18.148040771">
      <ele>806.579</ele>
    </trkpt>
    <trkpt lat="67.429510317" lon="18.148555756">
      <ele>806.526</ele>
    </trkpt>
    <trkpt lat="67.429519242" lon="18.14907074">
      <ele>806.638</ele>
    </trkpt>
    <trkpt lat="67.429585129" lon="18.149585724">
      <ele>806.494</ele>
    </trkpt>
    <trkpt lat="67.429716902" lon="18.150100708">
      <ele>806.375</ele>
    </trkpt>
    <trkpt lat="67.429782789" lon="18.150615692">
      <ele>806.782</ele>
    </trkpt>
    <trkpt lat="67.429914561" lon="18.151130676">
      <ele>806.593</ele>
    </trkpt>
    <trkpt lat="67.430046332" lon="18.151473999">
      <ele>805.833</ele>
    </trkpt>
    <trkpt lat="67.430243988" lon="18.151988983">
      <ele>806.0</ele>
    </trkpt>
    <trkpt lat="67.430441642" lon="18.152332306">
      <ele>805.806</ele>
    </trkpt>
    <trkpt lat="67.430705179" lon="18.152503967">
      <ele>805.447</ele>
    </trkpt>
    <trkpt lat="67.430902829" lon="18.152675629">
      <ele>804.118</ele>
    </trkpt>
    <trkpt lat="67.431100478" lon="18.15284729">
      <ele>802.788</ele>
    </trkpt>
    <trkpt lat="67.431298125" lon="18.15284729">
      <ele>802.245</ele>
    </trkpt>
    <trkpt lat="67.43149577" lon="18.15284729">
      <ele>802.0</ele>
    </trkpt>
    <trkpt lat="67.431693414" lon="18.15284729">
      <ele>802.193</ele>
    </trkpt>
    <trkpt lat="67.431891056" lon="18.152675629">
      <ele>803.686</ele>
    </trkpt>
    <trkpt lat="67.432088697" lon="18.152675629">
      <ele>805.039</ele>
    </trkpt>
    <trkpt lat="67.432286335" lon="18.152675629">
      <ele>806.231</ele>
    </trkpt>
    <trkpt lat="67.432483973" lon="18.152675629">
      <ele>806.942</ele>
    </trkpt>
    <trkpt lat="67.432681608" lon="18.152675629">
      <ele>805.692</ele>
    </trkpt>
    <trkpt lat="67.432879242" lon="18.152675629">
      <ele>803.673</ele>
    </trkpt>
    <trkpt lat="67.433142752" lon="18.152675629">
      <ele>800.112</ele>
    </trkpt>
    <trkpt lat="67.433340382" lon="18.15284729">
      <ele>796.75</ele>
    </trkpt>
    <trkpt lat="67.433603886" lon="18.15284729">
      <ele>796.75</ele>
    </trkpt>
    <trkpt lat="67.433867387" lon="18.152675629">
      <ele>797.0</ele>
    </trkpt>
    <trkpt lat="67.43419676" lon="18.152675629">
      <ele>797.741</ele>
    </trkpt>
    <trkpt lat="67.434394381" lon="18.152675629">
      <ele>798.452</ele>
    </trkpt>
    <trkpt lat="67.434592001" lon="18.152503967">
      <ele>798.538</ele>
    </trkpt>
    <trkpt lat="67.434789619" lon="18.152503967">
      <ele>799.482</ele>
    </trkpt>
    <trkpt lat="67.434987236" lon="18.152332306">
      <ele>800.908</ele>
    </trkpt>
    <trkpt lat="67.43518485" lon="18.152332306">
      <ele>801.665</ele>
    </trkpt>
    <trkpt lat="67.435382464" lon="18.152160645">
      <ele>802.0</ele>
    </trkpt>
    <trkpt lat="67.435580075" lon="18.152160645">
      <ele>801.823</ele>
    </trkpt>
    <trkpt lat="67.435777685" lon="18.151988983">
      <ele>800.401</ele>
    </trkpt>
    <trkpt lat="67.4361729" lon="18.151473999">
      <ele>798.317</ele>
    </trkpt>
    <trkpt lat="67.436436373" lon="18.151130676">
      <ele>797.759</ele>
    </trkpt>
    <trkpt lat="67.436633976" lon="18.150959015">
      <ele>797.665</ele>
    </trkpt>
    <trkpt lat="67.436831577" lon="18.150615692">
      <ele>796.813</ele>
    </trkpt>
    <trkpt lat="67.437029176" lon="18.150444031">
      <ele>796.0</ele>
    </trkpt>
    <trkpt lat="67.43729264" lon="18.150272369">
      <ele>795.751</ele>
    </trkpt>
    <trkpt lat="67.4375561" lon="18.149929047">
      <ele>796.254</ele>
    </trkpt>
    <trkpt lat="67.437819558" lon="18.149757385">
      <ele>798.043</ele>
    </trkpt>
    <trkpt lat="67.438017149" lon="18.149585724">
      <ele>799.285</ele>
    </trkpt>
    <trkpt lat="67.438214739" lon="18.149414063">
      <ele>801.209</ele>
    </trkpt>
    <trkpt lat="67.438807498" lon="18.14907074">
      <ele>805.951</ele>
    </trkpt>
    <trkpt lat="67.439005081" lon="18.14907074">
      <ele>806.345</ele>
    </trkpt>
    <trkpt lat="67.439268523" lon="18.148899078">
      <ele>806.963</ele>
    </trkpt>
    <trkpt lat="67.439466102" lon="18.148899078">
      <ele>806.888</ele>
    </trkpt>
    <trkpt lat="67.439729538" lon="18.148727417">
      <ele>806.608</ele>
    </trkpt>
    <trkpt lat="67.439927114" lon="18.148555756">
      <ele>807.79</ele>
    </trkpt>
    <trkpt lat="67.440124688" lon="18.148555756">
      <ele>808.0</ele>
    </trkpt>
    <trkpt lat="67.44032226" lon="18.148555756">
      <ele>808.0</ele>
    </trkpt>
    <trkpt lat="67.440585687" lon="18.148555756">
      <ele>807.913</ele>
    </trkpt>
    <trkpt lat="67.440914967" lon="18.148555756">
      <ele>807.199</ele>
    </trkpt>
    <trkpt lat="67.441178387" lon="18.148384094">
      <ele>807.817</ele>
    </trkpt>
    <trkpt lat="67.44137595" lon="18.148384094">
      <ele>807.817</ele>
    </trkpt>
    <trkpt lat="67.441639366" lon="18.148384094">
      <ele>806.916</ele>
    </trkpt>
    <trkpt lat="67.441836925" lon="18.148212433">
      <ele>806.041</ele>
    </trkpt>
    <trkpt lat="67.442166188" lon="18.148212433">
      <ele>805.435</ele>
    </trkpt>
    <trkpt lat="67.442429594" lon="18.148212433">
      <ele>806.182</ele>
    </trkpt>
    <trkpt lat="67.442627147" lon="18.148212433">
      <ele>806.893</ele>
    </trkpt>
    <trkpt lat="67.442890549" lon="18.148212433">
      <ele>807.665</ele>
    </trkpt>
    <trkpt lat="67.443153947" lon="18.148212433">
      <ele>808.154</ele>
    </trkpt>
    <trkpt lat="67.443351495" lon="18.148212433">
      <ele>808.435</ele>
    </trkpt>
    <trkpt lat="67.44354904" lon="18.148212433">
      <ele>808.435</ele>
    </trkpt>
    <trkpt lat="67.443746584" lon="18.148384094">
      <ele>807.911</ele>
    </trkpt>
    <trkpt lat="67.443944126" lon="18.148384094">
      <ele>807.655</ele>
    </trkpt>
    <trkpt lat="67.444141666" lon="18.148384094">
      <ele>807.074</ele>
    </trkpt>
    <trkpt lat="67.444339205" lon="18.148384094">
      <ele>806.886</ele>
    </trkpt>
    <trkpt lat="67.444602588" lon="18.148384094">
      <ele>806.817</ele>
    </trkpt>
    <trkpt lat="67.444997656" lon="18.148384094">
      <ele>805.826</ele>
    </trkpt>
    <trkpt lat="67.445195188" lon="18.148384094">
      <ele>805.817</ele>
    </trkpt>
    <trkpt lat="67.445392718" lon="18.148555756">
      <ele>804.868</ele>
    </trkpt>
    <trkpt lat="67.445590246" lon="18.148555756">
      <ele>804.399</ele>
    </trkpt>
    <trkpt lat="67.445853615" lon="18.148384094">
      <ele>805.635</ele>
    </trkpt>
    <trkpt lat="67.44605114" lon="18.148384094">
      <ele>805.635</ele>
    </trkpt>
    <trkpt lat="67.446314503" lon="18.148212433">
      <ele>806.754</ele>
    </trkpt>
    <trkpt lat="67.446512024" lon="18.148212433">
      <ele>807.314</ele>
    </trkpt>
    <trkpt lat="67.446775382" lon="18.148040771">
      <ele>809.868</ele>
    </trkpt>
    <trkpt lat="67.446972899" lon="18.14786911">
      <ele>811.638</ele>
    </trkpt>
    <trkpt lat="67.447170415" lon="18.14786911">
      <ele>811.404</ele>
    </trkpt>
    <trkpt lat="67.447367928" lon="18.14786911">
      <ele>810.99</ele>
    </trkpt>
    <trkpt lat="67.44756544" lon="18.147697449">
      <ele>811.221</ele>
    </trkpt>
    <trkpt lat="67.447762951" lon="18.147697449">
      <ele>811.015</ele>
    </trkpt>
    <trkpt lat="67.448026296" lon="18.147697449">
      <ele>809.469</ele>
    </trkpt>
    <trkpt lat="67.448223802" lon="18.147525787">
      <ele>808.146</ele>
    </trkpt>
    <trkpt lat="67.448487142" lon="18.147525787">
      <ele>805.287</ele>
    </trkpt>
    <trkpt lat="67.448750478" lon="18.147354126">
      <ele>803.522</ele>
    </trkpt>
    <trkpt lat="67.448947979" lon="18.147354126">
      <ele>802.424</ele>
    </trkpt>
    <trkpt lat="67.44921131" lon="18.147354126">
      <ele>801.966</ele>
    </trkpt>
    <trkpt lat="67.449540471" lon="18.147354126">
      <ele>801.179</ele>
    </trkpt>
    <trkpt lat="67.449803796" lon="18.147354126">
      <ele>800.231</ele>
    </trkpt>
    <trkpt lat="67.450132948" lon="18.147182465">
      <ele>800.218</ele>
    </trkpt>
    <trkpt lat="67.450396266" lon="18.147182465">
      <ele>800.143</ele>
    </trkpt>
    <trkpt lat="67.450922894" lon="18.146839142">
      <ele>801.636</ele>
    </trkpt>
    <trkpt lat="67.451383685" lon="18.14666748">
      <ele>801.997</ele>
    </trkpt>
    <trkpt lat="67.451581163" lon="18.146495819">
      <ele>803.497</ele>
    </trkpt>
    <trkpt lat="67.45177864" lon="18.146495819">
      <ele>803.615</ele>
    </trkpt>
    <trkpt lat="67.451976116" lon="18.146324158">
      <ele>804.146</ele>
    </trkpt>
    <trkpt lat="67.452305238" lon="18.145980835">
      <ele>805.31</ele>
    </trkpt>
    <trkpt lat="67.452568532" lon="18.145637512">
      <ele>806.458</ele>
    </trkpt>
    <trkpt lat="67.452963468" lon="18.145294189">
      <ele>807.882</ele>
    </trkpt>
    <trkpt lat="67.453160934" lon="18.145122528">
      <ele>808.771</ele>
    </trkpt>
    <trkpt lat="67.453358398" lon="18.144950867">
      <ele>810.087</ele>
    </trkpt>
    <trkpt lat="67.45355586" lon="18.144779205">
      <ele>809.994</ele>
    </trkpt>
    <trkpt lat="67.454082418" lon="18.144435883">
      <ele>810.356</ele>
    </trkpt>
    <trkpt lat="67.454543147" lon="18.143920898">
      <ele>811.488</ele>
    </trkpt>
    <trkpt lat="67.454806417" lon="18.143577576">
      <ele>811.635</ele>
    </trkpt>
    <trkpt lat="67.455003867" lon="18.143405914">
      <ele>811.453</ele>
    </trkpt>
    <trkpt lat="67.455530393" lon="18.14289093">
      <ele>810.366</ele>
    </trkpt>
    <trkpt lat="67.455727838" lon="18.142719269">
      <ele>810.801</ele>
    </trkpt>
    <trkpt lat="67.455991094" lon="18.142547607">
      <ele>811.089</ele>
    </trkpt>
    <trkpt lat="67.456254348" lon="18.142375946">
      <ele>811.663</ele>
    </trkpt>
    <trkpt lat="67.456451786" lon="18.142204285">
      <ele>811.838</ele>
    </trkpt>
    <trkpt lat="67.456649223" lon="18.142204285">
      <ele>811.127</ele>
    </trkpt>
    <trkpt lat="67.456846658" lon="18.142204285">
      <ele>811.065</ele>
    </trkpt>
    <trkpt lat="67.457175712" lon="18.142032623">
      <ele>811.418</ele>
    </trkpt>
    <trkpt lat="67.457438953" lon="18.142032623">
      <ele>810.833</ele>
    </trkpt>
    <trkpt lat="67.45770219" lon="18.141860962">
      <ele>811.301</ele>
    </trkpt>
    <trkpt lat="67.458097041" lon="18.141860962">
      <ele>810.151</ele>
    </trkpt>
    <trkpt lat="67.458820917" lon="18.141689301">
      <ele>808.163</ele>
    </trkpt>
    <trkpt lat="67.45921575" lon="18.141517639">
      <ele>807.36</ele>
    </trkpt>
    <trkpt lat="67.459742183" lon="18.141345978">
      <ele>806.083</ele>
    </trkpt>
    <trkpt lat="67.460137" lon="18.141345978">
      <ele>804.244</ele>
    </trkpt>
    <trkpt lat="67.460334406" lon="18.141174316">
      <ele>804.387</ele>
    </trkpt>
    <trkpt lat="67.460597611" lon="18.141174316">
      <ele>803.621</ele>
    </trkpt>
    <trkpt lat="67.460795013" lon="18.141174316">
      <ele>802.91</ele>
    </trkpt>
    <trkpt lat="67.461189813" lon="18.141002655">
      <ele>803.0</ele>
    </trkpt>
    <trkpt lat="67.461650404" lon="18.141002655">
      <ele>803.0</ele>
    </trkpt>
    <trkpt lat="67.461913595" lon="18.141002655">
      <ele>802.458</ele>
    </trkpt>
    <trkpt lat="67.462110986" lon="18.141002655">
      <ele>802.156</ele>
    </trkpt>
    <trkpt lat="67.462308376" lon="18.141174316">
      <ele>801.462</ele>
    </trkpt>
    <trkpt lat="67.462505764" lon="18.141174316">
      <ele>800.752</ele>
    </trkpt>
    <trkpt lat="67.46270315" lon="18.141174316">
      <ele>800.041</ele>
    </trkpt>
    <trkpt lat="67.462900535" lon="18.141174316">
      <ele>800.214</ele>
    </trkpt>
    <trkpt lat="67.463097918" lon="18.141174316">
      <ele>800.772</ele>
    </trkpt>
    <trkpt lat="67.4632953" lon="18.141174316">
      <ele>800.772</ele>
    </trkpt>
    <trkpt lat="67.46349268" lon="18.141345978">
      <ele>800.066</ele>
    </trkpt>
    <trkpt lat="67.46375585" lon="18.141174316">
      <ele>800.0</ele>
    </trkpt>
    <trkpt lat="67.464019018" lon="18.141174316">
      <ele>799.532</ele>
    </trkpt>
    <trkpt lat="67.464282183" lon="18.141174316">
      <ele>798.168</ele>
    </trkpt>
    <trkpt lat="67.464545344" lon="18.141174316">
      <ele>796.191</ele>
    </trkpt>
    <trkpt lat="67.464742714" lon="18.141174316">
      <ele>794.494</ele>
    </trkpt>
    <trkpt lat="67.464940082" lon="18.141345978">
      <ele>791.68</ele>
    </trkpt>
    <trkpt lat="67.465137448" lon="18.141345978">
      <ele>789.592</ele>
    </trkpt>
    <trkpt lat="67.465334812" lon="18.141345978">
      <ele>787.712</ele>
    </trkpt>
    <trkpt lat="67.465532175" lon="18.141345978">
      <ele>786.181</ele>
    </trkpt>
    <trkpt lat="67.465729537" lon="18.141345978">
      <ele>783.495</ele>
    </trkpt>
    <trkpt lat="67.465926896" lon="18.141517639">
      <ele>780.833</ele>
    </trkpt>
    <trkpt lat="67.466124254" lon="18.141689301">
      <ele>777.854</ele>
    </trkpt>
    <trkpt lat="67.46632161" lon="18.141689301">
      <ele>775.665</ele>
    </trkpt>
    <trkpt lat="67.46658475" lon="18.141860962">
      <ele>774.794</ele>
    </trkpt>
    <trkpt lat="67.466782102" lon="18.142032623">
      <ele>774.683</ele>
    </trkpt>
    <trkpt lat="67.466979453" lon="18.142204285">
      <ele>773.947</ele>
    </trkpt>
    <trkpt lat="67.467176802" lon="18.142375946">
      <ele>773.073</ele>
    </trkpt>
    <trkpt lat="67.46737415" lon="18.142547607">
      <ele>772.829</ele>
    </trkpt>
    <trkpt lat="67.467571496" lon="18.142719269">
      <ele>772.211</ele>
    </trkpt>
    <trkpt lat="67.46776884" lon="18.14289093">
      <ele>771.593</ele>
    </trkpt>
    <trkpt lat="67.467966183" lon="18.143234253">
      <ele>770.115</ele>
    </trkpt>
    <trkpt lat="67.468163524" lon="18.143405914">
      <ele>769.35</ele>
    </trkpt>
    <trkpt lat="67.468360863" lon="18.143405914">
      <ele>768.64</ele>
    </trkpt>
    <trkpt lat="67.468689759" lon="18.143405914">
      <ele>767.739</ele>
    </trkpt>
    <trkpt lat="67.468755537" lon="18.143577576">
      <ele>767.121</ele>
    </trkpt>
    <trkpt lat="67.469150205" lon="18.144264221">
      <ele>763.318</ele>
    </trkpt>
    <trkpt lat="67.469281759" lon="18.144779205">
      <ele>759.381</ele>
    </trkpt>
    <trkpt lat="67.469413313" lon="18.145122528">
      <ele>757.72</ele>
    </trkpt>
    <trkpt lat="67.469479089" lon="18.145637512">
      <ele>756.58</ele>
    </trkpt>
    <trkpt lat="67.469610642" lon="18.146495819">
      <ele>753.615</ele>
    </trkpt>
    <trkpt lat="67.469676418" lon="18.147010803">
      <ele>751.926</ele>
    </trkpt>
    <trkpt lat="67.469742193" lon="18.147525787">
      <ele>748.9</ele>
    </trkpt>
    <trkpt lat="67.469873745" lon="18.148040771">
      <ele>745.561</ele>
    </trkpt>
    <trkpt lat="67.470005295" lon="18.148899078">
      <ele>740.963</ele>
    </trkpt>
    <trkpt lat="67.470136844" lon="18.149414063">
      <ele>738.617</ele>
    </trkpt>
    <trkpt lat="67.470268393" lon="18.150100708">
      <ele>736.022</ele>
    </trkpt>
    <trkpt lat="67.470334167" lon="18.150615692">
      <ele>734.378</ele>
    </trkpt>
    <trkpt lat="67.470465715" lon="18.151302338">
      <ele>730.958</ele>
    </trkpt>
    <trkpt lat="67.470597262" lon="18.151817322">
      <ele>728.239</ele>
    </trkpt>
    <trkpt lat="67.470663036" lon="18.152332306">
      <ele>726.217</ele>
    </trkpt>
    <trkpt lat="67.470794582" lon="18.15284729">
      <ele>723.889</ele>
    </trkpt>
    <trkpt lat="67.470926127" lon="18.153190613">
      <ele>722.18</ele>
    </trkpt>
    <trkpt lat="67.470991899" lon="18.153705597">
      <ele>720.089</ele>
    </trkpt>
    <trkpt lat="67.471123443" lon="18.15404892">
      <ele>717.785</ele>
    </trkpt>
    <trkpt lat="67.471254987" lon="18.154392242">
      <ele>715.67</ele>
    </trkpt>
    <trkpt lat="67.4714523" lon="18.154735565">
      <ele>713.495</ele>
    </trkpt>
    <trkpt lat="67.471649612" lon="18.155078888">
      <ele>710.839</ele>
    </trkpt>
    <trkpt lat="67.471846923" lon="18.155422211">
      <ele>708.702</ele>
    </trkpt>
    <trkpt lat="67.472044232" lon="18.155765533">
      <ele>706.041</ele>
    </trkpt>
    <trkpt lat="67.472373076" lon="18.156108856">
      <ele>702.469</ele>
    </trkpt>
    <trkpt lat="67.472570381" lon="18.156452179">
      <ele>700.461</ele>
    </trkpt>
    <trkpt lat="67.472767684" lon="18.15662384">
      <ele>698.375</ele>
    </trkpt>
    <trkpt lat="67.472964985" lon="18.156967163">
      <ele>696.189</ele>
    </trkpt>
    <trkpt lat="67.473162284" lon="18.156967163">
      <ele>695.099</ele>
    </trkpt>
    <trkpt lat="67.473359582" lon="18.157310486">
      <ele>692.176</ele>
    </trkpt>
    <trkpt lat="67.473556878" lon="18.157482147">
      <ele>689.519</ele>
    </trkpt>
    <trkpt lat="67.473754173" lon="18.157482147">
      <ele>688.065</ele>
    </trkpt>
    <trkpt lat="67.473951466" lon="18.157653809">
      <ele>685.341</ele>
    </trkpt>
    <trkpt lat="67.474214521" lon="18.157653809">
      <ele>682.929</ele>
    </trkpt>
    <trkpt lat="67.474477573" lon="18.15782547">
      <ele>679.471</ele>
    </trkpt>
    <trkpt lat="67.47467486" lon="18.15782547">
      <ele>677.34</ele>
    </trkpt>
    <trkpt lat="67.474937907" lon="18.157482147">
      <ele>677.561</ele>
    </trkpt>
    <trkpt lat="67.47513519" lon="18.157482147">
      <ele>676.186</ele>
    </trkpt>
    <trkpt lat="67.475332471" lon="18.157482147">
      <ele>674.786</ele>
    </trkpt>
    <trkpt lat="67.475529751" lon="18.157482147">
      <ele>673.32</ele>
    </trkpt>
    <trkpt lat="67.475792788" lon="18.157482147">
      <ele>668.913</ele>
    </trkpt>
    <trkpt lat="67.475990065" lon="18.157482147">
      <ele>665.372</ele>
    </trkpt>
    <trkpt lat="67.476384612" lon="18.157482147">
      <ele>658.27</ele>
    </trkpt>
    <trkpt lat="67.476581883" lon="18.157310486">
      <ele>656.794</ele>
    </trkpt>
    <trkpt lat="67.476779152" lon="18.157310486">
      <ele>653.745</ele>
    </trkpt>
    <trkpt lat="67.47697642" lon="18.157310486">
      <ele>651.056</ele>
    </trkpt>
    <trkpt lat="67.477173687" lon="18.157138824">
      <ele>649.877</ele>
    </trkpt>
    <trkpt lat="67.477370951" lon="18.157138824">
      <ele>648.604</ele>
    </trkpt>
    <trkpt lat="67.477568214" lon="18.157138824">
      <ele>648.0</ele>
    </trkpt>
    <trkpt lat="67.477765475" lon="18.157138824">
      <ele>648.0</ele>
    </trkpt>
    <trkpt lat="67.477962735" lon="18.157138824">
      <ele>648.666</ele>
    </trkpt>
    <trkpt lat="67.478028488" lon="18.157138824">
      <ele>648.903</ele>
    </trkpt>
    <trkpt lat="67.479409256" lon="18.155937195">
      <ele>641.333</ele>
    </trkpt>
    <trkpt lat="67.48039547" lon="18.156280518">
      <ele>633.119</ele>
    </trkpt>
    <trkpt lat="67.481114326" lon="18.156280518">
      <ele>626.374</ele>
    </trkpt>
    <trkpt lat="67.481070228" lon="18.156445869">
      <ele>626.089</ele>
    </trkpt>
    <trkpt lat="67.4811" lon="18.1565">
      <ele>625.68</ele>
    </trkpt>
    <trkpt lat="67.48117" lon="18.15651">
      <ele>625.352</ele>
    </trkpt>
    <trkpt lat="67.48129" lon="18.15623">
      <ele>625.56</ele>
    </trkpt>
    <trkpt lat="67.48139" lon="18.15616">
      <ele>624.988</ele>
    </trkpt>
    <trkpt lat="67.48171" lon="18.15641">
      <ele>621.532</ele>
    </trkpt>
    <trkpt lat="67.48192" lon="18.15639">
      <ele>619.264</ele>
    </trkpt>
    <trkpt lat="67.48198" lon="18.1563">
      <ele>618.616</ele>
    </trkpt>
    <trkpt lat="67.48215" lon="18.15649">
      <ele>616.78</ele>
    </trkpt>
    <trkpt lat="67.48231" lon="18.15688">
      <ele>615.368</ele>
    </trkpt>
    <trkpt lat="67.48251" lon="18.15671">
      <ele>613.922</ele>
    </trkpt>
    <trkpt lat="67.48255" lon="18.1565">
      <ele>614.24</ele>
    </trkpt>
    <trkpt lat="67.48261" lon="18.15643">
      <ele>614.06</ele>
    </trkpt>
    <trkpt lat="67.48323" lon="18.15671">
      <ele>608.058</ele>
    </trkpt>
    <trkpt lat="67.48334" lon="18.15679">
      <ele>606.928</ele>
    </trkpt>
    <trkpt lat="67.48334" lon="18.15679">
      <ele>606.928</ele>
    </trkpt>
    <trkpt lat="67.48348" lon="18.1569">
      <ele>605.416</ele>
    </trkpt>
    <trkpt lat="67.48393" lon="18.15757">
      <ele>597.941</ele>
    </trkpt>
    <trkpt lat="67.48404" lon="18.1575">
      <ele>596.824</ele>
    </trkpt>
    <trkpt lat="67.48422" lon="18.15767">
      <ele>593.62</ele>
    </trkpt>
    <trkpt lat="67.48433" lon="18.15805">
      <ele>589.688</ele>
    </trkpt>
    <trkpt lat="67.48434" lon="18.15835">
      <ele>588.068</ele>
    </trkpt>
    <trkpt lat="67.48443" lon="18.15864">
      <ele>586.047</ele>
    </trkpt>
    <trkpt lat="67.48467" lon="18.15895">
      <ele>583.789</ele>
    </trkpt>
    <trkpt lat="67.48561" lon="18.15899">
      <ele>571.727</ele>
    </trkpt>
    <trkpt lat="67.4859" lon="18.15864">
      <ele>568.656</ele>
    </trkpt>
    <trkpt lat="67.48658" lon="18.15908">
      <ele>562.936</ele>
    </trkpt>
    <trkpt lat="67.48711" lon="18.15868">
      <ele>561.312</ele>
    </trkpt>
    <trkpt lat="67.48853" lon="18.16011">
      <ele>544.48</ele>
    </trkpt>
    <trkpt lat="67.48871" lon="18.16091">
      <ele>539.012</ele>
    </trkpt>
    <trkpt lat="67.48938" lon="18.1618">
      <ele>530.095</ele>
    </trkpt>
    <trkpt lat="67.49026" lon="18.16107">
      <ele>522.34</ele>
    </trkpt>
    <trkpt lat="67.49076" lon="18.16122">
      <ele>517.689</ele>
    </trkpt>
    <trkpt lat="67.49175" lon="18.16071">
      <ele>510.144</ele>
    </trkpt>
    <trkpt lat="67.49175" lon="18.16071">
      <ele>510.144</ele>
    </trkpt>
    <trkpt lat="67.49264" lon="18.16024">
      <ele>508.563</ele>
    </trkpt>
    <trkpt lat="67.49328" lon="18.15906">
      <ele>508.502</ele>
    </trkpt>
    <trkpt lat="67.49354" lon="18.15895">
      <ele>508.78</ele>
    </trkpt>
    <trkpt lat="67.49368" lon="18.15917">
      <ele>507.991</ele>
    </trkpt>
    <trkpt lat="67.4942" lon="18.15835">
      <ele>511.94</ele>
    </trkpt>
    <trkpt lat="67.49497" lon="18.15632">
      <ele>517.685</ele>
    </trkpt>
    <trkpt lat="67.4958" lon="18.1557">
      <ele>518.6</ele>
    </trkpt>
    <trkpt lat="67.49622" lon="18.15476">
      <ele>523.781</ele>
    </trkpt>
    <trkpt lat="67.49706" lon="18.15471">
      <ele>527.026</ele>
    </trkpt>
    <trkpt lat="67.49739" lon="18.15434">
      <ele>525.94</ele>
    </trkpt>
    <trkpt lat="67.49753" lon="18.15463">
      <ele>524.0</ele>
    </trkpt>
    <trkpt lat="67.49826" lon="18.15422">
      <ele>525.021</ele>
    </trkpt>
    <trkpt lat="67.49842" lon="18.15371">
      <ele>526.644</ele>
    </trkpt>
    <trkpt lat="67.49959" lon="18.15324">
      <ele>525.448</ele>
    </trkpt>
    <trkpt lat="67.49982" lon="18.15229">
      <ele>527.614</ele>
    </trkpt>
    <trkpt lat="67.50016" lon="18.15226">
      <ele>524.576</ele>
    </trkpt>
    <trkpt lat="67.50016" lon="18.15226">
      <ele>524.576</ele>
    </trkpt>
    <trkpt lat="67.50049" lon="18.15224">
      <ele>523.108</ele>
    </trkpt>
    <trkpt lat="67.50158" lon="18.15068">
      <ele>526.176</ele>
    </trkpt>
    <trkpt lat="67.50202" lon="18.1507">
      <ele>521.872</ele>
    </trkpt>
    <trkpt lat="67.50272" lon="18.14991">
      <ele>519.804</ele>
    </trkpt>
    <trkpt lat="67.50272" lon="18.14991">
      <ele>519.804</ele>
    </trkpt>
    <trkpt lat="67.50272" lon="18.14991">
      <ele>519.804</ele>
    </trkpt>
    <trkpt lat="67.50317" lon="18.15155">
      <ele>503.428</ele>
    </trkpt>
    <trkpt lat="67.50371" lon="18.1531">
      <ele>496.943</ele>
    </trkpt>
    <trkpt lat="67.50409" lon="18.15335">
      <ele>495.957</ele>
    </trkpt>
    <trkpt lat="67.5048" lon="18.15426">
      <ele>487.104</ele>
    </trkpt>
    <trkpt lat="67.5048" lon="18.15426">
      <ele>487.104</ele>
    </trkpt>
    <trkpt lat="67.50522" lon="18.15496">
      <ele>481.56</ele>
    </trkpt>
    <trkpt lat="67.50537" lon="18.15532">
      <ele>478.852</ele>
    </trkpt>
    <trkpt lat="67.50568" lon="18.15543">
      <ele>475.758</ele>
    </trkpt>
    <trkpt lat="67.50585" lon="18.15561">
      <ele>473.684</ele>
    </trkpt>
    <trkpt lat="67.50646" lon="18.15697">
      <ele>465.932</ele>
    </trkpt>
    <trkpt lat="67.50663" lon="18.15768">
      <ele>464.22</ele>
    </trkpt>
    <trkpt lat="67.50672" lon="18.15868">
      <ele>460.896</ele>
    </trkpt>
    <trkpt lat="67.50662" lon="18.15922">
      <ele>458.808</ele>
    </trkpt>
    <trkpt lat="67.50665" lon="18.1598">
      <ele>456.72</ele>
    </trkpt>
    <trkpt lat="67.50654" lon="18.16105">
      <ele>452.764</ele>
    </trkpt>
    <trkpt lat="67.50655" lon="18.16185">
      <ele>450.197</ele>
    </trkpt>
    <trkpt lat="67.50684" lon="18.16254">
      <ele>447.856</ele>
    </trkpt>
    <trkpt lat="67.50689" lon="18.16287">
      <ele>446.668</ele>
    </trkpt>
    <trkpt lat="67.50695" lon="18.16347">
      <ele>444.026</ele>
    </trkpt>
    <trkpt lat="67.50712" lon="18.1641">
      <ele>442.0</ele>
    </trkpt>
    <trkpt lat="67.50739" lon="18.16443">
      <ele>442.031</ele>
    </trkpt>
    <trkpt lat="67.50796" lon="18.16432">
      <ele>443.0</ele>
    </trkpt>
    <trkpt lat="67.50854" lon="18.16504">
      <ele>440.893</ele>
    </trkpt>
    <trkpt lat="67.50854" lon="18.16504">
      <ele>440.893</ele>
    </trkpt>
    <trkpt lat="67.50854" lon="18.16504">
      <ele>440.893</ele>
    </trkpt>
    <trkpt lat="67.50857" lon="18.16509">
      <ele>440.724</ele>
    </trkpt>
    <trkpt lat="67.50857" lon="18.16509">
      <ele>440.724</ele>
    </trkpt>
    <trkpt lat="67.50881" lon="18.16551">
      <ele>439.164</ele>
    </trkpt>
    <trkpt lat="67.50897" lon="18.16671">
      <ele>435.844</ele>
    </trkpt>
    <trkpt lat="67.50901" lon="18.16755">
      <ele>433.82</ele>
    </trkpt>
    <trkpt lat="67.50899" lon="18.16811">
      <ele>431.929</ele>
    </trkpt>
    <trkpt lat="67.50918" lon="18.16897">
      <ele>429.674</ele>
    </trkpt>
    <trkpt lat="67.50923" lon="18.16971">
      <ele>427.782</ele>
    </trkpt>
    <trkpt lat="67.50942" lon="18.17009">
      <ele>425.764</ele>
    </trkpt>
    <trkpt lat="67.51022" lon="18.1712">
      <ele>421.68</ele>
    </trkpt>
    <trkpt lat="67.51022" lon="18.1712">
      <ele>421.68</ele>
    </trkpt>
    <trkpt lat="67.51038" lon="18.17109">
      <ele>422.104</ele>
    </trkpt>
    <trkpt lat="67.51062" lon="18.171">
      <ele>423.171</ele>
    </trkpt>
    <trkpt lat="67.51094" lon="18.17139">
      <ele>423.762</ele>
    </trkpt>
    <trkpt lat="67.51094" lon="18.17139">
      <ele>423.762</ele>
    </trkpt>
    <trkpt lat="67.51127" lon="18.17183">
      <ele>423.556</ele>
    </trkpt>
    <trkpt lat="67.51157" lon="18.1721">
      <ele>423.897</ele>
    </trkpt>
    <trkpt lat="67.51193" lon="18.17238">
      <ele>424.35</ele>
    </trkpt>
    <trkpt lat="67.51223" lon="18.17289">
      <ele>424.045</ele>
    </trkpt>
    <trkpt lat="67.51223" lon="18.17289">
      <ele>424.045</ele>
    </trkpt>
    <trkpt lat="67.5122" lon="18.17422">
      <ele>420.663</ele>
    </trkpt>
    <trkpt lat="67.5121" lon="18.17618">
      <ele>420.808</ele>
    </trkpt>
    <trkpt lat="67.5121" lon="18.17618">
      <ele>420.808</ele>
    </trkpt>
    <trkpt lat="67.5121" lon="18.17618">
      <ele>420.808</ele>
    </trkpt>
    <trkpt lat="67.51193" lon="18.17762">
      <ele>425.866</ele>
    </trkpt>
    <trkpt lat="67.51201" lon="18.17835">
      <ele>428.472</ele>
    </trkpt>
    <trkpt lat="67.51234" lon="18.17904">
      <ele>433.199</ele>
    </trkpt>
    <trkpt lat="67.51294" lon="18.1796">
      <ele>440.863</ele>
    </trkpt>
    <trkpt lat="67.51417" lon="18.18061">
      <ele>449.803</ele>
    </trkpt>
    <trkpt lat="67.51467" lon="18.18105">
      <ele>457.143</ele>
    </trkpt>
    <trkpt lat="67.51514" lon="18.18129">
      <ele>462.288</ele>
    </trkpt>
    <trkpt lat="67.51547" lon="18.18133">
      <ele>463.121</ele>
    </trkpt>
    <trkpt lat="67.515550066" lon="18.181379271">
      <ele>463.877</ele>
    </trkpt>
    <trkpt lat="67.515550066" lon="18.181379271">
      <ele>463.877</ele>
    </trkpt>
    <trkpt lat="67.51638" lon="18.18189">
      <ele>468.28</ele>
    </trkpt>
    <trkpt lat="67.51697" lon="18.18214">
      <ele>469.789</ele>
    </trkpt>
    <trkpt lat="67.51697" lon="18.18214">
      <ele>469.789</ele>
    </trkpt>
    <trkpt lat="67.51752" lon="18.18237">
      <ele>473.128</ele>
    </trkpt>
    <trkpt lat="67.52014" lon="18.18328">
      <ele>475.825</ele>
    </trkpt>
    <trkpt lat="67.52069" lon="18.18352">
      <ele>476.532</ele>
    </trkpt>
    <trkpt lat="67.5214" lon="18.18383">
      <ele>479.332</ele>
    </trkpt>
    <trkpt lat="67.52154" lon="18.18397">
      <ele>480.332</ele>
    </trkpt>
    <trkpt lat="67.52167" lon="18.18418">
      <ele>481.976</ele>
    </trkpt>
    <trkpt lat="67.52181" lon="18.18463">
      <ele>479.508</ele>
    </trkpt>
    <trkpt lat="67.52185" lon="18.18511">
      <ele>478.661</ele>
    </trkpt>
    <trkpt lat="67.52178" lon="18.18585">
      <ele>481.244</ele>
    </trkpt>
    <trkpt lat="67.52164" lon="18.18654">
      <ele>482.128</ele>
    </trkpt>
    <trkpt lat="67.52143" lon="18.18771">
      <ele>480.564</ele>
    </trkpt>
    <trkpt lat="67.52137" lon="18.18894">
      <ele>477.179</ele>
    </trkpt>
    <trkpt lat="67.52147" lon="18.19027">
      <ele>476.124</ele>
    </trkpt>
    <trkpt lat="67.52158" lon="18.19133">
      <ele>472.33</ele>
    </trkpt>
    <trkpt lat="67.52161" lon="18.19247">
      <ele>468.74</ele>
    </trkpt>
    <trkpt lat="67.52155" lon="18.19336">
      <ele>465.684</ele>
    </trkpt>
    <trkpt lat="67.52155" lon="18.19336">
      <ele>465.684</ele>
    </trkpt>
    <trkpt lat="67.521444472" lon="18.194074577">
      <ele>464.862</ele>
    </trkpt>
    <trkpt lat="67.521444472" lon="18.194074577">
      <ele>464.862</ele>
    </trkpt>
    <trkpt lat="67.5212" lon="18.19573">
      <ele>460.918</ele>
    </trkpt>
    <trkpt lat="67.5212" lon="18.19573">
      <ele>460.918</ele>
    </trkpt>
    <trkpt lat="67.5212" lon="18.19573">
      <ele>460.918</ele>
    </trkpt>
    <trkpt lat="67.52103" lon="18.19655">
      <ele>457.716</ele>
    </trkpt>
    <trkpt lat="67.52076" lon="18.19798">
      <ele>451.2</ele>
    </trkpt>
    <trkpt lat="67.52075" lon="18.19852">
      <ele>450.23</ele>
    </trkpt>
    <trkpt lat="67.5208" lon="18.1992">
      <ele>448.894</ele>
    </trkpt>
    <trkpt lat="67.5208" lon="18.1992">
      <ele>448.894</ele>
    </trkpt>
    <trkpt lat="67.5208" lon="18.1992">
      <ele>448.894</ele>
    </trkpt>
    <trkpt lat="67.5209" lon="18.19967">
      <ele>447.805</ele>
    </trkpt>
    <trkpt lat="67.52106" lon="18.20012">
      <ele>447.263</ele>
    </trkpt>
    <trkpt lat="67.52122" lon="18.20044">
      <ele>446.216</ele>
    </trkpt>
    <trkpt lat="67.5215" lon="18.20074">
      <ele>443.934</ele>
    </trkpt>
    <trkpt lat="67.52196" lon="18.20073">
      <ele>440.26</ele>
    </trkpt>
    <trkpt lat="67.52259" lon="18.20049">
      <ele>439.396</ele>
    </trkpt>
    <trkpt lat="67.52259" lon="18.20049">
      <ele>439.396</ele>
    </trkpt>
    <trkpt lat="67.52297" lon="18.20042">
      <ele>437.058</ele>
    </trkpt>
    <trkpt lat="67.52297" lon="18.20042">
      <ele>437.058</ele>
    </trkpt>
    <trkpt lat="67.52318" lon="18.20039">
      <ele>437.536</ele>
    </trkpt>
    <trkpt lat="67.52318" lon="18.20039">
      <ele>437.536</ele>
    </trkpt>
    <trkpt lat="67.52332" lon="18.20044">
      <ele>438.688</ele>
    </trkpt>
    <trkpt lat="67.52393" lon="18.20129">
      <ele>438.311</ele>
    </trkpt>
    <trkpt lat="67.52417" lon="18.20187">
      <ele>435.56</ele>
    </trkpt>
    <trkpt lat="67.52417" lon="18.20187">
      <ele>435.56</ele>
    </trkpt>
    <trkpt lat="67.52417" lon="18.20187">
      <ele>435.56</ele>
    </trkpt>
    <trkpt lat="67.52453" lon="18.20267">
      <ele>433.312</ele>
    </trkpt>
    <trkpt lat="67.52453" lon="18.20267">
      <ele>433.312</ele>
    </trkpt>
    <trkpt lat="67.52453" lon="18.20267">
      <ele>433.312</ele>
    </trkpt>
    <trkpt lat="67.52516" lon="18.20302">
      <ele>439.003</ele>
    </trkpt>
    <trkpt lat="67.52537" lon="18.20358">
      <ele>437.291</ele>
    </trkpt>
    <trkpt lat="67.52537" lon="18.20358">
      <ele>437.291</ele>
    </trkpt>
    <trkpt lat="67.52552" lon="18.20398">
      <ele>437.248</ele>
    </trkpt>
    <trkpt lat="67.526468207" lon="18.207358487">
      <ele>431.449</ele>
    </trkpt>
    <trkpt lat="67.52647318" lon="18.207376203">
      <ele>431.454</ele>
    </trkpt>
    <trkpt lat="67.52671" lon="18.20822">
      <ele>434.032</ele>
    </trkpt>
    <trkpt lat="67.52675" lon="18.2086">
      <ele>433.368</ele>
    </trkpt>
    <trkpt lat="67.52675" lon="18.20896">
      <ele>432.726</ele>
    </trkpt>
    <trkpt lat="67.52665" lon="18.2093">
      <ele>431.269</ele>
    </trkpt>
    <trkpt lat="67.52607" lon="18.21028">
      <ele>431.72</ele>
    </trkpt>
    <trkpt lat="67.5257" lon="18.21112">
      <ele>434.089</ele>
    </trkpt>
    <trkpt lat="67.5257" lon="18.21112">
      <ele>434.089</ele>
    </trkpt>
    <trkpt lat="67.5257" lon="18.21112">
      <ele>434.089</ele>
    </trkpt>
    <trkpt lat="67.5257" lon="18.21112">
      <ele>434.089</ele>
    </trkpt>
    <trkpt lat="67.52564712" lon="18.211555481">
      <ele>435.991</ele>
    </trkpt>
  </trkseg>
</trk>
</gpx>
